workflow_id,request_id,hospital_id,ambulance_id,hospital_response,rejection_reason,assignment_time,departure_time,arrival_time,handover_time,handover_status
WF-000001,REQ-000001,HSP-012,AMB-088,ACCEPTED,,2026-09-01 00:09:07,2026-09-01 00:22:06,2026-09-01 00:30:39,2026-09-01 00:35:36,COMPLETED
WF-000002,REQ-000003,HSP-013,AMB-081,ACCEPTED,,2026-09-01 00:20:06,2026-09-01 00:36:05,2026-09-01 00:42:14,2026-09-01 01:02:12,COMPLETED
WF-000003,REQ-000002,HSP-002,AMB-007,ACCEPTED,,2026-09-01 00:20:08,2026-09-01 00:39:32,2026-09-01 00:43:57,2026-09-01 00:53:41,COMPLETED
WF-000004,REQ-000011,HSP-002,AMB-025,ACCEPTED,,2026-09-01 02:41:28,2026-09-01 02:57:21,2026-09-01 03:29:49,2026-09-01 03:48:25,COMPLETED
WF-000005,REQ-000015,HSP-013,AMB-047,ACCEPTED,,2026-09-01 03:46:28,2026-09-01 04:00:13,2026-09-01 04:19:35,2026-09-01 04:36:24,COMPLETED
WF-000006,REQ-000019,HSP-013,AMB-081,ACCEPTED,,2026-09-01 04:29:45,2026-09-01 04:49:09,2026-09-01 04:56:42,2026-09-01 05:05:54,COMPLETED
WF-000007,REQ-000028,HSP-012,AMB-018,ACCEPTED,,2026-09-01 07:23:46,2026-09-01 07:35:41,2026-09-01 07:50:33,2026-09-01 07:55:00,COMPLETED
WF-000008,REQ-000032,HSP-019,AMB-007,ACCEPTED,,2026-09-01 07:39:37,2026-09-01 07:58:45,2026-09-01 08:30:32,2026-09-01 08:46:44,COMPLETED
WF-000009,REQ-000039,HSP-003,AMB-034,ACCEPTED,,2026-09-01 08:31:46,2026-09-01 08:45:30,2026-09-01 09:05:14,2026-09-01 09:09:59,COMPLETED
WF-000010,REQ-000044,HSP-007,AMB-014,ACCEPTED,,2026-09-01 09:05:00,2026-09-01 09:29:12,2026-09-01 09:47:50,2026-09-01 10:09:25,COMPLETED
WF-000011,REQ-000049,HSP-012,AMB-059,ACCEPTED,,2026-09-01 09:36:36,2026-09-01 09:53:11,2026-09-01 10:09:48,2026-09-01 10:23:46,COMPLETED
WF-000012,REQ-000052,HSP-013,AMB-053,ACCEPTED,,2026-09-01 09:45:34,2026-09-01 10:03:28,2026-09-01 10:17:46,2026-09-01 10:38:31,COMPLETED
WF-000013,REQ-000054,HSP-013,AMB-065,REJECTED,No Bed,2026-09-01 09:48:02,,,,
WF-000014,REQ-000054,HSP-012,AMB-065,ACCEPTED,,2026-09-01 09:49:58,2026-09-01 10:01:14,2026-09-01 10:40:20,2026-09-01 10:58:25,COMPLETED
WF-000015,REQ-000055,HSP-013,AMB-081,ACCEPTED,,2026-09-01 09:55:08,2026-09-01 10:20:07,2026-09-01 10:36:46,2026-09-01 10:53:57,COMPLETED
WF-000016,REQ-000057,HSP-018,AMB-052,ACCEPTED,,2026-09-01 10:48:06,2026-09-01 11:01:03,2026-09-01 11:27:40,2026-09-01 11:47:11,COMPLETED
WF-000017,REQ-000059,HSP-008,AMB-075,REJECTED,No Bed,2026-09-01 11:21:00,,,,
WF-000018,REQ-000059,HSP-010,AMB-075,ACCEPTED,,2026-09-01 11:24:46,2026-09-01 11:34:54,2026-09-01 11:57:08,2026-09-01 12:18:39,COMPLETED
WF-000019,REQ-000064,HSP-013,AMB-065,ACCEPTED,,2026-09-01 11:36:21,2026-09-01 11:57:02,2026-09-01 12:08:35,2026-09-01 12:18:40,COMPLETED
WF-000020,REQ-000066,HSP-002,AMB-070,ACCEPTED,,2026-09-01 11:46:49,2026-09-01 12:04:06,2026-09-01 12:32:05,2026-09-01 12:41:28,COMPLETED
WF-000021,REQ-000068,HSP-024,AMB-094,ACCEPTED,,2026-09-01 11:50:17,2026-09-01 12:06:48,2026-09-01 12:10:37,2026-09-01 12:30:06,COMPLETED
WF-000022,REQ-000069,HSP-013,AMB-085,ACCEPTED,,2026-09-01 11:55:38,2026-09-01 12:17:04,2026-09-01 12:32:46,2026-09-01 12:52:25,COMPLETED
WF-000023,REQ-000070,HSP-004,AMB-073,ACCEPTED,,2026-09-01 12:12:27,2026-09-01 12:30:04,2026-09-01 12:40:54,2026-09-01 12:57:57,COMPLETED
WF-000024,REQ-000074,HSP-019,AMB-035,REJECTED,Stale Data,2026-09-01 12:29:10,,,,
WF-000025,REQ-000074,HSP-020,AMB-035,ACCEPTED,,2026-09-01 12:33:05,2026-09-01 12:46:44,2026-09-01 13:29:25,2026-09-01 13:50:34,COMPLETED
WF-000026,REQ-000075,HSP-018,AMB-092,ACCEPTED,,2026-09-01 12:36:27,2026-09-01 12:58:27,2026-09-01 13:24:12,2026-09-01 13:43:11,COMPLETED
WF-000027,REQ-000076,HSP-018,AMB-067,REJECTED,No Bed,2026-09-01 12:38:58,,,,
WF-000028,REQ-000076,HSP-012,AMB-067,ACCEPTED,,2026-09-01 12:43:45,2026-09-01 12:59:06,2026-09-01 13:17:14,2026-09-01 13:26:25,COMPLETED
WF-000029,REQ-000079,HSP-001,AMB-005,ACCEPTED,,2026-09-01 12:48:35,2026-09-01 13:05:21,2026-09-01 13:14:25,2026-09-01 13:25:13,COMPLETED
WF-000030,REQ-000080,HSP-007,AMB-043,ACCEPTED,,2026-09-01 12:55:04,2026-09-01 13:12:45,2026-09-01 13:37:35,2026-09-01 13:52:16,COMPLETED
WF-000031,REQ-000082,HSP-002,AMB-070,ACCEPTED,,2026-09-01 13:03:15,2026-09-01 13:19:02,2026-09-01 14:03:40,2026-09-01 14:20:31,COMPLETED
WF-000032,REQ-000083,HSP-002,AMB-049,ACCEPTED,,2026-09-01 13:03:32,2026-09-01 13:26:31,2026-09-01 13:56:15,2026-09-01 14:16:02,COMPLETED
WF-000033,REQ-000085,HSP-002,AMB-025,REJECTED,Other,2026-09-01 13:17:57,,,,
WF-000034,REQ-000085,HSP-005,AMB-025,ACCEPTED,,2026-09-01 13:23:36,2026-09-01 13:32:26,2026-09-01 14:12:53,2026-09-01 14:19:09,COMPLETED
WF-000035,REQ-000089,HSP-013,AMB-065,ACCEPTED,,2026-09-01 13:52:20,2026-09-01 14:09:34,2026-09-01 14:20:01,2026-09-01 14:41:21,COMPLETED
WF-000036,REQ-000094,HSP-008,AMB-024,ACCEPTED,,2026-09-01 14:18:01,2026-09-01 14:37:40,2026-09-01 14:58:59,2026-09-01 15:15:37,COMPLETED
WF-000037,REQ-000097,HSP-002,AMB-093,REJECTED,No Equipment,2026-09-01 14:40:22,,,,
WF-000038,REQ-000098,HSP-001,AMB-040,ACCEPTED,,2026-09-01 14:44:52,2026-09-01 14:59:19,2026-09-01 15:08:23,2026-09-01 15:18:03,COMPLETED
WF-000039,REQ-000100,HSP-002,AMB-028,ACCEPTED,,2026-09-01 14:49:07,2026-09-01 15:10:52,2026-09-01 15:21:06,2026-09-01 15:28:07,COMPLETED
WF-000040,REQ-000103,HSP-013,AMB-071,ACCEPTED,,2026-09-01 14:57:09,2026-09-01 15:19:47,2026-09-01 15:36:56,2026-09-01 15:55:00,COMPLETED
WF-000041,REQ-000106,HSP-019,AMB-012,ACCEPTED,,2026-09-01 15:13:21,2026-09-01 15:31:14,2026-09-01 15:52:43,2026-09-01 16:02:40,COMPLETED
WF-000042,REQ-000118,HSP-002,AMB-062,ACCEPTED,,2026-09-01 16:25:00,2026-09-01 16:40:50,2026-09-01 17:01:03,2026-09-01 17:06:39,COMPLETED
WF-000043,REQ-000119,HSP-008,AMB-001,ACCEPTED,,2026-09-01 16:27:01,2026-09-01 16:45:58,2026-09-01 16:57:07,2026-09-01 17:16:33,COMPLETED
WF-000044,REQ-000124,HSP-009,AMB-032,ACCEPTED,,2026-09-01 16:49:00,2026-09-01 17:11:34,2026-09-01 17:34:27,2026-09-01 17:42:16,COMPLETED
WF-000045,REQ-000127,HSP-004,AMB-004,ACCEPTED,,2026-09-01 17:10:55,2026-09-01 17:27:58,2026-09-01 17:58:17,2026-09-01 18:17:44,COMPLETED
WF-000046,REQ-000130,HSP-002,AMB-025,ACCEPTED,,2026-09-01 17:32:36,2026-09-01 17:53:39,2026-09-01 18:40:48,2026-09-01 18:49:00,COMPLETED
WF-000047,REQ-000135,HSP-002,AMB-007,ACCEPTED,,2026-09-01 17:57:21,2026-09-01 18:16:14,2026-09-01 18:20:49,2026-09-01 18:34:43,COMPLETED
WF-000048,REQ-000141,HSP-018,AMB-027,ACCEPTED,,2026-09-01 18:35:50,2026-09-01 18:52:02,2026-09-01 19:18:42,2026-09-01 19:39:27,COMPLETED
WF-000049,REQ-000145,HSP-004,AMB-073,REJECTED,No Bed,2026-09-01 19:03:51,,,,
WF-000050,REQ-000145,HSP-003,AMB-073,ACCEPTED,,2026-09-01 19:08:57,2026-09-01 19:20:10,2026-09-01 19:35:15,2026-09-01 19:46:13,COMPLETED
WF-000051,REQ-000150,HSP-004,AMB-061,ACCEPTED,,2026-09-01 19:18:39,2026-09-01 19:44:20,2026-09-01 20:01:00,2026-09-01 20:13:54,COMPLETED
WF-000052,REQ-000155,HSP-011,AMB-085,ACCEPTED,,2026-09-01 20:19:43,2026-09-01 20:47:45,2026-09-01 21:22:03,2026-09-01 21:43:22,COMPLETED
WF-000053,REQ-000161,HSP-020,AMB-088,REJECTED,No Bed,2026-09-01 21:38:36,,,,
WF-000054,REQ-000161,HSP-014,AMB-088,ACCEPTED,,2026-09-01 21:43:04,2026-09-01 22:00:20,2026-09-01 22:13:20,2026-09-01 22:20:14,COMPLETED
WF-000055,REQ-000164,HSP-011,AMB-097,REJECTED,No Bed,2026-09-01 21:47:30,,,,
WF-000056,REQ-000164,HSP-012,AMB-097,ACCEPTED,,2026-09-01 21:51:37,2026-09-01 22:04:27,2026-09-01 22:12:02,2026-09-01 22:33:04,COMPLETED
WF-000057,REQ-000166,HSP-009,AMB-023,REJECTED,No Bed,2026-09-01 22:05:40,,,,
WF-000058,REQ-000168,HSP-002,AMB-007,ACCEPTED,,2026-09-01 22:10:38,2026-09-01 22:36:27,2026-09-01 22:42:44,2026-09-01 22:50:57,COMPLETED
WF-000059,REQ-000167,HSP-012,AMB-085,ACCEPTED,,2026-09-01 22:10:53,2026-09-01 22:28:03,2026-09-01 22:46:32,2026-09-01 22:57:23,COMPLETED
WF-000060,REQ-000166,HSP-017,AMB-023,ACCEPTED,,2026-09-01 22:12:18,2026-09-01 22:30:08,2026-09-01 22:47:45,2026-09-01 22:59:34,COMPLETED
WF-000061,REQ-000174,HSP-013,AMB-081,ACCEPTED,,2026-09-01 23:02:46,2026-09-01 23:21:43,2026-09-01 23:31:29,2026-09-01 23:40:46,COMPLETED
WF-000062,REQ-000175,HSP-013,AMB-053,ACCEPTED,,2026-09-01 23:13:13,2026-09-01 23:28:00,2026-09-01 23:32:52,2026-09-01 23:42:20,COMPLETED
WF-000063,REQ-000176,HSP-001,AMB-049,ACCEPTED,,2026-09-01 23:27:00,2026-09-01 23:44:33,2026-09-02 00:09:23,2026-09-02 00:30:18,COMPLETED
WF-000064,REQ-000179,HSP-012,AMB-042,ACCEPTED,,2026-09-02 00:39:08,2026-09-02 00:50:51,2026-09-02 01:07:49,2026-09-02 01:15:11,COMPLETED
WF-000065,REQ-000180,HSP-002,AMB-070,ACCEPTED,,2026-09-02 01:01:44,2026-09-02 01:20:28,2026-09-02 01:54:17,2026-09-02 02:09:58,COMPLETED
WF-000066,REQ-000185,HSP-003,AMB-076,ACCEPTED,,2026-09-02 02:57:45,2026-09-02 03:08:29,2026-09-02 03:35:17,2026-09-02 03:51:26,COMPLETED
WF-000067,REQ-000187,HSP-023,AMB-017,ACCEPTED,,2026-09-02 03:18:08,2026-09-02 03:36:51,2026-09-02 03:44:54,2026-09-02 03:51:28,COMPLETED
WF-000068,REQ-000189,HSP-004,AMB-052,ACCEPTED,,2026-09-02 03:49:18,2026-09-02 04:08:31,2026-09-02 04:17:47,2026-09-02 04:34:36,COMPLETED
WF-000069,REQ-000190,HSP-012,AMB-087,REJECTED,Specialist Unavailable,2026-09-02 04:24:20,,,,
WF-000070,REQ-000190,HSP-020,AMB-087,REJECTED,Other,2026-09-02 04:28:33,,,,
WF-000071,REQ-000193,HSP-013,AMB-065,ACCEPTED,,2026-09-02 06:15:40,2026-09-02 06:38:49,2026-09-02 06:54:30,2026-09-02 07:08:13,COMPLETED
WF-000072,REQ-000196,HSP-004,AMB-058,ACCEPTED,,2026-09-02 07:06:33,2026-09-02 07:24:55,2026-09-02 07:38:23,2026-09-02 07:43:11,COMPLETED
WF-000073,REQ-000199,HSP-002,AMB-007,ACCEPTED,,2026-09-02 07:15:04,2026-09-02 07:36:30,2026-09-02 07:51:45,2026-09-02 07:58:26,COMPLETED
WF-000074,REQ-000202,HSP-019,AMB-024,REJECTED,Specialist Unavailable,2026-09-02 07:43:52,,,,
WF-000075,REQ-000202,HSP-010,AMB-024,ACCEPTED,,2026-09-02 07:45:46,2026-09-02 08:03:34,2026-09-02 08:35:33,2026-09-02 08:49:16,COMPLETED
WF-000076,REQ-000204,HSP-002,AMB-076,ACCEPTED,,2026-09-02 08:02:24,2026-09-02 08:18:40,2026-09-02 08:37:43,2026-09-02 08:47:02,COMPLETED
WF-000077,REQ-000208,HSP-006,AMB-009,ACCEPTED,,2026-09-02 08:37:23,2026-09-02 08:54:10,2026-09-02 09:15:27,2026-09-02 09:33:44,COMPLETED
WF-000078,REQ-000209,HSP-008,AMB-032,ACCEPTED,,2026-09-02 08:39:06,2026-09-02 08:59:20,2026-09-02 09:30:51,2026-09-02 09:52:16,COMPLETED
WF-000079,REQ-000211,HSP-012,AMB-019,ACCEPTED,,2026-09-02 08:45:38,2026-09-02 09:10:20,2026-09-02 09:35:29,2026-09-02 09:50:17,COMPLETED
WF-000080,REQ-000214,HSP-020,AMB-013,REJECTED,Stale Data,2026-09-02 09:11:02,,,,
WF-000081,REQ-000214,HSP-007,AMB-013,ACCEPTED,,2026-09-02 09:17:38,2026-09-02 09:28:03,2026-09-02 09:59:49,2026-09-02 10:10:51,COMPLETED
WF-000082,REQ-000217,HSP-013,AMB-085,ACCEPTED,,2026-09-02 09:57:27,2026-09-02 10:25:29,2026-09-02 10:47:22,2026-09-02 11:00:47,COMPLETED
WF-000083,REQ-000224,HSP-007,AMB-043,ACCEPTED,,2026-09-02 10:41:29,2026-09-02 10:55:41,2026-09-02 11:30:14,2026-09-02 11:37:32,COMPLETED
WF-000084,REQ-000225,HSP-007,AMB-019,REJECTED,No Bed,2026-09-02 10:42:15,,,,
WF-000085,REQ-000225,HSP-020,AMB-019,ACCEPTED,,2026-09-02 10:46:07,2026-09-02 10:57:29,2026-09-02 11:59:56,2026-09-02 12:21:36,COMPLETED
WF-000086,REQ-000228,HSP-008,AMB-093,ACCEPTED,,2026-09-02 11:01:16,2026-09-02 11:21:19,2026-09-02 12:46:20,2026-09-02 13:03:42,COMPLETED
WF-000087,REQ-000231,HSP-005,AMB-011,ACCEPTED,,2026-09-02 11:43:29,2026-09-02 11:53:29,2026-09-02 11:59:04,2026-09-02 12:15:25,COMPLETED
WF-000088,REQ-000237,HSP-007,AMB-096,ACCEPTED,,2026-09-02 13:01:35,2026-09-02 13:14:11,2026-09-02 13:30:09,2026-09-02 13:38:31,COMPLETED
WF-000089,REQ-000241,HSP-001,AMB-073,ACCEPTED,,2026-09-02 13:33:13,2026-09-02 13:56:29,2026-09-02 14:13:25,2026-09-02 14:34:36,COMPLETED
WF-000090,REQ-000246,HSP-019,AMB-012,ACCEPTED,,2026-09-02 13:53:19,2026-09-02 14:08:12,2026-09-02 14:31:07,2026-09-02 14:45:38,COMPLETED
WF-000091,REQ-000251,HSP-007,AMB-061,ACCEPTED,,2026-09-02 14:38:28,2026-09-02 14:57:28,2026-09-02 15:20:42,2026-09-02 15:34:12,COMPLETED
WF-000092,REQ-000252,HSP-006,AMB-027,ACCEPTED,,2026-09-02 14:38:59,2026-09-02 14:56:37,2026-09-02 15:19:07,2026-09-02 15:24:02,COMPLETED
WF-000093,REQ-000258,HSP-007,AMB-068,ACCEPTED,,2026-09-02 15:51:15,2026-09-02 16:13:25,2026-09-02 16:37:34,2026-09-02 16:49:57,COMPLETED
WF-000094,REQ-000260,HSP-001,AMB-051,ACCEPTED,,2026-09-02 16:00:48,2026-09-02 16:24:03,2026-09-02 16:40:13,2026-09-02 16:49:09,COMPLETED
WF-000095,REQ-000263,HSP-012,AMB-018,ACCEPTED,,2026-09-02 16:12:12,2026-09-02 16:25:42,2026-09-02 16:46:49,2026-09-02 17:07:25,COMPLETED
WF-000096,REQ-000265,HSP-009,AMB-012,ACCEPTED,,2026-09-02 16:17:50,2026-09-02 16:37:20,2026-09-02 16:42:36,2026-09-02 16:58:35,COMPLETED
WF-000097,REQ-000268,HSP-012,AMB-097,ACCEPTED,,2026-09-02 16:36:51,2026-09-02 16:54:26,2026-09-02 17:02:18,2026-09-02 17:23:21,COMPLETED
WF-000098,REQ-000270,HSP-009,AMB-001,ACCEPTED,,2026-09-02 16:41:28,2026-09-02 16:57:42,2026-09-02 17:02:05,2026-09-02 17:10:20,COMPLETED
WF-000099,REQ-000277,HSP-008,AMB-023,ACCEPTED,,2026-09-02 17:48:02,2026-09-02 18:07:36,2026-09-02 18:27:08,2026-09-02 18:46:49,COMPLETED
WF-000100,REQ-000281,HSP-018,AMB-052,ACCEPTED,,2026-09-02 18:11:04,2026-09-02 18:33:08,2026-09-02 19:05:18,2026-09-02 19:09:38,COMPLETED
WF-000101,REQ-000282,HSP-013,AMB-081,ACCEPTED,,2026-09-02 18:12:58,2026-09-02 18:31:23,2026-09-02 18:44:48,2026-09-02 18:51:29,COMPLETED
WF-000102,REQ-000283,HSP-013,AMB-092,REJECTED,No Bed,2026-09-02 18:15:34,,,,
WF-000103,REQ-000283,HSP-022,AMB-092,ACCEPTED,,2026-09-02 18:18:43,2026-09-02 18:37:00,2026-09-02 18:51:41,2026-09-02 18:56:41,COMPLETED
WF-000104,REQ-000289,HSP-012,AMB-043,REJECTED,Stale Data,2026-09-02 18:32:20,,,,
WF-000105,REQ-000290,HSP-002,AMB-076,ACCEPTED,,2026-09-02 18:32:22,2026-09-02 18:49:22,2026-09-02 19:28:30,2026-09-02 19:40:19,COMPLETED
WF-000106,REQ-000289,HSP-007,AMB-043,REJECTED,No Equipment,2026-09-02 18:36:26,,,,
WF-000107,REQ-000294,HSP-001,AMB-049,ACCEPTED,,2026-09-02 19:03:05,2026-09-02 19:15:57,2026-09-02 19:49:57,2026-09-02 19:55:14,COMPLETED
WF-000108,REQ-000295,HSP-001,AMB-083,ACCEPTED,,2026-09-02 19:03:25,2026-09-02 19:21:49,2026-09-02 19:29:20,2026-09-02 19:45:11,COMPLETED
WF-000109,REQ-000301,HSP-008,AMB-035,ACCEPTED,,2026-09-02 19:37:56,2026-09-02 20:00:57,2026-09-02 20:19:23,2026-09-02 20:30:22,COMPLETED
WF-000110,REQ-000304,HSP-009,AMB-048,ACCEPTED,,2026-09-02 19:52:42,2026-09-02 20:18:18,2026-09-02 20:38:35,2026-09-02 20:43:20,COMPLETED
WF-000111,REQ-000316,HSP-010,AMB-049,ACCEPTED,,2026-09-02 20:50:57,2026-09-02 21:17:24,2026-09-02 21:28:37,2026-09-02 21:39:13,COMPLETED
WF-000112,REQ-000324,HSP-012,AMB-019,ACCEPTED,,2026-09-02 21:35:08,2026-09-02 21:50:53,2026-09-02 22:14:44,2026-09-02 22:22:17,COMPLETED
WF-000113,REQ-000327,HSP-004,AMB-047,ACCEPTED,,2026-09-02 21:48:36,2026-09-02 22:03:28,2026-09-02 22:23:58,2026-09-02 22:41:04,COMPLETED
WF-000114,REQ-000328,HSP-007,AMB-069,ACCEPTED,,2026-09-02 21:52:45,2026-09-02 22:09:14,2026-09-02 22:33:25,2026-09-02 22:48:57,COMPLETED
WF-000115,REQ-000330,HSP-001,AMB-052,ACCEPTED,,2026-09-02 21:59:13,2026-09-02 22:11:59,2026-09-02 22:32:49,2026-09-02 22:51:19,COMPLETED
WF-000116,REQ-000331,HSP-007,AMB-043,REJECTED,Stale Data,2026-09-02 22:08:33,,,,
WF-000117,REQ-000331,HSP-020,AMB-043,ACCEPTED,,2026-09-02 22:11:25,2026-09-02 22:27:14,2026-09-02 23:22:24,2026-09-02 23:27:19,COMPLETED
WF-000118,REQ-000335,HSP-002,AMB-070,ACCEPTED,,2026-09-02 23:15:59,2026-09-02 23:26:48,2026-09-02 23:55:17,2026-09-03 00:16:55,COMPLETED
WF-000119,REQ-000343,HSP-023,AMB-019,REJECTED,No Bed,2026-09-03 01:02:58,,,,
WF-000120,REQ-000343,HSP-006,AMB-019,REJECTED,Other,2026-09-03 01:08:06,,,,
WF-000121,REQ-000343,HSP-012,AMB-019,ACCEPTED,,2026-09-03 01:13:57,2026-09-03 01:15:48,2026-09-03 01:36:14,2026-09-03 01:40:56,COMPLETED
WF-000122,REQ-000357,HSP-011,AMB-085,ACCEPTED,,2026-09-03 06:06:21,2026-09-03 06:27:42,2026-09-03 06:46:49,2026-09-03 07:00:23,COMPLETED
WF-000123,REQ-000359,HSP-020,AMB-097,REJECTED,No Bed,2026-09-03 06:25:55,,,,
WF-000124,REQ-000359,HSP-014,AMB-097,ACCEPTED,,2026-09-03 06:29:05,2026-09-03 06:42:00,2026-09-03 07:01:10,2026-09-03 07:12:48,COMPLETED
WF-000125,REQ-000363,HSP-019,AMB-051,ACCEPTED,,2026-09-03 07:20:12,2026-09-03 07:36:02,2026-09-03 08:11:47,2026-09-03 08:26:24,COMPLETED
WF-000126,REQ-000366,HSP-009,AMB-032,ACCEPTED,,2026-09-03 08:09:58,2026-09-03 08:26:07,2026-09-03 09:00:50,2026-09-03 09:21:36,COMPLETED
WF-000127,REQ-000367,HSP-004,AMB-034,ACCEPTED,,2026-09-03 08:42:18,2026-09-03 09:06:38,2026-09-03 09:18:11,2026-09-03 09:31:00,COMPLETED
WF-000128,REQ-000368,HSP-013,AMB-081,ACCEPTED,,2026-09-03 08:50:43,2026-09-03 09:14:34,2026-09-03 09:25:05,2026-09-03 09:42:13,COMPLETED
WF-000129,REQ-000369,HSP-007,AMB-019,ACCEPTED,,2026-09-03 08:53:10,2026-09-03 09:15:01,2026-09-03 09:35:15,2026-09-03 09:42:27,COMPLETED
WF-000130,REQ-000375,HSP-001,AMB-021,ACCEPTED,,2026-09-03 09:23:40,2026-09-03 09:39:22,2026-09-03 10:15:05,2026-09-03 10:31:24,COMPLETED
WF-000131,REQ-000377,HSP-017,AMB-007,ACCEPTED,,2026-09-03 10:20:46,2026-09-03 10:52:39,2026-09-03 11:11:37,2026-09-03 11:29:15,COMPLETED
WF-000132,REQ-000382,HSP-002,AMB-070,ACCEPTED,,2026-09-03 11:11:10,2026-09-03 11:26:14,2026-09-03 12:02:59,2026-09-03 12:20:39,COMPLETED
WF-000133,REQ-000387,HSP-018,AMB-052,ACCEPTED,,2026-09-03 11:54:54,2026-09-03 12:12:16,2026-09-03 12:33:02,2026-09-03 12:49:13,COMPLETED
WF-000134,REQ-000393,HSP-004,AMB-073,ACCEPTED,,2026-09-03 12:56:47,2026-09-03 13:14:30,2026-09-03 13:23:00,2026-09-03 13:36:48,COMPLETED
WF-000135,REQ-000396,HSP-013,AMB-052,ACCEPTED,,2026-09-03 13:02:47,2026-09-03 13:15:15,2026-09-03 13:44:12,2026-09-03 14:02:27,COMPLETED
WF-000136,REQ-000397,HSP-024,AMB-022,ACCEPTED,,2026-09-03 13:03:18,2026-09-03 13:19:50,2026-09-03 13:25:32,2026-09-03 13:41:21,COMPLETED
WF-000137,REQ-000407,HSP-019,AMB-007,ACCEPTED,,2026-09-03 14:09:40,2026-09-03 14:29:08,2026-09-03 14:59:09,2026-09-03 15:06:09,COMPLETED
WF-000138,REQ-000415,HSP-007,AMB-043,REJECTED,Other,2026-09-03 16:41:58,,,,
WF-000139,REQ-000422,HSP-011,AMB-080,ACCEPTED,,2026-09-03 17:14:41,2026-09-03 17:35:27,2026-09-03 17:48:16,2026-09-03 17:58:03,COMPLETED
WF-000140,REQ-000426,HSP-012,AMB-018,ACCEPTED,,2026-09-03 17:31:30,2026-09-03 17:51:10,2026-09-03 18:17:44,2026-09-03 18:31:43,COMPLETED
WF-000141,REQ-000428,HSP-002,AMB-025,REJECTED,Stale Data,2026-09-03 17:36:38,,,,
WF-000142,REQ-000428,HSP-001,AMB-025,ACCEPTED,,2026-09-03 17:39:31,2026-09-03 17:55:05,2026-09-03 19:00:52,2026-09-03 19:18:18,COMPLETED
WF-000143,REQ-000431,HSP-002,AMB-045,ACCEPTED,,2026-09-03 17:52:17,2026-09-03 18:14:33,2026-09-03 18:27:47,2026-09-03 18:33:43,COMPLETED
WF-000144,REQ-000434,HSP-001,AMB-049,REJECTED,Specialist Unavailable,2026-09-03 18:05:08,,,,
WF-000145,REQ-000435,HSP-020,AMB-003,ACCEPTED,,2026-09-03 18:08:45,2026-09-03 18:32:01,2026-09-03 18:51:50,2026-09-03 18:59:31,COMPLETED
WF-000146,REQ-000434,HSP-019,AMB-049,REJECTED,Specialist Unavailable,2026-09-03 18:10:55,,,,
WF-000147,REQ-000441,HSP-001,AMB-011,ACCEPTED,,2026-09-03 18:26:17,2026-09-03 18:51:48,2026-09-03 19:07:31,2026-09-03 19:24:31,COMPLETED
WF-000148,REQ-000445,HSP-005,AMB-057,ACCEPTED,,2026-09-03 18:42:30,2026-09-03 19:00:51,2026-09-03 19:16:12,2026-09-03 19:32:09,COMPLETED
WF-000149,REQ-000446,HSP-008,AMB-049,ACCEPTED,,2026-09-03 18:46:19,2026-09-03 19:01:50,2026-09-03 19:15:52,2026-09-03 19:34:34,COMPLETED
WF-000150,REQ-000448,HSP-004,AMB-092,ACCEPTED,,2026-09-03 18:48:04,2026-09-03 19:07:45,2026-09-03 19:25:38,2026-09-03 19:35:13,COMPLETED
WF-000151,REQ-000449,HSP-012,AMB-059,ACCEPTED,,2026-09-03 18:57:53,2026-09-03 19:10:50,2026-09-03 19:33:49,2026-09-03 19:43:22,COMPLETED
WF-000152,REQ-000465,HSP-015,AMB-006,ACCEPTED,,2026-09-03 20:57:57,2026-09-03 21:19:12,2026-09-03 22:20:25,2026-09-03 22:36:58,COMPLETED
WF-000153,REQ-000466,HSP-018,AMB-078,ACCEPTED,,2026-09-03 21:15:43,2026-09-03 21:33:44,2026-09-03 21:47:35,2026-09-03 22:06:29,COMPLETED
WF-000154,REQ-000467,HSP-013,AMB-071,ACCEPTED,,2026-09-03 21:22:58,2026-09-03 21:37:41,2026-09-03 21:50:33,2026-09-03 21:55:56,COMPLETED
WF-000155,REQ-000485,HSP-008,AMB-049,ACCEPTED,,2026-09-04 00:38:44,2026-09-04 00:56:09,2026-09-04 01:04:15,2026-09-04 01:23:54,COMPLETED
WF-000156,REQ-000493,HSP-001,AMB-083,ACCEPTED,,2026-09-04 03:36:00,2026-09-04 03:47:42,2026-09-04 03:53:41,2026-09-04 04:10:28,COMPLETED
WF-000157,REQ-000494,HSP-012,AMB-085,ACCEPTED,,2026-09-04 04:26:57,2026-09-04 04:42:42,2026-09-04 04:52:17,2026-09-04 05:01:46,COMPLETED
WF-000158,REQ-000495,HSP-010,AMB-049,REJECTED,No Bed,2026-09-04 04:39:22,,,,
WF-000159,REQ-000495,HSP-019,AMB-049,ACCEPTED,,2026-09-04 04:44:36,2026-09-04 04:54:44,2026-09-04 05:07:10,2026-09-04 05:24:27,COMPLETED
WF-000160,REQ-000498,HSP-012,AMB-085,ACCEPTED,,2026-09-04 05:27:30,2026-09-04 05:43:35,2026-09-04 05:59:28,2026-09-04 06:20:50,COMPLETED
WF-000161,REQ-000500,HSP-012,AMB-080,ACCEPTED,,2026-09-04 05:57:48,2026-09-04 06:15:06,2026-09-04 06:19:22,2026-09-04 06:28:54,COMPLETED
WF-000162,REQ-000518,HSP-002,AMB-007,ACCEPTED,,2026-09-04 08:32:23,2026-09-04 08:54:36,2026-09-04 09:05:29,2026-09-04 09:10:48,COMPLETED
WF-000163,REQ-000520,HSP-007,AMB-043,ACCEPTED,,2026-09-04 08:43:46,2026-09-04 09:03:18,2026-09-04 09:43:51,2026-09-04 10:03:32,COMPLETED
WF-000164,REQ-000522,HSP-001,AMB-083,ACCEPTED,,2026-09-04 09:11:59,2026-09-04 09:30:47,2026-09-04 09:45:38,2026-09-04 09:59:33,COMPLETED
WF-000165,REQ-000525,HSP-003,AMB-065,ACCEPTED,,2026-09-04 09:21:17,2026-09-04 09:38:59,2026-09-04 09:56:06,2026-09-04 10:15:33,COMPLETED
WF-000166,REQ-000530,HSP-002,AMB-040,ACCEPTED,,2026-09-04 09:54:16,2026-09-04 10:17:19,2026-09-04 10:43:51,2026-09-04 10:52:05,COMPLETED
WF-000167,REQ-000531,HSP-004,AMB-055,ACCEPTED,,2026-09-04 10:05:39,2026-09-04 10:19:45,2026-09-04 10:34:11,2026-09-04 10:54:51,COMPLETED
WF-000168,REQ-000538,HSP-013,AMB-016,ACCEPTED,,2026-09-04 10:34:58,2026-09-04 10:53:16,2026-09-04 11:36:55,2026-09-04 11:41:04,COMPLETED
WF-000169,REQ-000540,HSP-001,AMB-032,ACCEPTED,,2026-09-04 10:49:25,2026-09-04 11:11:09,2026-09-04 12:08:05,2026-09-04 12:21:12,COMPLETED
WF-000170,REQ-000541,HSP-001,AMB-083,ACCEPTED,,2026-09-04 11:00:30,2026-09-04 11:20:55,2026-09-04 11:33:07,2026-09-04 11:54:13,COMPLETED
WF-000171,REQ-000543,HSP-002,AMB-051,ACCEPTED,,2026-09-04 11:10:43,2026-09-04 11:29:41,2026-09-04 11:52:15,2026-09-04 12:04:54,COMPLETED
WF-000172,REQ-000562,HSP-002,AMB-049,ACCEPTED,,2026-09-04 12:59:45,2026-09-04 13:20:14,2026-09-04 13:39:38,2026-09-04 13:44:04,COMPLETED
WF-000173,REQ-000563,HSP-010,AMB-035,ACCEPTED,,2026-09-04 13:01:03,2026-09-04 13:23:26,2026-09-04 13:33:20,2026-09-04 13:51:31,COMPLETED
WF-000174,REQ-000565,HSP-012,AMB-085,ACCEPTED,,2026-09-04 14:02:11,2026-09-04 14:23:04,2026-09-04 14:53:03,2026-09-04 15:03:14,COMPLETED
WF-000175,REQ-000567,HSP-002,AMB-075,ACCEPTED,,2026-09-04 14:19:14,2026-09-04 14:32:23,2026-09-04 14:35:57,2026-09-04 14:52:40,COMPLETED
WF-000176,REQ-000571,HSP-024,AMB-022,ACCEPTED,,2026-09-04 14:51:15,2026-09-04 15:05:06,2026-09-04 15:10:54,2026-09-04 15:22:56,COMPLETED
WF-000177,REQ-000578,HSP-011,AMB-088,ACCEPTED,,2026-09-04 15:42:49,2026-09-04 16:01:38,2026-09-04 16:16:25,2026-09-04 16:35:21,COMPLETED
WF-000178,REQ-000584,HSP-020,AMB-087,ACCEPTED,,2026-09-04 16:12:36,2026-09-04 16:24:03,2026-09-04 16:40:52,2026-09-04 16:49:31,COMPLETED
WF-000179,REQ-000586,HSP-002,AMB-084,REJECTED,No Bed,2026-09-04 16:18:48,,,,
WF-000180,REQ-000586,HSP-009,AMB-084,ACCEPTED,,2026-09-04 16:25:38,2026-09-04 16:29:12,2026-09-04 16:48:56,2026-09-04 17:02:40,COMPLETED
WF-000181,REQ-000588,HSP-013,AMB-072,ACCEPTED,,2026-09-04 16:30:33,2026-09-04 16:55:11,2026-09-04 17:09:28,2026-09-04 17:31:05,COMPLETED
WF-000182,REQ-000590,HSP-013,AMB-053,ACCEPTED,,2026-09-04 16:35:49,2026-09-04 17:04:13,2026-09-04 17:14:56,2026-09-04 17:34:29,COMPLETED
WF-000183,REQ-000591,HSP-012,AMB-019,ACCEPTED,,2026-09-04 16:45:18,2026-09-04 17:06:14,2026-09-04 17:30:51,2026-09-04 17:46:50,COMPLETED
WF-000184,REQ-000610,HSP-007,AMB-019,ACCEPTED,,2026-09-04 19:28:02,2026-09-04 19:43:50,2026-09-04 20:12:51,2026-09-04 20:28:40,COMPLETED
WF-000185,REQ-000611,HSP-012,AMB-018,ACCEPTED,,2026-09-04 19:39:31,2026-09-04 19:54:17,2026-09-04 20:22:04,2026-09-04 20:27:22,COMPLETED
WF-000186,REQ-000613,HSP-008,AMB-023,ACCEPTED,,2026-09-04 20:06:21,2026-09-04 20:18:21,2026-09-04 20:38:49,2026-09-04 20:57:07,COMPLETED
WF-000187,REQ-000614,HSP-013,AMB-092,ACCEPTED,,2026-09-04 20:09:49,2026-09-04 20:28:50,2026-09-04 20:51:31,2026-09-04 21:12:17,COMPLETED
WF-000188,REQ-000618,HSP-001,AMB-032,ACCEPTED,,2026-09-04 20:53:57,2026-09-04 21:16:40,2026-09-04 22:02:03,2026-09-04 22:11:10,COMPLETED
WF-000189,REQ-000619,HSP-013,AMB-085,ACCEPTED,,2026-09-04 21:10:28,2026-09-04 21:25:43,2026-09-04 21:38:32,2026-09-04 21:46:19,COMPLETED
WF-000190,REQ-000626,HSP-001,AMB-049,ACCEPTED,,2026-09-04 22:00:31,2026-09-04 22:27:26,2026-09-04 23:03:08,2026-09-04 23:20:18,COMPLETED
WF-000191,REQ-000627,HSP-002,AMB-076,ACCEPTED,,2026-09-04 22:25:49,2026-09-04 22:38:19,2026-09-04 23:07:22,2026-09-04 23:28:54,COMPLETED
WF-000192,REQ-000630,HSP-002,AMB-035,ACCEPTED,,2026-09-04 22:42:27,2026-09-04 22:55:41,2026-09-04 23:28:34,2026-09-04 23:47:03,COMPLETED
WF-000193,REQ-000633,HSP-002,AMB-007,ACCEPTED,,2026-09-04 23:24:45,2026-09-04 23:44:02,2026-09-04 23:47:46,2026-09-04 23:57:35,COMPLETED
WF-000194,REQ-000634,HSP-013,AMB-065,ACCEPTED,,2026-09-04 23:32:03,2026-09-04 23:42:04,2026-09-04 23:51:42,2026-09-04 23:59:56,COMPLETED
WF-000195,REQ-000639,HSP-009,AMB-049,REJECTED,Other,2026-09-05 00:23:17,,,,
WF-000196,REQ-000639,HSP-017,AMB-049,REJECTED,No Bed,2026-09-05 00:29:18,,,,
WF-000197,REQ-000639,HSP-019,AMB-049,ACCEPTED,,2026-09-05 00:33:05,2026-09-05 00:44:25,2026-09-05 01:03:09,2026-09-05 01:22:54,COMPLETED
WF-000198,REQ-000640,HSP-007,AMB-035,ACCEPTED,,2026-09-05 00:33:41,2026-09-05 00:51:18,2026-09-05 01:25:27,2026-09-05 01:34:38,COMPLETED
WF-000199,REQ-000645,HSP-007,AMB-022,ACCEPTED,,2026-09-05 02:20:44,2026-09-05 02:39:18,2026-09-05 03:45:37,2026-09-05 04:04:42,COMPLETED
WF-000200,REQ-000651,HSP-020,AMB-003,ACCEPTED,,2026-09-05 04:59:33,2026-09-05 05:09:27,2026-09-05 05:18:09,2026-09-05 05:32:30,COMPLETED
WF-000201,REQ-000657,HSP-018,AMB-096,ACCEPTED,,2026-09-05 07:16:03,2026-09-05 07:33:15,2026-09-05 07:48:03,2026-09-05 07:54:20,COMPLETED
WF-000202,REQ-000665,HSP-025,AMB-070,REJECTED,No Bed,2026-09-05 08:17:17,,,,
WF-000203,REQ-000665,HSP-002,AMB-070,ACCEPTED,,2026-09-05 08:23:06,2026-09-05 08:35:51,2026-09-05 09:42:59,2026-09-05 09:52:11,COMPLETED
WF-000204,REQ-000674,HSP-002,AMB-044,ACCEPTED,,2026-09-05 09:27:29,2026-09-05 09:44:15,2026-09-05 10:02:41,2026-09-05 10:10:13,COMPLETED
WF-000205,REQ-000682,HSP-013,AMB-074,ACCEPTED,,2026-09-05 10:44:20,2026-09-05 10:56:33,2026-09-05 11:05:33,2026-09-05 11:17:43,COMPLETED
WF-000206,REQ-000686,HSP-007,AMB-017,ACCEPTED,,2026-09-05 10:55:34,2026-09-05 11:18:22,2026-09-05 11:49:57,2026-09-05 12:03:53,COMPLETED
WF-000207,REQ-000694,HSP-001,AMB-002,REJECTED,Stale Data,2026-09-05 12:09:06,,,,
WF-000208,REQ-000694,HSP-015,AMB-002,ACCEPTED,,2026-09-05 12:13:45,2026-09-05 12:24:08,2026-09-05 12:37:51,2026-09-05 12:44:08,COMPLETED
WF-000209,REQ-000705,HSP-004,AMB-068,ACCEPTED,,2026-09-05 13:07:19,2026-09-05 13:25:20,2026-09-05 13:39:02,2026-09-05 13:58:07,COMPLETED
WF-000210,REQ-000708,HSP-012,AMB-043,ACCEPTED,,2026-09-05 13:16:33,2026-09-05 13:35:17,2026-09-05 14:10:23,2026-09-05 14:19:18,COMPLETED
WF-000211,REQ-000711,HSP-004,AMB-011,ACCEPTED,,2026-09-05 13:40:47,2026-09-05 13:53:47,2026-09-05 14:09:56,2026-09-05 14:30:21,COMPLETED
WF-000212,REQ-000713,HSP-012,AMB-091,REJECTED,No Bed,2026-09-05 13:49:20,,,,
WF-000213,REQ-000712,HSP-012,AMB-013,ACCEPTED,,2026-09-05 13:49:33,2026-09-05 14:06:00,2026-09-05 14:15:02,2026-09-05 14:32:13,COMPLETED
WF-000214,REQ-000713,HSP-007,AMB-091,ACCEPTED,,2026-09-05 13:53:07,2026-09-05 14:09:44,2026-09-05 14:37:47,2026-09-05 14:59:32,COMPLETED
WF-000215,REQ-000722,HSP-024,AMB-022,ACCEPTED,,2026-09-05 15:05:45,2026-09-05 15:21:08,2026-09-05 15:32:59,2026-09-05 15:47:32,COMPLETED
WF-000216,REQ-000723,HSP-024,AMB-008,REJECTED,No Bed,2026-09-05 15:06:11,,,,
WF-000217,REQ-000723,HSP-010,AMB-008,ACCEPTED,,2026-09-05 15:12:58,2026-09-05 15:28:41,2026-09-05 16:14:14,2026-09-05 16:18:46,COMPLETED
WF-000218,REQ-000726,HSP-012,AMB-043,REJECTED,No Equipment,2026-09-05 15:19:27,,,,
WF-000219,REQ-000726,HSP-006,AMB-043,ACCEPTED,,2026-09-05 15:21:18,2026-09-05 15:37:52,2026-09-05 15:58:38,2026-09-05 16:08:31,COMPLETED
WF-000220,REQ-000727,HSP-019,AMB-024,REJECTED,Stale Data,2026-09-05 15:28:57,,,,
WF-000221,REQ-000729,HSP-008,AMB-035,ACCEPTED,,2026-09-05 15:31:52,2026-09-05 15:45:29,2026-09-05 15:50:47,2026-09-05 16:08:21,COMPLETED
WF-000222,REQ-000727,HSP-006,AMB-024,ACCEPTED,,2026-09-05 15:34:40,2026-09-05 15:52:38,2026-09-05 16:29:40,2026-09-05 16:37:34,COMPLETED
WF-000223,REQ-000736,HSP-020,AMB-073,ACCEPTED,,2026-09-05 16:19:44,2026-09-05 16:39:48,2026-09-05 16:59:20,2026-09-05 17:18:31,COMPLETED
WF-000224,REQ-000735,HSP-001,AMB-062,ACCEPTED,,2026-09-05 16:20:21,2026-09-05 16:37:08,2026-09-05 17:02:20,2026-09-05 17:06:20,COMPLETED
WF-000225,REQ-000751,HSP-001,AMB-021,ACCEPTED,,2026-09-05 18:14:48,2026-09-05 18:36:48,2026-09-05 18:54:27,2026-09-05 19:02:28,COMPLETED
WF-000226,REQ-000752,HSP-002,AMB-007,ACCEPTED,,2026-09-05 18:15:16,2026-09-05 18:49:37,2026-09-05 19:07:33,2026-09-05 19:17:43,COMPLETED
WF-000227,REQ-000753,HSP-001,AMB-073,ACCEPTED,,2026-09-05 18:21:17,2026-09-05 18:47:49,2026-09-05 19:08:39,2026-09-05 19:16:16,COMPLETED
WF-000228,REQ-000755,HSP-004,AMB-055,ACCEPTED,,2026-09-05 18:31:00,2026-09-05 18:50:47,2026-09-05 19:05:37,2026-09-05 19:09:46,COMPLETED
WF-000229,REQ-000756,HSP-012,AMB-017,ACCEPTED,,2026-09-05 18:34:07,2026-09-05 18:53:15,2026-09-05 19:47:25,2026-09-05 20:03:45,COMPLETED
WF-000230,REQ-000757,HSP-001,AMB-052,ACCEPTED,,2026-09-05 18:48:28,2026-09-05 19:09:55,2026-09-05 19:31:15,2026-09-05 19:52:12,COMPLETED
WF-000231,REQ-000759,HSP-004,AMB-047,ACCEPTED,,2026-09-05 19:04:29,2026-09-05 19:23:29,2026-09-05 19:45:59,2026-09-05 20:02:55,COMPLETED
WF-000232,REQ-000765,HSP-002,AMB-076,ACCEPTED,,2026-09-05 19:56:39,2026-09-05 20:14:18,2026-09-05 20:52:00,2026-09-05 21:01:18,COMPLETED
WF-000233,REQ-000769,HSP-001,AMB-026,ACCEPTED,,2026-09-05 20:20:20,2026-09-05 20:34:42,2026-09-05 20:45:48,2026-09-05 21:01:48,COMPLETED
WF-000234,REQ-000770,HSP-001,AMB-055,ACCEPTED,,2026-09-05 20:22:44,2026-09-05 20:43:51,2026-09-05 21:08:43,2026-09-05 21:17:33,COMPLETED
WF-000235,REQ-000774,HSP-013,AMB-092,REJECTED,No Bed,2026-09-05 20:29:46,,,,
WF-000236,REQ-000774,HSP-022,AMB-092,REJECTED,No Bed,2026-09-05 20:34:56,,,,
WF-000237,REQ-000774,HSP-003,AMB-092,ACCEPTED,,2026-09-05 20:40:07,2026-09-05 20:53:17,2026-09-05 21:21:10,2026-09-05 21:30:41,COMPLETED
WF-000238,REQ-000779,HSP-002,AMB-007,ACCEPTED,,2026-09-05 20:53:37,2026-09-05 21:19:51,2026-09-05 21:29:08,2026-09-05 21:34:51,COMPLETED
WF-000239,REQ-000783,HSP-009,AMB-001,ACCEPTED,,2026-09-05 21:42:15,2026-09-05 21:55:08,2026-09-05 22:00:53,2026-09-05 22:16:18,COMPLETED
WF-000240,REQ-000784,HSP-007,AMB-077,ACCEPTED,,2026-09-05 21:53:48,2026-09-05 22:11:09,2026-09-05 22:17:18,2026-09-05 22:38:37,COMPLETED
WF-000241,REQ-000785,HSP-007,AMB-014,REJECTED,No Bed,2026-09-05 21:54:04,,,,
WF-000242,REQ-000785,HSP-020,AMB-014,REJECTED,Specialist Unavailable,2026-09-05 21:58:21,,,,
WF-000243,REQ-000787,HSP-025,AMB-025,ACCEPTED,,2026-09-05 22:01:19,2026-09-05 22:23:08,2026-09-05 22:30:03,2026-09-05 22:49:59,COMPLETED
WF-000244,REQ-000796,HSP-013,AMB-081,ACCEPTED,,2026-09-05 23:17:30,2026-09-05 23:33:18,2026-09-05 23:38:47,2026-09-05 23:53:09,COMPLETED
WF-000245,REQ-000803,HSP-012,AMB-098,ACCEPTED,,2026-09-06 00:42:23,2026-09-06 00:52:39,2026-09-06 01:03:40,2026-09-06 01:11:02,COMPLETED
WF-000246,REQ-000805,HSP-012,AMB-018,ACCEPTED,,2026-09-06 00:55:59,2026-09-06 01:14:15,2026-09-06 01:27:47,2026-09-06 01:32:33,COMPLETED
WF-000247,REQ-000813,HSP-006,AMB-010,ACCEPTED,,2026-09-06 03:52:50,2026-09-06 04:10:02,2026-09-06 04:13:44,2026-09-06 04:22:23,COMPLETED
WF-000248,REQ-000821,HSP-002,AMB-093,ACCEPTED,,2026-09-06 07:11:13,2026-09-06 07:30:35,2026-09-06 08:39:52,2026-09-06 08:58:25,COMPLETED
WF-000249,REQ-000823,HSP-008,AMB-049,ACCEPTED,,2026-09-06 07:26:59,2026-09-06 07:46:17,2026-09-06 07:56:47,2026-09-06 08:14:54,COMPLETED
WF-000250,REQ-000830,HSP-001,AMB-083,ACCEPTED,,2026-09-06 08:14:44,2026-09-06 08:33:00,2026-09-06 08:39:54,2026-09-06 08:47:18,COMPLETED
WF-000251,REQ-000834,HSP-001,AMB-026,ACCEPTED,,2026-09-06 08:53:52,2026-09-06 09:11:23,2026-09-06 09:15:15,2026-09-06 09:24:21,COMPLETED
WF-000252,REQ-000839,HSP-004,AMB-021,REJECTED,Specialist Unavailable,2026-09-06 09:22:59,,,,
WF-000253,REQ-000839,HSP-003,AMB-021,ACCEPTED,,2026-09-06 09:28:16,2026-09-06 09:38:57,2026-09-06 09:57:32,2026-09-06 10:17:23,COMPLETED
WF-000254,REQ-000840,HSP-002,AMB-070,REJECTED,No Bed,2026-09-06 09:36:54,,,,
WF-000255,REQ-000842,HSP-008,AMB-093,ACCEPTED,,2026-09-06 09:44:03,2026-09-06 10:11:06,2026-09-06 11:48:22,2026-09-06 12:07:12,COMPLETED
WF-000256,REQ-000845,HSP-012,AMB-065,ACCEPTED,,2026-09-06 09:56:37,2026-09-06 10:13:33,2026-09-06 10:40:56,2026-09-06 10:54:47,COMPLETED
WF-000257,REQ-000846,HSP-002,AMB-002,ACCEPTED,,2026-09-06 10:33:09,2026-09-06 10:49:53,2026-09-06 11:01:53,2026-09-06 11:13:16,COMPLETED
WF-000258,REQ-000852,HSP-012,AMB-014,ACCEPTED,,2026-09-06 11:11:00,2026-09-06 11:32:14,2026-09-06 11:49:06,2026-09-06 12:06:34,COMPLETED
WF-000259,REQ-000855,HSP-001,AMB-049,ACCEPTED,,2026-09-06 11:44:36,2026-09-06 12:03:56,2026-09-06 12:41:14,2026-09-06 13:03:11,COMPLETED
WF-000260,REQ-000858,HSP-022,AMB-003,ACCEPTED,,2026-09-06 12:28:33,2026-09-06 12:48:02,2026-09-06 13:06:30,2026-09-06 13:21:39,COMPLETED
WF-000261,REQ-000861,HSP-012,AMB-019,ACCEPTED,,2026-09-06 12:40:22,2026-09-06 13:00:48,2026-09-06 13:25:24,2026-09-06 13:44:33,COMPLETED
WF-000262,REQ-000863,HSP-018,AMB-027,ACCEPTED,,2026-09-06 12:57:38,2026-09-06 13:12:18,2026-09-06 13:29:19,2026-09-06 13:44:17,COMPLETED
WF-000263,REQ-000864,HSP-013,AMB-053,ACCEPTED,,2026-09-06 12:59:32,2026-09-06 13:18:19,2026-09-06 13:28:47,2026-09-06 13:44:56,COMPLETED
WF-000264,REQ-000867,HSP-009,AMB-012,ACCEPTED,,2026-09-06 13:11:15,2026-09-06 13:29:52,2026-09-06 13:34:38,2026-09-06 13:47:38,COMPLETED
WF-000265,REQ-000868,HSP-008,AMB-035,ACCEPTED,,2026-09-06 13:14:12,2026-09-06 13:36:50,2026-09-06 13:47:28,2026-09-06 14:01:31,COMPLETED
WF-000266,REQ-000871,HSP-002,AMB-083,ACCEPTED,,2026-09-06 13:26:52,2026-09-06 13:42:18,2026-09-06 14:10:11,2026-09-06 14:29:39,COMPLETED
WF-000267,REQ-000877,HSP-011,AMB-091,ACCEPTED,,2026-09-06 14:15:51,2026-09-06 14:26:32,2026-09-06 14:34:29,2026-09-06 14:51:42,COMPLETED
WF-000268,REQ-000883,HSP-012,AMB-014,ACCEPTED,,2026-09-06 15:00:10,2026-09-06 15:14:48,2026-09-06 15:29:22,2026-09-06 15:44:15,COMPLETED
WF-000269,REQ-000889,HSP-002,AMB-023,ACCEPTED,,2026-09-06 15:48:55,2026-09-06 16:05:34,2026-09-06 16:32:27,2026-09-06 16:37:19,COMPLETED
WF-000270,REQ-000890,HSP-002,AMB-012,ACCEPTED,,2026-09-06 16:02:35,2026-09-06 16:12:33,2026-09-06 16:38:55,2026-09-06 16:52:54,COMPLETED
WF-000271,REQ-000892,HSP-012,AMB-091,ACCEPTED,,2026-09-06 16:07:02,2026-09-06 16:25:20,2026-09-06 16:38:28,2026-09-06 16:46:50,COMPLETED
WF-000272,REQ-000895,HSP-018,AMB-052,ACCEPTED,,2026-09-06 16:17:45,2026-09-06 16:40:59,2026-09-06 16:59:09,2026-09-06 17:19:22,COMPLETED
WF-000273,REQ-000898,HSP-002,AMB-070,ACCEPTED,,2026-09-06 16:33:15,2026-09-06 16:48:56,2026-09-06 17:17:14,2026-09-06 17:31:17,COMPLETED
WF-000274,REQ-000914,HSP-013,AMB-037,ACCEPTED,,2026-09-06 18:12:13,2026-09-06 18:30:51,2026-09-06 19:10:29,2026-09-06 19:31:32,COMPLETED
WF-000275,REQ-000926,HSP-001,AMB-075,ACCEPTED,,2026-09-06 19:12:53,2026-09-06 19:27:11,2026-09-06 20:11:55,2026-09-06 20:28:01,COMPLETED
WF-000276,REQ-000927,HSP-002,AMB-044,ACCEPTED,,2026-09-06 19:13:42,2026-09-06 19:28:20,2026-09-06 19:49:46,2026-09-06 19:59:27,COMPLETED
WF-000277,REQ-000930,HSP-006,AMB-042,ACCEPTED,,2026-09-06 19:26:36,2026-09-06 19:49:12,2026-09-06 20:10:09,2026-09-06 20:16:05,COMPLETED
WF-000278,REQ-000931,HSP-012,AMB-014,ACCEPTED,,2026-09-06 19:28:04,2026-09-06 19:51:32,2026-09-06 20:21:24,2026-09-06 20:27:28,COMPLETED
WF-000279,REQ-000936,HSP-013,AMB-092,ACCEPTED,,2026-09-06 19:47:32,2026-09-06 20:07:14,2026-09-06 20:38:38,2026-09-06 20:44:18,COMPLETED
WF-000280,REQ-000938,HSP-004,AMB-034,REJECTED,Specialist Unavailable,2026-09-06 20:01:57,,,,
WF-000281,REQ-000938,HSP-001,AMB-034,REJECTED,Other,2026-09-06 20:07:49,,,,
WF-000282,REQ-000938,HSP-003,AMB-034,ACCEPTED,,2026-09-06 20:09:43,2026-09-06 20:17:47,2026-09-06 20:37:31,2026-09-06 20:41:58,COMPLETED
WF-000283,REQ-000943,HSP-020,AMB-090,REJECTED,Stale Data,2026-09-06 20:38:57,,,,
WF-000284,REQ-000943,HSP-007,AMB-090,REJECTED,Stale Data,2026-09-06 20:44:08,,,,
WF-000285,REQ-000947,HSP-014,AMB-086,REJECTED,Other,2026-09-06 20:56:32,,,,
WF-000286,REQ-000952,HSP-002,AMB-007,ACCEPTED,,2026-09-06 21:19:41,2026-09-06 21:51:16,2026-09-06 22:02:19,2026-09-06 22:18:49,COMPLETED
WF-000287,REQ-000956,HSP-004,AMB-057,ACCEPTED,,2026-09-06 22:28:23,2026-09-06 22:43:08,2026-09-06 23:12:01,2026-09-06 23:33:47,COMPLETED
WF-000288,REQ-000961,HSP-002,AMB-006,ACCEPTED,,2026-09-06 23:45:08,2026-09-07 00:01:24,2026-09-07 00:21:27,2026-09-07 00:32:24,COMPLETED
WF-000289,REQ-000964,HSP-009,AMB-049,REJECTED,No Bed,2026-09-07 00:32:10,,,,
WF-000290,REQ-000964,HSP-017,AMB-049,ACCEPTED,,2026-09-07 00:34:09,2026-09-07 00:46:59,2026-09-07 01:01:17,2026-09-07 01:11:01,COMPLETED
WF-000291,REQ-000976,HSP-009,AMB-001,ACCEPTED,,2026-09-07 03:33:26,2026-09-07 03:50:43,2026-09-07 03:55:38,2026-09-07 04:17:18,COMPLETED
WF-000292,REQ-000987,HSP-001,AMB-035,ACCEPTED,,2026-09-07 06:24:49,2026-09-07 06:40:40,2026-09-07 07:06:33,2026-09-07 07:23:01,COMPLETED
WF-000293,REQ-000999,HSP-002,AMB-002,REJECTED,Stale Data,2026-09-07 08:50:36,,,,
WF-000294,REQ-000999,HSP-001,AMB-002,ACCEPTED,,2026-09-07 08:53:38,2026-09-07 09:07:02,2026-09-07 09:41:53,2026-09-07 09:46:20,COMPLETED
WF-000295,REQ-001003,HSP-001,AMB-051,ACCEPTED,,2026-09-07 09:08:14,2026-09-07 09:24:05,2026-09-07 09:40:57,2026-09-07 09:46:45,COMPLETED
WF-000296,REQ-001007,HSP-002,AMB-025,ACCEPTED,,2026-09-07 09:34:10,2026-09-07 09:53:50,2026-09-07 10:43:27,2026-09-07 10:47:57,COMPLETED
WF-000297,REQ-001008,HSP-013,AMB-037,ACCEPTED,,2026-09-07 09:42:34,2026-09-07 10:01:00,2026-09-07 10:21:09,2026-09-07 10:39:52,COMPLETED
WF-000298,REQ-001013,HSP-001,AMB-044,ACCEPTED,,2026-09-07 10:10:34,2026-09-07 10:29:47,2026-09-07 10:52:58,2026-09-07 11:00:32,COMPLETED
WF-000299,REQ-001019,HSP-006,AMB-061,REJECTED,No Bed,2026-09-07 10:44:46,,,,
WF-000300,REQ-001019,HSP-020,AMB-061,ACCEPTED,,2026-09-07 10:51:15,2026-09-07 11:12:55,2026-09-07 11:30:06,2026-09-07 11:43:39,COMPLETED
WF-000301,REQ-001028,HSP-013,AMB-085,ACCEPTED,,2026-09-07 11:41:40,2026-09-07 12:04:38,2026-09-07 12:20:51,2026-09-07 12:26:54,COMPLETED
WF-000302,REQ-001031,HSP-002,AMB-084,ACCEPTED,,2026-09-07 11:51:51,2026-09-07 12:10:10,2026-09-07 12:19:23,2026-09-07 12:31:32,COMPLETED
WF-000303,REQ-001038,HSP-004,AMB-052,ACCEPTED,,2026-09-07 13:13:12,2026-09-07 13:29:21,2026-09-07 13:41:35,2026-09-07 13:53:54,COMPLETED
WF-000304,REQ-001045,HSP-002,AMB-002,ACCEPTED,,2026-09-07 14:42:32,2026-09-07 15:02:17,2026-09-07 15:08:01,2026-09-07 15:22:59,COMPLETED
WF-000305,REQ-001046,HSP-001,AMB-032,ACCEPTED,,2026-09-07 14:45:39,2026-09-07 15:00:41,2026-09-07 15:35:20,2026-09-07 15:44:34,COMPLETED
WF-000306,REQ-001050,HSP-004,AMB-086,ACCEPTED,,2026-09-07 15:09:15,2026-09-07 15:24:10,2026-09-07 15:39:03,2026-09-07 15:46:47,COMPLETED
WF-000307,REQ-001055,HSP-002,AMB-084,ACCEPTED,,2026-09-07 15:38:22,2026-09-07 15:57:12,2026-09-07 16:05:27,2026-09-07 16:21:19,COMPLETED
WF-000308,REQ-001056,HSP-003,AMB-003,ACCEPTED,,2026-09-07 15:41:00,2026-09-07 15:55:08,2026-09-07 16:00:23,2026-09-07 16:19:17,COMPLETED
WF-000309,REQ-001057,HSP-001,AMB-061,ACCEPTED,,2026-09-07 15:45:39,2026-09-07 15:58:44,2026-09-07 16:27:11,2026-09-07 16:46:05,COMPLETED
WF-000310,REQ-001058,HSP-012,AMB-065,ACCEPTED,,2026-09-07 15:52:15,2026-09-07 16:04:12,2026-09-07 16:22:39,2026-09-07 16:34:16,COMPLETED
WF-000311,REQ-001068,HSP-013,AMB-065,ACCEPTED,,2026-09-07 17:12:05,2026-09-07 17:27:52,2026-09-07 17:46:26,2026-09-07 18:00:42,COMPLETED
WF-000312,REQ-001069,HSP-013,AMB-053,REJECTED,No Bed,2026-09-07 17:13:08,,,,
WF-000313,REQ-001069,HSP-003,AMB-053,ACCEPTED,,2026-09-07 17:16:39,2026-09-07 17:33:09,2026-09-07 17:48:54,2026-09-07 18:09:41,COMPLETED
WF-000314,REQ-001073,HSP-013,AMB-092,ACCEPTED,,2026-09-07 17:32:37,2026-09-07 17:58:44,2026-09-07 18:35:51,2026-09-07 18:51:13,COMPLETED
WF-000315,REQ-001074,HSP-013,AMB-052,REJECTED,No Bed,2026-09-07 17:33:33,,,,
WF-000316,REQ-001074,HSP-022,AMB-052,ACCEPTED,,2026-09-07 17:39:54,2026-09-07 17:59:16,2026-09-07 18:11:08,2026-09-07 18:27:42,COMPLETED
WF-000317,REQ-001077,HSP-019,AMB-008,ACCEPTED,,2026-09-07 17:47:21,2026-09-07 18:03:57,2026-09-07 19:13:41,2026-09-07 19:21:53,COMPLETED
WF-000318,REQ-001083,HSP-001,AMB-083,ACCEPTED,,2026-09-07 18:27:17,2026-09-07 18:50:31,2026-09-07 19:01:16,2026-09-07 19:09:13,COMPLETED
WF-000319,REQ-001086,HSP-005,AMB-052,ACCEPTED,,2026-09-07 18:41:14,2026-09-07 19:04:55,2026-09-07 19:16:05,2026-09-07 19:29:00,COMPLETED
WF-000320,REQ-001088,HSP-007,AMB-043,REJECTED,Specialist Unavailable,2026-09-07 18:43:12,,,,
WF-000321,REQ-001100,HSP-013,AMB-052,ACCEPTED,,2026-09-07 19:42:28,2026-09-07 20:03:03,2026-09-07 20:37:03,2026-09-07 20:52:25,COMPLETED
WF-000322,REQ-001102,HSP-013,AMB-085,ACCEPTED,,2026-09-07 20:00:03,2026-09-07 20:17:56,2026-09-07 20:38:13,2026-09-07 20:42:16,COMPLETED
WF-000323,REQ-001103,HSP-008,AMB-029,ACCEPTED,,2026-09-07 20:05:51,2026-09-07 20:24:47,2026-09-07 20:51:39,2026-09-07 21:06:36,COMPLETED
WF-000324,REQ-001104,HSP-003,AMB-057,ACCEPTED,,2026-09-07 20:09:58,2026-09-07 20:25:40,2026-09-07 21:07:09,2026-09-07 21:16:24,COMPLETED
WF-000325,REQ-001110,HSP-013,AMB-071,ACCEPTED,,2026-09-07 21:26:35,2026-09-07 21:44:45,2026-09-07 22:03:05,2026-09-07 22:12:41,COMPLETED
WF-000326,REQ-001116,HSP-007,AMB-043,REJECTED,No Bed,2026-09-07 21:42:15,,,,
WF-000327,REQ-001117,HSP-013,AMB-072,ACCEPTED,,2026-09-07 21:46:00,2026-09-07 22:04:47,2026-09-07 22:11:10,2026-09-07 22:32:14,COMPLETED
WF-000328,REQ-001116,HSP-020,AMB-043,ACCEPTED,,2026-09-07 21:46:19,2026-09-07 21:53:53,2026-09-07 22:33:59,2026-09-07 22:53:25,COMPLETED
WF-000329,REQ-001118,HSP-003,AMB-073,ACCEPTED,,2026-09-07 21:53:33,2026-09-07 22:04:17,2026-09-07 22:16:03,2026-09-07 22:35:31,COMPLETED
WF-000330,REQ-001121,HSP-012,AMB-042,ACCEPTED,,2026-09-07 22:16:24,2026-09-07 22:37:43,2026-09-07 23:13:44,2026-09-07 23:34:59,COMPLETED
WF-000331,REQ-001127,HSP-012,AMB-091,ACCEPTED,,2026-09-07 23:36:59,2026-09-07 23:58:37,2026-09-08 00:08:07,2026-09-08 00:28:05,COMPLETED
WF-000332,REQ-001138,HSP-007,AMB-043,ACCEPTED,,2026-09-08 07:01:48,2026-09-08 07:25:10,2026-09-08 07:59:49,2026-09-08 08:09:27,COMPLETED
WF-000333,REQ-001145,HSP-008,AMB-006,ACCEPTED,,2026-09-08 08:02:36,2026-09-08 08:17:20,2026-09-08 08:49:13,2026-09-08 09:01:11,COMPLETED
WF-000334,REQ-001146,HSP-008,AMB-049,REJECTED,No Bed,2026-09-08 08:03:00,,,,
WF-000335,REQ-001146,HSP-010,AMB-049,ACCEPTED,,2026-09-08 08:09:56,2026-09-08 08:39:19,2026-09-08 08:48:50,2026-09-08 09:10:08,COMPLETED
WF-000336,REQ-001147,HSP-012,AMB-019,REJECTED,No Equipment,2026-09-08 08:11:28,,,,
WF-000337,REQ-001148,HSP-024,AMB-022,ACCEPTED,,2026-09-08 08:13:24,2026-09-08 08:27:17,2026-09-08 08:35:41,2026-09-08 08:44:22,COMPLETED
WF-000338,REQ-001156,HSP-007,AMB-019,ACCEPTED,,2026-09-08 09:51:30,2026-09-08 10:07:31,2026-09-08 10:33:29,2026-09-08 10:39:38,COMPLETED
WF-000339,REQ-001157,HSP-007,AMB-043,REJECTED,No Bed,2026-09-08 09:51:48,,,,
WF-000340,REQ-001161,HSP-001,AMB-040,ACCEPTED,,2026-09-08 10:32:05,2026-09-08 10:45:18,2026-09-08 10:54:02,2026-09-08 11:00:42,COMPLETED
WF-000341,REQ-001168,HSP-002,AMB-045,REJECTED,No Bed,2026-09-08 11:07:44,,,,
WF-000342,REQ-001169,HSP-007,AMB-043,ACCEPTED,,2026-09-08 11:10:09,2026-09-08 11:31:00,2026-09-08 11:58:55,2026-09-08 12:20:38,COMPLETED
WF-000343,REQ-001168,HSP-001,AMB-045,ACCEPTED,,2026-09-08 11:14:28,2026-09-08 11:25:34,2026-09-08 11:40:29,2026-09-08 11:48:01,COMPLETED
WF-000344,REQ-001174,HSP-001,AMB-007,ACCEPTED,,2026-09-08 11:37:47,2026-09-08 11:52:44,2026-09-08 12:16:07,2026-09-08 12:34:27,COMPLETED
WF-000345,REQ-001175,HSP-002,AMB-051,ACCEPTED,,2026-09-08 11:50:25,2026-09-08 12:12:16,2026-09-08 12:33:34,2026-09-08 12:52:10,COMPLETED
WF-000346,REQ-001184,HSP-002,AMB-062,ACCEPTED,,2026-09-08 12:56:49,2026-09-08 13:22:54,2026-09-08 13:35:28,2026-09-08 13:46:27,COMPLETED
WF-000347,REQ-001191,HSP-013,AMB-033,ACCEPTED,,2026-09-08 13:38:48,2026-09-08 13:53:25,2026-09-08 13:58:06,2026-09-08 14:17:38,COMPLETED
WF-000348,REQ-001196,HSP-008,AMB-012,ACCEPTED,,2026-09-08 14:17:55,2026-09-08 14:30:10,2026-09-08 14:34:32,2026-09-08 14:43:43,COMPLETED
WF-000349,REQ-001198,HSP-010,AMB-006,ACCEPTED,,2026-09-08 14:28:00,2026-09-08 14:45:41,2026-09-08 14:52:50,2026-09-08 15:07:45,COMPLETED
WF-000350,REQ-001201,HSP-012,AMB-018,REJECTED,Specialist Unavailable,2026-09-08 14:54:53,,,,
WF-000351,REQ-001201,HSP-007,AMB-018,ACCEPTED,,2026-09-08 15:01:40,2026-09-08 15:11:34,2026-09-08 15:18:41,2026-09-08 15:35:10,COMPLETED
WF-000352,REQ-001203,HSP-004,AMB-034,ACCEPTED,,2026-09-08 15:18:49,2026-09-08 15:37:00,2026-09-08 15:45:40,2026-09-08 15:53:41,COMPLETED
WF-000353,REQ-001204,HSP-001,AMB-083,REJECTED,No Bed,2026-09-08 15:22:39,,,,
WF-000354,REQ-001206,HSP-018,AMB-003,ACCEPTED,,2026-09-08 15:27:12,2026-09-08 15:41:21,2026-09-08 15:49:15,2026-09-08 15:53:15,COMPLETED
WF-000355,REQ-001204,HSP-002,AMB-083,ACCEPTED,,2026-09-08 15:28:05,2026-09-08 15:33:51,2026-09-08 15:52:22,2026-09-08 16:02:42,COMPLETED
WF-000356,REQ-001210,HSP-002,AMB-093,ACCEPTED,,2026-09-08 16:23:38,2026-09-08 16:40:52,2026-09-08 17:31:04,2026-09-08 17:36:40,COMPLETED
WF-000357,REQ-001219,HSP-019,AMB-006,REJECTED,Stale Data,2026-09-08 17:04:49,,,,
WF-000358,REQ-001221,HSP-002,AMB-049,REJECTED,No Bed,2026-09-08 17:37:50,,,,
WF-000359,REQ-001223,HSP-002,AMB-028,ACCEPTED,,2026-09-08 18:12:50,2026-09-08 18:41:14,2026-09-08 19:03:16,2026-09-08 19:10:23,COMPLETED
WF-000360,REQ-001234,HSP-001,AMB-040,ACCEPTED,,2026-09-08 19:11:56,2026-09-08 19:28:34,2026-09-08 19:39:06,2026-09-08 19:53:11,COMPLETED
WF-000361,REQ-001237,HSP-008,AMB-049,REJECTED,No Bed,2026-09-08 19:34:38,,,,
WF-000362,REQ-001237,HSP-002,AMB-049,ACCEPTED,,2026-09-08 19:36:37,2026-09-08 19:58:02,2026-09-08 20:32:33,2026-09-08 20:40:25,COMPLETED
WF-000363,REQ-001245,HSP-001,AMB-083,ACCEPTED,,2026-09-08 19:52:05,2026-09-08 20:17:50,2026-09-08 20:33:14,2026-09-08 20:45:36,COMPLETED
WF-000364,REQ-001248,HSP-002,AMB-044,ACCEPTED,,2026-09-08 20:05:43,2026-09-08 20:22:59,2026-09-08 20:42:23,2026-09-08 21:02:11,COMPLETED
WF-000365,REQ-001249,HSP-012,AMB-080,ACCEPTED,,2026-09-08 20:15:12,2026-09-08 20:36:15,2026-09-08 20:47:01,2026-09-08 20:56:31,COMPLETED
WF-000366,REQ-001251,HSP-012,AMB-069,ACCEPTED,,2026-09-08 20:35:30,2026-09-08 20:54:20,2026-09-08 20:59:48,2026-09-08 21:09:39,COMPLETED
WF-000367,REQ-001256,HSP-012,AMB-088,ACCEPTED,,2026-09-08 21:03:05,2026-09-08 21:19:27,2026-09-08 21:40:27,2026-09-08 21:49:49,COMPLETED
WF-000368,REQ-001258,HSP-001,AMB-055,ACCEPTED,,2026-09-08 21:04:33,2026-09-08 21:26:54,2026-09-08 21:38:26,2026-09-08 21:49:48,COMPLETED
WF-000369,REQ-001262,HSP-004,AMB-037,ACCEPTED,,2026-09-08 21:36:19,2026-09-08 21:55:40,2026-09-08 22:24:22,2026-09-08 22:35:58,COMPLETED
WF-000370,REQ-001265,HSP-002,AMB-045,ACCEPTED,,2026-09-08 21:42:27,2026-09-08 21:53:11,2026-09-08 22:03:15,2026-09-08 22:21:36,COMPLETED
WF-000371,REQ-001272,HSP-013,AMB-053,REJECTED,Stale Data,2026-09-09 00:33:50,,,,
WF-000372,REQ-001272,HSP-007,AMB-053,ACCEPTED,,2026-09-09 00:38:48,2026-09-09 00:47:12,2026-09-09 01:16:33,2026-09-09 01:32:30,COMPLETED
WF-000373,REQ-001276,HSP-004,AMB-060,REJECTED,Specialist Unavailable,2026-09-09 01:42:22,,,,
WF-000374,REQ-001276,HSP-003,AMB-060,ACCEPTED,,2026-09-09 01:44:39,2026-09-09 01:52:37,2026-09-09 01:59:36,2026-09-09 02:06:51,COMPLETED
WF-000375,REQ-001282,HSP-008,AMB-024,REJECTED,No Bed,2026-09-09 04:04:42,,,,
WF-000376,REQ-001282,HSP-007,AMB-024,ACCEPTED,,2026-09-09 04:06:35,2026-09-09 04:16:27,2026-09-09 04:41:48,2026-09-09 05:01:00,COMPLETED
WF-000377,REQ-001286,HSP-007,AMB-043,ACCEPTED,,2026-09-09 05:37:46,2026-09-09 05:56:24,2026-09-09 06:12:56,2026-09-09 06:30:46,COMPLETED
WF-000378,REQ-001288,HSP-007,AMB-077,REJECTED,Stale Data,2026-09-09 06:05:47,,,,
WF-000379,REQ-001288,HSP-020,AMB-077,ACCEPTED,,2026-09-09 06:12:44,2026-09-09 06:18:09,2026-09-09 06:45:19,2026-09-09 07:06:53,COMPLETED
WF-000380,REQ-001293,HSP-004,AMB-086,ACCEPTED,,2026-09-09 06:20:13,2026-09-09 06:43:28,2026-09-09 06:53:30,2026-09-09 07:02:54,COMPLETED
WF-000381,REQ-001297,HSP-002,AMB-051,ACCEPTED,,2026-09-09 06:45:11,2026-09-09 07:04:01,2026-09-09 07:18:46,2026-09-09 07:36:59,COMPLETED
WF-000382,REQ-001302,HSP-013,AMB-047,ACCEPTED,,2026-09-09 07:20:50,2026-09-09 07:39:43,2026-09-09 07:57:24,2026-09-09 08:02:04,COMPLETED
WF-000383,REQ-001304,HSP-004,AMB-073,REJECTED,Specialist Unavailable,2026-09-09 07:29:29,,,,
WF-000384,REQ-001304,HSP-003,AMB-073,ACCEPTED,,2026-09-09 07:32:29,2026-09-09 07:47:06,2026-09-09 08:00:08,2026-09-09 08:19:03,COMPLETED
WF-000385,REQ-001313,HSP-013,AMB-072,ACCEPTED,,2026-09-09 08:17:44,2026-09-09 08:36:18,2026-09-09 08:49:50,2026-09-09 08:54:38,COMPLETED
WF-000386,REQ-001321,HSP-018,AMB-096,ACCEPTED,,2026-09-09 08:35:39,2026-09-09 08:56:15,2026-09-09 09:21:37,2026-09-09 09:28:35,COMPLETED
WF-000387,REQ-001323,HSP-001,AMB-015,ACCEPTED,,2026-09-09 08:51:17,2026-09-09 09:13:26,2026-09-09 09:28:24,2026-09-09 09:35:10,COMPLETED
WF-000388,REQ-001326,HSP-004,AMB-021,ACCEPTED,,2026-09-09 08:53:10,2026-09-09 09:08:56,2026-09-09 09:20:53,2026-09-09 09:42:32,COMPLETED
WF-000389,REQ-001324,HSP-012,AMB-018,ACCEPTED,,2026-09-09 08:54:26,2026-09-09 09:06:08,2026-09-09 09:31:33,2026-09-09 09:47:55,COMPLETED
WF-000390,REQ-001330,HSP-024,AMB-022,REJECTED,No Bed,2026-09-09 09:22:19,,,,
WF-000391,REQ-001329,HSP-024,AMB-008,ACCEPTED,,2026-09-09 09:22:34,2026-09-09 09:41:33,2026-09-09 09:52:48,2026-09-09 10:00:17,COMPLETED
WF-000392,REQ-001330,HSP-010,AMB-022,ACCEPTED,,2026-09-09 09:28:40,2026-09-09 09:45:35,2026-09-09 10:42:43,2026-09-09 10:51:04,COMPLETED
WF-000393,REQ-001331,HSP-013,AMB-092,ACCEPTED,,2026-09-09 09:33:01,2026-09-09 09:47:14,2026-09-09 10:13:13,2026-09-09 10:22:18,COMPLETED
WF-000394,REQ-001336,HSP-018,AMB-061,REJECTED,Other,2026-09-09 10:00:35,,,,
WF-000395,REQ-001336,HSP-004,AMB-061,ACCEPTED,,2026-09-09 10:06:49,2026-09-09 10:19:58,2026-09-09 10:51:11,2026-09-09 11:03:21,COMPLETED
WF-000396,REQ-001338,HSP-004,AMB-073,REJECTED,No Bed,2026-09-09 10:11:17,,,,
WF-000397,REQ-001338,HSP-001,AMB-073,ACCEPTED,,2026-09-09 10:13:46,2026-09-09 10:35:23,2026-09-09 11:00:37,2026-09-09 11:06:43,COMPLETED
WF-000398,REQ-001341,HSP-001,AMB-076,ACCEPTED,,2026-09-09 10:27:42,2026-09-09 10:41:18,2026-09-09 11:22:23,2026-09-09 11:28:20,COMPLETED
WF-000399,REQ-001342,HSP-013,AMB-085,REJECTED,Specialist Unavailable,2026-09-09 10:35:17,,,,
WF-000400,REQ-001344,HSP-013,AMB-092,ACCEPTED,,2026-09-09 10:37:45,2026-09-09 11:00:06,2026-09-09 11:27:54,2026-09-09 11:39:56,COMPLETED
WF-000401,REQ-001342,HSP-003,AMB-085,ACCEPTED,,2026-09-09 10:41:13,2026-09-09 10:52:07,2026-09-09 11:19:29,2026-09-09 11:26:52,COMPLETED
WF-000402,REQ-001345,HSP-013,AMB-067,ACCEPTED,,2026-09-09 10:45:52,2026-09-09 11:17:12,2026-09-09 11:47:40,2026-09-09 12:06:06,COMPLETED
WF-000403,REQ-001347,HSP-018,AMB-003,ACCEPTED,,2026-09-09 10:56:35,2026-09-09 11:20:54,2026-09-09 11:26:00,2026-09-09 11:32:20,COMPLETED
WF-000404,REQ-001348,HSP-012,AMB-099,ACCEPTED,,2026-09-09 11:26:27,2026-09-09 11:43:01,2026-09-09 11:52:45,2026-09-09 12:07:45,COMPLETED
WF-000405,REQ-001351,HSP-005,AMB-057,ACCEPTED,,2026-09-09 11:56:40,2026-09-09 12:15:10,2026-09-09 12:28:10,2026-09-09 12:34:45,COMPLETED
WF-000406,REQ-001355,HSP-001,AMB-028,ACCEPTED,,2026-09-09 12:20:53,2026-09-09 12:33:08,2026-09-09 12:58:44,2026-09-09 13:04:08,COMPLETED
WF-000407,REQ-001353,HSP-018,AMB-073,ACCEPTED,,2026-09-09 12:21:17,2026-09-09 12:32:05,2026-09-09 12:35:44,2026-09-09 12:57:15,COMPLETED
WF-000408,REQ-001356,HSP-013,AMB-037,ACCEPTED,,2026-09-09 12:27:50,2026-09-09 12:47:31,2026-09-09 13:10:32,2026-09-09 13:23:07,COMPLETED
WF-000409,REQ-001359,HSP-009,AMB-094,ACCEPTED,,2026-09-09 12:41:56,2026-09-09 12:58:41,2026-09-09 13:55:15,2026-09-09 14:10:31,COMPLETED
WF-000410,REQ-001361,HSP-009,AMB-007,ACCEPTED,,2026-09-09 13:09:17,2026-09-09 13:24:43,2026-09-09 13:46:03,2026-09-09 14:06:13,COMPLETED
WF-000411,REQ-001366,HSP-007,AMB-043,ACCEPTED,,2026-09-09 13:55:42,2026-09-09 14:11:57,2026-09-09 14:36:47,2026-09-09 14:49:52,COMPLETED
WF-000412,REQ-001372,HSP-024,AMB-008,REJECTED,No Bed,2026-09-09 14:33:05,,,,
WF-000413,REQ-001371,HSP-024,AMB-022,ACCEPTED,,2026-09-09 14:33:18,2026-09-09 14:50:35,2026-09-09 14:55:46,2026-09-09 15:11:34,COMPLETED
WF-000414,REQ-001372,HSP-008,AMB-008,ACCEPTED,,2026-09-09 14:38:02,2026-09-09 14:54:34,2026-09-09 15:53:10,2026-09-09 15:58:32,COMPLETED
WF-000415,REQ-001375,HSP-018,AMB-073,ACCEPTED,,2026-09-09 14:39:36,2026-09-09 14:59:47,2026-09-09 15:04:27,2026-09-09 15:10:31,COMPLETED
WF-000416,REQ-001376,HSP-002,AMB-055,ACCEPTED,,2026-09-09 14:39:58,2026-09-09 14:59:01,2026-09-09 15:35:36,2026-09-09 15:53:05,COMPLETED
WF-000417,REQ-001377,HSP-001,AMB-052,ACCEPTED,,2026-09-09 14:40:04,2026-09-09 15:03:35,2026-09-09 15:20:11,2026-09-09 15:40:52,COMPLETED
WF-000418,REQ-001379,HSP-012,AMB-042,ACCEPTED,,2026-09-09 14:56:37,2026-09-09 15:06:14,2026-09-09 15:30:17,2026-09-09 15:51:40,COMPLETED
WF-000419,REQ-001385,HSP-013,AMB-085,ACCEPTED,,2026-09-09 15:26:37,2026-09-09 15:47:39,2026-09-09 16:10:57,2026-09-09 16:17:51,COMPLETED
WF-000420,REQ-001387,HSP-004,AMB-061,ACCEPTED,,2026-09-09 15:37:18,2026-09-09 15:48:41,2026-09-09 16:06:05,2026-09-09 16:16:53,COMPLETED
WF-000421,REQ-001390,HSP-012,AMB-019,ACCEPTED,,2026-09-09 16:02:57,2026-09-09 16:14:37,2026-09-09 16:36:52,2026-09-09 16:53:06,COMPLETED
WF-000422,REQ-001396,HSP-004,AMB-034,ACCEPTED,,2026-09-09 16:42:41,2026-09-09 16:59:30,2026-09-09 17:06:04,2026-09-09 17:27:25,COMPLETED
WF-000423,REQ-001399,HSP-009,AMB-093,ACCEPTED,,2026-09-09 17:19:01,2026-09-09 17:44:57,2026-09-09 18:42:21,2026-09-09 18:53:14,COMPLETED
WF-000424,REQ-001401,HSP-007,AMB-042,ACCEPTED,,2026-09-09 17:26:29,2026-09-09 17:43:39,2026-09-09 17:50:06,2026-09-09 18:09:50,COMPLETED
WF-000425,REQ-001402,HSP-013,AMB-085,ACCEPTED,,2026-09-09 17:30:10,2026-09-09 17:51:41,2026-09-09 18:09:13,2026-09-09 18:20:41,COMPLETED
WF-000426,REQ-001411,HSP-018,AMB-061,ACCEPTED,,2026-09-09 18:12:58,2026-09-09 18:24:40,2026-09-09 18:42:57,2026-09-09 19:04:30,COMPLETED
WF-000427,REQ-001416,HSP-002,AMB-028,ACCEPTED,,2026-09-09 18:23:38,2026-09-09 18:41:36,2026-09-09 18:50:45,2026-09-09 19:09:01,COMPLETED
WF-000428,REQ-001431,HSP-020,AMB-003,ACCEPTED,,2026-09-09 20:28:15,2026-09-09 20:48:37,2026-09-09 21:02:35,2026-09-09 21:07:54,COMPLETED
WF-000429,REQ-001441,HSP-012,AMB-080,ACCEPTED,,2026-09-09 21:23:08,2026-09-09 21:35:38,2026-09-09 21:42:12,2026-09-09 21:47:30,COMPLETED
WF-000430,REQ-001450,HSP-011,AMB-085,ACCEPTED,,2026-09-09 22:14:12,2026-09-09 22:35:33,2026-09-09 22:45:49,2026-09-09 22:51:50,COMPLETED
WF-000431,REQ-001453,HSP-002,AMB-093,ACCEPTED,,2026-09-09 23:25:19,2026-09-09 23:35:47,2026-09-10 00:15:09,2026-09-10 00:34:01,COMPLETED
WF-000432,REQ-001454,HSP-002,AMB-020,REJECTED,No Bed,2026-09-09 23:26:42,,,,
WF-000433,REQ-001454,HSP-008,AMB-020,ACCEPTED,,2026-09-09 23:28:18,2026-09-09 23:41:46,2026-09-10 00:29:19,2026-09-10 00:38:25,COMPLETED
WF-000434,REQ-001456,HSP-013,AMB-065,REJECTED,Stale Data,2026-09-09 23:32:50,,,,
WF-000435,REQ-001456,HSP-003,AMB-065,ACCEPTED,,2026-09-09 23:35:30,2026-09-09 23:49:28,2026-09-10 00:01:34,2026-09-10 00:20:01,COMPLETED
WF-000436,REQ-001457,HSP-013,AMB-081,ACCEPTED,,2026-09-09 23:39:41,2026-09-09 23:54:29,2026-09-10 00:03:06,2026-09-10 00:14:48,COMPLETED
WF-000437,REQ-001461,HSP-002,AMB-093,ACCEPTED,,2026-09-10 01:43:27,2026-09-10 01:55:33,2026-09-10 02:33:33,2026-09-10 02:50:12,COMPLETED
WF-000438,REQ-001464,HSP-002,AMB-026,ACCEPTED,,2026-09-10 04:02:14,2026-09-10 04:15:01,2026-09-10 04:30:59,2026-09-10 04:41:55,COMPLETED
WF-000439,REQ-001468,HSP-018,AMB-021,REJECTED,Specialist Unavailable,2026-09-10 05:47:15,,,,
WF-000440,REQ-001468,HSP-004,AMB-021,ACCEPTED,,2026-09-10 05:49:00,2026-09-10 06:01:22,2026-09-10 06:10:38,2026-09-10 06:26:58,COMPLETED
WF-000441,REQ-001469,HSP-024,AMB-008,ACCEPTED,,2026-09-10 05:57:34,2026-09-10 06:07:51,2026-09-10 06:13:10,2026-09-10 06:21:04,COMPLETED
WF-000442,REQ-001470,HSP-024,AMB-022,ACCEPTED,,2026-09-10 06:11:04,2026-09-10 06:34:12,2026-09-10 06:45:21,2026-09-10 06:59:47,COMPLETED
WF-000443,REQ-001472,HSP-018,AMB-049,ACCEPTED,,2026-09-10 06:48:36,2026-09-10 07:09:26,2026-09-10 08:00:42,2026-09-10 08:14:39,COMPLETED
WF-000444,REQ-001477,HSP-024,AMB-022,ACCEPTED,,2026-09-10 07:42:00,2026-09-10 08:04:06,2026-09-10 08:13:47,2026-09-10 08:18:40,COMPLETED
WF-000445,REQ-001485,HSP-001,AMB-007,ACCEPTED,,2026-09-10 08:44:35,2026-09-10 09:05:30,2026-09-10 09:42:12,2026-09-10 09:54:53,COMPLETED
WF-000446,REQ-001489,HSP-001,AMB-005,ACCEPTED,,2026-09-10 09:19:49,2026-09-10 09:40:02,2026-09-10 09:47:34,2026-09-10 09:59:34,COMPLETED
WF-000447,REQ-001490,HSP-008,AMB-049,ACCEPTED,,2026-09-10 09:22:14,2026-09-10 09:47:38,2026-09-10 10:03:11,2026-09-10 10:14:42,COMPLETED
WF-000448,REQ-001492,HSP-019,AMB-040,ACCEPTED,,2026-09-10 09:28:58,2026-09-10 09:45:08,2026-09-10 10:33:24,2026-09-10 10:52:21,COMPLETED
WF-000449,REQ-001503,HSP-008,AMB-035,ACCEPTED,,2026-09-10 10:18:31,2026-09-10 10:35:05,2026-09-10 10:45:55,2026-09-10 10:53:08,COMPLETED
WF-000450,REQ-001505,HSP-008,AMB-001,ACCEPTED,,2026-09-10 10:25:32,2026-09-10 10:43:25,2026-09-10 11:01:10,2026-09-10 11:22:19,COMPLETED
WF-000451,REQ-001512,HSP-013,AMB-065,REJECTED,Specialist Unavailable,2026-09-10 11:39:14,,,,
WF-000452,REQ-001512,HSP-003,AMB-065,ACCEPTED,,2026-09-10 11:43:03,2026-09-10 11:59:55,2026-09-10 12:09:20,2026-09-10 12:16:28,COMPLETED
WF-000453,REQ-001513,HSP-013,AMB-074,REJECTED,No Bed,2026-09-10 11:47:57,,,,
WF-000454,REQ-001514,HSP-002,AMB-076,ACCEPTED,,2026-09-10 11:48:51,2026-09-10 12:08:51,2026-09-10 12:31:54,2026-09-10 12:41:40,COMPLETED
WF-000455,REQ-001513,HSP-003,AMB-074,ACCEPTED,,2026-09-10 11:53:30,2026-09-10 12:06:23,2026-09-10 12:29:34,2026-09-10 12:42:51,COMPLETED
WF-000456,REQ-001517,HSP-012,AMB-091,ACCEPTED,,2026-09-10 12:35:22,2026-09-10 12:48:15,2026-09-10 12:57:58,2026-09-10 13:10:21,COMPLETED
WF-000457,REQ-001520,HSP-002,AMB-051,ACCEPTED,,2026-09-10 12:51:16,2026-09-10 13:11:15,2026-09-10 13:29:09,2026-09-10 13:48:56,COMPLETED
WF-000458,REQ-001522,HSP-018,AMB-049,ACCEPTED,,2026-09-10 13:08:25,2026-09-10 13:23:06,2026-09-10 14:18:27,2026-09-10 14:35:18,COMPLETED
WF-000459,REQ-001523,HSP-020,AMB-081,ACCEPTED,,2026-09-10 13:11:21,2026-09-10 13:31:58,2026-09-10 13:48:18,2026-09-10 14:04:13,COMPLETED
WF-000460,REQ-001528,HSP-002,AMB-075,ACCEPTED,,2026-09-10 14:04:25,2026-09-10 14:22:33,2026-09-10 14:29:36,2026-09-10 14:33:52,COMPLETED
WF-000461,REQ-001529,HSP-012,AMB-016,REJECTED,No Equipment,2026-09-10 14:37:15,,,,
WF-000462,REQ-001529,HSP-020,AMB-016,ACCEPTED,,2026-09-10 14:41:14,2026-09-10 14:51:19,2026-09-10 15:03:48,2026-09-10 15:25:42,COMPLETED
WF-000463,REQ-001545,HSP-009,AMB-024,ACCEPTED,,2026-09-10 16:53:19,2026-09-10 17:11:08,2026-09-10 17:37:27,2026-09-10 17:52:47,COMPLETED
WF-000464,REQ-001548,HSP-019,AMB-022,REJECTED,Stale Data,2026-09-10 17:11:50,,,,
WF-000465,REQ-001553,HSP-012,AMB-042,ACCEPTED,,2026-09-10 17:42:07,2026-09-10 17:57:55,2026-09-10 18:30:32,2026-09-10 18:44:40,COMPLETED
WF-000466,REQ-001565,HSP-001,AMB-032,ACCEPTED,,2026-09-10 19:22:13,2026-09-10 19:32:17,2026-09-10 20:17:16,2026-09-10 20:28:03,COMPLETED
WF-000467,REQ-001569,HSP-004,AMB-027,ACCEPTED,,2026-09-10 20:23:24,2026-09-10 20:44:04,2026-09-10 21:10:33,2026-09-10 21:21:10,COMPLETED
WF-000468,REQ-001571,HSP-003,AMB-003,ACCEPTED,,2026-09-10 20:36:11,2026-09-10 21:04:34,2026-09-10 21:18:19,2026-09-10 21:27:39,COMPLETED
WF-000469,REQ-001573,HSP-002,AMB-055,ACCEPTED,,2026-09-10 20:42:07,2026-09-10 21:08:34,2026-09-10 21:42:28,2026-09-10 21:53:13,COMPLETED
WF-000470,REQ-001575,HSP-013,AMB-072,ACCEPTED,,2026-09-10 20:53:21,2026-09-10 21:11:58,2026-09-10 21:21:57,2026-09-10 21:30:58,COMPLETED
WF-000471,REQ-001577,HSP-013,AMB-065,ACCEPTED,,2026-09-10 21:22:01,2026-09-10 21:44:03,2026-09-10 21:58:54,2026-09-10 22:13:00,COMPLETED
WF-000472,REQ-001578,HSP-013,AMB-068,REJECTED,No Bed,2026-09-10 21:22:27,,,,
WF-000473,REQ-001579,HSP-002,AMB-040,ACCEPTED,,2026-09-10 21:32:24,2026-09-10 21:47:11,2026-09-10 22:08:32,2026-09-10 22:19:32,COMPLETED
WF-000474,REQ-001582,HSP-001,AMB-051,ACCEPTED,,2026-09-10 22:00:09,2026-09-10 22:11:16,2026-09-10 22:20:53,2026-09-10 22:39:57,COMPLETED
WF-000475,REQ-001585,HSP-012,AMB-068,ACCEPTED,,2026-09-10 22:14:39,2026-09-10 22:27:45,2026-09-10 22:50:39,2026-09-10 23:03:09,COMPLETED
WF-000476,REQ-001591,HSP-012,AMB-098,ACCEPTED,,2026-09-10 22:56:12,2026-09-10 23:14:49,2026-09-10 23:23:43,2026-09-10 23:43:36,COMPLETED
WF-000477,REQ-001594,HSP-012,AMB-088,ACCEPTED,,2026-09-10 23:06:14,2026-09-10 23:24:19,2026-09-10 23:40:08,2026-09-10 23:52:02,COMPLETED
WF-000478,REQ-001595,HSP-012,AMB-085,ACCEPTED,,2026-09-10 23:09:54,2026-09-10 23:28:43,2026-09-10 23:45:50,2026-09-10 23:53:21,COMPLETED
WF-000479,REQ-001601,HSP-002,AMB-093,ACCEPTED,,2026-09-10 23:44:48,2026-09-11 00:03:44,2026-09-11 00:43:44,2026-09-11 00:54:17,COMPLETED
WF-000480,REQ-001606,HSP-004,AMB-052,ACCEPTED,,2026-09-11 01:04:35,2026-09-11 01:15:03,2026-09-11 01:28:16,2026-09-11 01:46:28,COMPLETED
WF-000481,REQ-001611,HSP-005,AMB-055,ACCEPTED,,2026-09-11 01:33:23,2026-09-11 01:47:34,2026-09-11 01:52:49,2026-09-11 02:02:15,COMPLETED
WF-000482,REQ-001614,HSP-001,AMB-073,ACCEPTED,,2026-09-11 02:24:48,2026-09-11 02:41:16,2026-09-11 03:01:20,2026-09-11 03:09:16,COMPLETED
WF-000483,REQ-001617,HSP-001,AMB-055,ACCEPTED,,2026-09-11 03:03:21,2026-09-11 03:14:37,2026-09-11 03:25:33,2026-09-11 03:42:56,COMPLETED
WF-000484,REQ-001618,HSP-013,AMB-052,ACCEPTED,,2026-09-11 03:04:25,2026-09-11 03:21:49,2026-09-11 03:39:24,2026-09-11 03:48:44,COMPLETED
WF-000485,REQ-001620,HSP-013,AMB-085,ACCEPTED,,2026-09-11 03:22:56,2026-09-11 03:37:30,2026-09-11 03:49:18,2026-09-11 04:08:47,COMPLETED
WF-000486,REQ-001621,HSP-004,AMB-064,ACCEPTED,,2026-09-11 03:29:17,2026-09-11 03:39:59,2026-09-11 03:43:07,2026-09-11 03:57:03,COMPLETED
WF-000487,REQ-001622,HSP-012,AMB-018,ACCEPTED,,2026-09-11 04:06:22,2026-09-11 04:23:07,2026-09-11 04:39:00,2026-09-11 04:57:43,COMPLETED
WF-000488,REQ-001624,HSP-002,AMB-041,ACCEPTED,,2026-09-11 05:04:49,2026-09-11 05:15:48,2026-09-11 05:56:54,2026-09-11 06:15:01,COMPLETED
WF-000489,REQ-001628,HSP-008,AMB-024,ACCEPTED,,2026-09-11 05:53:35,2026-09-11 06:06:09,2026-09-11 06:19:34,2026-09-11 06:41:12,COMPLETED
WF-000490,REQ-001635,HSP-012,AMB-085,ACCEPTED,,2026-09-11 07:24:03,2026-09-11 07:42:22,2026-09-11 08:02:39,2026-09-11 08:19:39,COMPLETED
WF-000491,REQ-001641,HSP-023,AMB-019,ACCEPTED,,2026-09-11 08:06:06,2026-09-11 08:24:22,2026-09-11 08:35:30,2026-09-11 08:40:09,COMPLETED
WF-000492,REQ-001646,HSP-013,AMB-039,ACCEPTED,,2026-09-11 08:48:37,2026-09-11 09:08:10,2026-09-11 09:30:22,2026-09-11 09:35:09,COMPLETED
WF-000493,REQ-001653,HSP-001,AMB-007,REJECTED,Specialist Unavailable,2026-09-11 09:56:27,,,,
WF-000494,REQ-001653,HSP-019,AMB-007,ACCEPTED,,2026-09-11 10:01:38,2026-09-11 10:09:50,2026-09-11 11:05:12,2026-09-11 11:15:01,COMPLETED
WF-000495,REQ-001654,HSP-002,AMB-084,REJECTED,No Bed,2026-09-11 10:05:44,,,,
WF-000496,REQ-001654,HSP-008,AMB-084,ACCEPTED,,2026-09-11 10:10:54,2026-09-11 10:24:46,2026-09-11 10:47:16,2026-09-11 11:00:25,COMPLETED
WF-000497,REQ-001658,HSP-008,AMB-049,ACCEPTED,,2026-09-11 10:33:26,2026-09-11 11:03:19,2026-09-11 11:17:40,2026-09-11 11:21:43,COMPLETED
WF-000498,REQ-001661,HSP-024,AMB-008,ACCEPTED,,2026-09-11 10:40:29,2026-09-11 10:57:48,2026-09-11 11:06:16,2026-09-11 11:10:31,COMPLETED
WF-000499,REQ-001663,HSP-018,AMB-088,ACCEPTED,,2026-09-11 10:49:02,2026-09-11 11:14:12,2026-09-11 11:33:53,2026-09-11 11:40:47,COMPLETED
WF-000500,REQ-001673,HSP-002,AMB-076,ACCEPTED,,2026-09-11 12:15:51,2026-09-11 12:27:31,2026-09-11 12:50:13,2026-09-11 13:11:13,COMPLETED
WF-000501,REQ-001674,HSP-001,AMB-073,ACCEPTED,,2026-09-11 12:21:50,2026-09-11 12:42:53,2026-09-11 12:56:05,2026-09-11 13:10:16,COMPLETED
WF-000502,REQ-001675,HSP-002,AMB-075,REJECTED,No Bed,2026-09-11 12:26:50,,,,
WF-000503,REQ-001675,HSP-001,AMB-075,ACCEPTED,,2026-09-11 12:31:36,2026-09-11 12:47:16,2026-09-11 13:17:36,2026-09-11 13:30:50,COMPLETED
WF-000504,REQ-001676,HSP-001,AMB-083,ACCEPTED,,2026-09-11 12:52:19,2026-09-11 13:15:39,2026-09-11 13:27:23,2026-09-11 13:32:51,COMPLETED
WF-000505,REQ-001680,HSP-012,AMB-046,ACCEPTED,,2026-09-11 13:45:55,2026-09-11 13:59:18,2026-09-11 14:20:51,2026-09-11 14:29:52,COMPLETED
WF-000506,REQ-001682,HSP-012,AMB-013,ACCEPTED,,2026-09-11 14:01:50,2026-09-11 14:13:57,2026-09-11 14:20:35,2026-09-11 14:42:07,COMPLETED
WF-000507,REQ-001683,HSP-002,AMB-007,ACCEPTED,,2026-09-11 14:02:46,2026-09-11 14:29:32,2026-09-11 14:37:50,2026-09-11 14:49:36,COMPLETED
WF-000508,REQ-001689,HSP-001,AMB-024,REJECTED,No Bed,2026-09-11 14:31:57,,,,
WF-000509,REQ-001689,HSP-019,AMB-024,ACCEPTED,,2026-09-11 14:37:39,2026-09-11 14:49:34,2026-09-11 14:58:43,2026-09-11 15:04:01,COMPLETED
WF-000510,REQ-001693,HSP-008,AMB-075,REJECTED,Stale Data,2026-09-11 14:55:41,,,,
WF-000511,REQ-001693,HSP-010,AMB-075,ACCEPTED,,2026-09-11 15:00:59,2026-09-11 15:13:36,2026-09-11 15:45:03,2026-09-11 15:52:20,COMPLETED
WF-000512,REQ-001698,HSP-002,AMB-049,ACCEPTED,,2026-09-11 15:24:19,2026-09-11 15:42:36,2026-09-11 16:08:38,2026-09-11 16:27:57,COMPLETED
WF-000513,REQ-001701,HSP-001,AMB-035,ACCEPTED,,2026-09-11 15:52:04,2026-09-11 16:11:08,2026-09-11 16:39:11,2026-09-11 16:59:59,COMPLETED
WF-000514,REQ-001702,HSP-013,AMB-047,ACCEPTED,,2026-09-11 16:07:47,2026-09-11 16:21:01,2026-09-11 16:38:21,2026-09-11 16:54:48,COMPLETED
WF-000515,REQ-001706,HSP-018,AMB-016,ACCEPTED,,2026-09-11 16:13:48,2026-09-11 16:28:45,2026-09-11 16:34:54,2026-09-11 16:47:45,COMPLETED
WF-000516,REQ-001707,HSP-007,AMB-068,REJECTED,Other,2026-09-11 16:23:59,,,,
WF-000517,REQ-001718,HSP-013,AMB-081,ACCEPTED,,2026-09-11 17:04:04,2026-09-11 17:25:13,2026-09-11 17:43:15,2026-09-11 17:56:11,COMPLETED
WF-000518,REQ-001722,HSP-009,AMB-024,ACCEPTED,,2026-09-11 17:54:48,2026-09-11 18:09:06,2026-09-11 18:46:00,2026-09-11 18:53:12,COMPLETED
WF-000519,REQ-001723,HSP-008,AMB-032,ACCEPTED,,2026-09-11 18:05:18,2026-09-11 18:21:33,2026-09-11 18:47:37,2026-09-11 19:02:24,COMPLETED
WF-000520,REQ-001726,HSP-004,AMB-003,ACCEPTED,,2026-09-11 18:26:42,2026-09-11 18:46:19,2026-09-11 19:02:17,2026-09-11 19:19:09,COMPLETED
WF-000521,REQ-001734,HSP-007,AMB-042,ACCEPTED,,2026-09-11 19:28:01,2026-09-11 19:45:15,2026-09-11 19:57:50,2026-09-11 20:09:18,COMPLETED
WF-000522,REQ-001737,HSP-013,AMB-085,ACCEPTED,,2026-09-11 20:01:06,2026-09-11 20:31:31,2026-09-11 21:06:22,2026-09-11 21:16:05,COMPLETED
WF-000523,REQ-001746,HSP-004,AMB-003,REJECTED,No Bed,2026-09-11 21:07:04,,,,
WF-000524,REQ-001746,HSP-018,AMB-003,ACCEPTED,,2026-09-11 21:11:17,2026-09-11 21:26:09,2026-09-11 21:39:24,2026-09-11 21:49:32,COMPLETED
WF-000525,REQ-001748,HSP-013,AMB-071,ACCEPTED,,2026-09-11 21:23:22,2026-09-11 21:49:18,2026-09-11 22:11:18,2026-09-11 22:24:16,COMPLETED
WF-000526,REQ-001751,HSP-002,AMB-007,ACCEPTED,,2026-09-11 21:31:21,2026-09-11 22:00:44,2026-09-11 22:21:05,2026-09-11 22:41:58,COMPLETED
WF-000527,REQ-001750,HSP-009,AMB-012,REJECTED,Stale Data,2026-09-11 21:32:05,,,,
WF-000528,REQ-001750,HSP-008,AMB-012,ACCEPTED,,2026-09-11 21:33:41,2026-09-11 21:52:21,2026-09-11 22:02:38,2026-09-11 22:12:50,COMPLETED
WF-000529,REQ-001755,HSP-001,AMB-052,ACCEPTED,,2026-09-11 21:59:27,2026-09-11 22:12:52,2026-09-11 22:33:20,2026-09-11 22:46:18,COMPLETED
WF-000530,REQ-001757,HSP-007,AMB-019,ACCEPTED,,2026-09-11 22:03:55,2026-09-11 22:22:42,2026-09-11 22:44:09,2026-09-11 23:06:09,COMPLETED
WF-000531,REQ-001758,HSP-013,AMB-085,ACCEPTED,,2026-09-11 22:10:15,2026-09-11 22:31:09,2026-09-11 22:50:16,2026-09-11 23:01:42,COMPLETED
WF-000532,REQ-001759,HSP-013,AMB-081,ACCEPTED,,2026-09-11 22:21:35,2026-09-11 22:32:20,2026-09-11 22:41:41,2026-09-11 22:54:48,COMPLETED
WF-000533,REQ-001760,HSP-013,AMB-053,REJECTED,No Bed,2026-09-11 22:23:00,,,,
WF-000534,REQ-001760,HSP-003,AMB-053,REJECTED,Specialist Unavailable,2026-09-11 22:29:08,,,,
WF-000535,REQ-001763,HSP-001,AMB-049,ACCEPTED,,2026-09-11 22:35:14,2026-09-11 22:52:54,2026-09-11 23:27:17,2026-09-11 23:41:44,COMPLETED
WF-000536,REQ-001760,HSP-020,AMB-053,ACCEPTED,,2026-09-11 22:35:16,2026-09-11 22:38:28,2026-09-11 22:56:40,2026-09-11 23:10:42,COMPLETED
WF-000537,REQ-001765,HSP-004,AMB-039,ACCEPTED,,2026-09-11 23:03:24,2026-09-11 23:18:59,2026-09-11 23:29:51,2026-09-11 23:49:34,COMPLETED
WF-000538,REQ-001770,HSP-018,AMB-040,REJECTED,Stale Data,2026-09-12 00:30:20,,,,
WF-000539,REQ-001772,HSP-002,AMB-049,ACCEPTED,,2026-09-12 01:22:29,2026-09-12 01:36:25,2026-09-12 02:02:07,2026-09-12 02:20:55,COMPLETED
WF-000540,REQ-001773,HSP-002,AMB-035,REJECTED,No Bed,2026-09-12 01:24:12,,,,
WF-000541,REQ-001773,HSP-010,AMB-035,ACCEPTED,,2026-09-12 01:27:05,2026-09-12 01:43:43,2026-09-12 01:55:28,2026-09-12 02:10:26,COMPLETED
WF-000542,REQ-001775,HSP-001,AMB-048,ACCEPTED,,2026-09-12 01:41:42,2026-09-12 01:59:18,2026-09-12 02:22:23,2026-09-12 02:35:01,COMPLETED
WF-000543,REQ-001777,HSP-001,AMB-007,ACCEPTED,,2026-09-12 03:40:03,2026-09-12 04:00:25,2026-09-12 04:27:12,2026-09-12 04:32:26,COMPLETED
WF-000544,REQ-001779,HSP-013,AMB-037,ACCEPTED,,2026-09-12 04:51:47,2026-09-12 05:07:20,2026-09-12 05:26:51,2026-09-12 05:45:34,COMPLETED
WF-000545,REQ-001780,HSP-013,AMB-092,REJECTED,No Bed,2026-09-12 04:54:09,,,,
WF-000546,REQ-001780,HSP-004,AMB-092,ACCEPTED,,2026-09-12 04:59:59,2026-09-12 05:11:49,2026-09-12 05:34:36,2026-09-12 05:51:13,COMPLETED
WF-000547,REQ-001781,HSP-001,AMB-073,ACCEPTED,,2026-09-12 05:47:52,2026-09-12 06:10:23,2026-09-12 06:21:39,2026-09-12 06:29:23,COMPLETED
WF-000548,REQ-001782,HSP-013,AMB-043,ACCEPTED,,2026-09-12 05:54:59,2026-09-12 06:05:05,2026-09-12 06:45:25,2026-09-12 07:02:58,COMPLETED
WF-000549,REQ-001791,HSP-001,AMB-083,ACCEPTED,,2026-09-12 07:51:02,2026-09-12 08:15:53,2026-09-12 08:24:16,2026-09-12 08:45:50,COMPLETED
WF-000550,REQ-001797,HSP-008,AMB-001,ACCEPTED,,2026-09-12 08:18:05,2026-09-12 08:29:46,2026-09-12 08:44:52,2026-09-12 09:03:13,COMPLETED
WF-000551,REQ-001802,HSP-009,AMB-023,ACCEPTED,,2026-09-12 08:30:43,2026-09-12 08:53:19,2026-09-12 09:06:49,2026-09-12 09:24:20,COMPLETED
WF-000552,REQ-001804,HSP-002,AMB-049,ACCEPTED,,2026-09-12 08:47:05,2026-09-12 09:16:17,2026-09-12 09:55:49,2026-09-12 10:00:46,COMPLETED
WF-000553,REQ-001809,HSP-012,AMB-091,ACCEPTED,,2026-09-12 09:22:31,2026-09-12 09:43:10,2026-09-12 09:54:22,2026-09-12 10:00:44,COMPLETED
WF-000554,REQ-001815,HSP-019,AMB-024,REJECTED,Stale Data,2026-09-12 09:51:24,,,,
WF-000555,REQ-001815,HSP-007,AMB-024,ACCEPTED,,2026-09-12 09:55:26,2026-09-12 10:15:34,2026-09-12 10:49:58,2026-09-12 11:03:41,COMPLETED
WF-000556,REQ-001819,HSP-004,AMB-057,ACCEPTED,,2026-09-12 09:57:50,2026-09-12 10:14:45,2026-09-12 10:53:50,2026-09-12 11:15:31,COMPLETED
WF-000557,REQ-001822,HSP-006,AMB-042,REJECTED,Specialist Unavailable,2026-09-12 10:00:46,,,,
WF-000558,REQ-001822,HSP-007,AMB-042,ACCEPTED,,2026-09-12 10:07:07,2026-09-12 10:21:14,2026-09-12 10:32:47,2026-09-12 10:40:30,COMPLETED
WF-000559,REQ-001826,HSP-018,AMB-060,ACCEPTED,,2026-09-12 10:22:49,2026-09-12 10:35:00,2026-09-12 10:42:42,2026-09-12 10:51:42,COMPLETED
WF-000560,REQ-001831,HSP-013,AMB-037,ACCEPTED,,2026-09-12 10:53:34,2026-09-12 11:21:02,2026-09-12 11:56:48,2026-09-12 12:03:35,COMPLETED
WF-000561,REQ-001839,HSP-013,AMB-053,ACCEPTED,,2026-09-12 12:03:56,2026-09-12 12:20:01,2026-09-12 12:25:38,2026-09-12 12:39:29,COMPLETED
WF-000562,REQ-001841,HSP-013,AMB-092,ACCEPTED,,2026-09-12 12:27:20,2026-09-12 12:42:44,2026-09-12 12:53:23,2026-09-12 12:58:53,COMPLETED
WF-000563,REQ-001845,HSP-002,AMB-025,ACCEPTED,,2026-09-12 12:53:36,2026-09-12 13:15:17,2026-09-12 13:49:11,2026-09-12 13:55:56,COMPLETED
WF-000564,REQ-001846,HSP-024,AMB-022,ACCEPTED,,2026-09-12 12:58:17,2026-09-12 13:09:53,2026-09-12 13:14:47,2026-09-12 13:30:50,COMPLETED
WF-000565,REQ-001848,HSP-017,AMB-062,ACCEPTED,,2026-09-12 13:07:41,2026-09-12 13:26:47,2026-09-12 13:47:18,2026-09-12 14:01:10,COMPLETED
WF-000566,REQ-001851,HSP-003,AMB-021,REJECTED,Other,2026-09-12 13:33:46,,,,
WF-000567,REQ-001851,HSP-005,AMB-021,ACCEPTED,,2026-09-12 13:39:31,2026-09-12 13:48:12,2026-09-12 14:07:46,2026-09-12 14:25:30,COMPLETED
WF-000568,REQ-001859,HSP-001,AMB-068,ACCEPTED,,2026-09-12 15:13:29,2026-09-12 15:26:25,2026-09-12 15:57:03,2026-09-12 16:10:44,COMPLETED
WF-000569,REQ-001866,HSP-013,AMB-004,ACCEPTED,,2026-09-12 15:44:13,2026-09-12 15:58:15,2026-09-12 16:13:30,2026-09-12 16:31:48,COMPLETED
WF-000570,REQ-001870,HSP-013,AMB-085,ACCEPTED,,2026-09-12 16:17:28,2026-09-12 16:36:15,2026-09-12 16:55:42,2026-09-12 17:16:31,COMPLETED
WF-000571,REQ-001871,HSP-013,AMB-065,ACCEPTED,,2026-09-12 16:20:08,2026-09-12 16:37:06,2026-09-12 16:52:20,2026-09-12 17:07:28,COMPLETED
WF-000572,REQ-001872,HSP-002,AMB-025,ACCEPTED,,2026-09-12 16:29:46,2026-09-12 16:50:47,2026-09-12 17:23:58,2026-09-12 17:36:50,COMPLETED
WF-000573,REQ-001878,HSP-008,AMB-024,ACCEPTED,,2026-09-12 17:02:40,2026-09-12 17:16:59,2026-09-12 17:49:08,2026-09-12 18:01:35,COMPLETED
WF-000574,REQ-001884,HSP-003,AMB-073,ACCEPTED,,2026-09-12 17:43:58,2026-09-12 18:05:48,2026-09-12 18:21:27,2026-09-12 18:43:15,COMPLETED
WF-000575,REQ-001885,HSP-013,AMB-003,ACCEPTED,,2026-09-12 17:45:11,2026-09-12 18:07:01,2026-09-12 18:36:12,2026-09-12 18:51:24,COMPLETED
WF-000576,REQ-001888,HSP-020,AMB-061,REJECTED,Stale Data,2026-09-12 17:55:48,,,,
WF-000577,REQ-001888,HSP-007,AMB-061,ACCEPTED,,2026-09-12 17:58:32,2026-09-12 18:16:44,2026-09-12 18:38:34,2026-09-12 18:51:24,COMPLETED
WF-000578,REQ-001889,HSP-004,AMB-034,ACCEPTED,,2026-09-12 17:58:51,2026-09-12 18:16:57,2026-09-12 18:28:08,2026-09-12 18:47:14,COMPLETED
WF-000579,REQ-001891,HSP-013,AMB-085,ACCEPTED,,2026-09-12 18:23:24,2026-09-12 18:47:07,2026-09-12 19:08:04,2026-09-12 19:27:55,COMPLETED
WF-000580,REQ-001902,HSP-002,AMB-070,ACCEPTED,,2026-09-12 19:15:12,2026-09-12 19:37:55,2026-09-12 20:25:28,2026-09-12 20:33:57,COMPLETED
WF-000581,REQ-001903,HSP-002,AMB-076,ACCEPTED,,2026-09-12 19:18:22,2026-09-12 19:33:51,2026-09-12 20:06:21,2026-09-12 20:23:15,COMPLETED
WF-000582,REQ-001908,HSP-013,AMB-085,ACCEPTED,,2026-09-12 19:44:21,2026-09-12 19:57:37,2026-09-12 20:21:16,2026-09-12 20:38:40,COMPLETED
WF-000583,REQ-001909,HSP-001,AMB-005,ACCEPTED,,2026-09-12 19:46:44,2026-09-12 20:09:22,2026-09-12 20:17:12,2026-09-12 20:34:27,COMPLETED
WF-000584,REQ-001910,HSP-002,AMB-028,ACCEPTED,,2026-09-12 19:49:32,2026-09-12 20:09:52,2026-09-12 20:16:42,2026-09-12 20:34:01,COMPLETED
WF-000585,REQ-001911,HSP-013,AMB-053,ACCEPTED,,2026-09-12 19:52:03,2026-09-12 20:09:29,2026-09-12 20:22:15,2026-09-12 20:42:49,COMPLETED
WF-000586,REQ-001914,HSP-001,AMB-084,ACCEPTED,,2026-09-12 20:01:39,2026-09-12 20:16:35,2026-09-12 20:53:40,2026-09-12 20:59:58,COMPLETED
WF-000587,REQ-001920,HSP-001,AMB-048,ACCEPTED,,2026-09-12 20:32:11,2026-09-12 20:50:09,2026-09-12 21:21:12,2026-09-12 21:34:20,COMPLETED
WF-000588,REQ-001923,HSP-003,AMB-073,ACCEPTED,,2026-09-12 20:43:15,2026-09-12 21:06:59,2026-09-12 21:17:47,2026-09-12 21:23:53,COMPLETED
WF-000589,REQ-001922,HSP-013,AMB-003,ACCEPTED,,2026-09-12 20:43:51,2026-09-12 21:06:57,2026-09-12 21:34:13,2026-09-12 21:44:52,COMPLETED
WF-000590,REQ-001926,HSP-012,AMB-018,REJECTED,No Bed,2026-09-12 21:41:37,,,,
WF-000591,REQ-001926,HSP-006,AMB-018,ACCEPTED,,2026-09-12 21:46:13,2026-09-12 22:06:36,2026-09-12 22:18:48,2026-09-12 22:36:50,COMPLETED
WF-000592,REQ-001928,HSP-012,AMB-013,ACCEPTED,,2026-09-12 21:55:04,2026-09-12 22:09:01,2026-09-12 22:18:25,2026-09-12 22:37:59,COMPLETED
WF-000593,REQ-001933,HSP-018,AMB-086,ACCEPTED,,2026-09-12 22:35:32,2026-09-12 22:49:47,2026-09-12 23:03:48,2026-09-12 23:16:08,COMPLETED
WF-000594,REQ-001936,HSP-012,AMB-089,ACCEPTED,,2026-09-12 22:36:02,2026-09-12 22:54:15,2026-09-12 23:05:59,2026-09-12 23:21:51,COMPLETED
WF-000595,REQ-001937,HSP-004,AMB-037,ACCEPTED,,2026-09-12 22:39:26,2026-09-12 23:00:38,2026-09-12 23:31:04,2026-09-12 23:48:04,COMPLETED
WF-000596,REQ-001939,HSP-011,AMB-088,ACCEPTED,,2026-09-12 23:01:04,2026-09-12 23:18:38,2026-09-12 23:31:53,2026-09-12 23:40:19,COMPLETED
WF-000597,REQ-001940,HSP-018,AMB-061,ACCEPTED,,2026-09-12 23:03:09,2026-09-12 23:14:11,2026-09-12 23:29:50,2026-09-12 23:38:45,COMPLETED
WF-000598,REQ-001950,HSP-018,AMB-078,ACCEPTED,,2026-09-13 01:47:00,2026-09-13 02:06:27,2026-09-13 02:20:03,2026-09-13 02:41:32,COMPLETED
WF-000599,REQ-001954,HSP-012,AMB-014,ACCEPTED,,2026-09-13 03:05:14,2026-09-13 03:20:32,2026-09-13 03:30:47,2026-09-13 03:42:42,COMPLETED
WF-000600,REQ-001958,HSP-001,AMB-040,ACCEPTED,,2026-09-13 04:20:27,2026-09-13 04:37:59,2026-09-13 04:43:38,2026-09-13 05:02:26,COMPLETED
WF-000601,REQ-001961,HSP-008,AMB-012,ACCEPTED,,2026-09-13 05:25:43,2026-09-13 05:42:22,2026-09-13 05:48:02,2026-09-13 05:59:24,COMPLETED
WF-000602,REQ-001968,HSP-004,AMB-055,ACCEPTED,,2026-09-13 07:34:25,2026-09-13 07:50:59,2026-09-13 08:05:10,2026-09-13 08:10:39,COMPLETED
WF-000603,REQ-001971,HSP-012,AMB-085,ACCEPTED,,2026-09-13 08:01:22,2026-09-13 08:32:52,2026-09-13 09:07:27,2026-09-13 09:27:14,COMPLETED
WF-000604,REQ-001970,HSP-009,AMB-049,ACCEPTED,,2026-09-13 08:02:06,2026-09-13 08:33:22,2026-09-13 08:41:59,2026-09-13 08:51:35,COMPLETED
WF-000605,REQ-001972,HSP-008,AMB-015,ACCEPTED,,2026-09-13 08:04:41,2026-09-13 08:28:26,2026-09-13 09:06:36,2026-09-13 09:17:47,COMPLETED
WF-000606,REQ-001975,HSP-012,AMB-090,REJECTED,Stale Data,2026-09-13 08:31:47,,,,
WF-000607,REQ-001975,HSP-020,AMB-090,ACCEPTED,,2026-09-13 08:33:18,2026-09-13 08:44:18,2026-09-13 09:12:32,2026-09-13 09:29:35,COMPLETED
WF-000608,REQ-001977,HSP-025,AMB-070,ACCEPTED,,2026-09-13 08:46:43,2026-09-13 09:06:28,2026-09-13 09:26:18,2026-09-13 09:43:51,COMPLETED
WF-000609,REQ-001979,HSP-009,AMB-029,ACCEPTED,,2026-09-13 09:02:33,2026-09-13 09:26:06,2026-09-13 09:47:27,2026-09-13 09:59:28,COMPLETED
WF-000610,REQ-001984,HSP-018,AMB-073,ACCEPTED,,2026-09-13 09:26:52,2026-09-13 09:42:16,2026-09-13 09:50:15,2026-09-13 10:03:39,COMPLETED
WF-000611,REQ-001988,HSP-012,AMB-068,REJECTED,No Bed,2026-09-13 09:50:03,,,,
WF-000612,REQ-001987,HSP-012,AMB-088,ACCEPTED,,2026-09-13 09:50:09,2026-09-13 10:05:24,2026-09-13 10:27:42,2026-09-13 10:42:00,COMPLETED
WF-000613,REQ-001989,HSP-002,AMB-049,ACCEPTED,,2026-09-13 09:51:57,2026-09-13 10:18:18,2026-09-13 10:57:42,2026-09-13 11:02:40,COMPLETED
WF-000614,REQ-001990,HSP-002,AMB-035,REJECTED,No Bed,2026-09-13 09:52:11,,,,
WF-000615,REQ-001988,HSP-003,AMB-068,ACCEPTED,,2026-09-13 09:56:55,2026-09-13 10:05:52,2026-09-13 10:18:29,2026-09-13 10:33:45,COMPLETED
WF-000616,REQ-001996,HSP-018,AMB-003,ACCEPTED,,2026-09-13 10:17:20,2026-09-13 10:41:07,2026-09-13 10:52:27,2026-09-13 11:08:15,COMPLETED
WF-000617,REQ-002001,HSP-012,AMB-046,ACCEPTED,,2026-09-13 10:56:52,2026-09-13 11:08:51,2026-09-13 11:42:40,2026-09-13 11:48:15,COMPLETED
WF-000618,REQ-002006,HSP-012,AMB-091,ACCEPTED,,2026-09-13 11:26:39,2026-09-13 11:38:50,2026-09-13 11:51:13,2026-09-13 12:10:29,COMPLETED
WF-000619,REQ-002007,HSP-012,AMB-087,REJECTED,No Bed,2026-09-13 11:27:18,,,,
WF-000620,REQ-002007,HSP-006,AMB-087,ACCEPTED,,2026-09-13 11:31:12,2026-09-13 11:46:33,2026-09-13 12:06:14,2026-09-13 12:18:12,COMPLETED
WF-000621,REQ-002016,HSP-002,AMB-044,ACCEPTED,,2026-09-13 12:05:58,2026-09-13 12:23:56,2026-09-13 12:36:52,2026-09-13 12:51:15,COMPLETED
WF-000622,REQ-002018,HSP-013,AMB-065,ACCEPTED,,2026-09-13 12:12:02,2026-09-13 12:28:34,2026-09-13 12:43:20,2026-09-13 13:03:16,COMPLETED
WF-000623,REQ-002017,HSP-002,AMB-007,ACCEPTED,,2026-09-13 12:12:24,2026-09-13 12:31:49,2026-09-13 12:37:54,2026-09-13 12:47:29,COMPLETED
WF-000624,REQ-002019,HSP-013,AMB-037,ACCEPTED,,2026-09-13 12:17:37,2026-09-13 12:34:18,2026-09-13 12:49:01,2026-09-13 13:08:01,COMPLETED
WF-000625,REQ-002020,HSP-013,AMB-092,REJECTED,No Bed,2026-09-13 12:20:50,,,,
WF-000626,REQ-002020,HSP-003,AMB-092,REJECTED,No Bed,2026-09-13 12:27:21,,,,
WF-000627,REQ-002025,HSP-018,AMB-062,ACCEPTED,,2026-09-13 12:40:13,2026-09-13 12:54:14,2026-09-13 13:32:16,2026-09-13 13:38:35,COMPLETED
WF-000628,REQ-002032,HSP-003,AMB-078,ACCEPTED,,2026-09-13 13:33:34,2026-09-13 13:49:44,2026-09-13 13:54:54,2026-09-13 14:06:00,COMPLETED
WF-000629,REQ-002035,HSP-019,AMB-094,ACCEPTED,,2026-09-13 14:14:49,2026-09-13 14:28:26,2026-09-13 15:11:06,2026-09-13 15:22:42,COMPLETED
WF-000630,REQ-002037,HSP-018,AMB-032,ACCEPTED,,2026-09-13 14:23:30,2026-09-13 14:38:33,2026-09-13 15:13:44,2026-09-13 15:23:27,COMPLETED
WF-000631,REQ-002038,HSP-002,AMB-049,ACCEPTED,,2026-09-13 14:29:08,2026-09-13 14:45:41,2026-09-13 15:22:14,2026-09-13 15:40:05,COMPLETED
WF-000632,REQ-002039,HSP-019,AMB-035,REJECTED,No Bed,2026-09-13 14:30:11,,,,
WF-000633,REQ-002039,HSP-010,AMB-035,ACCEPTED,,2026-09-13 14:33:27,2026-09-13 14:48:16,2026-09-13 15:10:07,2026-09-13 15:17:35,COMPLETED
WF-000634,REQ-002040,HSP-013,AMB-053,REJECTED,No Bed,2026-09-13 14:43:38,,,,
WF-000635,REQ-002040,HSP-003,AMB-053,ACCEPTED,,2026-09-13 14:45:11,2026-09-13 15:02:10,2026-09-13 15:25:20,2026-09-13 15:45:08,COMPLETED
WF-000636,REQ-002049,HSP-013,AMB-081,ACCEPTED,,2026-09-13 15:57:06,2026-09-13 16:10:08,2026-09-13 16:14:27,2026-09-13 16:32:27,COMPLETED
WF-000637,REQ-002050,HSP-013,AMB-072,REJECTED,No Bed,2026-09-13 15:57:54,,,,
WF-000638,REQ-002050,HSP-003,AMB-072,ACCEPTED,,2026-09-13 16:02:20,2026-09-13 16:17:22,2026-09-13 16:35:36,2026-09-13 16:45:59,COMPLETED
WF-000639,REQ-002051,HSP-003,AMB-003,ACCEPTED,,2026-09-13 16:07:02,2026-09-13 16:26:02,2026-09-13 16:33:05,2026-09-13 16:46:57,COMPLETED
WF-000640,REQ-002060,HSP-019,AMB-001,REJECTED,Stale Data,2026-09-13 17:15:50,,,,
WF-000641,REQ-002061,HSP-023,AMB-019,ACCEPTED,,2026-09-13 17:17:31,2026-09-13 17:38:04,2026-09-13 17:48:51,2026-09-13 17:53:43,COMPLETED
WF-000642,REQ-002070,HSP-002,AMB-007,REJECTED,No Equipment,2026-09-13 18:05:29,,,,
WF-000643,REQ-002070,HSP-010,AMB-007,ACCEPTED,,2026-09-13 18:08:37,2026-09-13 18:30:55,2026-09-13 19:01:41,2026-09-13 19:19:17,COMPLETED
WF-000644,REQ-002078,HSP-004,AMB-003,ACCEPTED,,2026-09-13 18:54:29,2026-09-13 19:13:03,2026-09-13 19:31:37,2026-09-13 19:44:13,COMPLETED
WF-000645,REQ-002079,HSP-018,AMB-021,ACCEPTED,,2026-09-13 18:59:48,2026-09-13 19:14:41,2026-09-13 19:23:03,2026-09-13 19:29:04,COMPLETED
WF-000646,REQ-002083,HSP-004,AMB-061,ACCEPTED,,2026-09-13 19:18:26,2026-09-13 19:30:36,2026-09-13 19:58:42,2026-09-13 20:18:26,COMPLETED
WF-000647,REQ-002093,HSP-003,AMB-027,ACCEPTED,,2026-09-13 19:59:44,2026-09-13 20:15:43,2026-09-13 20:46:25,2026-09-13 20:52:06,COMPLETED
WF-000648,REQ-002096,HSP-013,AMB-067,ACCEPTED,,2026-09-13 20:19:58,2026-09-13 20:31:57,2026-09-13 20:54:26,2026-09-13 21:10:39,COMPLETED
WF-000649,REQ-002102,HSP-018,AMB-078,ACCEPTED,,2026-09-13 20:46:09,2026-09-13 21:06:24,2026-09-13 21:25:17,2026-09-13 21:44:39,COMPLETED
WF-000650,REQ-002104,HSP-004,AMB-052,ACCEPTED,,2026-09-13 21:03:46,2026-09-13 21:17:07,2026-09-13 21:36:11,2026-09-13 21:51:15,COMPLETED
WF-000651,REQ-002106,HSP-002,AMB-007,ACCEPTED,,2026-09-13 21:09:53,2026-09-13 21:28:35,2026-09-13 21:39:48,2026-09-13 21:55:32,COMPLETED
WF-000652,REQ-002108,HSP-002,AMB-070,ACCEPTED,,2026-09-13 21:44:15,2026-09-13 22:05:15,2026-09-13 22:43:48,2026-09-13 22:50:37,COMPLETED
WF-000653,REQ-002112,HSP-013,AMB-078,ACCEPTED,,2026-09-13 22:07:57,2026-09-13 22:21:46,2026-09-13 22:36:42,2026-09-13 22:58:37,COMPLETED
WF-000654,REQ-002117,HSP-001,AMB-007,ACCEPTED,,2026-09-13 22:23:15,2026-09-13 22:44:32,2026-09-13 23:05:03,2026-09-13 23:24:46,COMPLETED
WF-000655,REQ-002121,HSP-001,AMB-052,ACCEPTED,,2026-09-13 23:02:43,2026-09-13 23:15:34,2026-09-13 23:29:25,2026-09-13 23:33:48,COMPLETED
WF-000656,REQ-002125,HSP-012,AMB-010,ACCEPTED,,2026-09-13 23:08:29,2026-09-13 23:19:14,2026-09-13 23:31:53,2026-09-13 23:48:44,COMPLETED
WF-000657,REQ-002132,HSP-018,AMB-073,ACCEPTED,,2026-09-14 00:28:15,2026-09-14 00:43:23,2026-09-14 00:53:37,2026-09-14 01:14:09,COMPLETED
WF-000658,REQ-002133,HSP-020,AMB-091,ACCEPTED,,2026-09-14 00:34:48,2026-09-14 00:47:48,2026-09-14 01:00:09,2026-09-14 01:04:31,COMPLETED
WF-000659,REQ-002135,HSP-008,AMB-006,ACCEPTED,,2026-09-14 01:31:52,2026-09-14 01:47:16,2026-09-14 02:00:44,2026-09-14 02:20:28,COMPLETED
WF-000660,REQ-002146,HSP-018,AMB-068,ACCEPTED,,2026-09-14 05:20:31,2026-09-14 05:31:29,2026-09-14 05:36:58,2026-09-14 05:48:33,COMPLETED
WF-000661,REQ-002147,HSP-013,AMB-037,ACCEPTED,,2026-09-14 06:30:54,2026-09-14 06:50:27,2026-09-14 07:14:36,2026-09-14 07:32:34,COMPLETED
WF-000662,REQ-002150,HSP-001,AMB-044,ACCEPTED,,2026-09-14 07:07:19,2026-09-14 07:25:57,2026-09-14 07:41:35,2026-09-14 07:52:29,COMPLETED
WF-000663,REQ-002154,HSP-002,AMB-084,ACCEPTED,,2026-09-14 07:34:38,2026-09-14 07:56:04,2026-09-14 08:10:04,2026-09-14 08:21:14,COMPLETED
WF-000664,REQ-002153,HSP-003,AMB-007,REJECTED,No Bed,2026-09-14 07:36:33,,,,
WF-000665,REQ-002157,HSP-007,AMB-059,REJECTED,Stale Data,2026-09-14 08:00:38,,,,
WF-000666,REQ-002157,HSP-020,AMB-059,ACCEPTED,,2026-09-14 08:03:23,2026-09-14 08:19:03,2026-09-14 08:43:35,2026-09-14 08:50:02,COMPLETED
WF-000667,REQ-002160,HSP-008,AMB-012,ACCEPTED,,2026-09-14 08:14:07,2026-09-14 08:29:31,2026-09-14 08:40:17,2026-09-14 08:59:36,COMPLETED
WF-000668,REQ-002163,HSP-008,AMB-032,ACCEPTED,,2026-09-14 08:35:28,2026-09-14 09:05:03,2026-09-14 09:30:26,2026-09-14 09:43:10,COMPLETED
WF-000669,REQ-002167,HSP-013,AMB-004,ACCEPTED,,2026-09-14 08:52:29,2026-09-14 09:07:33,2026-09-14 09:33:51,2026-09-14 09:42:18,COMPLETED
WF-000670,REQ-002170,HSP-019,AMB-035,REJECTED,No Bed,2026-09-14 08:57:11,,,,
WF-000671,REQ-002172,HSP-013,AMB-073,ACCEPTED,,2026-09-14 09:24:32,2026-09-14 09:41:12,2026-09-14 10:17:28,2026-09-14 10:24:49,COMPLETED
WF-000672,REQ-002186,HSP-002,AMB-093,ACCEPTED,,2026-09-14 11:14:15,2026-09-14 11:29:18,2026-09-14 12:18:32,2026-09-14 12:38:25,COMPLETED
WF-000673,REQ-002193,HSP-001,AMB-055,ACCEPTED,,2026-09-14 11:57:23,2026-09-14 12:11:55,2026-09-14 12:28:21,2026-09-14 12:40:30,COMPLETED
WF-000674,REQ-002198,HSP-013,AMB-037,ACCEPTED,,2026-09-14 12:52:43,2026-09-14 13:09:38,2026-09-14 13:34:23,2026-09-14 13:47:41,COMPLETED
WF-000675,REQ-002200,HSP-008,AMB-049,ACCEPTED,,2026-09-14 12:53:58,2026-09-14 13:12:12,2026-09-14 13:18:18,2026-09-14 13:26:00,COMPLETED
WF-000676,REQ-002207,HSP-003,AMB-073,REJECTED,Stale Data,2026-09-14 13:49:13,,,,
WF-000677,REQ-002208,HSP-003,AMB-068,REJECTED,No Bed,2026-09-14 13:50:21,,,,
WF-000678,REQ-002208,HSP-007,AMB-068,ACCEPTED,,2026-09-14 13:52:26,2026-09-14 14:10:22,2026-09-14 14:38:01,2026-09-14 14:51:03,COMPLETED
WF-000679,REQ-002207,HSP-005,AMB-073,ACCEPTED,,2026-09-14 13:53:13,2026-09-14 14:09:38,2026-09-14 14:33:10,2026-09-14 14:46:54,COMPLETED
WF-000680,REQ-002210,HSP-013,AMB-081,ACCEPTED,,2026-09-14 13:58:53,2026-09-14 14:17:37,2026-09-14 14:24:40,2026-09-14 14:40:18,COMPLETED
WF-000681,REQ-002211,HSP-013,AMB-085,ACCEPTED,,2026-09-14 14:02:40,2026-09-14 14:22:34,2026-09-14 14:38:29,2026-09-14 14:51:57,COMPLETED
WF-000682,REQ-002215,HSP-007,AMB-019,ACCEPTED,,2026-09-14 14:22:55,2026-09-14 14:34:43,2026-09-14 14:57:19,2026-09-14 15:13:55,COMPLETED
WF-000683,REQ-002224,HSP-019,AMB-022,ACCEPTED,,2026-09-14 15:45:00,2026-09-14 16:05:20,2026-09-14 16:57:00,2026-09-14 17:10:41,COMPLETED
WF-000684,REQ-002228,HSP-013,AMB-057,ACCEPTED,,2026-09-14 16:07:19,2026-09-14 16:26:33,2026-09-14 16:53:06,2026-09-14 17:02:38,COMPLETED
WF-000685,REQ-002229,HSP-003,AMB-061,ACCEPTED,,2026-09-14 16:11:54,2026-09-14 16:33:24,2026-09-14 16:49:58,2026-09-14 17:05:00,COMPLETED
WF-000686,REQ-002230,HSP-013,AMB-072,ACCEPTED,,2026-09-14 16:13:41,2026-09-14 16:33:12,2026-09-14 16:45:18,2026-09-14 16:52:14,COMPLETED
WF-000687,REQ-002231,HSP-013,AMB-081,REJECTED,No Bed,2026-09-14 16:15:01,,,,
WF-000688,REQ-002231,HSP-003,AMB-081,ACCEPTED,,2026-09-14 16:18:28,2026-09-14 16:39:37,2026-09-14 17:05:07,2026-09-14 17:15:22,COMPLETED
WF-000689,REQ-002234,HSP-012,AMB-014,ACCEPTED,,2026-09-14 16:36:55,2026-09-14 16:50:17,2026-09-14 17:08:47,2026-09-14 17:28:25,COMPLETED
WF-000690,REQ-002235,HSP-007,AMB-043,ACCEPTED,,2026-09-14 16:43:46,2026-09-14 16:56:46,2026-09-14 17:18:20,2026-09-14 17:26:54,COMPLETED
WF-000691,REQ-002237,HSP-002,AMB-075,ACCEPTED,,2026-09-14 16:45:21,2026-09-14 17:00:42,2026-09-14 17:11:34,2026-09-14 17:31:37,COMPLETED
WF-000692,REQ-002240,HSP-012,AMB-013,ACCEPTED,,2026-09-14 16:53:27,2026-09-14 17:07:51,2026-09-14 17:16:06,2026-09-14 17:29:29,COMPLETED
WF-000693,REQ-002241,HSP-008,AMB-024,ACCEPTED,,2026-09-14 16:57:08,2026-09-14 17:08:33,2026-09-14 17:28:13,2026-09-14 17:40:56,COMPLETED
WF-000694,REQ-002243,HSP-013,AMB-100,ACCEPTED,,2026-09-14 17:02:28,2026-09-14 17:27:24,2026-09-14 17:38:03,2026-09-14 17:45:20,COMPLETED
WF-000695,REQ-002247,HSP-018,AMB-096,ACCEPTED,,2026-09-14 17:14:47,2026-09-14 17:39:37,2026-09-14 18:01:49,2026-09-14 18:10:51,COMPLETED
WF-000696,REQ-002252,HSP-019,AMB-094,ACCEPTED,,2026-09-14 17:47:07,2026-09-14 18:05:16,2026-09-14 19:19:24,2026-09-14 19:33:19,COMPLETED
WF-000697,REQ-002265,HSP-012,AMB-085,REJECTED,No Bed,2026-09-14 20:01:37,,,,
WF-000698,REQ-002265,HSP-020,AMB-085,ACCEPTED,,2026-09-14 20:06:29,2026-09-14 20:18:16,2026-09-14 20:35:10,2026-09-14 20:41:29,COMPLETED
WF-000699,REQ-002270,HSP-002,AMB-044,ACCEPTED,,2026-09-14 21:11:55,2026-09-14 21:32:06,2026-09-14 21:43:01,2026-09-14 21:59:12,COMPLETED
WF-000700,REQ-002276,HSP-020,AMB-073,ACCEPTED,,2026-09-14 21:24:12,2026-09-14 21:38:02,2026-09-14 21:57:11,2026-09-14 22:04:11,COMPLETED
WF-000701,REQ-002277,HSP-013,AMB-055,ACCEPTED,,2026-09-14 21:25:05,2026-09-14 21:48:17,2026-09-14 22:12:28,2026-09-14 22:27:52,COMPLETED
WF-000702,REQ-002285,HSP-012,AMB-091,ACCEPTED,,2026-09-14 22:35:15,2026-09-14 22:52:25,2026-09-14 23:10:37,2026-09-14 23:28:34,COMPLETED
WF-000703,REQ-002286,HSP-007,AMB-061,ACCEPTED,,2026-09-14 22:38:34,2026-09-14 22:55:43,2026-09-14 23:08:17,2026-09-14 23:18:05,COMPLETED
WF-000704,REQ-002292,HSP-013,AMB-068,ACCEPTED,,2026-09-15 00:19:12,2026-09-15 00:32:20,2026-09-15 00:50:18,2026-09-15 01:04:51,COMPLETED
WF-000705,REQ-002298,HSP-019,AMB-093,REJECTED,No Bed,2026-09-15 01:55:33,,,,
WF-000706,REQ-002299,HSP-004,AMB-052,ACCEPTED,,2026-09-15 03:29:22,2026-09-15 03:41:59,2026-09-15 03:51:00,2026-09-15 04:11:36,COMPLETED
WF-000707,REQ-002300,HSP-009,AMB-012,ACCEPTED,,2026-09-15 03:46:17,2026-09-15 04:03:36,2026-09-15 04:07:59,2026-09-15 04:28:47,COMPLETED
WF-000708,REQ-002301,HSP-001,AMB-083,ACCEPTED,,2026-09-15 04:10:37,2026-09-15 04:31:28,2026-09-15 04:38:54,2026-09-15 04:46:07,COMPLETED
WF-000709,REQ-002304,HSP-001,AMB-083,ACCEPTED,,2026-09-15 06:04:52,2026-09-15 06:21:38,2026-09-15 06:27:45,2026-09-15 06:45:05,COMPLETED
WF-000710,REQ-002305,HSP-005,AMB-073,ACCEPTED,,2026-09-15 06:33:01,2026-09-15 06:49:42,2026-09-15 07:01:39,2026-09-15 07:15:57,COMPLETED
WF-000711,REQ-002311,HSP-008,AMB-049,ACCEPTED,,2026-09-15 07:53:42,2026-09-15 08:10:00,2026-09-15 08:21:43,2026-09-15 08:42:40,COMPLETED
WF-000712,REQ-002316,HSP-013,AMB-081,ACCEPTED,,2026-09-15 08:33:24,2026-09-15 08:49:20,2026-09-15 09:02:50,2026-09-15 09:16:46,COMPLETED
WF-000713,REQ-002318,HSP-019,AMB-007,ACCEPTED,,2026-09-15 08:45:28,2026-09-15 09:02:37,2026-09-15 09:45:24,2026-09-15 10:04:48,COMPLETED
WF-000714,REQ-002320,HSP-008,AMB-035,ACCEPTED,,2026-09-15 08:47:22,2026-09-15 09:06:37,2026-09-15 09:15:57,2026-09-15 09:36:21,COMPLETED
WF-000715,REQ-002321,HSP-018,AMB-061,ACCEPTED,,2026-09-15 09:00:32,2026-09-15 09:26:24,2026-09-15 09:54:53,2026-09-15 10:14:11,COMPLETED
WF-000716,REQ-002326,HSP-008,AMB-006,ACCEPTED,,2026-09-15 09:44:15,2026-09-15 10:01:55,2026-09-15 10:21:28,2026-09-15 10:40:49,COMPLETED
WF-000717,REQ-002328,HSP-018,AMB-060,ACCEPTED,,2026-09-15 09:49:40,2026-09-15 10:04:26,2026-09-15 10:11:42,2026-09-15 10:26:01,COMPLETED
WF-000718,REQ-002332,HSP-003,AMB-081,ACCEPTED,,2026-09-15 10:04:19,2026-09-15 10:19:56,2026-09-15 10:37:17,2026-09-15 10:50:56,COMPLETED
WF-000719,REQ-002333,HSP-003,AMB-073,ACCEPTED,,2026-09-15 10:14:29,2026-09-15 10:39:33,2026-09-15 11:00:49,2026-09-15 11:09:48,COMPLETED
WF-000720,REQ-002339,HSP-001,AMB-049,REJECTED,No Equipment,2026-09-15 10:51:31,,,,
WF-000721,REQ-002344,HSP-024,AMB-022,ACCEPTED,,2026-09-15 11:09:50,2026-09-15 11:24:04,2026-09-15 11:30:00,2026-09-15 11:46:38,COMPLETED
WF-000722,REQ-002345,HSP-004,AMB-055,ACCEPTED,,2026-09-15 11:14:40,2026-09-15 11:34:57,2026-09-15 11:42:43,2026-09-15 11:54:32,COMPLETED
WF-000723,REQ-002346,HSP-012,AMB-088,ACCEPTED,,2026-09-15 11:16:43,2026-09-15 11:32:54,2026-09-15 11:46:58,2026-09-15 12:00:20,COMPLETED
WF-000724,REQ-002349,HSP-019,AMB-035,ACCEPTED,,2026-09-15 11:28:50,2026-09-15 11:54:24,2026-09-15 12:17:10,2026-09-15 12:23:45,COMPLETED
WF-000725,REQ-002356,HSP-012,AMB-088,ACCEPTED,,2026-09-15 12:22:19,2026-09-15 12:42:20,2026-09-15 12:56:41,2026-09-15 13:11:36,COMPLETED
WF-000726,REQ-002357,HSP-012,AMB-098,ACCEPTED,,2026-09-15 12:26:12,2026-09-15 12:39:58,2026-09-15 12:50:16,2026-09-15 12:54:25,COMPLETED
WF-000727,REQ-002359,HSP-001,AMB-015,ACCEPTED,,2026-09-15 12:36:11,2026-09-15 12:56:26,2026-09-15 13:06:27,2026-09-15 13:14:23,COMPLETED
WF-000728,REQ-002364,HSP-013,AMB-037,ACCEPTED,,2026-09-15 12:59:22,2026-09-15 13:14:43,2026-09-15 13:39:46,2026-09-15 13:58:56,COMPLETED
WF-000729,REQ-002368,HSP-012,AMB-059,ACCEPTED,,2026-09-15 13:30:52,2026-09-15 13:47:04,2026-09-15 14:00:33,2026-09-15 14:19:33,COMPLETED
WF-000730,REQ-002371,HSP-024,AMB-079,ACCEPTED,,2026-09-15 13:51:48,2026-09-15 14:07:43,2026-09-15 14:18:52,2026-09-15 14:35:19,COMPLETED
WF-000731,REQ-002374,HSP-006,AMB-042,ACCEPTED,,2026-09-15 14:40:38,2026-09-15 14:54:26,2026-09-15 15:03:41,2026-09-15 15:10:49,COMPLETED
WF-000732,REQ-002379,HSP-002,AMB-007,ACCEPTED,,2026-09-15 15:10:27,2026-09-15 15:33:14,2026-09-15 15:39:00,2026-09-15 15:53:07,COMPLETED
WF-000733,REQ-002381,HSP-004,AMB-034,ACCEPTED,,2026-09-15 15:15:59,2026-09-15 15:30:35,2026-09-15 15:41:22,2026-09-15 15:51:22,COMPLETED
WF-000734,REQ-002383,HSP-011,AMB-013,REJECTED,Other,2026-09-15 15:18:58,,,,
WF-000735,REQ-002383,HSP-012,AMB-013,REJECTED,Stale Data,2026-09-15 15:21:18,,,,
WF-000736,REQ-002383,HSP-006,AMB-013,ACCEPTED,,2026-09-15 15:23:33,2026-09-15 15:30:09,2026-09-15 15:53:10,2026-09-15 16:14:13,COMPLETED
WF-000737,REQ-002385,HSP-013,AMB-085,REJECTED,Other,2026-09-15 15:26:04,,,,
WF-000738,REQ-002385,HSP-014,AMB-085,ACCEPTED,,2026-09-15 15:27:55,2026-09-15 15:47:04,2026-09-15 15:56:19,2026-09-15 16:04:15,COMPLETED
WF-000739,REQ-002387,HSP-004,AMB-061,ACCEPTED,,2026-09-15 15:49:12,2026-09-15 16:04:24,2026-09-15 16:23:50,2026-09-15 16:30:19,COMPLETED
WF-000740,REQ-002388,HSP-004,AMB-027,REJECTED,No Bed,2026-09-15 15:50:00,,,,
WF-000741,REQ-002388,HSP-020,AMB-027,ACCEPTED,,2026-09-15 15:53:57,2026-09-15 16:06:21,2026-09-15 16:22:41,2026-09-15 16:36:47,COMPLETED
WF-000742,REQ-002393,HSP-019,AMB-049,ACCEPTED,,2026-09-15 16:08:59,2026-09-15 16:32:17,2026-09-15 17:01:39,2026-09-15 17:19:29,COMPLETED
WF-000743,REQ-002392,HSP-007,AMB-001,REJECTED,No Bed,2026-09-15 16:10:44,,,,
WF-000744,REQ-002394,HSP-024,AMB-022,ACCEPTED,,2026-09-15 16:13:57,2026-09-15 16:39:50,2026-09-15 16:52:00,2026-09-15 17:08:41,COMPLETED
WF-000745,REQ-002395,HSP-013,AMB-052,ACCEPTED,,2026-09-15 16:16:06,2026-09-15 16:35:43,2026-09-15 17:01:12,2026-09-15 17:20:33,COMPLETED
WF-000746,REQ-002396,HSP-020,AMB-003,ACCEPTED,,2026-09-15 16:34:38,2026-09-15 16:53:36,2026-09-15 17:04:26,2026-09-15 17:12:10,COMPLETED
WF-000747,REQ-002397,HSP-007,AMB-043,ACCEPTED,,2026-09-15 16:42:05,2026-09-15 17:02:01,2026-09-15 17:34:18,2026-09-15 17:42:41,COMPLETED
WF-000748,REQ-002412,HSP-004,AMB-047,ACCEPTED,,2026-09-15 17:40:53,2026-09-15 18:01:10,2026-09-15 18:19:37,2026-09-15 18:26:38,COMPLETED
WF-000749,REQ-002415,HSP-013,AMB-081,REJECTED,No Bed,2026-09-15 18:14:38,,,,
WF-000750,REQ-002415,HSP-022,AMB-081,ACCEPTED,,2026-09-15 18:20:41,2026-09-15 18:35:46,2026-09-15 18:53:55,2026-09-15 19:06:14,COMPLETED
WF-000751,REQ-002419,HSP-018,AMB-060,ACCEPTED,,2026-09-15 18:56:14,2026-09-15 19:12:25,2026-09-15 19:19:21,2026-09-15 19:41:20,COMPLETED
WF-000752,REQ-002420,HSP-024,AMB-008,ACCEPTED,,2026-09-15 19:01:21,2026-09-15 19:15:17,2026-09-15 19:21:30,2026-09-15 19:28:05,COMPLETED
WF-000753,REQ-002424,HSP-012,AMB-043,REJECTED,No Bed,2026-09-15 19:22:36,,,,
WF-000754,REQ-002423,HSP-012,AMB-019,ACCEPTED,,2026-09-15 19:22:45,2026-09-15 19:39:57,2026-09-15 20:11:18,2026-09-15 20:28:38,COMPLETED
WF-000755,REQ-002424,HSP-006,AMB-043,ACCEPTED,,2026-09-15 19:25:57,2026-09-15 19:44:00,2026-09-15 20:07:48,2026-09-15 20:23:25,COMPLETED
WF-000756,REQ-002431,HSP-018,AMB-052,ACCEPTED,,2026-09-15 19:56:22,2026-09-15 20:22:27,2026-09-15 20:48:56,2026-09-15 21:05:49,COMPLETED
WF-000757,REQ-002432,HSP-013,AMB-065,ACCEPTED,,2026-09-15 19:57:24,2026-09-15 20:11:13,2026-09-15 20:26:14,2026-09-15 20:32:21,COMPLETED
WF-000758,REQ-002434,HSP-004,AMB-061,ACCEPTED,,2026-09-15 20:02:00,2026-09-15 20:23:01,2026-09-15 20:56:57,2026-09-15 21:10:52,COMPLETED
WF-000759,REQ-002435,HSP-012,AMB-080,ACCEPTED,,2026-09-15 20:09:47,2026-09-15 20:22:59,2026-09-15 20:28:01,2026-09-15 20:46:17,COMPLETED
WF-000760,REQ-002448,HSP-008,AMB-035,ACCEPTED,,2026-09-15 21:51:48,2026-09-15 22:11:11,2026-09-15 22:14:46,2026-09-15 22:22:53,COMPLETED
WF-000761,REQ-002452,HSP-002,AMB-007,ACCEPTED,,2026-09-15 22:13:47,2026-09-15 22:33:37,2026-09-15 22:42:22,2026-09-15 22:48:01,COMPLETED
WF-000762,REQ-002453,HSP-002,AMB-028,REJECTED,No Bed,2026-09-15 22:13:48,,,,
WF-000763,REQ-002453,HSP-008,AMB-028,ACCEPTED,,2026-09-15 22:18:20,2026-09-15 22:32:41,2026-09-15 23:02:58,2026-09-15 23:23:39,COMPLETED
WF-000764,REQ-002463,HSP-020,AMB-085,ACCEPTED,,2026-09-15 23:53:11,2026-09-16 00:08:27,2026-09-16 00:22:03,2026-09-16 00:34:09,COMPLETED
WF-000765,REQ-002476,HSP-001,AMB-025,ACCEPTED,,2026-09-16 04:45:22,2026-09-16 04:58:54,2026-09-16 05:30:32,2026-09-16 05:43:13,COMPLETED
WF-000766,REQ-002480,HSP-002,AMB-025,ACCEPTED,,2026-09-16 06:24:12,2026-09-16 06:40:25,2026-09-16 07:21:05,2026-09-16 07:27:48,COMPLETED
WF-000767,REQ-002479,HSP-007,AMB-043,ACCEPTED,,2026-09-16 06:26:23,2026-09-16 06:44:24,2026-09-16 07:12:17,2026-09-16 07:19:37,COMPLETED
WF-000768,REQ-002485,HSP-001,AMB-083,ACCEPTED,,2026-09-16 07:13:49,2026-09-16 07:31:59,2026-09-16 07:38:27,2026-09-16 07:49:57,COMPLETED
WF-000769,REQ-002488,HSP-004,AMB-003,ACCEPTED,,2026-09-16 08:23:01,2026-09-16 08:46:03,2026-09-16 08:59:59,2026-09-16 09:15:27,COMPLETED
WF-000770,REQ-002496,HSP-003,AMB-003,REJECTED,Specialist Unavailable,2026-09-16 09:59:45,,,,
WF-000771,REQ-002496,HSP-005,AMB-003,ACCEPTED,,2026-09-16 10:05:38,2026-09-16 10:15:23,2026-09-16 10:43:25,2026-09-16 10:57:22,COMPLETED
WF-000772,REQ-002500,HSP-012,AMB-097,ACCEPTED,,2026-09-16 10:30:41,2026-09-16 10:49:12,2026-09-16 11:00:30,2026-09-16 11:18:55,COMPLETED
WF-000773,REQ-002510,HSP-002,AMB-076,ACCEPTED,,2026-09-16 11:35:21,2026-09-16 11:56:37,2026-09-16 12:23:20,2026-09-16 12:44:30,COMPLETED
WF-000774,REQ-002512,HSP-018,AMB-003,ACCEPTED,,2026-09-16 11:41:35,2026-09-16 11:55:57,2026-09-16 12:05:00,2026-09-16 12:11:28,COMPLETED
WF-000775,REQ-002513,HSP-019,AMB-044,ACCEPTED,,2026-09-16 11:56:06,2026-09-16 12:08:17,2026-09-16 12:35:06,2026-09-16 12:42:00,COMPLETED
WF-000776,REQ-002516,HSP-002,AMB-062,ACCEPTED,,2026-09-16 12:17:34,2026-09-16 12:32:04,2026-09-16 12:56:35,2026-09-16 13:10:17,COMPLETED
WF-000777,REQ-002523,HSP-020,AMB-073,ACCEPTED,,2026-09-16 13:17:50,2026-09-16 13:34:07,2026-09-16 13:50:22,2026-09-16 13:59:14,COMPLETED
WF-000778,REQ-002526,HSP-001,AMB-055,ACCEPTED,,2026-09-16 13:23:45,2026-09-16 13:35:23,2026-09-16 13:52:42,2026-09-16 13:57:53,COMPLETED
WF-000779,REQ-002529,HSP-012,AMB-013,ACCEPTED,,2026-09-16 13:30:58,2026-09-16 13:50:24,2026-09-16 14:00:34,2026-09-16 14:22:20,COMPLETED
WF-000780,REQ-002531,HSP-002,AMB-070,ACCEPTED,,2026-09-16 13:33:25,2026-09-16 13:57:15,2026-09-16 14:22:04,2026-09-16 14:40:38,COMPLETED
WF-000781,REQ-002536,HSP-012,AMB-096,ACCEPTED,,2026-09-16 13:46:31,2026-09-16 14:00:10,2026-09-16 14:23:20,2026-09-16 14:38:28,COMPLETED
WF-000782,REQ-002538,HSP-008,AMB-032,ACCEPTED,,2026-09-16 13:56:58,2026-09-16 14:14:05,2026-09-16 14:31:21,2026-09-16 14:53:10,COMPLETED
WF-000783,REQ-002539,HSP-008,AMB-024,REJECTED,No Bed,2026-09-16 13:57:08,,,,
WF-000784,REQ-002539,HSP-007,AMB-024,REJECTED,Other,2026-09-16 14:00:34,,,,
WF-000785,REQ-002541,HSP-002,AMB-028,ACCEPTED,,2026-09-16 14:11:19,2026-09-16 14:23:45,2026-09-16 14:30:37,2026-09-16 14:36:03,COMPLETED
WF-000786,REQ-002545,HSP-002,AMB-051,ACCEPTED,,2026-09-16 14:59:54,2026-09-16 15:17:51,2026-09-16 15:30:25,2026-09-16 15:39:13,COMPLETED
WF-000787,REQ-002547,HSP-008,AMB-035,ACCEPTED,,2026-09-16 15:20:23,2026-09-16 15:33:01,2026-09-16 15:40:35,2026-09-16 15:58:00,COMPLETED
WF-000788,REQ-002548,HSP-008,AMB-049,REJECTED,No Bed,2026-09-16 15:21:13,,,,
WF-000789,REQ-002548,HSP-002,AMB-049,ACCEPTED,,2026-09-16 15:27:27,2026-09-16 15:36:20,2026-09-16 15:57:34,2026-09-16 16:11:27,COMPLETED
WF-000790,REQ-002549,HSP-011,AMB-080,ACCEPTED,,2026-09-16 15:38:51,2026-09-16 15:52:53,2026-09-16 16:02:59,2026-09-16 16:11:52,COMPLETED
WF-000791,REQ-002552,HSP-018,AMB-068,ACCEPTED,,2026-09-16 16:14:53,2026-09-16 16:33:05,2026-09-16 16:42:51,2026-09-16 16:56:28,COMPLETED
WF-000792,REQ-002556,HSP-015,AMB-044,REJECTED,No Bed,2026-09-16 16:21:02,,,,
WF-000793,REQ-002565,HSP-007,AMB-019,ACCEPTED,,2026-09-16 17:20:49,2026-09-16 17:38:03,2026-09-16 18:17:58,2026-09-16 18:28:09,COMPLETED
WF-000794,REQ-002566,HSP-002,AMB-002,ACCEPTED,,2026-09-16 17:25:48,2026-09-16 17:46:30,2026-09-16 17:57:02,2026-09-16 18:13:24,COMPLETED
WF-000795,REQ-002568,HSP-005,AMB-037,ACCEPTED,,2026-09-16 17:37:39,2026-09-16 17:58:53,2026-09-16 18:11:14,2026-09-16 18:28:00,COMPLETED
WF-000796,REQ-002567,HSP-008,AMB-032,ACCEPTED,,2026-09-16 17:38:58,2026-09-16 17:57:33,2026-09-16 18:20:52,2026-09-16 18:31:32,COMPLETED
WF-000797,REQ-002581,HSP-012,AMB-087,ACCEPTED,,2026-09-16 18:31:13,2026-09-16 18:47:17,2026-09-16 18:53:42,2026-09-16 18:59:24,COMPLETED
WF-000798,REQ-002582,HSP-008,AMB-049,ACCEPTED,,2026-09-16 18:35:29,2026-09-16 19:02:34,2026-09-16 19:29:40,2026-09-16 19:38:59,COMPLETED
WF-000799,REQ-002588,HSP-012,AMB-085,ACCEPTED,,2026-09-16 19:06:37,2026-09-16 19:33:25,2026-09-16 20:08:13,2026-09-16 20:27:45,COMPLETED
WF-000800,REQ-002589,HSP-012,AMB-065,REJECTED,No Bed,2026-09-16 19:06:39,,,,
WF-000801,REQ-002589,HSP-013,AMB-065,ACCEPTED,,2026-09-16 19:08:55,2026-09-16 19:37:59,2026-09-16 20:02:47,2026-09-16 20:21:09,COMPLETED
WF-000802,REQ-002592,HSP-001,AMB-051,ACCEPTED,,2026-09-16 19:27:52,2026-09-16 19:44:00,2026-09-16 20:00:43,2026-09-16 20:06:39,COMPLETED
WF-000803,REQ-002593,HSP-001,AMB-040,REJECTED,No Bed,2026-09-16 19:29:44,,,,
WF-000804,REQ-002593,HSP-015,AMB-040,ACCEPTED,,2026-09-16 19:31:51,2026-09-16 19:50:08,2026-09-16 20:00:38,2026-09-16 20:06:32,COMPLETED
WF-000805,REQ-002598,HSP-002,AMB-075,ACCEPTED,,2026-09-16 19:58:37,2026-09-16 20:11:30,2026-09-16 20:18:53,2026-09-16 20:39:12,COMPLETED
WF-000806,REQ-002601,HSP-018,AMB-021,ACCEPTED,,2026-09-16 20:18:46,2026-09-16 20:44:25,2026-09-16 21:01:46,2026-09-16 21:19:41,COMPLETED
WF-000807,REQ-002606,HSP-001,AMB-051,ACCEPTED,,2026-09-16 20:37:23,2026-09-16 20:54:19,2026-09-16 21:06:51,2026-09-16 21:19:24,COMPLETED
WF-000808,REQ-002609,HSP-004,AMB-034,ACCEPTED,,2026-09-16 20:57:26,2026-09-16 21:14:36,2026-09-16 21:23:00,2026-09-16 21:30:16,COMPLETED
WF-000809,REQ-002611,HSP-013,AMB-085,ACCEPTED,,2026-09-16 21:16:34,2026-09-16 21:37:41,2026-09-16 22:01:35,2026-09-16 22:11:03,COMPLETED
WF-000810,REQ-002613,HSP-020,AMB-088,ACCEPTED,,2026-09-16 21:36:02,2026-09-16 21:59:25,2026-09-16 22:13:46,2026-09-16 22:26:00,COMPLETED
WF-000811,REQ-002615,HSP-013,AMB-078,ACCEPTED,,2026-09-16 21:42:33,2026-09-16 22:03:19,2026-09-16 22:21:01,2026-09-16 22:41:17,COMPLETED
WF-000812,REQ-002618,HSP-003,AMB-055,ACCEPTED,,2026-09-16 22:58:54,2026-09-16 23:12:17,2026-09-16 23:38:03,2026-09-16 23:52:18,COMPLETED
WF-000813,REQ-002619,HSP-002,AMB-093,ACCEPTED,,2026-09-16 23:12:22,2026-09-16 23:29:00,2026-09-17 00:10:19,2026-09-17 00:18:50,COMPLETED
WF-000814,REQ-002624,HSP-013,AMB-053,ACCEPTED,,2026-09-16 23:40:26,2026-09-16 23:52:42,2026-09-16 23:59:06,2026-09-17 00:19:12,COMPLETED
WF-000815,REQ-002625,HSP-008,AMB-035,ACCEPTED,,2026-09-16 23:44:38,2026-09-17 00:04:19,2026-09-17 00:09:33,2026-09-17 00:25:28,COMPLETED
WF-000816,REQ-002627,HSP-012,AMB-088,ACCEPTED,,2026-09-16 23:47:50,2026-09-17 00:02:44,2026-09-17 00:14:21,2026-09-17 00:19:31,COMPLETED
WF-000817,REQ-002631,HSP-008,AMB-001,ACCEPTED,,2026-09-17 00:25:44,2026-09-17 00:37:14,2026-09-17 00:47:22,2026-09-17 00:53:30,COMPLETED
WF-000818,REQ-002641,HSP-008,AMB-029,ACCEPTED,,2026-09-17 02:05:50,2026-09-17 02:26:54,2026-09-17 02:38:27,2026-09-17 02:48:48,COMPLETED
WF-000819,REQ-002642,HSP-002,AMB-093,ACCEPTED,,2026-09-17 03:36:13,2026-09-17 03:52:24,2026-09-17 04:26:01,2026-09-17 04:30:19,COMPLETED
WF-000820,REQ-002644,HSP-002,AMB-070,ACCEPTED,,2026-09-17 06:04:25,2026-09-17 06:25:21,2026-09-17 07:02:41,2026-09-17 07:17:02,COMPLETED
WF-000821,REQ-002650,HSP-002,AMB-044,ACCEPTED,,2026-09-17 07:11:18,2026-09-17 07:25:45,2026-09-17 07:42:42,2026-09-17 08:04:19,COMPLETED
WF-000822,REQ-002651,HSP-007,AMB-042,ACCEPTED,,2026-09-17 07:21:20,2026-09-17 07:37:25,2026-09-17 07:47:48,2026-09-17 08:05:10,COMPLETED
WF-000823,REQ-002665,HSP-025,AMB-070,ACCEPTED,,2026-09-17 09:15:42,2026-09-17 09:28:50,2026-09-17 09:35:57,2026-09-17 09:45:02,COMPLETED
WF-000824,REQ-002669,HSP-001,AMB-073,ACCEPTED,,2026-09-17 09:51:10,2026-09-17 10:11:13,2026-09-17 10:43:37,2026-09-17 10:54:19,COMPLETED
WF-000825,REQ-002671,HSP-019,AMB-022,ACCEPTED,,2026-09-17 09:55:38,2026-09-17 10:11:06,2026-09-17 11:23:10,2026-09-17 11:33:09,COMPLETED
WF-000826,REQ-002670,HSP-019,AMB-008,REJECTED,No Bed,2026-09-17 09:57:02,,,,
WF-000827,REQ-002674,HSP-002,AMB-093,ACCEPTED,,2026-09-17 10:18:06,2026-09-17 10:40:29,2026-09-17 12:21:08,2026-09-17 12:34:05,COMPLETED
WF-000828,REQ-002676,HSP-004,AMB-003,REJECTED,No Bed,2026-09-17 10:21:05,,,,
WF-000829,REQ-002676,HSP-003,AMB-003,ACCEPTED,,2026-09-17 10:24:42,2026-09-17 10:38:09,2026-09-17 10:50:53,2026-09-17 11:08:54,COMPLETED
WF-000830,REQ-002680,HSP-013,AMB-072,ACCEPTED,,2026-09-17 10:44:56,2026-09-17 11:00:05,2026-09-17 11:06:40,2026-09-17 11:25:03,COMPLETED
WF-000831,REQ-002681,HSP-013,AMB-053,REJECTED,No Bed,2026-09-17 10:45:14,,,,
WF-000832,REQ-002682,HSP-002,AMB-076,ACCEPTED,,2026-09-17 10:49:31,2026-09-17 11:06:54,2026-09-17 11:42:42,2026-09-17 11:54:57,COMPLETED
WF-000833,REQ-002689,HSP-012,AMB-080,ACCEPTED,,2026-09-17 11:17:19,2026-09-17 11:31:05,2026-09-17 11:39:04,2026-09-17 11:48:48,COMPLETED
WF-000834,REQ-002694,HSP-002,AMB-002,ACCEPTED,,2026-09-17 11:46:30,2026-09-17 12:01:45,2026-09-17 12:09:21,2026-09-17 12:30:16,COMPLETED
WF-000835,REQ-002704,HSP-012,AMB-014,ACCEPTED,,2026-09-17 12:48:22,2026-09-17 13:04:07,2026-09-17 13:21:50,2026-09-17 13:27:31,COMPLETED
WF-000836,REQ-002709,HSP-020,AMB-064,ACCEPTED,,2026-09-17 13:12:28,2026-09-17 13:31:01,2026-09-17 13:47:08,2026-09-17 13:57:22,COMPLETED
WF-000837,REQ-002715,HSP-013,AMB-003,ACCEPTED,,2026-09-17 14:12:25,2026-09-17 14:30:07,2026-09-17 14:53:40,2026-09-17 14:57:45,COMPLETED
WF-000838,REQ-002718,HSP-007,AMB-027,ACCEPTED,,2026-09-17 14:19:08,2026-09-17 14:36:06,2026-09-17 14:50:45,2026-09-17 15:07:54,COMPLETED
WF-000839,REQ-002717,HSP-001,AMB-052,ACCEPTED,,2026-09-17 14:20:04,2026-09-17 14:38:59,2026-09-17 15:00:34,2026-09-17 15:16:04,COMPLETED
WF-000840,REQ-002730,HSP-012,AMB-091,ACCEPTED,,2026-09-17 17:03:29,2026-09-17 17:18:04,2026-09-17 17:31:57,2026-09-17 17:51:09,COMPLETED
WF-000841,REQ-002731,HSP-009,AMB-012,ACCEPTED,,2026-09-17 17:05:12,2026-09-17 17:23:14,2026-09-17 17:32:51,2026-09-17 17:49:38,COMPLETED
WF-000842,REQ-002733,HSP-013,AMB-055,ACCEPTED,,2026-09-17 17:12:05,2026-09-17 17:35:30,2026-09-17 18:18:16,2026-09-17 18:30:51,COMPLETED
WF-000843,REQ-002737,HSP-002,AMB-093,ACCEPTED,,2026-09-17 17:55:33,2026-09-17 18:06:50,2026-09-17 19:12:01,2026-09-17 19:33:47,COMPLETED
WF-000844,REQ-002739,HSP-007,AMB-043,ACCEPTED,,2026-09-17 18:04:45,2026-09-17 18:17:48,2026-09-17 18:58:14,2026-09-17 19:09:39,COMPLETED
WF-000845,REQ-002746,HSP-004,AMB-057,ACCEPTED,,2026-09-17 18:43:50,2026-09-17 19:02:39,2026-09-17 19:44:01,2026-09-17 20:03:45,COMPLETED
WF-000846,REQ-002747,HSP-012,AMB-080,ACCEPTED,,2026-09-17 18:52:39,2026-09-17 19:06:55,2026-09-17 19:18:34,2026-09-17 19:26:16,COMPLETED
WF-000847,REQ-002748,HSP-002,AMB-028,ACCEPTED,,2026-09-17 18:55:45,2026-09-17 19:12:05,2026-09-17 19:21:15,2026-09-17 19:26:54,COMPLETED
WF-000848,REQ-002750,HSP-019,AMB-032,ACCEPTED,,2026-09-17 19:04:27,2026-09-17 19:16:05,2026-09-17 19:21:19,2026-09-17 19:25:40,COMPLETED
WF-000849,REQ-002751,HSP-007,AMB-013,ACCEPTED,,2026-09-17 19:12:26,2026-09-17 19:29:51,2026-09-17 20:01:54,2026-09-17 20:06:13,COMPLETED
WF-000850,REQ-002756,HSP-009,AMB-006,ACCEPTED,,2026-09-17 19:42:27,2026-09-17 19:58:34,2026-09-17 20:10:36,2026-09-17 20:17:06,COMPLETED
WF-000851,REQ-002758,HSP-002,AMB-066,ACCEPTED,,2026-09-17 19:53:36,2026-09-17 20:12:08,2026-09-17 21:44:47,2026-09-17 21:57:02,COMPLETED
WF-000852,REQ-002760,HSP-007,AMB-014,ACCEPTED,,2026-09-17 20:14:35,2026-09-17 20:29:45,2026-09-17 20:42:33,2026-09-17 20:53:30,COMPLETED
WF-000853,REQ-002761,HSP-019,AMB-035,ACCEPTED,,2026-09-17 20:21:25,2026-09-17 20:48:05,2026-09-17 21:26:41,2026-09-17 21:42:21,COMPLETED
WF-000854,REQ-002764,HSP-025,AMB-070,ACCEPTED,,2026-09-17 20:31:08,2026-09-17 20:54:22,2026-09-17 21:09:02,2026-09-17 21:14:13,COMPLETED
WF-000855,REQ-002765,HSP-002,AMB-002,ACCEPTED,,2026-09-17 20:39:24,2026-09-17 20:52:24,2026-09-17 20:59:15,2026-09-17 21:07:43,COMPLETED
WF-000856,REQ-002766,HSP-013,AMB-055,ACCEPTED,,2026-09-17 20:47:52,2026-09-17 21:02:46,2026-09-17 21:42:29,2026-09-17 21:58:04,COMPLETED
WF-000857,REQ-002773,HSP-013,AMB-092,ACCEPTED,,2026-09-17 21:28:19,2026-09-17 21:47:04,2026-09-17 22:04:09,2026-09-17 22:12:12,COMPLETED
WF-000858,REQ-002774,HSP-024,AMB-022,ACCEPTED,,2026-09-17 21:55:00,2026-09-17 22:09:42,2026-09-17 22:15:20,2026-09-17 22:34:14,COMPLETED
WF-000859,REQ-002776,HSP-002,AMB-025,ACCEPTED,,2026-09-17 22:26:52,2026-09-17 22:45:17,2026-09-17 23:15:29,2026-09-17 23:34:44,COMPLETED
WF-000860,REQ-002791,HSP-012,AMB-091,ACCEPTED,,2026-09-18 01:32:05,2026-09-18 01:41:28,2026-09-18 01:47:44,2026-09-18 02:06:05,COMPLETED
WF-000861,REQ-002793,HSP-013,AMB-081,ACCEPTED,,2026-09-18 02:13:52,2026-09-18 02:23:16,2026-09-18 02:29:10,2026-09-18 02:38:37,COMPLETED
WF-000862,REQ-002799,HSP-013,AMB-072,ACCEPTED,,2026-09-18 05:30:36,2026-09-18 05:51:18,2026-09-18 05:57:27,2026-09-18 06:04:02,COMPLETED
WF-000863,REQ-002800,HSP-013,AMB-081,REJECTED,No Bed,2026-09-18 05:32:30,,,,
WF-000864,REQ-002800,HSP-003,AMB-081,ACCEPTED,,2026-09-18 05:38:55,2026-09-18 05:50:01,2026-09-18 06:04:49,2026-09-18 06:19:57,COMPLETED
WF-000865,REQ-002808,HSP-002,AMB-028,ACCEPTED,,2026-09-18 07:07:28,2026-09-18 07:30:05,2026-09-18 07:44:51,2026-09-18 07:59:02,COMPLETED
WF-000866,REQ-002825,HSP-008,AMB-006,ACCEPTED,,2026-09-18 09:06:17,2026-09-18 09:21:50,2026-09-18 09:52:32,2026-09-18 10:05:04,COMPLETED
WF-000867,REQ-002828,HSP-012,AMB-069,ACCEPTED,,2026-09-18 09:27:24,2026-09-18 09:37:15,2026-09-18 09:44:36,2026-09-18 10:06:14,COMPLETED
WF-000868,REQ-002832,HSP-002,AMB-070,ACCEPTED,,2026-09-18 09:43:58,2026-09-18 10:01:16,2026-09-18 10:47:49,2026-09-18 10:56:27,COMPLETED
WF-000869,REQ-002836,HSP-007,AMB-061,ACCEPTED,,2026-09-18 09:55:49,2026-09-18 10:14:48,2026-09-18 10:34:23,2026-09-18 10:48:58,COMPLETED
WF-000870,REQ-002835,HSP-012,AMB-087,ACCEPTED,,2026-09-18 09:55:50,2026-09-18 10:16:12,2026-09-18 10:21:31,2026-09-18 10:30:29,COMPLETED
WF-000871,REQ-002837,HSP-012,AMB-080,REJECTED,No Bed,2026-09-18 09:57:33,,,,
WF-000872,REQ-002837,HSP-007,AMB-080,ACCEPTED,,2026-09-18 10:03:58,2026-09-18 10:15:23,2026-09-18 10:39:44,2026-09-18 10:58:03,COMPLETED
WF-000873,REQ-002844,HSP-003,AMB-057,ACCEPTED,,2026-09-18 10:49:20,2026-09-18 11:06:11,2026-09-18 11:40:41,2026-09-18 11:56:39,COMPLETED
WF-000874,REQ-002852,HSP-002,AMB-025,ACCEPTED,,2026-09-18 11:53:15,2026-09-18 12:11:28,2026-09-18 12:37:57,2026-09-18 12:45:40,COMPLETED
WF-000875,REQ-002853,HSP-002,AMB-007,ACCEPTED,,2026-09-18 11:58:32,2026-09-18 12:16:45,2026-09-18 12:26:41,2026-09-18 12:37:51,COMPLETED
WF-000876,REQ-002855,HSP-006,AMB-098,ACCEPTED,,2026-09-18 12:12:07,2026-09-18 12:23:30,2026-09-18 12:30:40,2026-09-18 12:49:19,COMPLETED
WF-000877,REQ-002863,HSP-001,AMB-055,ACCEPTED,,2026-09-18 12:56:30,2026-09-18 13:07:14,2026-09-18 13:26:51,2026-09-18 13:38:36,COMPLETED
WF-000878,REQ-002864,HSP-002,AMB-044,REJECTED,Stale Data,2026-09-18 13:05:10,,,,
WF-000879,REQ-002865,HSP-002,AMB-007,ACCEPTED,,2026-09-18 13:05:50,2026-09-18 13:25:01,2026-09-18 13:40:30,2026-09-18 13:45:10,COMPLETED
WF-000880,REQ-002864,HSP-001,AMB-044,ACCEPTED,,2026-09-18 13:09:12,2026-09-18 13:18:04,2026-09-18 13:37:39,2026-09-18 13:57:43,COMPLETED
WF-000881,REQ-002872,HSP-002,AMB-083,REJECTED,Stale Data,2026-09-18 13:47:44,,,,
WF-000882,REQ-002876,HSP-012,AMB-091,ACCEPTED,,2026-09-18 14:09:24,2026-09-18 14:24:11,2026-09-18 14:31:53,2026-09-18 14:51:30,COMPLETED
WF-000883,REQ-002878,HSP-002,AMB-025,ACCEPTED,,2026-09-18 14:12:40,2026-09-18 14:29:07,2026-09-18 15:07:43,2026-09-18 15:19:52,COMPLETED
WF-000884,REQ-002880,HSP-001,AMB-083,ACCEPTED,,2026-09-18 14:13:08,2026-09-18 14:34:46,2026-09-18 14:41:35,2026-09-18 14:48:29,COMPLETED
WF-000885,REQ-002884,HSP-019,AMB-023,ACCEPTED,,2026-09-18 14:48:43,2026-09-18 15:02:50,2026-09-18 15:32:11,2026-09-18 15:49:51,COMPLETED
WF-000886,REQ-002889,HSP-002,AMB-093,ACCEPTED,,2026-09-18 15:02:43,2026-09-18 15:18:41,2026-09-18 16:17:56,2026-09-18 16:39:51,COMPLETED
WF-000887,REQ-002892,HSP-015,AMB-001,ACCEPTED,,2026-09-18 15:14:39,2026-09-18 15:33:15,2026-09-18 16:10:37,2026-09-18 16:30:08,COMPLETED
WF-000888,REQ-002893,HSP-019,AMB-007,ACCEPTED,,2026-09-18 15:15:19,2026-09-18 15:37:28,2026-09-18 16:04:36,2026-09-18 16:17:59,COMPLETED
WF-000889,REQ-002895,HSP-004,AMB-037,ACCEPTED,,2026-09-18 15:39:10,2026-09-18 15:58:13,2026-09-18 16:22:31,2026-09-18 16:41:29,COMPLETED
WF-000890,REQ-002897,HSP-012,AMB-091,ACCEPTED,,2026-09-18 15:42:46,2026-09-18 15:59:45,2026-09-18 16:08:46,2026-09-18 16:27:58,COMPLETED
WF-000891,REQ-002901,HSP-020,AMB-080,ACCEPTED,,2026-09-18 15:46:20,2026-09-18 16:02:06,2026-09-18 16:25:49,2026-09-18 16:38:43,COMPLETED
WF-000892,REQ-002902,HSP-013,AMB-092,ACCEPTED,,2026-09-18 15:51:45,2026-09-18 16:06:41,2026-09-18 16:33:47,2026-09-18 16:51:41,COMPLETED
WF-000893,REQ-002909,HSP-012,AMB-014,REJECTED,No Bed,2026-09-18 16:50:55,,,,
WF-000894,REQ-002908,HSP-012,AMB-077,ACCEPTED,,2026-09-18 16:51:30,2026-09-18 17:10:51,2026-09-18 17:28:01,2026-09-18 17:39:43,COMPLETED
WF-000895,REQ-002911,HSP-001,AMB-035,ACCEPTED,,2026-09-18 16:55:18,2026-09-18 17:11:29,2026-09-18 17:35:16,2026-09-18 17:46:08,COMPLETED
WF-000896,REQ-002909,HSP-007,AMB-014,ACCEPTED,,2026-09-18 16:56:08,2026-09-18 17:04:02,2026-09-18 17:15:20,2026-09-18 17:30:45,COMPLETED
WF-000897,REQ-002918,HSP-008,AMB-032,ACCEPTED,,2026-09-18 17:38:37,2026-09-18 17:56:22,2026-09-18 18:24:25,2026-09-18 18:28:25,COMPLETED
WF-000898,REQ-002915,HSP-024,AMB-008,REJECTED,No Equipment,2026-09-18 17:39:22,,,,
WF-000899,REQ-002917,HSP-024,AMB-022,ACCEPTED,,2026-09-18 17:39:43,2026-09-18 18:06:55,2026-09-18 18:22:25,2026-09-18 18:29:44,COMPLETED
WF-000900,REQ-002915,HSP-008,AMB-008,ACCEPTED,,2026-09-18 17:43:11,2026-09-18 17:58:15,2026-09-18 19:01:09,2026-09-18 19:13:57,COMPLETED
WF-000901,REQ-002922,HSP-004,AMB-092,ACCEPTED,,2026-09-18 17:48:07,2026-09-18 18:13:11,2026-09-18 18:42:48,2026-09-18 18:49:49,COMPLETED
WF-000902,REQ-002924,HSP-002,AMB-002,ACCEPTED,,2026-09-18 18:10:12,2026-09-18 18:31:34,2026-09-18 18:39:05,2026-09-18 18:54:06,COMPLETED
WF-000903,REQ-002925,HSP-002,AMB-007,ACCEPTED,,2026-09-18 18:12:46,2026-09-18 18:28:33,2026-09-18 18:41:14,2026-09-18 19:01:30,COMPLETED
WF-000904,REQ-002928,HSP-012,AMB-088,ACCEPTED,,2026-09-18 18:24:57,2026-09-18 18:40:56,2026-09-18 19:02:52,2026-09-18 19:23:44,COMPLETED
WF-000905,REQ-002929,HSP-024,AMB-094,ACCEPTED,,2026-09-18 18:26:11,2026-09-18 18:45:48,2026-09-18 19:00:48,2026-09-18 19:11:07,COMPLETED
WF-000906,REQ-002930,HSP-009,AMB-012,ACCEPTED,,2026-09-18 18:34:40,2026-09-18 18:46:54,2026-09-18 18:52:43,2026-09-18 18:59:03,COMPLETED
WF-000907,REQ-002933,HSP-008,AMB-035,ACCEPTED,,2026-09-18 18:52:23,2026-09-18 19:11:09,2026-09-18 19:17:31,2026-09-18 19:39:16,COMPLETED
WF-000908,REQ-002935,HSP-012,AMB-043,REJECTED,Specialist Unavailable,2026-09-18 19:08:09,,,,
WF-000909,REQ-002936,HSP-002,AMB-044,ACCEPTED,,2026-09-18 19:11:35,2026-09-18 19:27:24,2026-09-18 19:43:29,2026-09-18 19:53:34,COMPLETED
WF-000910,REQ-002935,HSP-006,AMB-043,ACCEPTED,,2026-09-18 19:12:09,2026-09-18 19:34:43,2026-09-18 20:07:00,2026-09-18 20:16:12,COMPLETED
WF-000911,REQ-002938,HSP-004,AMB-068,ACCEPTED,,2026-09-18 19:19:07,2026-09-18 19:31:28,2026-09-18 19:48:49,2026-09-18 19:53:17,COMPLETED
WF-000912,REQ-002948,HSP-013,AMB-092,ACCEPTED,,2026-09-18 21:06:26,2026-09-18 21:25:10,2026-09-18 21:39:28,2026-09-18 21:43:34,COMPLETED
WF-000913,REQ-002958,HSP-012,AMB-097,ACCEPTED,,2026-09-18 22:32:44,2026-09-18 22:43:05,2026-09-18 22:50:50,2026-09-18 23:12:42,COMPLETED
WF-000914,REQ-002961,HSP-001,AMB-070,ACCEPTED,,2026-09-18 22:41:04,2026-09-18 22:58:50,2026-09-18 23:40:27,2026-09-18 23:55:26,COMPLETED
WF-000915,REQ-002973,HSP-012,AMB-080,ACCEPTED,,2026-09-19 00:15:25,2026-09-19 00:28:11,2026-09-19 00:38:23,2026-09-19 00:50:52,COMPLETED
WF-000916,REQ-002985,HSP-007,AMB-043,REJECTED,Stale Data,2026-09-19 02:34:12,,,,
WF-000917,REQ-002985,HSP-014,AMB-043,ACCEPTED,,2026-09-19 02:36:52,2026-09-19 02:46:30,2026-09-19 03:16:47,2026-09-19 03:34:57,COMPLETED
WF-000918,REQ-002988,HSP-019,AMB-066,ACCEPTED,,2026-09-19 03:59:31,2026-09-19 04:20:04,2026-09-19 05:09:07,2026-09-19 05:30:36,COMPLETED
WF-000919,REQ-002990,HSP-006,AMB-018,ACCEPTED,,2026-09-19 04:44:31,2026-09-19 05:03:36,2026-09-19 05:15:55,2026-09-19 05:24:03,COMPLETED
WF-000920,REQ-002992,HSP-018,AMB-061,ACCEPTED,,2026-09-19 05:13:11,2026-09-19 05:26:49,2026-09-19 05:36:19,2026-09-19 05:40:29,COMPLETED
WF-000921,REQ-002995,HSP-013,AMB-060,ACCEPTED,,2026-09-19 05:53:14,2026-09-19 06:03:36,2026-09-19 06:20:28,2026-09-19 06:29:03,COMPLETED
WF-000922,REQ-002996,HSP-012,AMB-097,ACCEPTED,,2026-09-19 06:06:49,2026-09-19 06:22:15,2026-09-19 06:29:34,2026-09-19 06:42:55,COMPLETED
WF-000923,REQ-002999,HSP-001,AMB-083,ACCEPTED,,2026-09-19 07:11:03,2026-09-19 07:27:52,2026-09-19 07:33:26,2026-09-19 07:41:09,COMPLETED
WF-000924,REQ-003016,HSP-002,AMB-045,ACCEPTED,,2026-09-19 10:32:12,2026-09-19 10:50:25,2026-09-19 10:56:58,2026-09-19 11:09:02,COMPLETED
WF-000925,REQ-003021,HSP-004,AMB-047,ACCEPTED,,2026-09-19 11:12:00,2026-09-19 11:32:26,2026-09-19 11:49:27,2026-09-19 12:06:27,COMPLETED
WF-000926,REQ-003022,HSP-015,AMB-049,ACCEPTED,,2026-09-19 11:28:18,2026-09-19 11:45:57,2026-09-19 12:14:57,2026-09-19 12:31:31,COMPLETED
WF-000927,REQ-003026,HSP-007,AMB-019,ACCEPTED,,2026-09-19 12:17:31,2026-09-19 12:36:00,2026-09-19 13:05:34,2026-09-19 13:21:43,COMPLETED
WF-000928,REQ-003030,HSP-012,AMB-018,ACCEPTED,,2026-09-19 12:24:25,2026-09-19 12:43:50,2026-09-19 13:03:47,2026-09-19 13:22:01,COMPLETED
WF-000929,REQ-003034,HSP-018,AMB-053,ACCEPTED,,2026-09-19 12:54:56,2026-09-19 13:11:39,2026-09-19 13:40:19,2026-09-19 13:46:14,COMPLETED
WF-000930,REQ-003035,HSP-012,AMB-090,ACCEPTED,,2026-09-19 13:12:25,2026-09-19 13:29:29,2026-09-19 13:42:40,2026-09-19 14:00:05,COMPLETED
WF-000931,REQ-003036,HSP-012,AMB-087,REJECTED,No Bed,2026-09-19 13:13:15,,,,
WF-000932,REQ-003036,HSP-003,AMB-087,REJECTED,No Bed,2026-09-19 13:18:10,,,,
WF-000933,REQ-003038,HSP-012,AMB-014,ACCEPTED,,2026-09-19 13:18:28,2026-09-19 13:40:59,2026-09-19 13:59:24,2026-09-19 14:10:43,COMPLETED
WF-000934,REQ-003039,HSP-013,AMB-068,REJECTED,Other,2026-09-19 13:25:15,,,,
WF-000935,REQ-003044,HSP-008,AMB-006,ACCEPTED,,2026-09-19 13:53:05,2026-09-19 14:09:14,2026-09-19 14:28:56,2026-09-19 14:47:35,COMPLETED
WF-000936,REQ-003047,HSP-002,AMB-044,ACCEPTED,,2026-09-19 14:06:20,2026-09-19 14:23:41,2026-09-19 14:40:01,2026-09-19 15:01:45,COMPLETED
WF-000937,REQ-003049,HSP-012,AMB-080,ACCEPTED,,2026-09-19 14:25:12,2026-09-19 14:36:18,2026-09-19 14:42:16,2026-09-19 14:57:45,COMPLETED
WF-000938,REQ-003052,HSP-002,AMB-093,ACCEPTED,,2026-09-19 14:33:28,2026-09-19 14:53:20,2026-09-19 15:46:00,2026-09-19 15:53:02,COMPLETED
WF-000939,REQ-003054,HSP-004,AMB-021,ACCEPTED,,2026-09-19 14:49:36,2026-09-19 15:07:16,2026-09-19 15:16:24,2026-09-19 15:34:19,COMPLETED
WF-000940,REQ-003055,HSP-012,AMB-090,ACCEPTED,,2026-09-19 14:53:18,2026-09-19 15:15:03,2026-09-19 15:21:18,2026-09-19 15:39:35,COMPLETED
WF-000941,REQ-003056,HSP-013,AMB-058,ACCEPTED,,2026-09-19 14:56:19,2026-09-19 15:15:08,2026-09-19 15:55:02,2026-09-19 16:05:50,COMPLETED
WF-000942,REQ-003057,HSP-001,AMB-052,ACCEPTED,,2026-09-19 15:12:08,2026-09-19 15:28:15,2026-09-19 15:46:05,2026-09-19 15:55:09,COMPLETED
WF-000943,REQ-003058,HSP-004,AMB-057,ACCEPTED,,2026-09-19 15:13:50,2026-09-19 15:35:07,2026-09-19 16:01:06,2026-09-19 16:16:56,COMPLETED
WF-000944,REQ-003060,HSP-008,AMB-035,ACCEPTED,,2026-09-19 15:26:08,2026-09-19 15:49:55,2026-09-19 16:02:46,2026-09-19 16:15:40,COMPLETED
WF-000945,REQ-003061,HSP-008,AMB-049,REJECTED,No Bed,2026-09-19 15:26:52,,,,
WF-000946,REQ-003061,HSP-002,AMB-049,ACCEPTED,,2026-09-19 15:31:51,2026-09-19 15:45:45,2026-09-19 16:13:39,2026-09-19 16:31:45,COMPLETED
WF-000947,REQ-003063,HSP-024,AMB-022,ACCEPTED,,2026-09-19 15:33:04,2026-09-19 15:53:53,2026-09-19 16:01:18,2026-09-19 16:13:57,COMPLETED
WF-000948,REQ-003066,HSP-008,AMB-032,ACCEPTED,,2026-09-19 15:37:03,2026-09-19 16:02:38,2026-09-19 16:14:36,2026-09-19 16:20:36,COMPLETED
WF-000949,REQ-003067,HSP-008,AMB-006,REJECTED,No Bed,2026-09-19 15:37:54,,,,
WF-000950,REQ-003068,HSP-020,AMB-068,REJECTED,No Bed,2026-09-19 15:38:12,,,,
WF-000951,REQ-003067,HSP-002,AMB-006,ACCEPTED,,2026-09-19 15:39:55,2026-09-19 15:58:50,2026-09-19 16:28:01,2026-09-19 16:43:10,COMPLETED
WF-000952,REQ-003068,HSP-014,AMB-068,ACCEPTED,,2026-09-19 15:40:21,2026-09-19 15:55:52,2026-09-19 16:17:35,2026-09-19 16:23:44,COMPLETED
WF-000953,REQ-003071,HSP-008,AMB-024,ACCEPTED,,2026-09-19 15:53:26,2026-09-19 16:08:30,2026-09-19 16:33:38,2026-09-19 16:45:19,COMPLETED
WF-000954,REQ-003079,HSP-008,AMB-001,ACCEPTED,,2026-09-19 16:22:33,2026-09-19 16:39:15,2026-09-19 16:51:20,2026-09-19 17:00:44,COMPLETED
WF-000955,REQ-003081,HSP-008,AMB-012,ACCEPTED,,2026-09-19 16:28:30,2026-09-19 16:45:50,2026-09-19 16:55:27,2026-09-19 17:01:24,COMPLETED
WF-000956,REQ-003083,HSP-009,AMB-023,ACCEPTED,,2026-09-19 16:31:18,2026-09-19 16:47:11,2026-09-19 16:57:00,2026-09-19 17:01:51,COMPLETED
WF-000957,REQ-003082,HSP-018,AMB-088,ACCEPTED,,2026-09-19 16:32:41,2026-09-19 16:46:06,2026-09-19 16:59:26,2026-09-19 17:16:20,COMPLETED
WF-000958,REQ-003104,HSP-001,AMB-055,ACCEPTED,,2026-09-19 18:11:58,2026-09-19 18:34:03,2026-09-19 18:53:22,2026-09-19 19:03:27,COMPLETED
WF-000959,REQ-003106,HSP-013,AMB-072,ACCEPTED,,2026-09-19 18:21:57,2026-09-19 18:45:19,2026-09-19 19:05:05,2026-09-19 19:13:20,COMPLETED
WF-000960,REQ-003107,HSP-009,AMB-022,ACCEPTED,,2026-09-19 18:26:24,2026-09-19 18:41:10,2026-09-19 19:57:25,2026-09-19 20:08:43,COMPLETED
WF-000961,REQ-003109,HSP-003,AMB-052,ACCEPTED,,2026-09-19 18:34:30,2026-09-19 18:58:47,2026-09-19 19:33:40,2026-09-19 19:50:48,COMPLETED
WF-000962,REQ-003110,HSP-020,AMB-091,ACCEPTED,,2026-09-19 18:36:40,2026-09-19 18:46:38,2026-09-19 19:20:40,2026-09-19 19:27:06,COMPLETED
WF-000963,REQ-003112,HSP-018,AMB-081,ACCEPTED,,2026-09-19 18:41:18,2026-09-19 19:03:45,2026-09-19 19:40:12,2026-09-19 19:54:55,COMPLETED
WF-000964,REQ-003114,HSP-008,AMB-049,ACCEPTED,,2026-09-19 18:44:56,2026-09-19 19:10:56,2026-09-19 19:26:47,2026-09-19 19:30:50,COMPLETED
WF-000965,REQ-003120,HSP-013,AMB-053,ACCEPTED,,2026-09-19 19:32:05,2026-09-19 19:50:40,2026-09-19 20:00:32,2026-09-19 20:22:00,COMPLETED
WF-000966,REQ-003119,HSP-002,AMB-093,ACCEPTED,,2026-09-19 19:32:24,2026-09-19 19:47:52,2026-09-19 21:08:29,2026-09-19 21:17:55,COMPLETED
WF-000967,REQ-003121,HSP-020,AMB-080,ACCEPTED,,2026-09-19 19:38:49,2026-09-19 19:56:32,2026-09-19 20:23:54,2026-09-19 20:42:38,COMPLETED
WF-000968,REQ-003122,HSP-013,AMB-073,ACCEPTED,,2026-09-19 19:46:55,2026-09-19 20:08:05,2026-09-19 20:41:37,2026-09-19 20:53:02,COMPLETED
WF-000969,REQ-003123,HSP-018,AMB-061,ACCEPTED,,2026-09-19 19:48:38,2026-09-19 20:09:15,2026-09-19 20:28:07,2026-09-19 20:44:49,COMPLETED
WF-000970,REQ-003125,HSP-007,AMB-018,ACCEPTED,,2026-09-19 20:06:11,2026-09-19 20:22:25,2026-09-19 20:32:18,2026-09-19 20:52:02,COMPLETED
WF-000971,REQ-003127,HSP-002,AMB-070,ACCEPTED,,2026-09-19 20:17:40,2026-09-19 20:40:22,2026-09-19 21:42:23,2026-09-19 21:54:31,COMPLETED
WF-000972,REQ-003129,HSP-002,AMB-075,REJECTED,No Bed,2026-09-19 20:39:08,,,,
WF-000973,REQ-003130,HSP-001,AMB-051,ACCEPTED,,2026-09-19 20:51:33,2026-09-19 21:09:09,2026-09-19 21:22:44,2026-09-19 21:36:24,COMPLETED
WF-000974,REQ-003133,HSP-009,AMB-022,ACCEPTED,,2026-09-19 21:04:08,2026-09-19 21:17:28,2026-09-19 22:06:33,2026-09-19 22:16:55,COMPLETED
WF-000975,REQ-003134,HSP-009,AMB-007,ACCEPTED,,2026-09-19 21:07:27,2026-09-19 21:27:41,2026-09-19 21:40:52,2026-09-19 21:46:28,COMPLETED
WF-000976,REQ-003136,HSP-012,AMB-043,REJECTED,No Bed,2026-09-19 21:23:11,,,,
WF-000977,REQ-003136,HSP-006,AMB-043,REJECTED,Other,2026-09-19 21:28:27,,,,
WF-000978,REQ-003136,HSP-007,AMB-043,ACCEPTED,,2026-09-19 21:30:52,2026-09-19 21:43:18,2026-09-19 22:00:18,2026-09-19 22:22:00,COMPLETED
WF-000979,REQ-003137,HSP-010,AMB-024,REJECTED,No Bed,2026-09-19 21:35:49,,,,
WF-000980,REQ-003137,HSP-007,AMB-024,ACCEPTED,,2026-09-19 21:41:22,2026-09-19 21:54:26,2026-09-19 22:28:11,2026-09-19 22:48:22,COMPLETED
WF-000981,REQ-003140,HSP-002,AMB-093,ACCEPTED,,2026-09-19 22:15:51,2026-09-19 22:27:45,2026-09-19 23:30:13,2026-09-19 23:47:17,COMPLETED
WF-000982,REQ-003151,HSP-002,AMB-007,ACCEPTED,,2026-09-19 23:45:44,2026-09-19 23:56:16,2026-09-20 00:06:24,2026-09-20 00:20:53,COMPLETED
WF-000983,REQ-003161,HSP-001,AMB-061,REJECTED,Other,2026-09-20 02:27:55,,,,
WF-000984,REQ-003161,HSP-020,AMB-061,REJECTED,Stale Data,2026-09-20 02:29:34,,,,
WF-000985,REQ-003161,HSP-007,AMB-061,REJECTED,Stale Data,2026-09-20 02:35:59,,,,
WF-000986,REQ-003164,HSP-013,AMB-043,ACCEPTED,,2026-09-20 03:32:03,2026-09-20 03:49:15,2026-09-20 04:43:29,2026-09-20 04:59:52,COMPLETED
WF-000987,REQ-003168,HSP-006,AMB-096,REJECTED,Specialist Unavailable,2026-09-20 04:03:41,,,,
WF-000988,REQ-003167,HSP-007,AMB-087,ACCEPTED,,2026-09-20 04:04:19,2026-09-20 04:23:26,2026-09-20 04:38:47,2026-09-20 04:45:09,COMPLETED
WF-000989,REQ-003168,HSP-007,AMB-096,ACCEPTED,,2026-09-20 04:06:06,2026-09-20 04:17:51,2026-09-20 04:25:56,2026-09-20 04:43:20,COMPLETED
WF-000990,REQ-003170,HSP-004,AMB-052,ACCEPTED,,2026-09-20 04:32:20,2026-09-20 04:45:02,2026-09-20 04:56:19,2026-09-20 05:02:14,COMPLETED
WF-000991,REQ-003181,HSP-002,AMB-075,ACCEPTED,,2026-09-20 06:54:39,2026-09-20 07:12:00,2026-09-20 07:18:10,2026-09-20 07:36:27,COMPLETED
WF-000992,REQ-003186,HSP-013,AMB-092,ACCEPTED,,2026-09-20 07:37:31,2026-09-20 07:47:37,2026-09-20 08:04:19,2026-09-20 08:23:12,COMPLETED
WF-000993,REQ-003195,HSP-005,AMB-055,REJECTED,Specialist Unavailable,2026-09-20 09:02:16,,,,
WF-000994,REQ-003195,HSP-003,AMB-055,ACCEPTED,,2026-09-20 09:06:37,2026-09-20 09:30:53,2026-09-20 10:08:19,2026-09-20 10:19:02,COMPLETED
WF-000995,REQ-003204,HSP-018,AMB-060,ACCEPTED,,2026-09-20 09:35:29,2026-09-20 09:53:40,2026-09-20 10:01:50,2026-09-20 10:20:57,COMPLETED
WF-000996,REQ-003210,HSP-014,AMB-099,ACCEPTED,,2026-09-20 10:13:14,2026-09-20 10:34:57,2026-09-20 10:54:01,2026-09-20 11:00:36,COMPLETED
WF-000997,REQ-003211,HSP-012,AMB-080,REJECTED,No Bed,2026-09-20 10:27:39,,,,
WF-000998,REQ-003211,HSP-020,AMB-080,REJECTED,Stale Data,2026-09-20 10:31:56,,,,
WF-000999,REQ-003212,HSP-023,AMB-009,ACCEPTED,,2026-09-20 10:34:06,2026-09-20 11:01:06,2026-09-20 11:41:28,2026-09-20 11:52:19,COMPLETED
WF-001000,REQ-003218,HSP-012,AMB-087,ACCEPTED,,2026-09-20 11:15:14,2026-09-20 11:29:25,2026-09-20 11:37:46,2026-09-20 11:51:01,COMPLETED
WF-001001,REQ-003220,HSP-007,AMB-019,REJECTED,Stale Data,2026-09-20 11:34:01,,,,
WF-001002,REQ-003221,HSP-013,AMB-052,REJECTED,No Bed,2026-09-20 11:34:20,,,,
WF-001003,REQ-003220,HSP-020,AMB-019,ACCEPTED,,2026-09-20 11:36:26,2026-09-20 11:52:46,2026-09-20 12:28:56,2026-09-20 12:38:01,COMPLETED
WF-001004,REQ-003221,HSP-022,AMB-052,ACCEPTED,,2026-09-20 11:41:09,2026-09-20 11:55:28,2026-09-20 12:06:32,2026-09-20 12:24:18,COMPLETED
WF-001005,REQ-003224,HSP-008,AMB-012,ACCEPTED,,2026-09-20 11:53:40,2026-09-20 12:14:22,2026-09-20 12:24:17,2026-09-20 12:45:27,COMPLETED
WF-001006,REQ-003226,HSP-007,AMB-017,ACCEPTED,,2026-09-20 12:04:15,2026-09-20 12:23:39,2026-09-20 12:41:14,2026-09-20 12:58:01,COMPLETED
WF-001007,REQ-003229,HSP-004,AMB-073,ACCEPTED,,2026-09-20 12:09:05,2026-09-20 12:25:40,2026-09-20 12:34:08,2026-09-20 12:46:58,COMPLETED
WF-001008,REQ-003232,HSP-007,AMB-043,ACCEPTED,,2026-09-20 12:56:01,2026-09-20 13:16:14,2026-09-20 13:38:22,2026-09-20 14:00:11,COMPLETED
WF-001009,REQ-003233,HSP-024,AMB-022,ACCEPTED,,2026-09-20 12:56:55,2026-09-20 13:14:40,2026-09-20 13:20:14,2026-09-20 13:37:53,COMPLETED
WF-001010,REQ-003234,HSP-015,AMB-035,ACCEPTED,,2026-09-20 13:02:52,2026-09-20 13:17:16,2026-09-20 13:41:53,2026-09-20 13:53:22,COMPLETED
WF-001011,REQ-003243,HSP-020,AMB-087,REJECTED,Specialist Unavailable,2026-09-20 14:07:09,,,,
WF-001012,REQ-003244,HSP-013,AMB-088,ACCEPTED,,2026-09-20 14:07:19,2026-09-20 14:26:12,2026-09-20 14:50:31,2026-09-20 14:55:08,COMPLETED
WF-001013,REQ-003243,HSP-014,AMB-087,ACCEPTED,,2026-09-20 14:10:22,2026-09-20 14:20:15,2026-09-20 14:38:11,2026-09-20 14:43:16,COMPLETED
WF-001014,REQ-003248,HSP-001,AMB-048,ACCEPTED,,2026-09-20 14:30:22,2026-09-20 14:40:22,2026-09-20 15:02:02,2026-09-20 15:20:04,COMPLETED
WF-001015,REQ-003249,HSP-002,AMB-002,ACCEPTED,,2026-09-20 14:30:30,2026-09-20 14:48:39,2026-09-20 15:03:39,2026-09-20 15:15:54,COMPLETED
WF-001016,REQ-003250,HSP-006,AMB-018,ACCEPTED,,2026-09-20 14:39:11,2026-09-20 15:01:29,2026-09-20 15:15:15,2026-09-20 15:24:32,COMPLETED
WF-001017,REQ-003252,HSP-002,AMB-093,ACCEPTED,,2026-09-20 14:40:32,2026-09-20 14:52:58,2026-09-20 15:56:20,2026-09-20 16:18:11,COMPLETED
WF-001018,REQ-003255,HSP-002,AMB-082,ACCEPTED,,2026-09-20 15:10:20,2026-09-20 15:28:04,2026-09-20 16:20:55,2026-09-20 16:41:36,COMPLETED
WF-001019,REQ-003257,HSP-001,AMB-073,ACCEPTED,,2026-09-20 15:16:50,2026-09-20 15:32:21,2026-09-20 15:52:02,2026-09-20 16:03:53,COMPLETED
WF-001020,REQ-003258,HSP-001,AMB-003,REJECTED,No Bed,2026-09-20 15:18:00,,,,
WF-001021,REQ-003258,HSP-020,AMB-003,REJECTED,No Bed,2026-09-20 15:24:09,,,,
WF-001022,REQ-003260,HSP-002,AMB-075,ACCEPTED,,2026-09-20 15:49:51,2026-09-20 16:06:41,2026-09-20 16:17:08,2026-09-20 16:28:08,COMPLETED
WF-001023,REQ-003261,HSP-003,AMB-003,ACCEPTED,,2026-09-20 15:57:16,2026-09-20 16:16:02,2026-09-20 16:27:29,2026-09-20 16:31:35,COMPLETED
WF-001024,REQ-003268,HSP-002,AMB-070,REJECTED,Specialist Unavailable,2026-09-20 17:34:05,,,,
WF-001025,REQ-003268,HSP-005,AMB-070,ACCEPTED,,2026-09-20 17:39:36,2026-09-20 17:53:57,2026-09-20 18:55:27,2026-09-20 19:09:26,COMPLETED
WF-001026,REQ-003272,HSP-023,AMB-017,ACCEPTED,,2026-09-20 18:13:43,2026-09-20 18:28:41,2026-09-20 18:40:35,2026-09-20 18:56:38,COMPLETED
WF-001027,REQ-003278,HSP-001,AMB-096,ACCEPTED,,2026-09-20 18:36:55,2026-09-20 18:48:33,2026-09-20 19:36:15,2026-09-20 19:54:48,COMPLETED
WF-001028,REQ-003277,HSP-012,AMB-090,ACCEPTED,,2026-09-20 18:37:53,2026-09-20 18:56:49,2026-09-20 19:11:06,2026-09-20 19:18:09,COMPLETED
WF-001029,REQ-003280,HSP-002,AMB-025,ACCEPTED,,2026-09-20 18:40:55,2026-09-20 19:04:13,2026-09-20 20:03:46,2026-09-20 20:15:01,COMPLETED
WF-001030,REQ-003288,HSP-018,AMB-003,ACCEPTED,,2026-09-20 19:13:58,2026-09-20 19:33:03,2026-09-20 19:48:04,2026-09-20 19:57:06,COMPLETED
WF-001031,REQ-003291,HSP-015,AMB-076,ACCEPTED,,2026-09-20 19:20:31,2026-09-20 19:49:54,2026-09-20 20:35:08,2026-09-20 20:45:21,COMPLETED
WF-001032,REQ-003295,HSP-015,AMB-044,ACCEPTED,,2026-09-20 19:49:41,2026-09-20 20:10:58,2026-09-20 20:44:56,2026-09-20 20:53:08,COMPLETED
WF-001033,REQ-003296,HSP-002,AMB-075,ACCEPTED,,2026-09-20 19:52:22,2026-09-20 20:13:52,2026-09-20 20:22:03,2026-09-20 20:41:58,COMPLETED
WF-001034,REQ-003298,HSP-013,AMB-085,REJECTED,Other,2026-09-20 19:56:30,,,,
WF-001035,REQ-003297,HSP-024,AMB-022,ACCEPTED,,2026-09-20 19:56:39,2026-09-20 20:07:15,2026-09-20 20:10:27,2026-09-20 20:31:01,COMPLETED
WF-001036,REQ-003298,HSP-007,AMB-085,ACCEPTED,,2026-09-20 20:03:21,2026-09-20 20:17:12,2026-09-20 21:05:36,2026-09-20 21:20:34,COMPLETED
WF-001037,REQ-003300,HSP-002,AMB-007,ACCEPTED,,2026-09-20 20:27:59,2026-09-20 20:54:58,2026-09-20 21:04:21,2026-09-20 21:13:48,COMPLETED
WF-001038,REQ-003304,HSP-012,AMB-059,REJECTED,Other,2026-09-20 20:59:43,,,,
WF-001039,REQ-003305,HSP-001,AMB-012,ACCEPTED,,2026-09-20 21:00:44,2026-09-20 21:14:11,2026-09-20 21:48:08,2026-09-20 21:53:01,COMPLETED
WF-001040,REQ-003306,HSP-015,AMB-035,ACCEPTED,,2026-09-20 21:03:51,2026-09-20 21:26:33,2026-09-20 21:58:58,2026-09-20 22:09:08,COMPLETED
WF-001041,REQ-003304,HSP-006,AMB-059,ACCEPTED,,2026-09-20 21:06:16,2026-09-20 21:21:18,2026-09-20 21:30:49,2026-09-20 21:52:48,COMPLETED
WF-001042,REQ-003313,HSP-009,AMB-082,ACCEPTED,,2026-09-20 21:37:41,2026-09-20 21:55:13,2026-09-20 22:50:35,2026-09-20 22:57:27,COMPLETED
WF-001043,REQ-003317,HSP-004,AMB-061,ACCEPTED,,2026-09-20 21:52:46,2026-09-20 22:06:43,2026-09-20 22:21:17,2026-09-20 22:42:22,COMPLETED
WF-001044,REQ-003319,HSP-013,AMB-033,ACCEPTED,,2026-09-20 22:19:23,2026-09-20 22:32:55,2026-09-20 22:38:39,2026-09-20 22:55:14,COMPLETED
WF-001045,REQ-003324,HSP-002,AMB-075,REJECTED,Specialist Unavailable,2026-09-20 23:03:31,,,,
WF-001046,REQ-003324,HSP-001,AMB-075,ACCEPTED,,2026-09-20 23:09:43,2026-09-20 23:20:57,2026-09-20 23:48:53,2026-09-20 23:52:54,COMPLETED
WF-001047,REQ-003327,HSP-007,AMB-061,REJECTED,Stale Data,2026-09-21 00:27:46,,,,
WF-001048,REQ-003335,HSP-002,AMB-070,ACCEPTED,,2026-09-21 04:15:26,2026-09-21 04:26:34,2026-09-21 04:56:50,2026-09-21 05:07:48,COMPLETED
WF-001049,REQ-003337,HSP-004,AMB-061,ACCEPTED,,2026-09-21 05:44:41,2026-09-21 06:03:43,2026-09-21 06:19:04,2026-09-21 06:35:29,COMPLETED
WF-001050,REQ-003339,HSP-011,AMB-091,ACCEPTED,,2026-09-21 06:31:38,2026-09-21 06:49:07,2026-09-21 06:57:28,2026-09-21 07:11:44,COMPLETED
WF-001051,REQ-003340,HSP-017,AMB-007,ACCEPTED,,2026-09-21 06:49:01,2026-09-21 06:59:14,2026-09-21 07:02:52,2026-09-21 07:15:46,COMPLETED
WF-001052,REQ-003349,HSP-004,AMB-052,ACCEPTED,,2026-09-21 08:17:42,2026-09-21 08:40:06,2026-09-21 09:07:46,2026-09-21 09:18:48,COMPLETED
WF-001053,REQ-003357,HSP-002,AMB-070,ACCEPTED,,2026-09-21 08:43:56,2026-09-21 09:07:49,2026-09-21 09:55:09,2026-09-21 10:07:54,COMPLETED
WF-001054,REQ-003356,HSP-012,AMB-097,ACCEPTED,,2026-09-21 08:44:24,2026-09-21 09:08:19,2026-09-21 09:21:57,2026-09-21 09:26:52,COMPLETED
WF-001055,REQ-003358,HSP-002,AMB-044,ACCEPTED,,2026-09-21 08:52:39,2026-09-21 09:08:16,2026-09-21 09:31:09,2026-09-21 09:35:47,COMPLETED
WF-001056,REQ-003362,HSP-001,AMB-007,ACCEPTED,,2026-09-21 09:59:04,2026-09-21 10:15:20,2026-09-21 10:47:28,2026-09-21 11:01:37,COMPLETED
WF-001057,REQ-003363,HSP-002,AMB-025,ACCEPTED,,2026-09-21 09:59:37,2026-09-21 10:23:07,2026-09-21 11:06:01,2026-09-21 11:24:41,COMPLETED
WF-001058,REQ-003368,HSP-018,AMB-003,ACCEPTED,,2026-09-21 10:49:12,2026-09-21 11:07:07,2026-09-21 11:17:43,2026-09-21 11:24:17,COMPLETED
WF-001059,REQ-003374,HSP-024,AMB-022,ACCEPTED,,2026-09-21 11:07:10,2026-09-21 11:27:24,2026-09-21 11:41:53,2026-09-21 12:02:54,COMPLETED
WF-001060,REQ-003382,HSP-003,AMB-075,ACCEPTED,,2026-09-21 11:35:23,2026-09-21 11:51:23,2026-09-21 12:35:10,2026-09-21 12:50:08,COMPLETED
WF-001061,REQ-003383,HSP-003,AMB-061,ACCEPTED,,2026-09-21 11:37:16,2026-09-21 11:52:17,2026-09-21 12:13:58,2026-09-21 12:24:26,COMPLETED
WF-001062,REQ-003384,HSP-008,AMB-023,ACCEPTED,,2026-09-21 11:57:45,2026-09-21 12:08:19,2026-09-21 12:25:58,2026-09-21 12:34:48,COMPLETED
WF-001063,REQ-003386,HSP-011,AMB-088,ACCEPTED,,2026-09-21 11:59:43,2026-09-21 12:14:41,2026-09-21 12:28:07,2026-09-21 12:42:24,COMPLETED
WF-001064,REQ-003390,HSP-007,AMB-014,ACCEPTED,,2026-09-21 12:12:49,2026-09-21 12:24:37,2026-09-21 12:31:04,2026-09-21 12:50:00,COMPLETED
WF-001065,REQ-003391,HSP-007,AMB-018,REJECTED,No Bed,2026-09-21 12:13:05,,,,
WF-001066,REQ-003391,HSP-020,AMB-018,REJECTED,Stale Data,2026-09-21 12:15:31,,,,
WF-001067,REQ-003393,HSP-002,AMB-076,ACCEPTED,,2026-09-21 12:31:19,2026-09-21 12:42:42,2026-09-21 13:03:09,2026-09-21 13:07:50,COMPLETED
WF-001068,REQ-003403,HSP-001,AMB-055,ACCEPTED,,2026-09-21 14:00:45,2026-09-21 14:18:27,2026-09-21 14:40:59,2026-09-21 14:59:01,COMPLETED
WF-001069,REQ-003404,HSP-018,AMB-068,ACCEPTED,,2026-09-21 14:21:00,2026-09-21 14:39:53,2026-09-21 14:51:24,2026-09-21 14:57:39,COMPLETED
WF-001070,REQ-003410,HSP-001,AMB-011,ACCEPTED,,2026-09-21 14:47:46,2026-09-21 15:08:10,2026-09-21 15:20:56,2026-09-21 15:37:50,COMPLETED
WF-001071,REQ-003420,HSP-004,AMB-047,ACCEPTED,,2026-09-21 16:07:15,2026-09-21 16:26:05,2026-09-21 16:47:46,2026-09-21 17:01:43,COMPLETED
WF-001072,REQ-003426,HSP-004,AMB-061,ACCEPTED,,2026-09-21 17:09:43,2026-09-21 17:30:20,2026-09-21 17:47:56,2026-09-21 18:05:55,COMPLETED
WF-001073,REQ-003430,HSP-013,AMB-085,ACCEPTED,,2026-09-21 18:10:42,2026-09-21 18:28:32,2026-09-21 18:46:06,2026-09-21 18:55:07,COMPLETED
WF-001074,REQ-003431,HSP-001,AMB-001,ACCEPTED,,2026-09-21 18:14:52,2026-09-21 18:31:38,2026-09-21 19:15:37,2026-09-21 19:32:56,COMPLETED
WF-001075,REQ-003436,HSP-003,AMB-065,ACCEPTED,,2026-09-21 19:06:40,2026-09-21 19:27:55,2026-09-21 19:45:54,2026-09-21 19:54:57,COMPLETED
WF-001076,REQ-003439,HSP-002,AMB-007,ACCEPTED,,2026-09-21 19:18:22,2026-09-21 19:38:25,2026-09-21 19:56:19,2026-09-21 20:08:17,COMPLETED
WF-001077,REQ-003440,HSP-013,AMB-037,ACCEPTED,,2026-09-21 19:19:27,2026-09-21 19:49:53,2026-09-21 20:06:01,2026-09-21 20:12:21,COMPLETED
WF-001078,REQ-003446,HSP-006,AMB-096,ACCEPTED,,2026-09-21 19:40:53,2026-09-21 20:02:07,2026-09-21 20:25:56,2026-09-21 20:36:32,COMPLETED
WF-001079,REQ-003451,HSP-013,AMB-072,REJECTED,Other,2026-09-21 20:09:11,,,,
WF-001080,REQ-003451,HSP-020,AMB-072,ACCEPTED,,2026-09-21 20:15:37,2026-09-21 20:29:55,2026-09-21 21:04:50,2026-09-21 21:11:52,COMPLETED
WF-001081,REQ-003461,HSP-012,AMB-013,ACCEPTED,,2026-09-21 22:01:43,2026-09-21 22:22:49,2026-09-21 22:42:53,2026-09-21 22:57:13,COMPLETED
WF-001082,REQ-003464,HSP-004,AMB-058,REJECTED,Specialist Unavailable,2026-09-21 22:29:17,,,,
WF-001083,REQ-003464,HSP-018,AMB-058,ACCEPTED,,2026-09-21 22:33:24,2026-09-21 22:40:03,2026-09-21 23:00:12,2026-09-21 23:21:15,COMPLETED
WF-001084,REQ-003469,HSP-013,AMB-053,REJECTED,No Bed,2026-09-21 23:07:02,,,,
WF-001085,REQ-003469,HSP-004,AMB-053,ACCEPTED,,2026-09-21 23:12:51,2026-09-21 23:21:55,2026-09-21 23:41:51,2026-09-22 00:01:13,COMPLETED
WF-001086,REQ-003473,HSP-004,AMB-016,ACCEPTED,,2026-09-22 00:04:39,2026-09-22 00:21:32,2026-09-22 00:25:55,2026-09-22 00:47:20,COMPLETED
WF-001087,REQ-003474,HSP-007,AMB-077,REJECTED,Stale Data,2026-09-22 00:59:14,,,,
WF-001088,REQ-003474,HSP-020,AMB-077,ACCEPTED,,2026-09-22 01:01:08,2026-09-22 01:17:20,2026-09-22 01:34:44,2026-09-22 01:52:49,COMPLETED
WF-001089,REQ-003477,HSP-024,AMB-008,ACCEPTED,,2026-09-22 02:03:12,2026-09-22 02:19:38,2026-09-22 02:26:28,2026-09-22 02:40:22,COMPLETED
WF-001090,REQ-003479,HSP-013,AMB-043,ACCEPTED,,2026-09-22 02:33:53,2026-09-22 02:50:11,2026-09-22 03:37:18,2026-09-22 03:46:34,COMPLETED
WF-001091,REQ-003482,HSP-004,AMB-052,ACCEPTED,,2026-09-22 02:52:58,2026-09-22 03:07:05,2026-09-22 03:15:49,2026-09-22 03:30:31,COMPLETED
WF-001092,REQ-003483,HSP-018,AMB-068,ACCEPTED,,2026-09-22 04:16:32,2026-09-22 04:27:22,2026-09-22 04:33:13,2026-09-22 04:53:06,COMPLETED
WF-001093,REQ-003485,HSP-002,AMB-070,ACCEPTED,,2026-09-22 05:41:12,2026-09-22 06:00:20,2026-09-22 06:30:16,2026-09-22 06:49:11,COMPLETED
WF-001094,REQ-003486,HSP-019,AMB-022,REJECTED,Specialist Unavailable,2026-09-22 06:09:35,,,,
WF-001095,REQ-003487,HSP-002,AMB-062,ACCEPTED,,2026-09-22 06:29:46,2026-09-22 06:43:44,2026-09-22 07:06:18,2026-09-22 07:11:34,COMPLETED
WF-001096,REQ-003488,HSP-013,AMB-100,ACCEPTED,,2026-09-22 06:47:28,2026-09-22 07:06:08,2026-09-22 07:10:58,2026-09-22 07:16:15,COMPLETED
WF-001097,REQ-003491,HSP-002,AMB-025,ACCEPTED,,2026-09-22 07:10:39,2026-09-22 07:32:08,2026-09-22 08:19:30,2026-09-22 08:31:33,COMPLETED
WF-001098,REQ-003492,HSP-002,AMB-075,ACCEPTED,,2026-09-22 07:12:36,2026-09-22 07:26:40,2026-09-22 07:34:15,2026-09-22 07:47:10,COMPLETED
WF-001099,REQ-003493,HSP-018,AMB-057,ACCEPTED,,2026-09-22 07:19:25,2026-09-22 07:34:09,2026-09-22 07:57:22,2026-09-22 08:13:54,COMPLETED
WF-001100,REQ-003496,HSP-013,AMB-037,ACCEPTED,,2026-09-22 07:22:50,2026-09-22 07:46:09,2026-09-22 08:15:33,2026-09-22 08:20:18,COMPLETED
WF-001101,REQ-003499,HSP-004,AMB-068,ACCEPTED,,2026-09-22 07:43:28,2026-09-22 08:01:11,2026-09-22 08:14:09,2026-09-22 08:23:17,COMPLETED
WF-001102,REQ-003509,HSP-013,AMB-037,ACCEPTED,,2026-09-22 09:26:05,2026-09-22 09:47:24,2026-09-22 10:22:20,2026-09-22 10:29:29,COMPLETED
WF-001103,REQ-003510,HSP-001,AMB-055,ACCEPTED,,2026-09-22 09:29:48,2026-09-22 09:51:17,2026-09-22 10:10:22,2026-09-22 10:29:38,COMPLETED
WF-001104,REQ-003511,HSP-002,AMB-025,ACCEPTED,,2026-09-22 09:37:31,2026-09-22 09:55:50,2026-09-22 10:35:55,2026-09-22 10:41:35,COMPLETED
WF-001105,REQ-003521,HSP-012,AMB-091,ACCEPTED,,2026-09-22 10:51:48,2026-09-22 11:04:28,2026-09-22 11:15:08,2026-09-22 11:23:39,COMPLETED
WF-001106,REQ-003524,HSP-013,AMB-036,ACCEPTED,,2026-09-22 11:03:28,2026-09-22 11:22:52,2026-09-22 11:43:43,2026-09-22 12:03:40,COMPLETED
WF-001107,REQ-003526,HSP-008,AMB-029,ACCEPTED,,2026-09-22 11:27:11,2026-09-22 11:52:31,2026-09-22 12:16:28,2026-09-22 12:28:56,COMPLETED
WF-001108,REQ-003528,HSP-004,AMB-011,ACCEPTED,,2026-09-22 11:39:29,2026-09-22 11:55:37,2026-09-22 12:18:21,2026-09-22 12:23:53,COMPLETED
WF-001109,REQ-003529,HSP-020,AMB-088,ACCEPTED,,2026-09-22 11:45:09,2026-09-22 12:05:02,2026-09-22 12:12:09,2026-09-22 12:32:58,COMPLETED
WF-001110,REQ-003534,HSP-013,AMB-004,ACCEPTED,,2026-09-22 12:26:29,2026-09-22 12:44:04,2026-09-22 13:01:09,2026-09-22 13:15:42,COMPLETED
WF-001111,REQ-003535,HSP-001,AMB-024,ACCEPTED,,2026-09-22 12:42:43,2026-09-22 13:06:14,2026-09-22 13:32:24,2026-09-22 13:49:32,COMPLETED
WF-001112,REQ-003546,HSP-007,AMB-043,ACCEPTED,,2026-09-22 14:05:59,2026-09-22 14:19:17,2026-09-22 14:39:56,2026-09-22 14:58:03,COMPLETED
WF-001113,REQ-003549,HSP-007,AMB-049,ACCEPTED,,2026-09-22 14:31:00,2026-09-22 14:51:33,2026-09-22 15:48:15,2026-09-22 15:58:17,COMPLETED
WF-001114,REQ-003554,HSP-007,AMB-017,ACCEPTED,,2026-09-22 15:01:49,2026-09-22 15:23:21,2026-09-22 15:51:20,2026-09-22 16:11:55,COMPLETED
WF-001115,REQ-003557,HSP-002,AMB-007,ACCEPTED,,2026-09-22 15:44:38,2026-09-22 16:01:51,2026-09-22 16:07:17,2026-09-22 16:21:39,COMPLETED
WF-001116,REQ-003567,HSP-008,AMB-024,ACCEPTED,,2026-09-22 17:40:00,2026-09-22 18:05:19,2026-09-22 18:40:30,2026-09-22 18:56:44,COMPLETED
WF-001117,REQ-003580,HSP-002,AMB-045,ACCEPTED,,2026-09-22 18:56:25,2026-09-22 19:16:03,2026-09-22 19:28:21,2026-09-22 19:37:38,COMPLETED
WF-001118,REQ-003581,HSP-008,AMB-049,ACCEPTED,,2026-09-22 18:57:35,2026-09-22 19:17:08,2026-09-22 19:24:22,2026-09-22 19:29:36,COMPLETED
WF-001119,REQ-003583,HSP-017,AMB-044,REJECTED,No Bed,2026-09-22 18:59:41,,,,
WF-001120,REQ-003584,HSP-007,AMB-019,REJECTED,No Equipment,2026-09-22 19:05:31,,,,
WF-001121,REQ-003583,HSP-002,AMB-044,ACCEPTED,,2026-09-22 19:05:52,2026-09-22 19:19:26,2026-09-22 19:35:36,2026-09-22 19:56:42,COMPLETED
WF-001122,REQ-003590,HSP-013,AMB-053,ACCEPTED,,2026-09-22 19:50:42,2026-09-22 20:08:34,2026-09-22 20:18:00,2026-09-22 20:34:02,COMPLETED
WF-001123,REQ-003591,HSP-013,AMB-065,REJECTED,No Bed,2026-09-22 19:51:05,,,,
WF-001124,REQ-003591,HSP-020,AMB-065,ACCEPTED,,2026-09-22 19:54:43,2026-09-22 20:12:27,2026-09-22 20:41:37,2026-09-22 20:51:56,COMPLETED
WF-001125,REQ-003593,HSP-015,AMB-007,ACCEPTED,,2026-09-22 20:21:12,2026-09-22 20:53:18,2026-09-22 21:39:25,2026-09-22 21:44:02,COMPLETED
WF-001126,REQ-003594,HSP-015,AMB-023,REJECTED,No Bed,2026-09-22 20:22:25,,,,
WF-001127,REQ-003595,HSP-002,AMB-044,ACCEPTED,,2026-09-22 20:24:33,2026-09-22 20:40:09,2026-09-22 20:55:24,2026-09-22 21:00:06,COMPLETED
WF-001128,REQ-003597,HSP-018,AMB-057,ACCEPTED,,2026-09-22 20:40:07,2026-09-22 21:04:00,2026-09-22 21:53:29,2026-09-22 22:15:08,COMPLETED
WF-001129,REQ-003604,HSP-018,AMB-024,ACCEPTED,,2026-09-22 21:30:42,2026-09-22 21:48:08,2026-09-22 22:19:25,2026-09-22 22:35:38,COMPLETED
WF-001130,REQ-003605,HSP-001,AMB-048,ACCEPTED,,2026-09-22 21:32:06,2026-09-22 21:44:15,2026-09-22 22:08:25,2026-09-22 22:26:48,COMPLETED
WF-001131,REQ-003608,HSP-001,AMB-083,ACCEPTED,,2026-09-22 21:52:13,2026-09-22 22:13:28,2026-09-22 22:18:33,2026-09-22 22:31:10,COMPLETED
WF-001132,REQ-003610,HSP-001,AMB-026,ACCEPTED,,2026-09-22 22:01:57,2026-09-22 22:14:24,2026-09-22 22:17:36,2026-09-22 22:28:24,COMPLETED
WF-001133,REQ-003613,HSP-018,AMB-055,ACCEPTED,,2026-09-22 22:21:24,2026-09-22 22:34:13,2026-09-22 22:51:23,2026-09-22 22:56:37,COMPLETED
WF-001134,REQ-003618,HSP-002,AMB-028,ACCEPTED,,2026-09-22 23:28:57,2026-09-22 23:46:26,2026-09-22 23:56:52,2026-09-23 00:02:26,COMPLETED
WF-001135,REQ-003620,HSP-012,AMB-085,ACCEPTED,,2026-09-22 23:47:24,2026-09-23 00:04:45,2026-09-23 00:23:58,2026-09-23 00:37:38,COMPLETED
WF-001136,REQ-003622,HSP-013,AMB-043,ACCEPTED,,2026-09-22 23:53:33,2026-09-23 00:12:09,2026-09-23 00:58:23,2026-09-23 01:11:33,COMPLETED
WF-001137,REQ-003624,HSP-002,AMB-023,ACCEPTED,,2026-09-23 00:01:06,2026-09-23 00:18:31,2026-09-23 00:32:20,2026-09-23 00:47:09,COMPLETED
WF-001138,REQ-003626,HSP-007,AMB-019,ACCEPTED,,2026-09-23 00:49:03,2026-09-23 01:00:22,2026-09-23 01:16:29,2026-09-23 01:33:21,COMPLETED
WF-001139,REQ-003630,HSP-018,AMB-058,REJECTED,Specialist Unavailable,2026-09-23 01:06:31,,,,
WF-001140,REQ-003638,HSP-013,AMB-085,ACCEPTED,,2026-09-23 05:30:32,2026-09-23 05:47:00,2026-09-23 06:00:58,2026-09-23 06:20:12,COMPLETED
WF-001141,REQ-003640,HSP-002,AMB-044,ACCEPTED,,2026-09-23 06:09:18,2026-09-23 06:27:47,2026-09-23 06:39:48,2026-09-23 06:47:12,COMPLETED
WF-001142,REQ-003643,HSP-008,AMB-012,ACCEPTED,,2026-09-23 07:04:17,2026-09-23 07:22:29,2026-09-23 07:27:12,2026-09-23 07:44:07,COMPLETED
WF-001143,REQ-003644,HSP-002,AMB-075,ACCEPTED,,2026-09-23 07:10:08,2026-09-23 07:27:24,2026-09-23 07:32:44,2026-09-23 07:44:14,COMPLETED
WF-001144,REQ-003653,HSP-002,AMB-062,ACCEPTED,,2026-09-23 09:20:14,2026-09-23 09:39:57,2026-09-23 10:00:24,2026-09-23 10:20:01,COMPLETED
WF-001145,REQ-003657,HSP-012,AMB-085,ACCEPTED,,2026-09-23 09:35:16,2026-09-23 10:02:20,2026-09-23 10:34:21,2026-09-23 10:48:08,COMPLETED
WF-001146,REQ-003661,HSP-019,AMB-024,REJECTED,Stale Data,2026-09-23 09:47:00,,,,
WF-001147,REQ-003661,HSP-010,AMB-024,ACCEPTED,,2026-09-23 09:53:21,2026-09-23 10:06:39,2026-09-23 10:42:58,2026-09-23 10:54:17,COMPLETED
WF-001148,REQ-003664,HSP-013,AMB-072,ACCEPTED,,2026-09-23 10:03:25,2026-09-23 10:32:03,2026-09-23 10:51:46,2026-09-23 10:59:55,COMPLETED
WF-001149,REQ-003670,HSP-012,AMB-013,ACCEPTED,,2026-09-23 10:44:22,2026-09-23 10:58:15,2026-09-23 11:06:58,2026-09-23 11:28:46,COMPLETED
WF-001150,REQ-003671,HSP-012,AMB-099,ACCEPTED,,2026-09-23 10:46:01,2026-09-23 11:03:03,2026-09-23 11:12:12,2026-09-23 11:22:32,COMPLETED
WF-001151,REQ-003677,HSP-018,AMB-003,ACCEPTED,,2026-09-23 11:03:15,2026-09-23 11:17:26,2026-09-23 11:27:08,2026-09-23 11:36:43,COMPLETED
WF-001152,REQ-003678,HSP-011,AMB-085,ACCEPTED,,2026-09-23 11:05:23,2026-09-23 11:22:48,2026-09-23 11:36:15,2026-09-23 11:50:52,COMPLETED
WF-001153,REQ-003681,HSP-009,AMB-035,ACCEPTED,,2026-09-23 11:20:02,2026-09-23 11:31:34,2026-09-23 11:45:06,2026-09-23 12:05:26,COMPLETED
WF-001154,REQ-003686,HSP-024,AMB-008,ACCEPTED,,2026-09-23 12:09:52,2026-09-23 12:32:56,2026-09-23 12:46:19,2026-09-23 13:02:59,COMPLETED
WF-001155,REQ-003688,HSP-001,AMB-073,ACCEPTED,,2026-09-23 12:41:39,2026-09-23 12:57:34,2026-09-23 13:20:04,2026-09-23 13:25:04,COMPLETED
WF-001156,REQ-003693,HSP-012,AMB-018,ACCEPTED,,2026-09-23 13:11:41,2026-09-23 13:29:04,2026-09-23 13:48:55,2026-09-23 14:09:17,COMPLETED
WF-001157,REQ-003704,HSP-014,AMB-085,REJECTED,No Bed,2026-09-23 14:41:49,,,,
WF-001158,REQ-003704,HSP-020,AMB-085,ACCEPTED,,2026-09-23 14:45:35,2026-09-23 15:02:22,2026-09-23 15:16:49,2026-09-23 15:34:20,COMPLETED
WF-001159,REQ-003706,HSP-004,AMB-055,ACCEPTED,,2026-09-23 14:55:00,2026-09-23 15:10:21,2026-09-23 15:21:43,2026-09-23 15:39:20,COMPLETED
WF-001160,REQ-003708,HSP-007,AMB-043,REJECTED,Stale Data,2026-09-23 15:10:18,,,,
WF-001161,REQ-003709,HSP-012,AMB-019,ACCEPTED,,2026-09-23 15:15:57,2026-09-23 15:32:30,2026-09-23 15:56:27,2026-09-23 16:01:21,COMPLETED
WF-001162,REQ-003708,HSP-020,AMB-043,ACCEPTED,,2026-09-23 15:16:49,2026-09-23 15:25:58,2026-09-23 16:18:41,2026-09-23 16:27:55,COMPLETED
WF-001163,REQ-003714,HSP-004,AMB-003,ACCEPTED,,2026-09-23 15:56:39,2026-09-23 16:09:26,2026-09-23 16:25:02,2026-09-23 16:40:26,COMPLETED
WF-001164,REQ-003722,HSP-004,AMB-055,REJECTED,No Bed,2026-09-23 16:21:53,,,,
WF-001165,REQ-003721,HSP-004,AMB-073,ACCEPTED,,2026-09-23 16:22:35,2026-09-23 16:36:45,2026-09-23 16:40:54,2026-09-23 16:47:03,COMPLETED
WF-001166,REQ-003722,HSP-003,AMB-055,ACCEPTED,,2026-09-23 16:23:40,2026-09-23 16:39:18,2026-09-23 16:54:48,2026-09-23 17:14:02,COMPLETED
WF-001167,REQ-003734,HSP-004,AMB-061,ACCEPTED,,2026-09-23 17:43:55,2026-09-23 17:56:56,2026-09-23 18:21:40,2026-09-23 18:34:55,COMPLETED
WF-001168,REQ-003737,HSP-002,AMB-028,ACCEPTED,,2026-09-23 18:38:09,2026-09-23 18:57:58,2026-09-23 19:08:16,2026-09-23 19:21:28,COMPLETED
WF-001169,REQ-003746,HSP-012,AMB-091,ACCEPTED,,2026-09-23 19:31:20,2026-09-23 19:48:56,2026-09-23 19:59:13,2026-09-23 20:07:37,COMPLETED
WF-001170,REQ-003747,HSP-004,AMB-011,ACCEPTED,,2026-09-23 19:37:21,2026-09-23 20:02:22,2026-09-23 20:15:24,2026-09-23 20:27:41,COMPLETED
WF-001171,REQ-003749,HSP-001,AMB-052,ACCEPTED,,2026-09-23 19:42:14,2026-09-23 19:56:17,2026-09-23 20:32:31,2026-09-23 20:46:15,COMPLETED
WF-001172,REQ-003754,HSP-012,AMB-013,ACCEPTED,,2026-09-23 20:05:45,2026-09-23 20:28:43,2026-09-23 20:53:03,2026-09-23 21:10:22,COMPLETED
WF-001173,REQ-003755,HSP-001,AMB-076,ACCEPTED,,2026-09-23 20:07:01,2026-09-23 20:28:31,2026-09-23 21:03:44,2026-09-23 21:23:56,COMPLETED
WF-001174,REQ-003757,HSP-001,AMB-040,ACCEPTED,,2026-09-23 20:24:58,2026-09-23 20:37:36,2026-09-23 20:46:01,2026-09-23 20:58:58,COMPLETED
WF-001175,REQ-003758,HSP-012,AMB-069,ACCEPTED,,2026-09-23 21:04:47,2026-09-23 21:19:42,2026-09-23 21:26:25,2026-09-23 21:35:10,COMPLETED
WF-001176,REQ-003759,HSP-012,AMB-090,ACCEPTED,,2026-09-23 21:15:13,2026-09-23 21:37:04,2026-09-23 21:48:19,2026-09-23 21:58:35,COMPLETED
WF-001177,REQ-003763,HSP-007,AMB-046,ACCEPTED,,2026-09-23 21:37:59,2026-09-23 21:51:53,2026-09-23 21:59:26,2026-09-23 22:07:19,COMPLETED
WF-001178,REQ-003765,HSP-001,AMB-007,ACCEPTED,,2026-09-23 21:53:07,2026-09-23 22:12:39,2026-09-23 22:36:10,2026-09-23 22:55:20,COMPLETED
WF-001179,REQ-003766,HSP-008,AMB-049,ACCEPTED,,2026-09-23 21:58:55,2026-09-23 22:16:41,2026-09-23 22:26:42,2026-09-23 22:33:55,COMPLETED
WF-001180,REQ-003772,HSP-001,AMB-015,REJECTED,No Bed,2026-09-23 22:25:21,,,,
WF-001181,REQ-003772,HSP-004,AMB-015,REJECTED,Specialist Unavailable,2026-09-23 22:27:11,,,,
WF-001182,REQ-003773,HSP-007,AMB-019,ACCEPTED,,2026-09-23 22:28:58,2026-09-23 22:40:00,2026-09-23 22:59:42,2026-09-23 23:14:31,COMPLETED
WF-001183,REQ-003772,HSP-015,AMB-015,REJECTED,Other,2026-09-23 22:31:55,,,,
WF-001184,REQ-003772,HSP-017,AMB-015,ACCEPTED,,2026-09-23 22:37:45,2026-09-23 22:39:53,2026-09-23 23:05:14,2026-09-23 23:24:39,COMPLETED
WF-001185,REQ-003775,HSP-007,AMB-043,REJECTED,No Equipment,2026-09-23 22:43:53,,,,
WF-001186,REQ-003775,HSP-013,AMB-043,ACCEPTED,,2026-09-23 22:48:25,2026-09-23 23:01:39,2026-09-23 23:55:39,2026-09-24 00:08:04,COMPLETED
WF-001187,REQ-003776,HSP-002,AMB-093,ACCEPTED,,2026-09-23 22:52:07,2026-09-23 23:04:24,2026-09-24 00:09:14,2026-09-24 00:29:23,COMPLETED
WF-001188,REQ-003778,HSP-011,AMB-085,ACCEPTED,,2026-09-23 23:17:57,2026-09-23 23:33:42,2026-09-23 23:50:19,2026-09-24 00:02:59,COMPLETED
WF-001189,REQ-003792,HSP-002,AMB-076,ACCEPTED,,2026-09-24 02:16:46,2026-09-24 02:28:31,2026-09-24 02:44:58,2026-09-24 02:49:58,COMPLETED
WF-001190,REQ-003793,HSP-002,AMB-062,REJECTED,No Bed,2026-09-24 02:17:05,,,,
WF-001191,REQ-003793,HSP-001,AMB-062,ACCEPTED,,2026-09-24 02:19:10,2026-09-24 02:34:09,2026-09-24 03:00:10,2026-09-24 03:19:12,COMPLETED
WF-001192,REQ-003795,HSP-003,AMB-053,ACCEPTED,,2026-09-24 04:47:27,2026-09-24 04:57:45,2026-09-24 05:12:17,2026-09-24 05:30:02,COMPLETED
WF-001193,REQ-003799,HSP-018,AMB-003,ACCEPTED,,2026-09-24 06:14:54,2026-09-24 06:29:52,2026-09-24 06:35:16,2026-09-24 06:40:10,COMPLETED
WF-001194,REQ-003803,HSP-012,AMB-042,ACCEPTED,,2026-09-24 07:29:54,2026-09-24 07:52:46,2026-09-24 08:12:57,2026-09-24 08:34:01,COMPLETED
WF-001195,REQ-003813,HSP-005,AMB-057,ACCEPTED,,2026-09-24 09:01:54,2026-09-24 09:21:33,2026-09-24 09:34:27,2026-09-24 09:44:03,COMPLETED
WF-001196,REQ-003812,HSP-024,AMB-022,ACCEPTED,,2026-09-24 09:01:55,2026-09-24 09:29:04,2026-09-24 09:42:47,2026-09-24 09:48:02,COMPLETED
WF-001197,REQ-003816,HSP-017,AMB-007,ACCEPTED,,2026-09-24 09:34:50,2026-09-24 09:49:47,2026-09-24 10:00:05,2026-09-24 10:10:11,COMPLETED
WF-001198,REQ-003825,HSP-023,AMB-019,ACCEPTED,,2026-09-24 11:21:53,2026-09-24 11:36:19,2026-09-24 11:43:17,2026-09-24 11:52:11,COMPLETED
WF-001199,REQ-003827,HSP-012,AMB-059,ACCEPTED,,2026-09-24 11:33:34,2026-09-24 11:53:12,2026-09-24 12:06:27,2026-09-24 12:21:58,COMPLETED
WF-001200,REQ-003828,HSP-009,AMB-006,ACCEPTED,,2026-09-24 11:38:22,2026-09-24 11:54:58,2026-09-24 12:04:29,2026-09-24 12:16:32,COMPLETED
WF-001201,REQ-003836,HSP-020,AMB-087,REJECTED,Stale Data,2026-09-24 13:03:24,,,,
WF-001202,REQ-003836,HSP-007,AMB-087,ACCEPTED,,2026-09-24 13:08:42,2026-09-24 13:14:55,2026-09-24 13:36:17,2026-09-24 13:40:20,COMPLETED
WF-001203,REQ-003846,HSP-012,AMB-080,ACCEPTED,,2026-09-24 13:44:50,2026-09-24 13:58:43,2026-09-24 14:03:07,2026-09-24 14:11:14,COMPLETED
WF-001204,REQ-003847,HSP-012,AMB-090,REJECTED,No Bed,2026-09-24 13:45:04,,,,
WF-001205,REQ-003847,HSP-006,AMB-090,REJECTED,No Bed,2026-09-24 13:49:06,,,,
WF-001206,REQ-003847,HSP-020,AMB-090,ACCEPTED,,2026-09-24 13:50:51,2026-09-24 13:58:04,2026-09-24 14:17:29,2026-09-24 14:35:39,COMPLETED
WF-001207,REQ-003850,HSP-001,AMB-035,ACCEPTED,,2026-09-24 13:59:34,2026-09-24 14:13:30,2026-09-24 14:41:18,2026-09-24 14:54:55,COMPLETED
WF-001208,REQ-003851,HSP-013,AMB-053,ACCEPTED,,2026-09-24 14:01:57,2026-09-24 14:14:36,2026-09-24 14:21:15,2026-09-24 14:31:30,COMPLETED
WF-001209,REQ-003853,HSP-001,AMB-015,ACCEPTED,,2026-09-24 14:25:07,2026-09-24 14:47:14,2026-09-24 15:00:10,2026-09-24 15:13:13,COMPLETED
WF-001210,REQ-003864,HSP-007,AMB-019,ACCEPTED,,2026-09-24 15:50:37,2026-09-24 16:10:38,2026-09-24 16:28:30,2026-09-24 16:40:42,COMPLETED
WF-001211,REQ-003865,HSP-007,AMB-059,REJECTED,No Bed,2026-09-24 15:50:55,,,,
WF-001212,REQ-003865,HSP-020,AMB-059,ACCEPTED,,2026-09-24 15:57:11,2026-09-24 16:12:29,2026-09-24 16:42:18,2026-09-24 17:03:04,COMPLETED
WF-001213,REQ-003868,HSP-013,AMB-067,ACCEPTED,,2026-09-24 16:30:57,2026-09-24 16:44:46,2026-09-24 16:56:00,2026-09-24 17:13:53,COMPLETED
WF-001214,REQ-003870,HSP-002,AMB-070,ACCEPTED,,2026-09-24 16:45:25,2026-09-24 16:57:59,2026-09-24 17:32:31,2026-09-24 17:51:12,COMPLETED
WF-001215,REQ-003877,HSP-020,AMB-043,ACCEPTED,,2026-09-24 17:13:04,2026-09-24 17:38:45,2026-09-24 18:24:40,2026-09-24 18:33:16,COMPLETED
WF-001216,REQ-003882,HSP-020,AMB-074,ACCEPTED,,2026-09-24 17:39:15,2026-09-24 17:51:35,2026-09-24 18:30:37,2026-09-24 18:42:02,COMPLETED
WF-001217,REQ-003884,HSP-001,AMB-052,ACCEPTED,,2026-09-24 17:53:21,2026-09-24 18:12:56,2026-09-24 18:42:45,2026-09-24 18:52:18,COMPLETED
WF-001218,REQ-003885,HSP-022,AMB-003,ACCEPTED,,2026-09-24 17:58:36,2026-09-24 18:13:03,2026-09-24 18:43:07,2026-09-24 18:57:01,COMPLETED
WF-001219,REQ-003886,HSP-024,AMB-022,ACCEPTED,,2026-09-24 18:11:20,2026-09-24 18:29:28,2026-09-24 18:37:21,2026-09-24 18:55:08,COMPLETED
WF-001220,REQ-003888,HSP-002,AMB-007,ACCEPTED,,2026-09-24 18:15:02,2026-09-24 18:34:28,2026-09-24 18:54:32,2026-09-24 19:14:53,COMPLETED
WF-001221,REQ-003887,HSP-002,AMB-062,ACCEPTED,,2026-09-24 18:16:33,2026-09-24 18:42:54,2026-09-24 18:57:34,2026-09-24 19:12:05,COMPLETED
WF-001222,REQ-003893,HSP-013,AMB-081,ACCEPTED,,2026-09-24 18:26:08,2026-09-24 18:41:22,2026-09-24 18:48:52,2026-09-24 18:58:20,COMPLETED
WF-001223,REQ-003892,HSP-018,AMB-073,REJECTED,No Bed,2026-09-24 18:27:50,,,,
WF-001224,REQ-003892,HSP-004,AMB-073,REJECTED,No Bed,2026-09-24 18:33:53,,,,
WF-001225,REQ-003892,HSP-003,AMB-073,ACCEPTED,,2026-09-24 18:39:42,2026-09-24 18:46:16,2026-09-24 18:58:32,2026-09-24 19:10:13,COMPLETED
WF-001226,REQ-003899,HSP-006,AMB-054,ACCEPTED,,2026-09-24 19:00:05,2026-09-24 19:19:36,2026-09-24 19:24:32,2026-09-24 19:37:03,COMPLETED
WF-001227,REQ-003901,HSP-002,AMB-044,ACCEPTED,,2026-09-24 19:02:23,2026-09-24 19:23:24,2026-09-24 19:44:33,2026-09-24 19:49:29,COMPLETED
WF-001228,REQ-003909,HSP-009,AMB-023,REJECTED,No Bed,2026-09-24 19:55:36,,,,
WF-001229,REQ-003909,HSP-017,AMB-023,ACCEPTED,,2026-09-24 19:58:59,2026-09-24 20:12:07,2026-09-24 20:41:04,2026-09-24 20:47:37,COMPLETED
WF-001230,REQ-003913,HSP-020,AMB-052,ACCEPTED,,2026-09-24 20:19:32,2026-09-24 20:39:31,2026-09-24 21:31:29,2026-09-24 21:46:18,COMPLETED
WF-001231,REQ-003916,HSP-001,AMB-051,ACCEPTED,,2026-09-24 20:22:43,2026-09-24 20:36:49,2026-09-24 20:49:11,2026-09-24 21:05:57,COMPLETED
WF-001232,REQ-003930,HSP-012,AMB-018,ACCEPTED,,2026-09-24 21:51:47,2026-09-24 22:14:36,2026-09-24 22:37:14,2026-09-24 22:55:28,COMPLETED
WF-001233,REQ-003937,HSP-012,AMB-090,ACCEPTED,,2026-09-24 22:53:33,2026-09-24 23:09:07,2026-09-24 23:15:12,2026-09-24 23:30:03,COMPLETED
WF-001234,REQ-003939,HSP-019,AMB-093,ACCEPTED,,2026-09-24 23:12:21,2026-09-24 23:24:58,2026-09-25 00:13:43,2026-09-25 00:30:27,COMPLETED
WF-001235,REQ-003942,HSP-002,AMB-041,ACCEPTED,,2026-09-25 00:11:03,2026-09-25 00:26:59,2026-09-25 01:00:56,2026-09-25 01:08:06,COMPLETED
WF-001236,REQ-003945,HSP-024,AMB-079,ACCEPTED,,2026-09-25 00:51:07,2026-09-25 01:13:13,2026-09-25 01:26:59,2026-09-25 01:40:20,COMPLETED
WF-001237,REQ-003964,HSP-013,AMB-037,ACCEPTED,,2026-09-25 06:29:15,2026-09-25 06:49:05,2026-09-25 07:13:09,2026-09-25 07:22:39,COMPLETED
WF-001238,REQ-003965,HSP-001,AMB-005,ACCEPTED,,2026-09-25 06:31:39,2026-09-25 06:52:26,2026-09-25 07:02:39,2026-09-25 07:16:47,COMPLETED
WF-001239,REQ-003967,HSP-013,AMB-086,ACCEPTED,,2026-09-25 06:49:48,2026-09-25 07:05:04,2026-09-25 07:22:52,2026-09-25 07:42:07,COMPLETED
WF-001240,REQ-003968,HSP-008,AMB-023,ACCEPTED,,2026-09-25 06:53:09,2026-09-25 07:08:57,2026-09-25 07:21:56,2026-09-25 07:43:30,COMPLETED
WF-001241,REQ-003972,HSP-012,AMB-013,ACCEPTED,,2026-09-25 07:27:01,2026-09-25 07:37:31,2026-09-25 07:48:17,2026-09-25 08:03:29,COMPLETED
WF-001242,REQ-003979,HSP-012,AMB-080,ACCEPTED,,2026-09-25 08:20:15,2026-09-25 08:41:42,2026-09-25 08:54:29,2026-09-25 09:14:56,COMPLETED
WF-001243,REQ-003986,HSP-002,AMB-075,ACCEPTED,,2026-09-25 09:17:32,2026-09-25 09:41:11,2026-09-25 09:59:36,2026-09-25 10:09:42,COMPLETED
WF-001244,REQ-003994,HSP-012,AMB-069,ACCEPTED,,2026-09-25 10:07:42,2026-09-25 10:26:29,2026-09-25 10:38:50,2026-09-25 10:54:12,COMPLETED
WF-001245,REQ-003993,HSP-012,AMB-059,ACCEPTED,,2026-09-25 10:09:02,2026-09-25 10:22:45,2026-09-25 10:44:11,2026-09-25 10:55:46,COMPLETED
WF-001246,REQ-003997,HSP-002,AMB-093,ACCEPTED,,2026-09-25 10:28:01,2026-09-25 10:48:32,2026-09-25 12:15:41,2026-09-25 12:32:16,COMPLETED
WF-001247,REQ-004001,HSP-015,AMB-025,ACCEPTED,,2026-09-25 10:51:48,2026-09-25 11:08:16,2026-09-25 11:59:29,2026-09-25 12:17:07,COMPLETED
WF-001248,REQ-004003,HSP-009,AMB-020,REJECTED,Stale Data,2026-09-25 10:53:07,,,,
WF-001249,REQ-004004,HSP-002,AMB-049,ACCEPTED,,2026-09-25 10:55:08,2026-09-25 11:16:36,2026-09-25 12:08:59,2026-09-25 12:13:22,COMPLETED
WF-001250,REQ-004003,HSP-002,AMB-020,ACCEPTED,,2026-09-25 10:59:57,2026-09-25 11:10:49,2026-09-25 12:24:44,2026-09-25 12:40:07,COMPLETED
WF-001251,REQ-004005,HSP-004,AMB-039,ACCEPTED,,2026-09-25 11:05:25,2026-09-25 11:26:13,2026-09-25 11:37:58,2026-09-25 11:59:05,COMPLETED
WF-001252,REQ-004007,HSP-018,AMB-035,ACCEPTED,,2026-09-25 11:11:41,2026-09-25 11:37:42,2026-09-25 12:23:07,2026-09-25 12:43:36,COMPLETED
WF-001253,REQ-004009,HSP-007,AMB-073,REJECTED,No Bed,2026-09-25 11:13:27,,,,
WF-001254,REQ-004008,HSP-007,AMB-061,ACCEPTED,,2026-09-25 11:14:34,2026-09-25 11:36:52,2026-09-25 12:04:13,2026-09-25 12:18:23,COMPLETED
WF-001255,REQ-004013,HSP-002,AMB-041,ACCEPTED,,2026-09-25 11:42:52,2026-09-25 12:01:10,2026-09-25 12:52:56,2026-09-25 13:11:33,COMPLETED
WF-001256,REQ-004023,HSP-013,AMB-085,REJECTED,Other,2026-09-25 12:06:57,,,,
WF-001257,REQ-004023,HSP-007,AMB-085,ACCEPTED,,2026-09-25 12:08:38,2026-09-25 12:27:25,2026-09-25 13:01:15,2026-09-25 13:10:29,COMPLETED
WF-001258,REQ-004024,HSP-013,AMB-072,ACCEPTED,,2026-09-25 12:09:27,2026-09-25 12:22:46,2026-09-25 12:31:22,2026-09-25 12:37:40,COMPLETED
WF-001259,REQ-004028,HSP-020,AMB-080,ACCEPTED,,2026-09-25 12:13:11,2026-09-25 12:28:42,2026-09-25 12:45:18,2026-09-25 12:50:43,COMPLETED
WF-001260,REQ-004030,HSP-013,AMB-053,REJECTED,No Bed,2026-09-25 12:21:47,,,,
WF-001261,REQ-004030,HSP-007,AMB-053,REJECTED,Specialist Unavailable,2026-09-25 12:24:17,,,,
WF-001262,REQ-004031,HSP-001,AMB-083,ACCEPTED,,2026-09-25 12:24:17,2026-09-25 12:44:42,2026-09-25 12:54:47,2026-09-25 13:01:06,COMPLETED
WF-001263,REQ-004035,HSP-002,AMB-070,ACCEPTED,,2026-09-25 13:09:47,2026-09-25 13:23:46,2026-09-25 14:01:11,2026-09-25 14:08:13,COMPLETED
WF-001264,REQ-004047,HSP-018,AMB-003,ACCEPTED,,2026-09-25 14:53:45,2026-09-25 15:12:27,2026-09-25 15:19:56,2026-09-25 15:40:10,COMPLETED
WF-001265,REQ-004048,HSP-002,AMB-075,ACCEPTED,,2026-09-25 14:56:52,2026-09-25 15:08:50,2026-09-25 15:13:53,2026-09-25 15:22:05,COMPLETED
WF-001266,REQ-004060,HSP-019,AMB-007,ACCEPTED,,2026-09-25 17:19:03,2026-09-25 17:36:25,2026-09-25 18:18:01,2026-09-25 18:37:03,COMPLETED
WF-001267,REQ-004061,HSP-018,AMB-088,ACCEPTED,,2026-09-25 17:26:03,2026-09-25 17:40:50,2026-09-25 17:56:19,2026-09-25 18:11:05,COMPLETED
WF-001268,REQ-004065,HSP-018,AMB-073,ACCEPTED,,2026-09-25 17:42:27,2026-09-25 17:57:37,2026-09-25 18:06:13,2026-09-25 18:12:39,COMPLETED
WF-001269,REQ-004078,HSP-013,AMB-081,ACCEPTED,,2026-09-25 18:35:54,2026-09-25 18:47:35,2026-09-25 19:01:30,2026-09-25 19:20:56,COMPLETED
WF-001270,REQ-004086,HSP-012,AMB-042,REJECTED,Other,2026-09-25 18:57:32,,,,
WF-001271,REQ-004086,HSP-006,AMB-042,ACCEPTED,,2026-09-25 19:03:37,2026-09-25 19:18:42,2026-09-25 19:36:45,2026-09-25 19:54:08,COMPLETED
WF-001272,REQ-004087,HSP-002,AMB-070,ACCEPTED,,2026-09-25 19:07:13,2026-09-25 19:30:42,2026-09-25 20:28:32,2026-09-25 20:33:28,COMPLETED
WF-001273,REQ-004102,HSP-002,AMB-076,ACCEPTED,,2026-09-25 20:44:01,2026-09-25 21:04:44,2026-09-25 21:32:42,2026-09-25 21:53:01,COMPLETED
WF-001274,REQ-004109,HSP-020,AMB-068,REJECTED,Stale Data,2026-09-25 21:09:44,,,,
WF-001275,REQ-004108,HSP-012,AMB-090,ACCEPTED,,2026-09-25 21:10:52,2026-09-25 21:26:30,2026-09-25 21:31:03,2026-09-25 21:35:22,COMPLETED
WF-001276,REQ-004109,HSP-014,AMB-068,ACCEPTED,,2026-09-25 21:14:02,2026-09-25 21:22:19,2026-09-25 21:39:40,2026-09-25 21:47:31,COMPLETED
WF-001277,REQ-004114,HSP-007,AMB-018,ACCEPTED,,2026-09-25 21:30:19,2026-09-25 21:45:55,2026-09-25 21:52:45,2026-09-25 22:05:03,COMPLETED
WF-001278,REQ-004126,HSP-001,AMB-005,ACCEPTED,,2026-09-25 23:05:10,2026-09-25 23:15:42,2026-09-25 23:20:39,2026-09-25 23:36:40,COMPLETED
WF-001279,REQ-004128,HSP-009,AMB-001,ACCEPTED,,2026-09-25 23:18:12,2026-09-25 23:37:25,2026-09-25 23:41:30,2026-09-25 23:52:09,COMPLETED
WF-001280,REQ-004129,HSP-002,AMB-025,ACCEPTED,,2026-09-25 23:27:07,2026-09-25 23:40:30,2026-09-26 00:07:36,2026-09-26 00:23:40,COMPLETED
WF-001281,REQ-004130,HSP-002,AMB-070,REJECTED,No Bed,2026-09-25 23:28:07,,,,
WF-001282,REQ-004130,HSP-005,AMB-070,ACCEPTED,,2026-09-25 23:31:35,2026-09-25 23:43:29,2026-09-26 00:21:09,2026-09-26 00:33:01,COMPLETED
WF-001283,REQ-004134,HSP-002,AMB-007,ACCEPTED,,2026-09-26 00:19:31,2026-09-26 00:33:32,2026-09-26 00:42:21,2026-09-26 00:57:53,COMPLETED
WF-001284,REQ-004136,HSP-006,AMB-089,ACCEPTED,,2026-09-26 00:50:50,2026-09-26 01:03:37,2026-09-26 01:07:17,2026-09-26 01:29:10,COMPLETED
WF-001285,REQ-004137,HSP-007,AMB-043,REJECTED,Stale Data,2026-09-26 01:03:57,,,,
WF-001286,REQ-004137,HSP-020,AMB-043,ACCEPTED,,2026-09-26 01:05:36,2026-09-26 01:19:11,2026-09-26 01:49:58,2026-09-26 02:10:02,COMPLETED
WF-001287,REQ-004141,HSP-001,AMB-005,ACCEPTED,,2026-09-26 02:52:18,2026-09-26 03:10:03,2026-09-26 03:15:29,2026-09-26 03:19:44,COMPLETED
WF-001288,REQ-004144,HSP-011,AMB-099,ACCEPTED,,2026-09-26 03:12:54,2026-09-26 03:29:50,2026-09-26 03:34:20,2026-09-26 03:53:52,COMPLETED
WF-001289,REQ-004149,HSP-002,AMB-002,ACCEPTED,,2026-09-26 04:31:28,2026-09-26 04:45:28,2026-09-26 04:53:47,2026-09-26 04:58:37,COMPLETED
WF-001290,REQ-004151,HSP-002,AMB-070,ACCEPTED,,2026-09-26 05:07:15,2026-09-26 05:21:34,2026-09-26 05:52:04,2026-09-26 05:57:57,COMPLETED
WF-001291,REQ-004152,HSP-009,AMB-049,ACCEPTED,,2026-09-26 06:29:58,2026-09-26 06:47:16,2026-09-26 07:01:25,2026-09-26 07:19:04,COMPLETED
WF-001292,REQ-004155,HSP-018,AMB-035,ACCEPTED,,2026-09-26 07:03:45,2026-09-26 07:19:52,2026-09-26 08:08:22,2026-09-26 08:16:11,COMPLETED
WF-001293,REQ-004160,HSP-018,AMB-052,ACCEPTED,,2026-09-26 07:44:11,2026-09-26 07:54:47,2026-09-26 08:12:49,2026-09-26 08:27:30,COMPLETED
WF-001294,REQ-004161,HSP-009,AMB-024,ACCEPTED,,2026-09-26 07:55:19,2026-09-26 08:12:45,2026-09-26 08:34:31,2026-09-26 08:51:05,COMPLETED
WF-001295,REQ-004166,HSP-002,AMB-007,ACCEPTED,,2026-09-26 08:22:03,2026-09-26 08:44:18,2026-09-26 08:51:55,2026-09-26 08:57:28,COMPLETED
WF-001296,REQ-004167,HSP-002,AMB-044,REJECTED,No Bed,2026-09-26 08:24:18,,,,
WF-001297,REQ-004167,HSP-008,AMB-044,ACCEPTED,,2026-09-26 08:31:17,2026-09-26 08:42:02,2026-09-26 09:03:48,2026-09-26 09:09:48,COMPLETED
WF-001298,REQ-004170,HSP-013,AMB-072,ACCEPTED,,2026-09-26 08:50:33,2026-09-26 09:07:37,2026-09-26 09:15:32,2026-09-26 09:26:41,COMPLETED
WF-001299,REQ-004176,HSP-012,AMB-013,ACCEPTED,,2026-09-26 09:19:41,2026-09-26 09:35:43,2026-09-26 09:42:56,2026-09-26 10:04:36,COMPLETED
WF-001300,REQ-004182,HSP-007,AMB-019,REJECTED,Specialist Unavailable,2026-09-26 09:57:56,,,,
WF-001301,REQ-004182,HSP-020,AMB-019,ACCEPTED,,2026-09-26 09:59:28,2026-09-26 10:17:05,2026-09-26 11:18:08,2026-09-26 11:32:58,COMPLETED
WF-001302,REQ-004183,HSP-009,AMB-035,ACCEPTED,,2026-09-26 10:00:17,2026-09-26 10:23:19,2026-09-26 10:44:58,2026-09-26 10:59:09,COMPLETED
WF-001303,REQ-004192,HSP-012,AMB-090,ACCEPTED,,2026-09-26 10:51:29,2026-09-26 11:15:08,2026-09-26 11:34:39,2026-09-26 11:40:17,COMPLETED
WF-001304,REQ-004194,HSP-001,AMB-007,ACCEPTED,,2026-09-26 11:01:11,2026-09-26 11:22:50,2026-09-26 11:47:06,2026-09-26 12:02:00,COMPLETED
WF-001305,REQ-004203,HSP-001,AMB-057,ACCEPTED,,2026-09-26 11:42:02,2026-09-26 11:57:38,2026-09-26 12:20:55,2026-09-26 12:36:38,COMPLETED
WF-001306,REQ-004207,HSP-020,AMB-061,REJECTED,Specialist Unavailable,2026-09-26 12:05:17,,,,
WF-001307,REQ-004207,HSP-007,AMB-061,ACCEPTED,,2026-09-26 12:07:54,2026-09-26 12:18:40,2026-09-26 12:36:57,2026-09-26 12:43:22,COMPLETED
WF-001308,REQ-004220,HSP-008,AMB-012,ACCEPTED,,2026-09-26 13:44:06,2026-09-26 13:57:01,2026-09-26 14:03:38,2026-09-26 14:22:04,COMPLETED
WF-001309,REQ-004221,HSP-011,AMB-090,ACCEPTED,,2026-09-26 13:50:02,2026-09-26 14:04:25,2026-09-26 14:09:36,2026-09-26 14:15:18,COMPLETED
WF-001310,REQ-004223,HSP-007,AMB-043,ACCEPTED,,2026-09-26 13:57:11,2026-09-26 14:12:43,2026-09-26 14:34:16,2026-09-26 14:53:09,COMPLETED
WF-001311,REQ-004224,HSP-004,AMB-021,ACCEPTED,,2026-09-26 14:13:43,2026-09-26 14:31:28,2026-09-26 14:39:46,2026-09-26 14:57:19,COMPLETED
WF-001312,REQ-004228,HSP-012,AMB-059,ACCEPTED,,2026-09-26 14:54:20,2026-09-26 15:05:50,2026-09-26 15:25:32,2026-09-26 15:36:29,COMPLETED
WF-001313,REQ-004229,HSP-012,AMB-014,REJECTED,No Bed,2026-09-26 14:55:06,,,,
WF-001314,REQ-004229,HSP-006,AMB-014,REJECTED,No Bed,2026-09-26 14:57:25,,,,
WF-001315,REQ-004229,HSP-007,AMB-014,ACCEPTED,,2026-09-26 15:01:59,2026-09-26 15:16:41,2026-09-26 15:32:58,2026-09-26 15:41:39,COMPLETED
WF-001316,REQ-004231,HSP-024,AMB-008,REJECTED,No Bed,2026-09-26 15:31:44,,,,
WF-001317,REQ-004231,HSP-008,AMB-008,ACCEPTED,,2026-09-26 15:34:27,2026-09-26 15:49:18,2026-09-26 16:33:57,2026-09-26 16:38:45,COMPLETED
WF-001318,REQ-004237,HSP-002,AMB-045,ACCEPTED,,2026-09-26 16:30:32,2026-09-26 16:44:45,2026-09-26 16:53:52,2026-09-26 17:02:13,COMPLETED
WF-001319,REQ-004239,HSP-013,AMB-081,ACCEPTED,,2026-09-26 16:34:34,2026-09-26 16:57:23,2026-09-26 17:09:06,2026-09-26 17:25:28,COMPLETED
WF-001320,REQ-004241,HSP-018,AMB-096,ACCEPTED,,2026-09-26 17:08:59,2026-09-26 17:34:17,2026-09-26 17:51:46,2026-09-26 17:58:06,COMPLETED
WF-001321,REQ-004240,HSP-002,AMB-093,ACCEPTED,,2026-09-26 17:10:28,2026-09-26 17:30:25,2026-09-26 19:01:56,2026-09-26 19:06:24,COMPLETED
WF-001322,REQ-004244,HSP-007,AMB-043,ACCEPTED,,2026-09-26 17:22:05,2026-09-26 17:52:00,2026-09-26 18:26:29,2026-09-26 18:44:23,COMPLETED
WF-001323,REQ-004246,HSP-012,AMB-090,ACCEPTED,,2026-09-26 17:31:42,2026-09-26 17:46:12,2026-09-26 17:56:39,2026-09-26 18:14:46,COMPLETED
WF-001324,REQ-004256,HSP-008,AMB-066,ACCEPTED,,2026-09-26 18:23:55,2026-09-26 18:48:35,2026-09-26 20:39:11,2026-09-26 20:54:32,COMPLETED
WF-001325,REQ-004257,HSP-002,AMB-049,ACCEPTED,,2026-09-26 18:29:08,2026-09-26 18:48:51,2026-09-26 19:25:54,2026-09-26 19:33:08,COMPLETED
WF-001326,REQ-004264,HSP-008,AMB-024,ACCEPTED,,2026-09-26 19:04:39,2026-09-26 19:21:36,2026-09-26 19:53:46,2026-09-26 20:07:34,COMPLETED
WF-001327,REQ-004265,HSP-001,AMB-040,ACCEPTED,,2026-09-26 19:05:30,2026-09-26 19:19:29,2026-09-26 19:30:17,2026-09-26 19:51:57,COMPLETED
WF-001328,REQ-004268,HSP-008,AMB-029,REJECTED,Other,2026-09-26 19:24:23,,,,
WF-001329,REQ-004267,HSP-007,AMB-032,REJECTED,No Bed,2026-09-26 19:26:30,,,,
WF-001330,REQ-004268,HSP-009,AMB-029,ACCEPTED,,2026-09-26 19:27:21,2026-09-26 19:45:57,2026-09-26 20:15:41,2026-09-26 20:30:58,COMPLETED
WF-001331,REQ-004269,HSP-008,AMB-001,ACCEPTED,,2026-09-26 19:34:19,2026-09-26 19:54:21,2026-09-26 20:08:57,2026-09-26 20:29:04,COMPLETED
WF-001332,REQ-004274,HSP-001,AMB-076,ACCEPTED,,2026-09-26 20:18:13,2026-09-26 20:40:49,2026-09-26 21:14:24,2026-09-26 21:19:46,COMPLETED
WF-001333,REQ-004280,HSP-002,AMB-070,REJECTED,No Bed,2026-09-26 21:12:25,,,,
WF-001334,REQ-004280,HSP-015,AMB-070,ACCEPTED,,2026-09-26 21:15:03,2026-09-26 21:29:29,2026-09-26 22:09:52,2026-09-26 22:29:46,COMPLETED
WF-001335,REQ-004286,HSP-018,AMB-092,ACCEPTED,,2026-09-26 21:43:57,2026-09-26 22:04:16,2026-09-26 22:30:01,2026-09-26 22:42:58,COMPLETED
WF-001336,REQ-004289,HSP-002,AMB-076,ACCEPTED,,2026-09-26 22:24:49,2026-09-26 22:38:28,2026-09-26 23:07:47,2026-09-26 23:13:01,COMPLETED
WF-001337,REQ-004290,HSP-007,AMB-043,ACCEPTED,,2026-09-26 22:32:45,2026-09-26 22:57:39,2026-09-26 23:30:30,2026-09-26 23:39:16,COMPLETED
WF-001338,REQ-004293,HSP-008,AMB-024,ACCEPTED,,2026-09-26 23:26:30,2026-09-26 23:36:30,2026-09-26 23:50:54,2026-09-27 00:01:29,COMPLETED
WF-001339,REQ-004294,HSP-013,AMB-085,ACCEPTED,,2026-09-26 23:38:24,2026-09-26 23:56:51,2026-09-27 00:14:38,2026-09-27 00:34:50,COMPLETED
WF-001340,REQ-004296,HSP-019,AMB-029,REJECTED,No Bed,2026-09-26 23:40:41,,,,
WF-001341,REQ-004296,HSP-010,AMB-029,ACCEPTED,,2026-09-26 23:43:52,2026-09-26 23:57:40,2026-09-27 00:22:07,2026-09-27 00:39:34,COMPLETED
WF-001342,REQ-004297,HSP-012,AMB-091,ACCEPTED,,2026-09-26 23:50:43,2026-09-27 00:04:06,2026-09-27 00:14:17,2026-09-27 00:23:42,COMPLETED
WF-001343,REQ-004298,HSP-012,AMB-087,REJECTED,No Bed,2026-09-26 23:50:46,,,,
WF-001344,REQ-004298,HSP-003,AMB-087,REJECTED,Stale Data,2026-09-26 23:53:09,,,,
WF-001345,REQ-004299,HSP-012,AMB-067,ACCEPTED,,2026-09-26 23:58:22,2026-09-27 00:17:06,2026-09-27 00:41:23,2026-09-27 00:57:57,COMPLETED
WF-001346,REQ-004300,HSP-013,AMB-053,ACCEPTED,,2026-09-27 00:07:14,2026-09-27 00:19:33,2026-09-27 00:25:14,2026-09-27 00:33:09,COMPLETED
WF-001347,REQ-004301,HSP-002,AMB-062,ACCEPTED,,2026-09-27 00:12:54,2026-09-27 00:24:53,2026-09-27 00:36:41,2026-09-27 00:52:11,COMPLETED
WF-001348,REQ-004303,HSP-001,AMB-055,ACCEPTED,,2026-09-27 00:25:55,2026-09-27 00:36:39,2026-09-27 00:51:21,2026-09-27 00:58:50,COMPLETED
WF-001349,REQ-004304,HSP-003,AMB-065,ACCEPTED,,2026-09-27 01:17:56,2026-09-27 01:31:49,2026-09-27 01:40:22,2026-09-27 01:56:44,COMPLETED
WF-001350,REQ-004305,HSP-013,AMB-085,ACCEPTED,,2026-09-27 01:32:03,2026-09-27 01:46:15,2026-09-27 01:58:27,2026-09-27 02:14:43,COMPLETED
WF-001351,REQ-004310,HSP-001,AMB-032,ACCEPTED,,2026-09-27 03:34:03,2026-09-27 03:52:09,2026-09-27 04:12:14,2026-09-27 04:33:22,COMPLETED
WF-001352,REQ-004316,HSP-003,AMB-061,ACCEPTED,,2026-09-27 06:05:13,2026-09-27 06:27:00,2026-09-27 06:50:09,2026-09-27 07:03:10,COMPLETED
WF-001353,REQ-004321,HSP-007,AMB-042,ACCEPTED,,2026-09-27 07:39:48,2026-09-27 07:54:05,2026-09-27 07:59:00,2026-09-27 08:10:22,COMPLETED
WF-001354,REQ-004325,HSP-001,AMB-002,ACCEPTED,,2026-09-27 07:50:53,2026-09-27 08:07:44,2026-09-27 08:37:20,2026-09-27 08:49:38,COMPLETED
WF-001355,REQ-004330,HSP-018,AMB-061,ACCEPTED,,2026-09-27 08:16:18,2026-09-27 08:40:59,2026-09-27 09:08:20,2026-09-27 09:30:06,COMPLETED
WF-001356,REQ-004333,HSP-001,AMB-032,ACCEPTED,,2026-09-27 08:31:32,2026-09-27 08:55:23,2026-09-27 09:32:13,2026-09-27 09:48:52,COMPLETED
WF-001357,REQ-004336,HSP-002,AMB-049,ACCEPTED,,2026-09-27 08:53:17,2026-09-27 09:15:15,2026-09-27 09:58:19,2026-09-27 10:05:58,COMPLETED
WF-001358,REQ-004339,HSP-001,AMB-075,ACCEPTED,,2026-09-27 09:33:41,2026-09-27 09:48:10,2026-09-27 10:31:18,2026-09-27 10:36:16,COMPLETED
WF-001359,REQ-004340,HSP-012,AMB-053,ACCEPTED,,2026-09-27 09:34:33,2026-09-27 09:55:01,2026-09-27 10:31:42,2026-09-27 10:42:37,COMPLETED
WF-001360,REQ-004341,HSP-002,AMB-093,ACCEPTED,,2026-09-27 09:45:03,2026-09-27 10:09:10,2026-09-27 11:24:43,2026-09-27 11:30:33,COMPLETED
WF-001361,REQ-004345,HSP-002,AMB-025,ACCEPTED,,2026-09-27 10:05:44,2026-09-27 10:22:08,2026-09-27 11:05:20,2026-09-27 11:23:02,COMPLETED
WF-001362,REQ-004347,HSP-003,AMB-003,ACCEPTED,,2026-09-27 10:11:36,2026-09-27 10:35:00,2026-09-27 10:43:11,2026-09-27 10:48:01,COMPLETED
WF-001363,REQ-004349,HSP-005,AMB-052,REJECTED,Specialist Unavailable,2026-09-27 10:15:47,,,,
WF-001364,REQ-004349,HSP-003,AMB-052,ACCEPTED,,2026-09-27 10:19:18,2026-09-27 10:31:35,2026-09-27 10:58:19,2026-09-27 11:15:54,COMPLETED
WF-001365,REQ-004354,HSP-013,AMB-065,ACCEPTED,,2026-09-27 10:52:40,2026-09-27 11:11:12,2026-09-27 11:29:02,2026-09-27 11:36:14,COMPLETED
WF-001366,REQ-004355,HSP-012,AMB-090,ACCEPTED,,2026-09-27 10:59:30,2026-09-27 11:17:24,2026-09-27 11:22:04,2026-09-27 11:36:39,COMPLETED
WF-001367,REQ-004357,HSP-013,AMB-047,ACCEPTED,,2026-09-27 11:36:08,2026-09-27 11:49:15,2026-09-27 12:07:08,2026-09-27 12:16:04,COMPLETED
WF-001368,REQ-004358,HSP-002,AMB-007,ACCEPTED,,2026-09-27 11:38:24,2026-09-27 12:04:10,2026-09-27 12:12:43,2026-09-27 12:28:21,COMPLETED
WF-001369,REQ-004361,HSP-002,AMB-070,ACCEPTED,,2026-09-27 12:06:07,2026-09-27 12:25:00,2026-09-27 13:12:24,2026-09-27 13:17:47,COMPLETED
WF-001370,REQ-004374,HSP-002,AMB-070,ACCEPTED,,2026-09-27 14:06:59,2026-09-27 14:24:31,2026-09-27 15:05:32,2026-09-27 15:17:25,COMPLETED
WF-001371,REQ-004378,HSP-013,AMB-085,ACCEPTED,,2026-09-27 14:30:55,2026-09-27 14:47:00,2026-09-27 15:03:25,2026-09-27 15:08:06,COMPLETED
WF-001372,REQ-004379,HSP-009,AMB-012,ACCEPTED,,2026-09-27 14:45:24,2026-09-27 14:59:58,2026-09-27 15:06:54,2026-09-27 15:11:01,COMPLETED
WF-001373,REQ-004380,HSP-012,AMB-088,ACCEPTED,,2026-09-27 14:48:02,2026-09-27 15:10:21,2026-09-27 15:27:58,2026-09-27 15:35:14,COMPLETED
WF-001374,REQ-004386,HSP-007,AMB-043,ACCEPTED,,2026-09-27 15:45:11,2026-09-27 16:06:30,2026-09-27 16:25:07,2026-09-27 16:30:21,COMPLETED
WF-001375,REQ-004389,HSP-002,AMB-012,ACCEPTED,,2026-09-27 16:01:06,2026-09-27 16:16:08,2026-09-27 16:42:27,2026-09-27 16:56:07,COMPLETED
WF-001376,REQ-004393,HSP-007,AMB-019,ACCEPTED,,2026-09-27 16:20:22,2026-09-27 16:45:08,2026-09-27 17:07:53,2026-09-27 17:12:38,COMPLETED
WF-001377,REQ-004394,HSP-007,AMB-059,ACCEPTED,,2026-09-27 16:21:07,2026-09-27 16:42:03,2026-09-27 17:01:09,2026-09-27 17:09:02,COMPLETED
WF-001378,REQ-004395,HSP-011,AMB-067,ACCEPTED,,2026-09-27 16:27:01,2026-09-27 16:39:35,2026-09-27 16:58:34,2026-09-27 17:08:23,COMPLETED
WF-001379,REQ-004397,HSP-001,AMB-025,ACCEPTED,,2026-09-27 16:29:20,2026-09-27 16:40:56,2026-09-27 17:29:25,2026-09-27 17:39:37,COMPLETED
WF-001380,REQ-004402,HSP-013,AMB-085,ACCEPTED,,2026-09-27 17:12:19,2026-09-27 17:28:02,2026-09-27 17:49:07,2026-09-27 18:01:10,COMPLETED
WF-001381,REQ-004404,HSP-012,AMB-054,ACCEPTED,,2026-09-27 17:37:39,2026-09-27 17:54:36,2026-09-27 18:15:50,2026-09-27 18:27:02,COMPLETED
WF-001382,REQ-004406,HSP-013,AMB-099,ACCEPTED,,2026-09-27 18:06:24,2026-09-27 18:22:45,2026-09-27 18:56:04,2026-09-27 19:14:36,COMPLETED
WF-001383,REQ-004408,HSP-012,AMB-043,ACCEPTED,,2026-09-27 18:33:36,2026-09-27 18:55:53,2026-09-27 19:50:53,2026-09-27 20:01:12,COMPLETED
WF-001384,REQ-004411,HSP-002,AMB-002,ACCEPTED,,2026-09-27 18:39:55,2026-09-27 18:53:53,2026-09-27 19:03:49,2026-09-27 19:14:18,COMPLETED
WF-001385,REQ-004412,HSP-009,AMB-049,ACCEPTED,,2026-09-27 18:41:27,2026-09-27 19:00:03,2026-09-27 19:20:28,2026-09-27 19:36:09,COMPLETED
WF-001386,REQ-004418,HSP-001,AMB-075,ACCEPTED,,2026-09-27 19:14:19,2026-09-27 19:36:22,2026-09-27 20:13:02,2026-09-27 20:23:34,COMPLETED
WF-001387,REQ-004423,HSP-002,AMB-028,ACCEPTED,,2026-09-27 19:43:39,2026-09-27 19:59:28,2026-09-27 20:13:53,2026-09-27 20:32:37,COMPLETED
WF-001388,REQ-004427,HSP-012,AMB-080,ACCEPTED,,2026-09-27 20:19:19,2026-09-27 20:41:15,2026-09-27 20:54:13,2026-09-27 21:08:20,COMPLETED
WF-001389,REQ-004428,HSP-013,AMB-072,ACCEPTED,,2026-09-27 20:38:38,2026-09-27 20:59:39,2026-09-27 21:15:08,2026-09-27 21:28:35,COMPLETED
WF-001390,REQ-004431,HSP-001,AMB-084,ACCEPTED,,2026-09-27 21:06:47,2026-09-27 21:23:18,2026-09-27 21:48:32,2026-09-27 21:59:24,COMPLETED
WF-001391,REQ-004437,HSP-012,AMB-090,ACCEPTED,,2026-09-27 22:04:47,2026-09-27 22:18:55,2026-09-27 22:31:21,2026-09-27 22:48:45,COMPLETED
WF-001392,REQ-004438,HSP-001,AMB-049,ACCEPTED,,2026-09-27 22:05:15,2026-09-27 22:20:42,2026-09-27 22:54:47,2026-09-27 23:16:26,COMPLETED
WF-001393,REQ-004439,HSP-024,AMB-093,ACCEPTED,,2026-09-27 22:22:20,2026-09-27 22:48:09,2026-09-27 23:47:05,2026-09-28 00:07:13,COMPLETED
WF-001394,REQ-004443,HSP-001,AMB-035,ACCEPTED,,2026-09-27 23:37:12,2026-09-27 23:56:47,2026-09-28 00:26:10,2026-09-28 00:34:28,COMPLETED
WF-001395,REQ-004444,HSP-002,AMB-070,ACCEPTED,,2026-09-27 23:58:18,2026-09-28 00:10:26,2026-09-28 00:40:10,2026-09-28 00:47:09,COMPLETED
WF-001396,REQ-004447,HSP-001,AMB-005,ACCEPTED,,2026-09-28 00:53:42,2026-09-28 01:07:25,2026-09-28 01:15:41,2026-09-28 01:30:48,COMPLETED
WF-001397,REQ-004448,HSP-001,AMB-021,ACCEPTED,,2026-09-28 01:02:46,2026-09-28 01:23:02,2026-09-28 01:33:20,2026-09-28 01:55:02,COMPLETED
WF-001398,REQ-004449,HSP-001,AMB-062,ACCEPTED,,2026-09-28 01:19:45,2026-09-28 01:39:18,2026-09-28 01:55:25,2026-09-28 02:02:58,COMPLETED
WF-001399,REQ-004453,HSP-018,AMB-083,REJECTED,Specialist Unavailable,2026-09-28 01:56:00,,,,
WF-001400,REQ-004455,HSP-007,AMB-050,ACCEPTED,,2026-09-28 01:57:21,2026-09-28 02:10:31,2026-09-28 02:17:44,2026-09-28 02:28:05,COMPLETED
WF-001401,REQ-004456,HSP-012,AMB-018,ACCEPTED,,2026-09-28 03:12:34,2026-09-28 03:28:02,2026-09-28 03:44:40,2026-09-28 03:59:26,COMPLETED
WF-001402,REQ-004457,HSP-004,AMB-073,ACCEPTED,,2026-09-28 03:32:21,2026-09-28 03:46:02,2026-09-28 03:52:24,2026-09-28 04:06:35,COMPLETED
WF-001403,REQ-004459,HSP-002,AMB-070,ACCEPTED,,2026-09-28 04:10:05,2026-09-28 04:22:03,2026-09-28 04:53:20,2026-09-28 05:11:42,COMPLETED
WF-001404,REQ-004461,HSP-001,AMB-058,ACCEPTED,,2026-09-28 06:03:50,2026-09-28 06:16:29,2026-09-28 06:39:18,2026-09-28 06:54:32,COMPLETED
WF-001405,REQ-004464,HSP-018,AMB-034,ACCEPTED,,2026-09-28 06:05:15,2026-09-28 06:19:51,2026-09-28 06:29:48,2026-09-28 06:41:53,COMPLETED
WF-001406,REQ-004466,HSP-012,AMB-017,ACCEPTED,,2026-09-28 06:06:28,2026-09-28 06:22:49,2026-09-28 06:51:21,2026-09-28 07:09:20,COMPLETED
WF-001407,REQ-004469,HSP-002,AMB-076,ACCEPTED,,2026-09-28 06:06:47,2026-09-28 06:21:56,2026-09-28 06:47:06,2026-09-28 06:52:00,COMPLETED
WF-001408,REQ-004468,HSP-018,AMB-021,ACCEPTED,,2026-09-28 06:07:05,2026-09-28 06:25:39,2026-09-28 06:32:14,2026-09-28 06:49:35,COMPLETED
WF-001409,REQ-004471,HSP-002,AMB-007,ACCEPTED,,2026-09-28 06:09:04,2026-09-28 06:22:53,2026-09-28 06:32:15,2026-09-28 06:44:58,COMPLETED
WF-001410,REQ-004473,HSP-004,AMB-095,ACCEPTED,,2026-09-28 06:12:04,2026-09-28 06:29:33,2026-09-28 06:45:16,2026-09-28 06:51:05,COMPLETED
WF-001411,REQ-004478,HSP-007,AMB-096,REJECTED,Stale Data,2026-09-28 06:12:48,,,,
WF-001412,REQ-004479,HSP-013,AMB-081,ACCEPTED,,2026-09-28 06:14:25,2026-09-28 06:30:08,2026-09-28 06:36:07,2026-09-28 06:56:18,COMPLETED
WF-001413,REQ-004482,HSP-003,AMB-073,ACCEPTED,,2026-09-28 06:14:53,2026-09-28 06:26:13,2026-09-28 06:40:02,2026-09-28 06:44:27,COMPLETED
WF-001414,REQ-004481,HSP-012,AMB-090,REJECTED,No Bed,2026-09-28 06:16:25,,,,
WF-001415,REQ-004488,HSP-009,AMB-048,ACCEPTED,,2026-09-28 06:17:46,2026-09-28 06:34:30,2026-09-28 06:51:09,2026-09-28 07:01:21,COMPLETED
WF-001416,REQ-004478,HSP-020,AMB-096,ACCEPTED,,2026-09-28 06:18:11,2026-09-28 06:30:09,2026-09-28 06:49:36,2026-09-28 06:54:42,COMPLETED
WF-001417,REQ-004481,HSP-006,AMB-090,ACCEPTED,,2026-09-28 06:21:37,2026-09-28 06:32:02,2026-09-28 06:49:36,2026-09-28 06:59:07,COMPLETED
WF-001418,REQ-004495,HSP-002,AMB-025,ACCEPTED,,2026-09-28 06:23:29,2026-09-28 06:45:51,2026-09-28 07:32:09,2026-09-28 07:39:49,COMPLETED
WF-001419,REQ-004496,HSP-002,AMB-062,ACCEPTED,,2026-09-28 06:25:17,2026-09-28 06:36:06,2026-09-28 06:56:50,2026-09-28 07:15:36,COMPLETED
WF-001420,REQ-004497,HSP-004,AMB-064,ACCEPTED,,2026-09-28 06:28:17,2026-09-28 06:48:31,2026-09-28 06:54:02,2026-09-28 07:06:14,COMPLETED
WF-001421,REQ-004504,HSP-007,AMB-010,REJECTED,Stale Data,2026-09-28 06:28:56,,,,
WF-001422,REQ-004503,HSP-013,AMB-092,ACCEPTED,,2026-09-28 06:30:54,2026-09-28 06:48:14,2026-09-28 07:11:36,2026-09-28 07:24:38,COMPLETED
WF-001423,REQ-004508,HSP-004,AMB-086,REJECTED,Other,2026-09-28 06:32:01,,,,
WF-001424,REQ-004506,HSP-001,AMB-032,REJECTED,Other,2026-09-28 06:32:06,,,,
WF-001425,REQ-004507,HSP-011,AMB-085,ACCEPTED,,2026-09-28 06:32:50,2026-09-28 06:52:22,2026-09-28 07:15:41,2026-09-28 07:23:30,COMPLETED
WF-001426,REQ-004513,HSP-013,AMB-037,ACCEPTED,,2026-09-28 06:33:17,2026-09-28 06:46:49,2026-09-28 07:07:09,2026-09-28 07:23:22,COMPLETED
WF-001427,REQ-004504,HSP-020,AMB-010,ACCEPTED,,2026-09-28 06:33:53,2026-09-28 06:42:57,2026-09-28 07:03:19,2026-09-28 07:23:03,COMPLETED
WF-001428,REQ-004514,HSP-024,AMB-041,REJECTED,Specialist Unavailable,2026-09-28 06:34:04,,,,
WF-001429,REQ-004511,HSP-012,AMB-061,ACCEPTED,,2026-09-28 06:35:03,2026-09-28 06:52:06,2026-09-28 07:29:09,2026-09-28 07:49:07,COMPLETED
WF-001430,REQ-004506,HSP-007,AMB-032,REJECTED,No Bed,2026-09-28 06:35:28,,,,
WF-001431,REQ-004515,HSP-013,AMB-053,ACCEPTED,,2026-09-28 06:35:45,2026-09-28 07:02:31,2026-09-28 07:18:09,2026-09-28 07:38:28,COMPLETED
WF-001432,REQ-004514,HSP-010,AMB-041,ACCEPTED,,2026-09-28 06:35:50,2026-09-28 06:56:19,2026-09-28 07:45:45,2026-09-28 08:07:09,COMPLETED
WF-001433,REQ-004520,HSP-008,AMB-049,ACCEPTED,,2026-09-28 06:35:52,2026-09-28 06:50:41,2026-09-28 06:58:11,2026-09-28 07:18:37,COMPLETED
WF-001434,REQ-004519,HSP-001,AMB-052,ACCEPTED,,2026-09-28 06:36:19,2026-09-28 06:56:42,2026-09-28 07:18:19,2026-09-28 07:25:53,COMPLETED
WF-001435,REQ-004508,HSP-003,AMB-086,ACCEPTED,,2026-09-28 06:37:16,2026-09-28 06:46:22,2026-09-28 06:54:39,2026-09-28 07:12:34,COMPLETED
WF-001436,REQ-004518,HSP-013,AMB-047,ACCEPTED,,2026-09-28 06:37:59,2026-09-28 06:54:32,2026-09-28 07:12:58,2026-09-28 07:26:08,COMPLETED
WF-001437,REQ-004528,HSP-012,AMB-042,ACCEPTED,,2026-09-28 06:39:02,2026-09-28 06:50:41,2026-09-28 07:08:16,2026-09-28 07:24:41,COMPLETED
WF-001438,REQ-004529,HSP-013,AMB-072,ACCEPTED,,2026-09-28 06:39:06,2026-09-28 06:54:02,2026-09-28 06:58:25,2026-09-28 07:03:12,COMPLETED
WF-001439,REQ-004530,HSP-001,AMB-026,ACCEPTED,,2026-09-28 06:40:52,2026-09-28 07:00:25,2026-09-28 07:10:25,2026-09-28 07:21:48,COMPLETED
WF-001440,REQ-004532,HSP-015,AMB-006,REJECTED,No Bed,2026-09-28 06:42:35,,,,
WF-001441,REQ-004535,HSP-025,AMB-070,ACCEPTED,,2026-09-28 06:42:37,2026-09-28 06:57:05,2026-09-28 07:06:40,2026-09-28 07:28:38,COMPLETED
WF-001442,REQ-004536,HSP-019,AMB-035,ACCEPTED,,2026-09-28 06:44:36,2026-09-28 06:57:36,2026-09-28 07:09:46,2026-09-28 07:16:41,COMPLETED
WF-001443,REQ-004538,HSP-004,AMB-057,ACCEPTED,,2026-09-28 06:44:42,2026-09-28 06:58:20,2026-09-28 07:15:20,2026-09-28 07:31:49,COMPLETED
WF-001444,REQ-004539,HSP-012,AMB-080,ACCEPTED,,2026-09-28 06:45:49,2026-09-28 07:01:10,2026-09-28 07:05:52,2026-09-28 07:19:04,COMPLETED
WF-001445,REQ-004546,HSP-012,AMB-014,ACCEPTED,,2026-09-28 06:48:47,2026-09-28 07:10:16,2026-09-28 07:18:44,2026-09-28 07:24:53,COMPLETED
WF-001446,REQ-004547,HSP-012,AMB-098,ACCEPTED,,2026-09-28 06:50:06,2026-09-28 07:08:59,2026-09-28 07:25:52,2026-09-28 07:47:23,COMPLETED
WF-001447,REQ-004551,HSP-013,AMB-071,ACCEPTED,,2026-09-28 06:52:01,2026-09-28 07:15:21,2026-09-28 07:28:47,2026-09-28 07:44:29,COMPLETED
WF-001448,REQ-004554,HSP-004,AMB-055,ACCEPTED,,2026-09-28 06:53:34,2026-09-28 07:12:42,2026-09-28 07:30:12,2026-09-28 07:36:07,COMPLETED
WF-001449,REQ-004553,HSP-011,AMB-067,ACCEPTED,,2026-09-28 06:55:02,2026-09-28 07:08:25,2026-09-28 07:29:10,2026-09-28 07:41:21,COMPLETED
WF-001450,REQ-004561,HSP-001,AMB-044,ACCEPTED,,2026-09-28 07:02:58,2026-09-28 07:14:40,2026-09-28 07:36:33,2026-09-28 07:45:21,COMPLETED
WF-001451,REQ-004564,HSP-018,AMB-034,ACCEPTED,,2026-09-28 07:03:36,2026-09-28 07:17:33,2026-09-28 07:26:18,2026-09-28 07:38:53,COMPLETED
WF-001452,REQ-004563,HSP-020,AMB-068,ACCEPTED,,2026-09-28 07:05:42,2026-09-28 07:28:38,2026-09-28 07:39:55,2026-09-28 07:51:34,COMPLETED
WF-001453,REQ-004567,HSP-013,AMB-065,REJECTED,No Bed,2026-09-28 07:06:35,,,,
WF-001454,REQ-004573,HSP-024,AMB-022,ACCEPTED,,2026-09-28 07:10:57,2026-09-28 07:31:00,2026-09-28 07:37:18,2026-09-28 07:50:17,COMPLETED
WF-001455,REQ-004571,HSP-013,AMB-100,ACCEPTED,,2026-09-28 07:11:29,2026-09-28 07:28:12,2026-09-28 07:36:35,2026-09-28 07:46:40,COMPLETED
WF-001456,REQ-004576,HSP-001,AMB-007,ACCEPTED,,2026-09-28 07:12:15,2026-09-28 07:32:13,2026-09-28 08:04:25,2026-09-28 08:23:06,COMPLETED
WF-001457,REQ-004567,HSP-003,AMB-065,ACCEPTED,,2026-09-28 07:12:44,2026-09-28 07:18:54,2026-09-28 07:36:01,2026-09-28 07:51:56,COMPLETED
WF-001458,REQ-004577,HSP-002,AMB-076,ACCEPTED,,2026-09-28 07:13:12,2026-09-28 07:41:09,2026-09-28 08:16:53,2026-09-28 08:22:59,COMPLETED
WF-001459,REQ-004580,HSP-008,AMB-006,ACCEPTED,,2026-09-28 07:13:25,2026-09-28 07:27:18,2026-09-28 07:38:58,2026-09-28 07:51:33,COMPLETED
WF-001460,REQ-004579,HSP-002,AMB-075,ACCEPTED,,2026-09-28 07:14:29,2026-09-28 07:29:32,2026-09-28 07:38:28,2026-09-28 07:51:02,COMPLETED
WF-001461,REQ-004582,HSP-001,AMB-058,ACCEPTED,,2026-09-28 07:18:57,2026-09-28 07:39:41,2026-09-28 08:00:08,2026-09-28 08:19:05,COMPLETED
WF-001462,REQ-004589,HSP-018,AMB-073,ACCEPTED,,2026-09-28 07:18:57,2026-09-28 07:37:03,2026-09-28 07:46:09,2026-09-28 08:00:44,COMPLETED
WF-001463,REQ-004591,HSP-018,AMB-011,ACCEPTED,,2026-09-28 07:19:28,2026-09-28 07:35:13,2026-09-28 07:59:19,2026-09-28 08:06:18,COMPLETED
WF-001464,REQ-004594,HSP-009,AMB-012,ACCEPTED,,2026-09-28 07:20:55,2026-09-28 07:33:53,2026-09-28 07:38:53,2026-09-28 07:58:01,COMPLETED
WF-001465,REQ-004590,HSP-002,AMB-002,ACCEPTED,,2026-09-28 07:20:56,2026-09-28 07:58:37,2026-09-28 08:26:07,2026-09-28 08:33:51,COMPLETED
WF-001466,REQ-004600,HSP-012,AMB-038,ACCEPTED,,2026-09-28 07:27:06,2026-09-28 07:44:15,2026-09-28 08:06:51,2026-09-28 08:22:09,COMPLETED
WF-001467,REQ-004604,HSP-012,AMB-054,ACCEPTED,,2026-09-28 07:27:55,2026-09-28 07:45:04,2026-09-28 07:59:15,2026-09-28 08:13:39,COMPLETED
WF-001468,REQ-004599,HSP-006,AMB-027,ACCEPTED,,2026-09-28 07:28:06,2026-09-28 07:40:41,2026-09-28 07:56:48,2026-09-28 08:13:38,COMPLETED
WF-001469,REQ-004603,HSP-002,AMB-051,ACCEPTED,,2026-09-28 07:30:33,2026-09-28 08:19:54,2026-09-28 08:54:25,2026-09-28 09:11:36,COMPLETED
WF-001470,REQ-004612,HSP-018,AMB-004,ACCEPTED,,2026-09-28 07:34:51,2026-09-28 07:57:14,2026-09-28 08:19:09,2026-09-28 08:23:17,COMPLETED
WF-001471,REQ-004608,HSP-001,AMB-083,ACCEPTED,,2026-09-28 07:35:02,2026-09-28 08:01:58,2026-09-28 08:15:50,2026-09-28 08:35:05,COMPLETED
WF-001472,REQ-004615,HSP-012,AMB-072,ACCEPTED,,2026-09-28 07:38:26,2026-09-28 08:09:00,2026-09-28 08:34:36,2026-09-28 08:44:47,COMPLETED
WF-001473,REQ-004618,HSP-004,AMB-003,ACCEPTED,,2026-09-28 07:38:28,2026-09-28 07:53:59,2026-09-28 08:05:04,2026-09-28 08:09:54,COMPLETED
WF-001474,REQ-004619,HSP-018,AMB-018,ACCEPTED,,2026-09-28 07:39:10,2026-09-28 07:59:46,2026-09-28 08:20:18,2026-09-28 08:42:02,COMPLETED
WF-001475,REQ-004620,HSP-018,AMB-039,REJECTED,No Bed,2026-09-28 07:39:47,,,,
WF-001476,REQ-004621,HSP-001,AMB-052,ACCEPTED,,2026-09-28 07:42:05,2026-09-28 08:00:56,2026-09-28 08:21:47,2026-09-28 08:36:48,COMPLETED
WF-001477,REQ-004620,HSP-003,AMB-039,ACCEPTED,,2026-09-28 07:42:23,2026-09-28 07:52:38,2026-09-28 07:56:25,2026-09-28 08:11:58,COMPLETED
WF-001478,REQ-004626,HSP-008,AMB-032,ACCEPTED,,2026-09-28 07:44:22,2026-09-28 08:05:37,2026-09-28 08:26:02,2026-09-28 08:46:16,COMPLETED
WF-001479,REQ-004625,HSP-006,AMB-096,ACCEPTED,,2026-09-28 07:45:35,2026-09-28 08:02:21,2026-09-28 08:21:09,2026-09-28 08:36:02,COMPLETED
WF-001480,REQ-004627,HSP-001,AMB-040,ACCEPTED,,2026-09-28 07:47:25,2026-09-28 08:12:56,2026-09-28 08:29:02,2026-09-28 08:46:00,COMPLETED
WF-001481,REQ-004629,HSP-002,AMB-084,ACCEPTED,,2026-09-28 07:49:02,2026-09-28 08:09:59,2026-09-28 08:20:42,2026-09-28 08:39:02,COMPLETED
WF-001482,REQ-004632,HSP-012,AMB-080,ACCEPTED,,2026-09-28 07:50:21,2026-09-28 08:08:21,2026-09-28 08:16:17,2026-09-28 08:23:25,COMPLETED
WF-001483,REQ-004630,HSP-002,AMB-028,ACCEPTED,,2026-09-28 07:50:27,2026-09-28 08:14:51,2026-09-28 08:22:32,2026-09-28 08:42:40,COMPLETED
WF-001484,REQ-004636,HSP-013,AMB-085,ACCEPTED,,2026-09-28 07:52:23,2026-09-28 08:21:45,2026-09-28 08:49:40,2026-09-28 08:59:55,COMPLETED
WF-001485,REQ-004640,HSP-024,AMB-094,ACCEPTED,,2026-09-28 07:55:12,2026-09-28 08:08:33,2026-09-28 08:12:33,2026-09-28 08:26:30,COMPLETED
WF-001486,REQ-004639,HSP-004,AMB-021,REJECTED,Specialist Unavailable,2026-09-28 07:55:15,,,,
WF-001487,REQ-004643,HSP-009,AMB-020,ACCEPTED,,2026-09-28 07:58:55,2026-09-28 08:16:44,2026-09-28 09:22:52,2026-09-28 09:33:33,COMPLETED
WF-001488,REQ-004644,HSP-007,AMB-014,REJECTED,Stale Data,2026-09-28 07:59:22,,,,
WF-001489,REQ-004639,HSP-018,AMB-021,ACCEPTED,,2026-09-28 07:59:41,2026-09-28 08:13:02,2026-09-28 08:21:44,2026-09-28 08:33:42,COMPLETED
WF-001490,REQ-004644,HSP-020,AMB-014,ACCEPTED,,2026-09-28 08:02:46,2026-09-28 08:15:06,2026-09-28 08:33:29,2026-09-28 08:43:53,COMPLETED
WF-001491,REQ-004645,HSP-008,AMB-049,ACCEPTED,,2026-09-28 08:04:11,2026-09-28 08:29:24,2026-09-28 08:48:53,2026-09-28 09:05:28,COMPLETED
WF-001492,REQ-004648,HSP-008,AMB-023,REJECTED,Other,2026-09-28 08:07:07,,,,
WF-001493,REQ-004648,HSP-002,AMB-023,ACCEPTED,,2026-09-28 08:13:12,2026-09-28 08:35:38,2026-09-28 09:17:15,2026-09-28 09:24:49,COMPLETED
WF-001494,REQ-004665,HSP-012,AMB-010,ACCEPTED,,2026-09-28 08:15:00,2026-09-28 08:28:59,2026-09-28 08:45:04,2026-09-28 08:52:57,COMPLETED
WF-001495,REQ-004660,HSP-013,AMB-053,REJECTED,No Bed,2026-09-28 08:16:17,,,,
WF-001496,REQ-004670,HSP-006,AMB-046,ACCEPTED,,2026-09-28 08:19:27,2026-09-28 08:40:02,2026-09-28 09:01:53,2026-09-28 09:07:23,COMPLETED
WF-001497,REQ-004675,HSP-004,AMB-073,ACCEPTED,,2026-09-28 08:21:48,2026-09-28 08:34:28,2026-09-28 08:44:40,2026-09-28 08:57:42,COMPLETED
WF-001498,REQ-004660,HSP-012,AMB-053,REJECTED,Specialist Unavailable,2026-09-28 08:22:09,,,,
WF-001499,REQ-004680,HSP-024,AMB-079,ACCEPTED,,2026-09-28 08:24:53,2026-09-28 08:38:15,2026-09-28 08:47:01,2026-09-28 09:04:42,COMPLETED
WF-001500,REQ-004679,HSP-012,AMB-077,ACCEPTED,,2026-09-28 08:24:56,2026-09-28 08:44:50,2026-09-28 09:15:04,2026-09-28 09:30:02,COMPLETED
WF-001501,REQ-004660,HSP-003,AMB-053,ACCEPTED,,2026-09-28 08:25:27,2026-09-28 08:52:03,2026-09-28 09:31:48,2026-09-28 09:40:56,COMPLETED
WF-001502,REQ-004681,HSP-012,AMB-063,ACCEPTED,,2026-09-28 08:25:40,2026-09-28 08:44:39,2026-09-28 09:02:41,2026-09-28 09:13:16,COMPLETED
WF-001503,REQ-004682,HSP-008,AMB-006,ACCEPTED,,2026-09-28 08:25:47,2026-09-28 08:46:17,2026-09-28 09:08:48,2026-09-28 09:22:33,COMPLETED
WF-001504,REQ-004677,HSP-007,AMB-017,ACCEPTED,,2026-09-28 08:26:01,2026-09-28 08:47:46,2026-09-28 09:21:45,2026-09-28 09:36:24,COMPLETED
WF-001505,REQ-004685,HSP-011,AMB-087,ACCEPTED,,2026-09-28 08:28:14,2026-09-28 08:39:10,2026-09-28 08:46:02,2026-09-28 08:52:45,COMPLETED
WF-001506,REQ-004690,HSP-001,AMB-035,ACCEPTED,,2026-09-28 08:29:55,2026-09-28 08:48:49,2026-09-28 09:33:09,2026-09-28 09:54:05,COMPLETED
WF-001507,REQ-004696,HSP-018,AMB-068,REJECTED,Stale Data,2026-09-28 08:33:36,,,,
WF-001508,REQ-004698,HSP-008,AMB-048,ACCEPTED,,2026-09-28 08:36:37,2026-09-28 08:55:02,2026-09-28 08:59:46,2026-09-28 09:03:51,COMPLETED
WF-001509,REQ-004707,HSP-005,AMB-055,ACCEPTED,,2026-09-28 08:37:10,2026-09-28 08:51:23,2026-09-28 08:56:24,2026-09-28 09:13:26,COMPLETED
WF-001510,REQ-004696,HSP-004,AMB-068,ACCEPTED,,2026-09-28 08:37:13,2026-09-28 08:55:11,2026-09-28 09:13:16,2026-09-28 09:30:10,COMPLETED
WF-001511,REQ-004706,HSP-002,AMB-025,ACCEPTED,,2026-09-28 08:39:19,2026-09-28 08:59:59,2026-09-28 09:35:41,2026-09-28 09:44:48,COMPLETED
WF-001512,REQ-004709,HSP-002,AMB-093,ACCEPTED,,2026-09-28 08:40:03,2026-09-28 09:06:06,2026-09-28 10:24:29,2026-09-28 10:40:06,COMPLETED
WF-001513,REQ-004710,HSP-019,AMB-022,REJECTED,No Bed,2026-09-28 08:40:26,,,,
WF-001514,REQ-004712,HSP-020,AMB-061,REJECTED,Stale Data,2026-09-28 08:42:17,,,,
WF-001515,REQ-004712,HSP-007,AMB-061,REJECTED,No Bed,2026-09-28 08:45:46,,,,
WF-001516,REQ-004723,HSP-001,AMB-024,REJECTED,Other,2026-09-28 08:47:13,,,,
WF-001517,REQ-004721,HSP-012,AMB-090,ACCEPTED,,2026-09-28 08:47:34,2026-09-28 09:03:45,2026-09-28 09:11:41,2026-09-28 09:18:08,COMPLETED
WF-001518,REQ-004727,HSP-002,AMB-044,ACCEPTED,,2026-09-28 08:47:58,2026-09-28 09:20:13,2026-09-28 09:25:24,2026-09-28 09:31:20,COMPLETED
WF-001519,REQ-004723,HSP-019,AMB-024,ACCEPTED,,2026-09-28 08:49:24,2026-09-28 09:25:24,2026-09-28 09:55:00,2026-09-28 09:59:41,COMPLETED
WF-001520,REQ-004725,HSP-001,AMB-007,ACCEPTED,,2026-09-28 08:50:08,2026-09-28 09:16:24,2026-09-28 09:56:03,2026-09-28 10:05:28,COMPLETED
WF-001521,REQ-004733,HSP-002,AMB-062,ACCEPTED,,2026-09-28 08:56:32,2026-09-28 09:12:13,2026-09-28 09:39:33,2026-09-28 09:48:45,COMPLETED
WF-001522,REQ-004736,HSP-002,AMB-083,ACCEPTED,,2026-09-28 08:59:59,2026-09-28 09:17:27,2026-09-28 09:58:57,2026-09-28 10:09:46,COMPLETED
WF-001523,REQ-004740,HSP-023,AMB-043,ACCEPTED,,2026-09-28 09:01:15,2026-09-28 09:20:22,2026-09-28 09:29:10,2026-09-28 09:45:40,COMPLETED
WF-001524,REQ-004741,HSP-020,AMB-036,ACCEPTED,,2026-09-28 09:04:09,2026-09-28 09:24:11,2026-09-28 09:30:50,2026-09-28 09:43:55,COMPLETED
WF-001525,REQ-004744,HSP-015,AMB-084,ACCEPTED,,2026-09-28 09:04:33,2026-09-28 09:33:57,2026-09-28 10:13:16,2026-09-28 10:35:01,COMPLETED
WF-001526,REQ-004743,HSP-013,AMB-071,ACCEPTED,,2026-09-28 09:04:36,2026-09-28 09:16:47,2026-09-28 09:35:39,2026-09-28 09:51:18,COMPLETED
WF-001527,REQ-004750,HSP-007,AMB-042,ACCEPTED,,2026-09-28 09:06:41,2026-09-28 09:33:56,2026-09-28 10:02:06,2026-09-28 10:06:19,COMPLETED
WF-001528,REQ-004748,HSP-018,AMB-021,ACCEPTED,,2026-09-28 09:06:46,2026-09-28 09:27:16,2026-09-28 09:44:32,2026-09-28 09:53:56,COMPLETED
WF-001529,REQ-004753,HSP-024,AMB-022,ACCEPTED,,2026-09-28 09:06:57,2026-09-28 09:20:00,2026-09-28 09:26:02,2026-09-28 09:39:10,COMPLETED
WF-001530,REQ-004747,HSP-012,AMB-089,ACCEPTED,,2026-09-28 09:07:01,2026-09-28 09:17:56,2026-09-28 09:39:28,2026-09-28 10:00:14,COMPLETED
WF-001531,REQ-004746,HSP-009,AMB-029,ACCEPTED,,2026-09-28 09:07:04,2026-09-28 09:33:06,2026-09-28 10:07:21,2026-09-28 10:25:53,COMPLETED
WF-001532,REQ-004756,HSP-019,AMB-012,ACCEPTED,,2026-09-28 09:08:17,2026-09-28 09:35:32,2026-09-28 09:51:28,2026-09-28 10:10:09,COMPLETED
WF-001533,REQ-004752,HSP-007,AMB-050,REJECTED,Stale Data,2026-09-28 09:08:38,,,,
WF-001534,REQ-004758,HSP-002,AMB-070,ACCEPTED,,2026-09-28 09:11:42,2026-09-28 09:34:57,2026-09-28 10:24:58,2026-09-28 10:43:53,COMPLETED
WF-001535,REQ-004770,HSP-013,AMB-067,ACCEPTED,,2026-09-28 09:20:44,2026-09-28 09:45:12,2026-09-28 10:09:53,2026-09-28 10:20:06,COMPLETED
WF-001536,REQ-004772,HSP-013,AMB-072,ACCEPTED,,2026-09-28 09:21:36,2026-09-28 09:41:46,2026-09-28 09:48:23,2026-09-28 09:57:33,COMPLETED
WF-001537,REQ-004773,HSP-013,AMB-081,ACCEPTED,,2026-09-28 09:23:30,2026-09-28 09:45:22,2026-09-28 09:53:20,2026-09-28 10:10:51,COMPLETED
WF-001538,REQ-004780,HSP-015,AMB-028,ACCEPTED,,2026-09-28 09:26:55,2026-09-28 09:55:02,2026-09-28 10:27:16,2026-09-28 10:34:01,COMPLETED
WF-001539,REQ-004779,HSP-007,AMB-014,ACCEPTED,,2026-09-28 09:27:25,2026-09-28 09:52:15,2026-09-28 10:07:40,2026-09-28 10:18:19,COMPLETED
WF-001540,REQ-004783,HSP-001,AMB-026,ACCEPTED,,2026-09-28 09:28:47,2026-09-28 09:44:13,2026-09-28 09:54:05,2026-09-28 09:58:40,COMPLETED
WF-001541,REQ-004784,HSP-007,AMB-032,ACCEPTED,,2026-09-28 09:32:08,2026-09-28 09:50:53,2026-09-28 10:24:17,2026-09-28 10:45:46,COMPLETED
WF-001542,REQ-004786,HSP-013,AMB-092,ACCEPTED,,2026-09-28 09:32:10,2026-09-28 09:52:45,2026-09-28 10:25:36,2026-09-28 10:46:24,COMPLETED
WF-001543,REQ-004785,HSP-001,AMB-040,ACCEPTED,,2026-09-28 09:32:59,2026-09-28 09:56:51,2026-09-28 10:04:48,2026-09-28 10:14:40,COMPLETED
WF-001544,REQ-004791,HSP-001,AMB-048,ACCEPTED,,2026-09-28 09:34:50,2026-09-28 09:55:05,2026-09-28 10:29:36,2026-09-28 10:43:45,COMPLETED
WF-001545,REQ-004794,HSP-003,AMB-039,ACCEPTED,,2026-09-28 09:37:32,2026-09-28 09:59:09,2026-09-28 10:09:37,2026-09-28 10:26:14,COMPLETED
WF-001546,REQ-004796,HSP-001,AMB-049,ACCEPTED,,2026-09-28 09:37:59,2026-09-28 10:15:15,2026-09-28 10:53:50,2026-09-28 11:14:21,COMPLETED
WF-001547,REQ-004799,HSP-008,AMB-018,ACCEPTED,,2026-09-28 09:40:57,2026-09-28 10:27:53,2026-09-28 11:06:23,2026-09-28 11:19:17,COMPLETED
WF-001548,REQ-004801,HSP-013,AMB-085,ACCEPTED,,2026-09-28 09:41:24,2026-09-28 10:03:18,2026-09-28 10:24:09,2026-09-28 10:32:01,COMPLETED
WF-001549,REQ-004800,HSP-018,AMB-015,ACCEPTED,,2026-09-28 09:42:16,2026-09-28 09:53:42,2026-09-28 10:28:35,2026-09-28 10:46:55,COMPLETED
WF-001550,REQ-004802,HSP-013,AMB-065,ACCEPTED,,2026-09-28 09:43:08,2026-09-28 09:58:17,2026-09-28 10:17:10,2026-09-28 10:38:03,COMPLETED
WF-001551,REQ-004805,HSP-013,AMB-091,ACCEPTED,,2026-09-28 09:43:44,2026-09-28 10:07:37,2026-09-28 10:37:28,2026-09-28 10:58:20,COMPLETED
WF-001552,REQ-004804,HSP-019,AMB-075,ACCEPTED,,2026-09-28 09:44:57,2026-09-28 10:03:17,2026-09-28 10:46:39,2026-09-28 10:57:49,COMPLETED
WF-001553,REQ-004812,HSP-003,AMB-095,ACCEPTED,,2026-09-28 09:47:55,2026-09-28 10:09:20,2026-09-28 10:32:31,2026-09-28 10:45:44,COMPLETED
WF-001554,REQ-004816,HSP-008,AMB-027,ACCEPTED,,2026-09-28 09:50:47,2026-09-28 10:33:58,2026-09-28 10:55:09,2026-09-28 11:07:44,COMPLETED
WF-001555,REQ-004820,HSP-002,AMB-002,ACCEPTED,,2026-09-28 09:51:56,2026-09-28 10:13:24,2026-09-28 10:23:28,2026-09-28 10:44:28,COMPLETED
WF-001556,REQ-004818,HSP-018,AMB-016,ACCEPTED,,2026-09-28 09:52:48,2026-09-28 10:17:09,2026-09-28 10:25:32,2026-09-28 10:31:41,COMPLETED
WF-001557,REQ-004821,HSP-008,AMB-006,ACCEPTED,,2026-09-28 09:53:39,2026-09-28 10:20:40,2026-09-28 10:33:45,2026-09-28 10:51:00,COMPLETED
WF-001558,REQ-004819,HSP-008,AMB-023,ACCEPTED,,2026-09-28 09:54:11,2026-09-28 10:41:22,2026-09-28 11:05:48,2026-09-28 11:13:38,COMPLETED
WF-001559,REQ-004829,HSP-013,AMB-073,ACCEPTED,,2026-09-28 09:56:44,2026-09-28 10:10:46,2026-09-28 10:53:01,2026-09-28 11:08:56,COMPLETED
WF-001560,REQ-004831,HSP-005,AMB-011,ACCEPTED,,2026-09-28 09:59:29,2026-09-28 10:15:20,2026-09-28 10:27:35,2026-09-28 10:41:56,COMPLETED
WF-001561,REQ-004837,HSP-019,AMB-044,ACCEPTED,,2026-09-28 10:00:38,2026-09-28 10:34:19,2026-09-28 11:00:20,2026-09-28 11:17:27,COMPLETED
WF-001562,REQ-004840,HSP-002,AMB-076,ACCEPTED,,2026-09-28 10:02:20,2026-09-28 10:34:42,2026-09-28 10:45:42,2026-09-28 11:01:27,COMPLETED
WF-001563,REQ-004841,HSP-012,AMB-090,ACCEPTED,,2026-09-28 10:02:33,2026-09-28 10:16:32,2026-09-28 10:28:06,2026-09-28 10:38:32,COMPLETED
WF-001564,REQ-004843,HSP-012,AMB-013,ACCEPTED,,2026-09-28 10:05:00,2026-09-28 10:25:31,2026-09-28 10:34:32,2026-09-28 10:45:28,COMPLETED
WF-001565,REQ-004849,HSP-008,AMB-051,ACCEPTED,,2026-09-28 10:07:07,2026-09-28 11:02:03,2026-09-28 11:18:58,2026-09-28 11:39:39,COMPLETED
WF-001566,REQ-004850,HSP-013,AMB-071,ACCEPTED,,2026-09-28 10:08:08,2026-09-28 10:30:56,2026-09-28 10:47:25,2026-09-28 11:04:26,COMPLETED
WF-001567,REQ-004845,HSP-012,AMB-043,REJECTED,No Bed,2026-09-28 10:08:24,,,,
WF-001568,REQ-004848,HSP-004,AMB-078,ACCEPTED,,2026-09-28 10:08:24,2026-09-28 10:19:16,2026-09-28 10:34:41,2026-09-28 10:55:33,COMPLETED
WF-001569,REQ-004852,HSP-001,AMB-055,REJECTED,No Bed,2026-09-28 10:08:57,,,,
WF-001570,REQ-004856,HSP-001,AMB-062,ACCEPTED,,2026-09-28 10:10:51,2026-09-28 10:45:47,2026-09-28 11:02:51,2026-09-28 11:13:36,COMPLETED
WF-001571,REQ-004852,HSP-022,AMB-055,ACCEPTED,,2026-09-28 10:12:40,2026-09-28 10:25:06,2026-09-28 10:46:35,2026-09-28 10:58:03,COMPLETED
WF-001572,REQ-004857,HSP-005,AMB-052,ACCEPTED,,2026-09-28 10:13:19,2026-09-28 10:29:57,2026-09-28 10:37:08,2026-09-28 10:46:51,COMPLETED
WF-001573,REQ-004859,HSP-001,AMB-035,ACCEPTED,,2026-09-28 10:14:04,2026-09-28 10:39:45,2026-09-28 11:15:42,2026-09-28 11:29:52,COMPLETED
WF-001574,REQ-004858,HSP-004,AMB-057,ACCEPTED,,2026-09-28 10:14:24,2026-09-28 10:27:22,2026-09-28 10:55:48,2026-09-28 11:06:23,COMPLETED
WF-001575,REQ-004845,HSP-007,AMB-043,ACCEPTED,,2026-09-28 10:15:16,2026-09-28 10:28:53,2026-09-28 10:57:12,2026-09-28 11:02:41,COMPLETED
WF-001576,REQ-004860,HSP-008,AMB-026,ACCEPTED,,2026-09-28 10:15:24,2026-09-28 10:38:38,2026-09-28 11:05:45,2026-09-28 11:24:50,COMPLETED
WF-001577,REQ-004861,HSP-018,AMB-086,ACCEPTED,,2026-09-28 10:16:49,2026-09-28 10:40:47,2026-09-28 11:04:19,2026-09-28 11:23:45,COMPLETED
WF-001578,REQ-004864,HSP-002,AMB-025,ACCEPTED,,2026-09-28 10:18:29,2026-09-28 11:14:50,2026-09-28 11:19:46,2026-09-28 11:27:35,COMPLETED
WF-001579,REQ-004869,HSP-012,AMB-087,ACCEPTED,,2026-09-28 10:19:34,2026-09-28 10:40:57,2026-09-28 10:54:44,2026-09-28 11:04:19,COMPLETED
WF-001580,REQ-004871,HSP-002,AMB-024,ACCEPTED,,2026-09-28 10:23:18,2026-09-28 11:22:40,2026-09-28 11:27:15,2026-09-28 11:46:46,COMPLETED
WF-001581,REQ-004876,HSP-007,AMB-077,ACCEPTED,,2026-09-28 10:23:40,2026-09-28 10:49:02,2026-09-28 11:04:24,2026-09-28 11:23:22,COMPLETED
WF-001582,REQ-004877,HSP-002,AMB-037,ACCEPTED,,2026-09-28 10:25:18,2026-09-28 11:33:47,,,IN_PROGRESS
WF-001583,REQ-004878,HSP-007,AMB-046,REJECTED,Stale Data,2026-09-28 10:26:23,,,,
WF-001584,REQ-004882,HSP-002,AMB-040,ACCEPTED,,2026-09-28 10:28:23,2026-09-28 11:30:20,,,IN_PROGRESS
WF-001585,REQ-004887,HSP-007,AMB-042,ACCEPTED,,2026-09-28 10:29:20,2026-09-28 11:08:14,2026-09-28 11:34:16,2026-09-28 11:48:54,COMPLETED
WF-001586,REQ-004883,HSP-012,AMB-080,ACCEPTED,,2026-09-28 10:29:45,2026-09-28 10:51:34,2026-09-28 11:02:35,2026-09-28 11:21:25,COMPLETED
WF-001587,REQ-004878,HSP-014,AMB-046,ACCEPTED,,2026-09-28 10:30:21,2026-09-28 10:45:20,2026-09-28 11:32:14,2026-09-28 11:41:56,COMPLETED
WF-001588,REQ-004888,HSP-012,AMB-063,ACCEPTED,,2026-09-28 10:31:23,2026-09-28 10:42:54,2026-09-28 10:48:40,2026-09-28 11:08:49,COMPLETED
WF-001589,REQ-004889,HSP-007,AMB-089,ACCEPTED,,2026-09-28 10:32:49,2026-09-28 10:59:43,2026-09-28 11:21:28,2026-09-28 11:34:45,COMPLETED
WF-001590,REQ-004897,HSP-012,AMB-069,ACCEPTED,,2026-09-28 10:39:01,2026-09-28 10:59:34,2026-09-28 11:09:07,2026-09-28 11:17:40,COMPLETED
WF-001591,REQ-004896,HSP-013,AMB-081,ACCEPTED,,2026-09-28 10:39:34,2026-09-28 10:57:47,2026-09-28 11:07:02,2026-09-28 11:17:01,COMPLETED
WF-001592,REQ-004898,HSP-013,AMB-053,ACCEPTED,,2026-09-28 10:40:52,2026-09-28 11:08:01,2026-09-28 11:32:05,2026-09-28 11:40:13,COMPLETED
WF-001593,REQ-004899,HSP-008,AMB-012,ACCEPTED,,2026-09-28 10:41:43,2026-09-28 11:11:34,2026-09-28 11:31:32,2026-09-28 11:42:13,COMPLETED
WF-001594,REQ-004902,HSP-004,AMB-068,REJECTED,Stale Data,2026-09-28 10:41:49,,,,
WF-001595,REQ-004901,HSP-012,AMB-036,ACCEPTED,,2026-09-28 10:42:11,2026-09-28 11:07:59,2026-09-28 11:30:35,2026-09-28 11:46:54,COMPLETED
WF-001596,REQ-004903,HSP-011,AMB-099,ACCEPTED,,2026-09-28 10:45:45,2026-09-28 11:01:35,2026-09-28 11:08:06,2026-09-28 11:19:59,COMPLETED
WF-001597,REQ-004910,HSP-018,AMB-083,ACCEPTED,,2026-09-28 10:46:06,2026-09-28 11:06:01,2026-09-28 11:29:50,2026-09-28 11:50:13,COMPLETED
WF-001598,REQ-004912,HSP-012,AMB-098,ACCEPTED,,2026-09-28 10:46:35,2026-09-28 11:08:18,2026-09-28 11:19:28,2026-09-28 11:32:53,COMPLETED
WF-001599,REQ-004913,HSP-013,AMB-047,ACCEPTED,,2026-09-28 10:46:42,2026-09-28 11:05:56,2026-09-28 11:25:15,2026-09-28 11:43:59,COMPLETED
WF-001600,REQ-004905,HSP-002,AMB-041,ACCEPTED,,2026-09-28 10:47:10,2026-09-28 11:05:26,,,IN_PROGRESS
WF-001601,REQ-004902,HSP-003,AMB-068,ACCEPTED,,2026-09-28 10:47:37,2026-09-28 10:53:18,2026-09-28 11:01:27,2026-09-28 11:16:51,COMPLETED
WF-001602,REQ-004914,HSP-012,AMB-085,ACCEPTED,,2026-09-28 10:47:41,2026-09-28 11:17:26,2026-09-28 11:48:24,2026-09-28 11:59:03,COMPLETED
WF-001603,REQ-004911,HSP-018,AMB-031,ACCEPTED,,2026-09-28 10:47:51,2026-09-28 11:10:17,2026-09-28 11:45:55,2026-09-28 11:55:08,COMPLETED
WF-001604,REQ-004908,HSP-002,AMB-007,ACCEPTED,,2026-09-28 10:47:57,2026-09-28 11:52:15,,,IN_PROGRESS
WF-001605,REQ-004916,HSP-008,AMB-029,ACCEPTED,,2026-09-28 10:48:30,2026-09-28 11:26:51,2026-09-28 11:39:58,2026-09-28 11:53:07,COMPLETED
WF-001606,REQ-004923,HSP-012,AMB-067,ACCEPTED,,2026-09-28 10:54:05,2026-09-28 11:34:18,,,IN_PROGRESS
WF-001607,REQ-004921,HSP-020,AMB-003,REJECTED,Other,2026-09-28 10:54:29,,,,
WF-001608,REQ-004922,HSP-007,AMB-017,ACCEPTED,,2026-09-28 10:54:33,2026-09-28 11:20:47,2026-09-28 11:48:31,,IN_PROGRESS
WF-001609,REQ-004929,HSP-001,AMB-058,ACCEPTED,,2026-09-28 10:55:39,2026-09-28 11:31:23,2026-09-28 11:44:50,2026-09-28 11:59:11,COMPLETED
WF-001610,REQ-004928,HSP-004,AMB-021,ACCEPTED,,2026-09-28 10:57:08,2026-09-28 11:11:22,2026-09-28 11:21:29,2026-09-28 11:28:17,COMPLETED
WF-001611,REQ-004921,HSP-014,AMB-003,ACCEPTED,,2026-09-28 10:58:07,2026-09-28 11:07:49,2026-09-28 11:33:54,2026-09-28 11:43:16,COMPLETED
WF-001612,REQ-004931,HSP-018,AMB-016,ACCEPTED,,2026-09-28 11:00:06,2026-09-28 11:20:53,2026-09-28 11:27:28,2026-09-28 11:41:24,COMPLETED
WF-001613,REQ-004930,HSP-018,AMB-011,ACCEPTED,,2026-09-28 11:00:14,2026-09-28 11:16:12,2026-09-28 11:58:39,,IN_PROGRESS
WF-001614,REQ-004937,HSP-005,AMB-052,ACCEPTED,,2026-09-28 11:04:46,2026-09-28 11:22:47,2026-09-28 11:34:53,2026-09-28 11:45:30,COMPLETED
WF-001615,REQ-004936,HSP-024,AMB-022,REJECTED,Stale Data,2026-09-28 11:04:48,,,,
WF-001616,REQ-004938,HSP-013,AMB-065,ACCEPTED,,2026-09-28 11:05:33,2026-09-28 11:29:56,2026-09-28 11:51:35,2026-09-28 11:56:04,COMPLETED
WF-001617,REQ-004939,HSP-002,AMB-093,ACCEPTED,,2026-09-28 11:07:27,2026-09-28 11:24:04,,,IN_PROGRESS
WF-001618,REQ-004940,HSP-013,AMB-074,ACCEPTED,,2026-09-28 11:08:21,2026-09-28 11:27:43,2026-09-28 11:37:04,2026-09-28 11:50:28,COMPLETED
WF-001619,REQ-004945,HSP-001,AMB-015,ACCEPTED,,2026-09-28 11:10:18,2026-09-28 11:30:43,2026-09-28 11:37:23,2026-09-28 11:53:41,COMPLETED
WF-001620,REQ-004948,HSP-002,AMB-070,ACCEPTED,,2026-09-28 11:14:48,2026-09-28 11:44:00,,,IN_PROGRESS
WF-001621,REQ-004950,HSP-002,AMB-002,ACCEPTED,,2026-09-28 11:15:14,2026-09-28 11:35:48,2026-09-28 11:48:12,2026-09-28 11:53:15,COMPLETED
WF-001622,REQ-004947,HSP-004,AMB-064,ACCEPTED,,2026-09-28 11:16:49,2026-09-28 11:29:35,2026-09-28 11:34:15,2026-09-28 11:51:53,COMPLETED
WF-001623,REQ-004953,HSP-024,AMB-022,ACCEPTED,,2026-09-28 11:25:02,2026-09-28 11:49:11,,,IN_PROGRESS
WF-001624,REQ-004962,HSP-006,AMB-050,ACCEPTED,,2026-09-28 11:33:19,2026-09-28 11:45:04,2026-09-28 11:51:14,,IN_PROGRESS
WF-001625,REQ-004968,HSP-008,AMB-006,PENDING,,2026-09-28 11:37:13,,,,PENDING
WF-001626,REQ-004967,HSP-022,AMB-073,REJECTED,Stale Data,2026-09-28 11:39:55,,,,
WF-001627,REQ-004970,HSP-004,AMB-055,PENDING,,2026-09-28 11:40:31,,,,PENDING
WF-001628,REQ-004973,HSP-018,AMB-021,ACCEPTED,,2026-09-28 11:43:22,,,,IN_PROGRESS
WF-001629,REQ-004976,HSP-001,AMB-092,ACCEPTED,,2026-09-28 11:44:20,,,,IN_PROGRESS
WF-001630,REQ-004974,HSP-001,AMB-026,REJECTED,No Bed,2026-09-28 11:45:05,,,,
WF-001631,REQ-004979,HSP-008,AMB-049,PENDING,,2026-09-28 11:46:02,,,,PENDING
WF-001632,REQ-004974,HSP-015,AMB-026,PENDING,,2026-09-28 11:51:15,,,,PENDING
WF-001633,REQ-004984,HSP-004,AMB-034,PENDING,,2026-09-28 11:51:33,,,,PENDING
WF-001634,REQ-004987,HSP-008,AMB-035,PENDING,,2026-09-28 11:52:37,,,,PENDING
WF-001635,REQ-004993,HSP-001,AMB-073,PENDING,,2026-09-28 11:56:41,,,,PENDING
WF-001636,REQ-004992,HSP-001,AMB-057,PENDING,,2026-09-28 11:57:19,,,,PENDING
WF-001637,REQ-004999,HSP-004,AMB-060,PENDING,,2026-09-28 11:58:33,,,,PENDING
WF-001638,REQ-005000,HSP-009,AMB-023,PENDING,,2026-09-28 11:59:52,,,,PENDING
WF-001639,REQ-004995,HSP-008,AMB-012,PENDING,,2026-09-28 11:59:59,,,,PENDING
