request_id,patient_id,emergency_type,severity,patient_age,patient_latitude,patient_longitude,required_icu,required_ventilator,required_oxygen,required_trauma_care,required_cardiology,required_neurology,required_blood_bank,required_operation_theatre,required_dialysis,required_specialist,beds_required,ambulance_id,request_timestamp,request_status
REQ-000001,PT-570167,Other,Low,36,18.527943,73.904831,FALSE,FALSE,TRUE,FALSE,FALSE,FALSE,FALSE,FALSE,FALSE,,1,AMB-088,2026-09-01 00:06:56,COMPLETED
REQ-000002,PT-678155,Road Accident,High,16,18.583224,73.733211,TRUE,TRUE,FALSE,FALSE,FALSE,TRUE,TRUE,TRUE,FALSE,,1,AMB-007,2026-09-01 00:16:24,COMPLETED
REQ-000003,PT-403658,Road Accident,High,43,18.467608,73.85253,TRUE,FALSE,FALSE,TRUE,FALSE,FALSE,TRUE,TRUE,FALSE,Trauma Surgeon,1,AMB-081,2026-09-01 00:16:58,COMPLETED
REQ-000004,PT-361305,Cardiac,High,45,18.533734,73.866093,FALSE,FALSE,TRUE,FALSE,TRUE,FALSE,FALSE,FALSE,FALSE,Cardiologist,1,,2026-09-01 00:20:16,CREATED
REQ-000005,PT-660935,Cardiac,High,80,18.465933,73.937555,TRUE,FALSE,FALSE,FALSE,TRUE,FALSE,FALSE,FALSE,FALSE,Cardiologist,1,,2026-09-01 00:25:06,CREATED
REQ-000006,PT-601961,Road Accident,Moderate,39,18.512015,73.836977,TRUE,TRUE,FALSE,TRUE,FALSE,FALSE,TRUE,TRUE,FALSE,Trauma Surgeon,1,,2026-09-01 00:52:36,CREATED
REQ-000007,PT-666304,Road Accident,High,47,18.653261,73.752612,FALSE,FALSE,FALSE,FALSE,FALSE,TRUE,TRUE,TRUE,FALSE,General Surgeon,1,,2026-09-01 01:07:00,CREATED
REQ-000008,PT-211605,Road Accident,High,55,18.568156,73.811329,TRUE,FALSE,FALSE,TRUE,FALSE,TRUE,TRUE,FALSE,FALSE,,1,,2026-09-01 01:39:33,CREATED
REQ-000009,PT-150937,Respiratory,Low,66,18.472269,73.818473,FALSE,FALSE,TRUE,FALSE,FALSE,FALSE,FALSE,FALSE,FALSE,,1,,2026-09-01 01:48:34,MATCHING
REQ-000010,PT-143851,Stroke,High,84,18.606939,73.791103,TRUE,TRUE,TRUE,FALSE,FALSE,TRUE,FALSE,TRUE,FALSE,Neurologist,1,,2026-09-01 02:35:09,MATCHING
REQ-000011,PT-929590,Burn,Critical,15,18.513084,73.661686,TRUE,TRUE,FALSE,TRUE,FALSE,TRUE,TRUE,TRUE,FALSE,Neurologist,1,AMB-025,2026-09-01 02:39:58,COMPLETED
REQ-000012,PT-966519,Other,Low,77,18.53006,73.908756,FALSE,FALSE,FALSE,FALSE,FALSE,FALSE,FALSE,FALSE,FALSE,,1,,2026-09-01 02:41:14,CREATED
REQ-000013,PT-678827,Road Accident,Critical,54,18.566852,73.821608,TRUE,FALSE,TRUE,TRUE,TRUE,FALSE,TRUE,TRUE,FALSE,Trauma Surgeon,1,,2026-09-01 03:00:37,CREATED
REQ-000014,PT-988561,Cardiac,High,50,18.650218,73.780106,TRUE,FALSE,TRUE,FALSE,TRUE,FALSE,TRUE,TRUE,FALSE,Cardiologist,1,,2026-09-01 03:17:45,CREATED
REQ-000015,PT-951589,Road Accident,Low,28,18.481447,73.812764,TRUE,TRUE,FALSE,TRUE,FALSE,FALSE,FALSE,FALSE,FALSE,,1,AMB-047,2026-09-01 03:44:40,COMPLETED
REQ-000016,PT-910659,Road Accident,Low,47,18.600792,73.733986,FALSE,FALSE,FALSE,TRUE,FALSE,FALSE,FALSE,FALSE,FALSE,,1,,2026-09-01 04:07:23,MATCHING
REQ-000017,PT-760790,Burn,Low,32,18.57875,73.93396,TRUE,FALSE,FALSE,TRUE,FALSE,FALSE,FALSE,FALSE,FALSE,,1,,2026-09-01 04:13:43,CREATED
REQ-000018,PT-767954,Stroke,Critical,53,18.610554,73.838715,TRUE,FALSE,FALSE,FALSE,FALSE,TRUE,FALSE,FALSE,FALSE,,1,,2026-09-01 04:18:29,MATCHING
REQ-000019,PT-115904,Cardiac,High,71,18.454004,73.843705,TRUE,TRUE,TRUE,FALSE,TRUE,FALSE,FALSE,FALSE,FALSE,Cardiologist,1,AMB-081,2026-09-01 04:26:26,COMPLETED
REQ-000020,PT-674455,Road Accident,Moderate,39,18.466861,73.817158,TRUE,TRUE,TRUE,TRUE,FALSE,FALSE,FALSE,FALSE,FALSE,Trauma Surgeon,1,,2026-09-01 04:27:29,CREATED
REQ-000021,PT-938094,Stroke,Moderate,73,18.491981,73.906011,TRUE,FALSE,FALSE,FALSE,FALSE,TRUE,FALSE,FALSE,FALSE,,1,,2026-09-01 05:12:32,CREATED
REQ-000022,PT-259605,Cardiac,Low,71,18.628128,73.795993,FALSE,FALSE,FALSE,FALSE,TRUE,FALSE,FALSE,FALSE,FALSE,,1,,2026-09-01 05:34:52,MATCHING
REQ-000023,PT-815945,Cardiac,Critical,64,18.591224,73.999085,FALSE,FALSE,TRUE,FALSE,TRUE,FALSE,FALSE,FALSE,FALSE,Cardiologist,1,,2026-09-01 06:03:04,CREATED
REQ-000024,PT-759694,Burn,High,30,18.492291,73.671355,TRUE,TRUE,FALSE,TRUE,FALSE,FALSE,FALSE,FALSE,TRUE,General Surgeon,1,,2026-09-01 06:22:37,CREATED
REQ-000025,PT-214596,Other,Moderate,63,18.458282,73.800413,FALSE,FALSE,TRUE,FALSE,FALSE,FALSE,FALSE,FALSE,FALSE,,1,,2026-09-01 06:27:56,MATCHING
REQ-000026,PT-260315,Respiratory,Moderate,67,18.556015,73.887432,FALSE,FALSE,TRUE,FALSE,FALSE,FALSE,FALSE,FALSE,FALSE,Pulmonologist,1,,2026-09-01 06:37:56,MATCHING
REQ-000027,PT-724335,Other,Low,46,18.507663,73.688667,TRUE,FALSE,FALSE,FALSE,FALSE,FALSE,FALSE,FALSE,FALSE,Cardiologist,1,,2026-09-01 07:18:22,MATCHING
REQ-000028,PT-430714,Respiratory,High,39,18.55888,73.919867,FALSE,FALSE,TRUE,FALSE,FALSE,TRUE,FALSE,FALSE,FALSE,,1,AMB-018,2026-09-01 07:22:01,COMPLETED
REQ-000029,PT-632815,Cardiac,High,67,18.653563,73.757502,FALSE,FALSE,FALSE,FALSE,TRUE,TRUE,FALSE,FALSE,TRUE,Cardiologist,1,,2026-09-01 07:30:19,NO_MATCH
REQ-000030,PT-501857,Respiratory,Moderate,84,18.514432,73.805619,FALSE,FALSE,TRUE,FALSE,FALSE,FALSE,FALSE,FALSE,FALSE,Pulmonologist,1,,2026-09-01 07:35:54,MATCHING
REQ-000031,PT-470863,Burn,High,45,18.516887,73.879665,TRUE,FALSE,FALSE,TRUE,FALSE,FALSE,FALSE,FALSE,FALSE,General Surgeon,2,,2026-09-01 07:36:06,MATCHING
REQ-000032,PT-559943,Respiratory,High,23,18.616681,73.762521,TRUE,TRUE,FALSE,FALSE,FALSE,FALSE,FALSE,FALSE,FALSE,Pulmonologist,1,AMB-007,2026-09-01 07:38:18,COMPLETED
REQ-000033,PT-950822,Stroke,High,35,18.475232,73.804482,TRUE,FALSE,FALSE,TRUE,FALSE,TRUE,FALSE,FALSE,FALSE,Neurologist,1,,2026-09-01 08:02:56,MATCHING
REQ-000034,PT-576415,Cardiac,High,49,18.765674,73.865313,TRUE,FALSE,FALSE,TRUE,TRUE,FALSE,FALSE,TRUE,FALSE,,1,,2026-09-01 08:03:29,NO_MATCH
REQ-000035,PT-311515,Road Accident,Critical,40,18.619261,73.806417,TRUE,TRUE,FALSE,TRUE,FALSE,FALSE,TRUE,TRUE,FALSE,Trauma Surgeon,4,,2026-09-01 08:04:34,CREATED
REQ-000036,PT-213064,Burn,Low,32,18.522142,73.843018,FALSE,FALSE,FALSE,TRUE,FALSE,FALSE,FALSE,FALSE,FALSE,,1,,2026-09-01 08:11:36,MATCHING
REQ-000037,PT-602479,Respiratory,Moderate,3,18.627137,73.810504,TRUE,FALSE,FALSE,FALSE,FALSE,FALSE,FALSE,FALSE,FALSE,,1,,2026-09-01 08:16:01,MATCHING
REQ-000038,PT-285088,Burn,Critical,24,18.622241,73.747019,TRUE,FALSE,TRUE,TRUE,TRUE,FALSE,TRUE,FALSE,FALSE,General Surgeon,1,,2026-09-01 08:16:53,MATCHING
REQ-000039,PT-352078,Stroke,Moderate,76,18.527248,73.836799,FALSE,FALSE,FALSE,FALSE,FALSE,TRUE,FALSE,FALSE,TRUE,,1,AMB-034,2026-09-01 08:30:58,COMPLETED
REQ-000040,PT-654911,Road Accident,Moderate,24,18.758164,73.866602,TRUE,FALSE,FALSE,TRUE,FALSE,FALSE,FALSE,FALSE,FALSE,,1,,2026-09-01 08:40:52,MATCHING
REQ-000041,PT-217670,Burn,Moderate,24,18.480897,73.805568,TRUE,FALSE,FALSE,FALSE,FALSE,FALSE,FALSE,TRUE,FALSE,General Surgeon,1,,2026-09-01 08:43:41,MATCHING
REQ-000042,PT-716020,Burn,Critical,20,18.520607,73.935376,FALSE,TRUE,TRUE,FALSE,FALSE,FALSE,FALSE,FALSE,FALSE,,1,,2026-09-01 08:45:17,MATCHING
REQ-000043,PT-987761,Road Accident,Low,42,18.59778,73.956539,FALSE,FALSE,FALSE,FALSE,FALSE,FALSE,FALSE,FALSE,FALSE,,1,,2026-09-01 08:52:45,MATCHING
REQ-000044,PT-305930,Road Accident,Critical,45,18.548203,73.897923,TRUE,FALSE,FALSE,TRUE,FALSE,TRUE,TRUE,TRUE,FALSE,Trauma Surgeon,1,AMB-014,2026-09-01 09:04:02,COMPLETED
REQ-000045,PT-262819,Cardiac,Moderate,40,18.596385,73.736171,TRUE,TRUE,FALSE,FALSE,TRUE,FALSE,FALSE,FALSE,FALSE,,1,,2026-09-01 09:06:14,MATCHING
REQ-000046,PT-573542,Respiratory,Low,71,18.562751,73.8799,FALSE,FALSE,TRUE,FALSE,FALSE,FALSE,FALSE,FALSE,FALSE,Pulmonologist,1,,2026-09-01 09:10:13,CREATED
REQ-000047,PT-434083,Respiratory,Low,64,18.607237,73.749279,FALSE,FALSE,TRUE,FALSE,FALSE,FALSE,FALSE,FALSE,FALSE,,1,,2026-09-01 09:16:52,CREATED
REQ-000048,PT-945208,Burn,Critical,14,18.590821,73.738438,TRUE,FALSE,TRUE,FALSE,FALSE,FALSE,TRUE,TRUE,FALSE,General Surgeon,1,,2026-09-01 09:17:26,MATCHING
REQ-000049,PT-427890,Cardiac,High,37,18.540191,73.954929,TRUE,TRUE,FALSE,FALSE,FALSE,FALSE,FALSE,FALSE,FALSE,Cardiologist,1,AMB-059,2026-09-01 09:33:30,COMPLETED
REQ-000050,PT-326449,Other,Critical,40,18.736111,73.694877,TRUE,TRUE,FALSE,TRUE,TRUE,TRUE,TRUE,TRUE,TRUE,Neurologist,1,,2026-09-01 09:37:01,NO_MATCH
REQ-000051,PT-711825,Other,Moderate,15,18.776724,73.84791,TRUE,FALSE,FALSE,TRUE,FALSE,FALSE,FALSE,FALSE,FALSE,,1,,2026-09-01 09:41:15,CREATED
REQ-000052,PT-304197,Stroke,Critical,68,18.471313,73.875743,TRUE,FALSE,TRUE,FALSE,FALSE,TRUE,FALSE,FALSE,FALSE,Neurologist,1,AMB-053,2026-09-01 09:44:31,COMPLETED
REQ-000053,PT-649117,Cardiac,Moderate,54,18.51057,73.825641,FALSE,FALSE,FALSE,FALSE,TRUE,FALSE,FALSE,FALSE,FALSE,Cardiologist,1,,2026-09-01 09:44:35,MATCHING
REQ-000054,PT-305437,Stroke,High,65,18.475856,73.877974,TRUE,TRUE,FALSE,FALSE,FALSE,TRUE,FALSE,FALSE,FALSE,Neurologist,1,AMB-065,2026-09-01 09:44:58,COMPLETED
REQ-000055,PT-674447,Burn,Critical,11,18.475323,73.876412,TRUE,TRUE,FALSE,FALSE,FALSE,FALSE,TRUE,FALSE,FALSE,General Surgeon,1,AMB-081,2026-09-01 09:53:40,COMPLETED
REQ-000056,PT-492254,Stroke,High,79,18.558659,73.873437,TRUE,FALSE,TRUE,FALSE,FALSE,TRUE,FALSE,TRUE,FALSE,Neurologist,1,,2026-09-01 10:22:33,MATCHING
REQ-000057,PT-838200,Respiratory,High,81,18.501485,73.808723,TRUE,TRUE,FALSE,FALSE,FALSE,FALSE,FALSE,FALSE,FALSE,,1,AMB-052,2026-09-01 10:44:23,COMPLETED
REQ-000058,PT-191254,Cardiac,Critical,62,18.520389,73.67375,TRUE,FALSE,TRUE,FALSE,TRUE,FALSE,FALSE,FALSE,FALSE,Cardiologist,1,,2026-09-01 11:08:31,CREATED
REQ-000059,PT-134647,Other,Low,31,18.596008,73.731221,FALSE,FALSE,FALSE,FALSE,FALSE,FALSE,FALSE,FALSE,TRUE,Nephrologist,1,AMB-075,2026-09-01 11:17:10,COMPLETED
REQ-000060,PT-356864,Respiratory,Moderate,76,18.651188,73.785347,TRUE,TRUE,FALSE,FALSE,FALSE,FALSE,FALSE,FALSE,FALSE,,1,,2026-09-01 11:20:45,MATCHING
REQ-000061,PT-941442,Road Accident,Moderate,13,18.522671,73.834624,FALSE,FALSE,TRUE,TRUE,FALSE,FALSE,FALSE,TRUE,FALSE,Trauma Surgeon,1,,2026-09-01 11:27:23,CREATED
REQ-000062,PT-466799,Other,Moderate,39,18.541853,73.737108,FALSE,FALSE,FALSE,FALSE,FALSE,FALSE,FALSE,FALSE,FALSE,,1,,2026-09-01 11:30:28,MATCHING
REQ-000063,PT-202490,Other,Moderate,104,18.74462,73.69337,FALSE,FALSE,TRUE,FALSE,FALSE,FALSE,FALSE,TRUE,FALSE,,1,,2026-09-01 11:35:16,CREATED
REQ-000064,PT-152130,Other,Low,51,18.473723,73.87186,FALSE,FALSE,FALSE,FALSE,FALSE,FALSE,FALSE,FALSE,FALSE,,1,AMB-065,2026-09-01 11:35:25,COMPLETED
REQ-000065,PT-848348,Stroke,Moderate,52,18.524639,73.924971,FALSE,FALSE,FALSE,FALSE,FALSE,TRUE,FALSE,FALSE,FALSE,,1,,2026-09-01 11:36:49,MATCHING
REQ-000066,PT-433781,Stroke,Low,58,18.511605,73.690366,FALSE,FALSE,FALSE,FALSE,FALSE,TRUE,FALSE,FALSE,FALSE,,1,AMB-070,2026-09-01 11:45:29,COMPLETED
REQ-000067,PT-537400,Burn,Critical,24,18.565125,73.943428,TRUE,FALSE,FALSE,TRUE,FALSE,FALSE,TRUE,TRUE,FALSE,General Surgeon,1,,2026-09-01 11:45:39,MATCHING
REQ-000068,PT-257502,Road Accident,Moderate,14,18.759815,73.865728,FALSE,FALSE,FALSE,TRUE,FALSE,FALSE,TRUE,FALSE,FALSE,,1,AMB-094,2026-09-01 11:49:32,COMPLETED
REQ-000069,PT-550135,Stroke,High,65,18.458241,73.900419,TRUE,TRUE,FALSE,FALSE,FALSE,TRUE,TRUE,FALSE,FALSE,,1,AMB-085,2026-09-01 11:54:25,COMPLETED
REQ-000070,PT-301819,Cardiac,High,59,18.498746,73.835345,TRUE,FALSE,FALSE,FALSE,TRUE,FALSE,FALSE,TRUE,FALSE,Cardiologist,1,AMB-073,2026-09-01 12:10:48,COMPLETED
REQ-000071,PT-416568,Respiratory,Low,8,18.46854,73.847015,FALSE,FALSE,TRUE,FALSE,FALSE,FALSE,FALSE,FALSE,FALSE,,1,,2026-09-01 12:16:06,CREATED
REQ-000072,PT-233764,Road Accident,Critical,53,18.563544,73.913457,TRUE,FALSE,TRUE,TRUE,FALSE,FALSE,TRUE,TRUE,TRUE,Trauma Surgeon,1,,2026-09-01 12:23:25,MATCHING
REQ-000073,PT-611807,Road Accident,Moderate,8,18.586573,73.974752,TRUE,FALSE,FALSE,TRUE,FALSE,FALSE,FALSE,TRUE,FALSE,,1,,2026-09-01 12:25:30,CREATED
REQ-000074,PT-177407,Respiratory,High,47,18.609411,73.804487,TRUE,TRUE,TRUE,TRUE,FALSE,FALSE,FALSE,FALSE,TRUE,Pulmonologist,1,AMB-035,2026-09-01 12:27:28,COMPLETED
REQ-000075,PT-710842,Respiratory,Critical,6,18.482769,73.799968,TRUE,TRUE,TRUE,FALSE,FALSE,FALSE,FALSE,FALSE,FALSE,,1,AMB-092,2026-09-01 12:33:38,COMPLETED
REQ-000076,PT-604580,Other,Low,102,18.494775,73.892163,FALSE,FALSE,FALSE,FALSE,FALSE,FALSE,FALSE,FALSE,FALSE,Pulmonologist,1,AMB-067,2026-09-01 12:37:11,COMPLETED
REQ-000077,PT-465782,Cardiac,High,37,18.448041,73.870426,TRUE,TRUE,TRUE,FALSE,FALSE,FALSE,FALSE,FALSE,FALSE,Cardiologist,1,,2026-09-01 12:41:44,MATCHING
REQ-000078,PT-395323,Cardiac,High,33,18.549757,73.920962,TRUE,TRUE,FALSE,FALSE,TRUE,FALSE,FALSE,TRUE,FALSE,Cardiologist,1,,2026-09-01 12:45:49,MATCHING
REQ-000079,PT-284576,Cardiac,Moderate,83,18.559311,73.820821,TRUE,FALSE,FALSE,FALSE,TRUE,FALSE,FALSE,FALSE,FALSE,,1,AMB-005,2026-09-01 12:46:51,COMPLETED
REQ-000080,PT-584046,Road Accident,High,46,18.578407,73.991483,TRUE,TRUE,FALSE,TRUE,FALSE,FALSE,TRUE,FALSE,FALSE,Trauma Surgeon,1,AMB-043,2026-09-01 12:53:20,COMPLETED
REQ-000081,PT-622287,Road Accident,Moderate,16,18.621874,73.812534,TRUE,FALSE,TRUE,TRUE,FALSE,FALSE,TRUE,FALSE,FALSE,,1,,2026-09-01 12:55:46,CREATED
REQ-000082,PT-412044,Road Accident,Low,41,18.496635,73.670795,TRUE,TRUE,FALSE,FALSE,FALSE,FALSE,FALSE,FALSE,FALSE,,1,AMB-070,2026-09-01 13:00:03,COMPLETED
REQ-000083,PT-605037,Road Accident,Critical,48,18.649245,73.793011,TRUE,FALSE,TRUE,TRUE,FALSE,TRUE,TRUE,TRUE,FALSE,,1,AMB-049,2026-09-01 13:02:19,COMPLETED
REQ-000084,PT-562178,Road Accident,Moderate,29,18.569631,73.977116,TRUE,TRUE,FALSE,FALSE,FALSE,FALSE,FALSE,TRUE,FALSE,,1,,2026-09-01 13:13:47,CREATED
REQ-000085,PT-976216,Stroke,Critical,93,18.519311,73.689895,TRUE,FALSE,FALSE,FALSE,FALSE,TRUE,FALSE,TRUE,FALSE,Neurologist,1,AMB-025,2026-09-01 13:17:06,COMPLETED
REQ-000086,PT-646877,Respiratory,High,51,18.568067,73.92855,TRUE,TRUE,TRUE,FALSE,FALSE,FALSE,FALSE,FALSE,FALSE,,1,,2026-09-01 13:30:16,CREATED
REQ-000087,PT-694598,Road Accident,High,61,18.497934,73.800633,TRUE,TRUE,TRUE,FALSE,FALSE,TRUE,FALSE,FALSE,FALSE,,1,,2026-09-01 13:38:44,MATCHING
REQ-000088,PT-585971,Stroke,High,58,18.56366,73.98264,TRUE,TRUE,TRUE,FALSE,TRUE,TRUE,FALSE,FALSE,FALSE,Neurologist,1,,2026-09-01 13:40:18,CREATED
REQ-000089,PT-598231,Other,Moderate,27,18.471532,73.878783,FALSE,FALSE,FALSE,FALSE,FALSE,TRUE,TRUE,FALSE,FALSE,,1,AMB-065,2026-09-01 13:50:01,COMPLETED
REQ-000090,PT-831249,Cardiac,Moderate,54,18.549722,73.867244,FALSE,FALSE,FALSE,FALSE,TRUE,FALSE,FALSE,FALSE,FALSE,,1,,2026-09-01 13:53:55,CREATED
REQ-000091,PT-897364,Respiratory,Low,57,18.721339,73.674785,FALSE,FALSE,TRUE,FALSE,FALSE,FALSE,FALSE,FALSE,FALSE,,1,,2026-09-01 13:59:07,MATCHING
REQ-000092,PT-598599,Respiratory,Moderate,0,18.560857,73.873415,TRUE,FALSE,FALSE,FALSE,FALSE,FALSE,FALSE,FALSE,FALSE,Pulmonologist,1,,2026-09-01 14:05:51,CREATED
REQ-000093,PT-240729,Cardiac,High,43,18.476829,73.772348,TRUE,TRUE,TRUE,FALSE,TRUE,FALSE,FALSE,TRUE,FALSE,,1,,2026-09-01 14:06:26,MATCHING
REQ-000094,PT-317802,Stroke,Moderate,58,18.629692,73.850824,FALSE,FALSE,FALSE,FALSE,FALSE,TRUE,FALSE,FALSE,FALSE,,1,AMB-024,2026-09-01 14:14:13,COMPLETED
REQ-000095,PT-604564,Road Accident,Critical,63,18.614416,73.749703,TRUE,FALSE,FALSE,TRUE,FALSE,FALSE,TRUE,TRUE,FALSE,Trauma Surgeon,1,,2026-09-01 14:16:12,CREATED
REQ-000096,PT-819752,Road Accident,High,17,18.568928,73.729947,FALSE,FALSE,FALSE,FALSE,FALSE,FALSE,TRUE,TRUE,FALSE,Trauma Surgeon,3,,2026-09-01 14:16:35,MATCHING
REQ-000097,PT-632591,Other,Critical,45,18.753422,73.67326,TRUE,TRUE,FALSE,TRUE,FALSE,TRUE,TRUE,TRUE,FALSE,Neurologist,1,AMB-093,2026-09-01 14:39:34,NO_MATCH
REQ-000098,PT-513408,Burn,High,26,18.569467,73.786226,TRUE,FALSE,TRUE,TRUE,FALSE,FALSE,FALSE,TRUE,FALSE,General Surgeon,1,AMB-040,2026-09-01 14:43:20,COMPLETED
REQ-000099,PT-144591,Other,Moderate,48,18.568372,73.967941,FALSE,FALSE,FALSE,FALSE,FALSE,FALSE,TRUE,FALSE,FALSE,,1,,2026-09-01 14:44:56,MATCHING
REQ-000100,PT-764764,Stroke,Low,91,18.605534,73.727757,FALSE,FALSE,FALSE,FALSE,FALSE,TRUE,FALSE,FALSE,FALSE,,1,AMB-028,2026-09-01 14:47:15,COMPLETED
REQ-000101,PT-269331,Cardiac,Critical,45,18.511581,73.802061,FALSE,FALSE,TRUE,FALSE,TRUE,FALSE,FALSE,FALSE,FALSE,Cardiologist,1,,2026-09-01 14:49:45,MATCHING
REQ-000102,PT-168687,Respiratory,High,1,18.564663,73.961009,TRUE,FALSE,TRUE,FALSE,FALSE,FALSE,FALSE,FALSE,FALSE,Pulmonologist,1,,2026-09-01 14:52:59,CREATED
REQ-000103,PT-367005,Other,Low,53,18.437439,73.908959,FALSE,FALSE,FALSE,FALSE,FALSE,FALSE,FALSE,FALSE,FALSE,,1,AMB-071,2026-09-01 14:53:53,COMPLETED
REQ-000104,PT-128998,Burn,High,31,18.522925,73.883975,TRUE,FALSE,FALSE,TRUE,FALSE,FALSE,TRUE,TRUE,FALSE,General Surgeon,1,,2026-09-01 14:55:48,MATCHING
REQ-000105,PT-477970,Respiratory,Low,42,18.501932,73.874147,FALSE,FALSE,TRUE,FALSE,FALSE,FALSE,FALSE,FALSE,FALSE,,1,,2026-09-01 14:59:25,CREATED
REQ-000106,PT-927575,Other,Moderate,48,18.6248,73.79864,FALSE,FALSE,FALSE,FALSE,TRUE,FALSE,TRUE,FALSE,FALSE,Pulmonologist,1,AMB-012,2026-09-01 15:12:02,COMPLETED
REQ-000107,PT-129534,Burn,Moderate,27,18.619687,73.801467,TRUE,TRUE,FALSE,TRUE,FALSE,FALSE,FALSE,FALSE,FALSE,,1,,2026-09-01 15:41:33,CREATED
REQ-000108,PT-810484,Cardiac,Low,70,18.658333,73.765628,FALSE,FALSE,FALSE,FALSE,TRUE,FALSE,FALSE,FALSE,FALSE,,1,,2026-09-01 15:43:21,MATCHING
REQ-000109,PT-597014,Other,Moderate,18,18.571725,73.979176,FALSE,FALSE,TRUE,FALSE,FALSE,FALSE,FALSE,FALSE,FALSE,Cardiologist,1,,2026-09-01 16:02:27,CREATED
REQ-000110,PT-460139,Road Accident,High,15,18.480268,73.817793,TRUE,TRUE,FALSE,TRUE,FALSE,TRUE,TRUE,FALSE,FALSE,Trauma Surgeon,1,,2026-09-01 16:06:24,CREATED
REQ-000111,PT-823964,Cardiac,High,82,18.600047,73.730784,TRUE,FALSE,TRUE,FALSE,TRUE,TRUE,FALSE,TRUE,FALSE,Cardiologist,1,,2026-09-01 16:07:37,MATCHING
REQ-000112,PT-792014,Road Accident,Moderate,18,18.532572,73.818551,FALSE,FALSE,FALSE,TRUE,FALSE,FALSE,FALSE,FALSE,FALSE,,1,,2026-09-01 16:08:23,CREATED
REQ-000113,PT-654847,Road Accident,High,41,18.566152,73.791998,TRUE,TRUE,FALSE,TRUE,FALSE,TRUE,TRUE,TRUE,FALSE,General Surgeon,1,,2026-09-01 16:11:01,CREATED
REQ-000114,PT-263053,Stroke,Low,68,18.471279,73.878469,FALSE,FALSE,FALSE,FALSE,FALSE,TRUE,FALSE,FALSE,FALSE,,1,,2026-09-01 16:12:35,CREATED
REQ-000115,PT-290636,Road Accident,Moderate,36,18.652597,73.771779,TRUE,FALSE,FALSE,TRUE,FALSE,FALSE,FALSE,FALSE,FALSE,Trauma Surgeon,1,,2026-09-01 16:14:26,CREATED
REQ-000116,PT-620840,Road Accident,Critical,51,18.553246,73.9329,TRUE,TRUE,FALSE,TRUE,FALSE,TRUE,TRUE,TRUE,TRUE,Trauma Surgeon,1,,2026-09-01 16:19:23,MATCHING
REQ-000117,PT-355093,Other,Low,8,18.515663,73.673405,FALSE,FALSE,FALSE,FALSE,FALSE,FALSE,FALSE,FALSE,FALSE,,1,,2026-09-01 16:21:39,CREATED
REQ-000118,PT-105661,Burn,Low,31,18.530523,73.748623,FALSE,FALSE,FALSE,FALSE,FALSE,FALSE,FALSE,FALSE,FALSE,,1,AMB-062,2026-09-01 16:22:14,COMPLETED
REQ-000119,PT-380401,Road Accident,Moderate,64,18.635799,73.782035,TRUE,FALSE,TRUE,TRUE,FALSE,TRUE,FALSE,FALSE,FALSE,Trauma Surgeon,1,AMB-001,2026-09-01 16:25:11,COMPLETED
REQ-000120,PT-961812,Road Accident,Moderate,27,18.639341,73.790146,TRUE,FALSE,TRUE,TRUE,FALSE,FALSE,FALSE,FALSE,FALSE,Trauma Surgeon,1,,2026-09-01 16:34:26,MATCHING
REQ-000121,PT-215820,Burn,Critical,18,18.494644,73.831387,FALSE,FALSE,TRUE,FALSE,FALSE,FALSE,TRUE,TRUE,FALSE,General Surgeon,1,,2026-09-01 16:38:13,CREATED
REQ-000122,PT-520917,Respiratory,High,62,18.636584,73.860703,TRUE,TRUE,TRUE,FALSE,FALSE,FALSE,FALSE,FALSE,FALSE,,1,,2026-09-01 16:40:52,CREATED
REQ-000123,PT-893082,Cardiac,High,53,18.534978,73.764088,TRUE,FALSE,FALSE,FALSE,TRUE,FALSE,FALSE,FALSE,FALSE,,1,,2026-09-01 16:44:18,CREATED
REQ-000124,PT-393317,Respiratory,High,47,18.604945,73.840234,FALSE,FALSE,TRUE,FALSE,FALSE,FALSE,FALSE,FALSE,FALSE,Pulmonologist,1,AMB-032,2026-09-01 16:45:37,COMPLETED
REQ-000125,PT-213005,Other,Critical,28,18.650682,73.817253,TRUE,FALSE,FALSE,FALSE,FALSE,FALSE,FALSE,FALSE,TRUE,,1,,2026-09-01 16:51:51,MATCHING
REQ-000126,PT-150032,Road Accident,High,18,18.516166,73.867235,TRUE,TRUE,FALSE,FALSE,FALSE,FALSE,FALSE,TRUE,FALSE,Trauma Surgeon,1,,2026-09-01 16:58:43,CREATED
REQ-000127,PT-574629,Other,Moderate,63,18.465444,73.82194,FALSE,FALSE,FALSE,FALSE,FALSE,FALSE,FALSE,FALSE,FALSE,,1,AMB-004,2026-09-01 17:08:27,COMPLETED
REQ-000128,PT-267754,Cardiac,High,55,18.629037,73.851737,TRUE,TRUE,FALSE,FALSE,TRUE,FALSE,FALSE,FALSE,FALSE,,1,,2026-09-01 17:24:19,CREATED
REQ-000129,PT-320568,Road Accident,Moderate,65,18.505898,73.676955,FALSE,FALSE,FALSE,FALSE,FALSE,FALSE,FALSE,FALSE,FALSE,,1,,2026-09-01 17:25:36,CREATED
REQ-000130,PT-898277,Other,Critical,30,18.511798,73.676525,TRUE,TRUE,FALSE,TRUE,FALSE,TRUE,TRUE,TRUE,TRUE,Neurologist,1,AMB-025,2026-09-01 17:28:40,COMPLETED
REQ-000131,PT-243512,Cardiac,High,71,18.516474,73.814311,TRUE,FALSE,FALSE,FALSE,TRUE,FALSE,FALSE,FALSE,FALSE,,1,,2026-09-01 17:29:49,CREATED
REQ-000132,PT-917598,Stroke,Moderate,58,18.531832,73.786068,TRUE,FALSE,FALSE,FALSE,FALSE,FALSE,FALSE,FALSE,FALSE,,1,,2026-09-01 17:33:02,CREATED
REQ-000133,PT-609390,Road Accident,Moderate,34,18.550849,73.941374,TRUE,FALSE,FALSE,TRUE,FALSE,FALSE,FALSE,TRUE,FALSE,General Surgeon,1,,2026-09-01 17:38:40,CREATED
REQ-000134,PT-762386,Cardiac,High,62,18.595884,73.722792,FALSE,FALSE,TRUE,FALSE,TRUE,FALSE,FALSE,TRUE,FALSE,,1,,2026-09-01 17:52:34,CREATED
REQ-000135,PT-477056,Road Accident,High,40,18.585832,73.744126,FALSE,FALSE,FALSE,TRUE,FALSE,FALSE,TRUE,FALSE,FALSE,Trauma Surgeon,1,AMB-007,2026-09-01 17:55:39,COMPLETED
REQ-000136,PT-399852,Road Accident,Moderate,33,18.650321,73.771877,TRUE,FALSE,FALSE,TRUE,FALSE,FALSE,FALSE,FALSE,FALSE,General Surgeon,1,,2026-09-01 18:20:59,CREATED
REQ-000137,PT-640378,Respiratory,High,82,18.520125,73.671308,TRUE,TRUE,TRUE,FALSE,FALSE,FALSE,FALSE,FALSE,FALSE,,1,,2026-09-01 18:22:11,MATCHING
REQ-000138,PT-796396,Road Accident,Critical,51,18.657039,73.786194,TRUE,TRUE,TRUE,FALSE,FALSE,FALSE,TRUE,TRUE,FALSE,Trauma Surgeon,1,,2026-09-01 18:22:47,CREATED
REQ-000139,PT-764760,Stroke,High,63,18.621664,73.802203,FALSE,FALSE,FALSE,FALSE,FALSE,TRUE,FALSE,FALSE,FALSE,,1,,2026-09-01 18:23:30,MATCHING
REQ-000140,PT-344482,Cardiac,High,58,18.500269,73.817285,FALSE,FALSE,TRUE,FALSE,FALSE,FALSE,TRUE,TRUE,FALSE,Cardiologist,1,,2026-09-01 18:28:08,CREATED
REQ-000141,PT-344791,Respiratory,Moderate,6,18.565988,73.866365,TRUE,TRUE,TRUE,FALSE,FALSE,FALSE,FALSE,FALSE,FALSE,Pulmonologist,1,AMB-027,2026-09-01 18:32:36,COMPLETED
REQ-000142,PT-945660,Cardiac,Moderate,54,18.490539,73.897657,FALSE,FALSE,FALSE,FALSE,FALSE,FALSE,FALSE,FALSE,FALSE,,1,,2026-09-01 18:41:36,CREATED
REQ-000143,PT-762251,Cardiac,Moderate,58,18.505225,73.92243,TRUE,TRUE,FALSE,FALSE,TRUE,FALSE,FALSE,TRUE,FALSE,Cardiologist,1,,2026-09-01 18:43:20,CREATED
REQ-000144,PT-898140,Respiratory,High,6,18.52518,73.83025,TRUE,TRUE,TRUE,FALSE,FALSE,FALSE,FALSE,FALSE,FALSE,,1,,2026-09-01 18:46:18,MATCHING
REQ-000145,PT-819234,Cardiac,High,63,18.529311,73.845061,TRUE,FALSE,TRUE,FALSE,TRUE,FALSE,TRUE,FALSE,FALSE,,1,AMB-073,2026-09-01 19:01:26,COMPLETED
REQ-000146,PT-569562,Road Accident,Moderate,35,18.489193,73.808788,FALSE,FALSE,TRUE,TRUE,FALSE,FALSE,FALSE,FALSE,FALSE,,1,,2026-09-01 19:03:22,CREATED
REQ-000147,PT-838727,Road Accident,High,34,18.513325,73.954003,TRUE,FALSE,TRUE,TRUE,FALSE,TRUE,FALSE,TRUE,FALSE,,1,,2026-09-01 19:07:05,MATCHING
REQ-000148,PT-166521,Respiratory,Moderate,43,18.520962,73.913622,FALSE,FALSE,FALSE,FALSE,FALSE,FALSE,FALSE,FALSE,FALSE,Pulmonologist,1,,2026-09-01 19:12:58,CREATED
REQ-000149,PT-683703,Cardiac,High,58,18.511033,73.807788,TRUE,FALSE,FALSE,FALSE,TRUE,FALSE,FALSE,FALSE,FALSE,,1,,2026-09-01 19:13:56,CREATED
REQ-000150,PT-121507,Other,High,104,18.536701,73.859618,FALSE,FALSE,FALSE,FALSE,FALSE,FALSE,FALSE,FALSE,TRUE,Cardiologist,1,AMB-061,2026-09-01 19:15:35,COMPLETED
REQ-000151,PT-801665,Road Accident,High,24,18.656405,73.763057,FALSE,FALSE,TRUE,TRUE,FALSE,FALSE,FALSE,FALSE,FALSE,Trauma Surgeon,1,,2026-09-01 19:36:59,MATCHING
REQ-000152,PT-507012,Stroke,Low,48,18.730647,73.683153,FALSE,FALSE,FALSE,FALSE,FALSE,TRUE,FALSE,FALSE,FALSE,,1,,2026-09-01 19:42:02,MATCHING
REQ-000153,PT-733067,Road Accident,Moderate,37,18.556588,73.884533,FALSE,FALSE,FALSE,TRUE,FALSE,FALSE,TRUE,FALSE,FALSE,,1,,2026-09-01 19:56:32,MATCHING
REQ-000154,PT-296090,Cardiac,Moderate,73,18.529296,73.831881,FALSE,FALSE,TRUE,FALSE,TRUE,FALSE,FALSE,FALSE,FALSE,,1,,2026-09-01 20:00:01,CREATED
REQ-000155,PT-424468,Respiratory,Moderate,50,18.454729,73.924664,FALSE,FALSE,FALSE,FALSE,FALSE,FALSE,FALSE,FALSE,FALSE,,1,AMB-085,2026-09-01 20:18:13,COMPLETED
REQ-000156,PT-809131,Road Accident,High,21,18.520196,73.676896,FALSE,FALSE,TRUE,TRUE,FALSE,FALSE,TRUE,TRUE,FALSE,Trauma Surgeon,1,,2026-09-01 20:46:55,CREATED
REQ-000157,PT-150738,Cardiac,Low,48,18.546725,73.870318,FALSE,FALSE,FALSE,FALSE,TRUE,FALSE,FALSE,FALSE,FALSE,Cardiologist,1,,2026-09-01 20:49:56,MATCHING
REQ-000158,PT-638896,Road Accident,High,10,18.577156,73.965059,FALSE,FALSE,TRUE,TRUE,FALSE,FALSE,TRUE,TRUE,FALSE,,1,,2026-09-01 21:00:22,MATCHING
REQ-000159,PT-408442,Respiratory,High,48,18.665334,73.783438,FALSE,FALSE,TRUE,FALSE,FALSE,FALSE,FALSE,FALSE,FALSE,Pulmonologist,1,,2026-09-01 21:10:23,CREATED
REQ-000160,PT-937805,Burn,Moderate,23,18.544475,73.716298,TRUE,TRUE,FALSE,TRUE,FALSE,FALSE,FALSE,FALSE,FALSE,General Surgeon,1,,2026-09-01 21:13:36,MATCHING
REQ-000161,PT-924217,Respiratory,Moderate,10,18.502488,73.897754,FALSE,FALSE,FALSE,TRUE,FALSE,FALSE,FALSE,FALSE,FALSE,Pulmonologist,1,AMB-088,2026-09-01 21:35:07,COMPLETED
REQ-000162,PT-638974,Cardiac,Low,66,18.755659,73.848256,FALSE,FALSE,FALSE,FALSE,TRUE,FALSE,FALSE,FALSE,FALSE,Cardiologist,1,,2026-09-01 21:39:49,CREATED
REQ-000163,PT-376728,Cardiac,High,70,18.639031,73.843204,TRUE,FALSE,FALSE,FALSE,TRUE,FALSE,FALSE,FALSE,FALSE,,1,,2026-09-01 21:43:30,MATCHING
REQ-000164,PT-284841,Road Accident,Low,47,18.505084,73.922477,FALSE,FALSE,FALSE,FALSE,FALSE,FALSE,FALSE,FALSE,FALSE,,1,AMB-097,2026-09-01 21:44:31,COMPLETED
REQ-000165,PT-993821,Road Accident,High,59,18.662408,73.787363,TRUE,FALSE,TRUE,TRUE,FALSE,FALSE,FALSE,FALSE,FALSE,,1,,2026-09-01 21:47:57,CREATED
REQ-000166,PT-955638,Respiratory,High,2,18.651332,73.745379,FALSE,FALSE,FALSE,FALSE,FALSE,FALSE,FALSE,FALSE,FALSE,,1,AMB-023,2026-09-01 22:02:20,COMPLETED
REQ-000167,PT-279418,Respiratory,High,2,18.489868,73.905499,TRUE,FALSE,TRUE,FALSE,FALSE,FALSE,FALSE,FALSE,FALSE,Pulmonologist,1,AMB-085,2026-09-01 22:07:16,COMPLETED
REQ-000168,PT-597410,Stroke,High,62,18.588253,73.732984,TRUE,FALSE,FALSE,FALSE,FALSE,TRUE,FALSE,FALSE,FALSE,Neurologist,1,AMB-007,2026-09-01 22:07:19,COMPLETED
REQ-000169,PT-646012,Respiratory,High,84,18.653433,73.798788,TRUE,TRUE,TRUE,FALSE,FALSE,FALSE,FALSE,FALSE,FALSE,,1,,2026-09-01 22:07:45,MATCHING
REQ-000170,PT-904529,Other,Critical,33,18.556661,73.869926,TRUE,TRUE,FALSE,FALSE,FALSE,FALSE,FALSE,FALSE,TRUE,Nephrologist,1,,2026-09-01 22:09:44,CREATED
REQ-000171,PT-753499,Burn,Low,38,18.481896,73.7718,TRUE,FALSE,TRUE,TRUE,FALSE,FALSE,FALSE,FALSE,FALSE,,1,,2026-09-01 22:10:59,CREATED
REQ-000172,PT-849126,Cardiac,Critical,56,18.533505,73.93035,TRUE,TRUE,FALSE,FALSE,TRUE,FALSE,FALSE,TRUE,FALSE,Cardiologist,1,,2026-09-01 22:48:40,CREATED
REQ-000173,PT-270472,Road Accident,Low,25,18.624786,73.790921,FALSE,FALSE,FALSE,TRUE,FALSE,FALSE,FALSE,FALSE,FALSE,Trauma Surgeon,1,,2026-09-01 22:55:02,MATCHING
REQ-000174,PT-289479,Cardiac,Critical,71,18.478382,73.858545,TRUE,FALSE,TRUE,FALSE,TRUE,FALSE,FALSE,FALSE,FALSE,Cardiologist,1,AMB-081,2026-09-01 22:59:34,COMPLETED
REQ-000175,PT-481504,Cardiac,Critical,62,18.458838,73.870594,TRUE,FALSE,TRUE,FALSE,TRUE,FALSE,FALSE,FALSE,FALSE,Cardiologist,1,AMB-053,2026-09-01 23:10:03,COMPLETED
REQ-000176,PT-466202,Cardiac,Moderate,55,18.63388,73.826463,FALSE,FALSE,FALSE,FALSE,TRUE,FALSE,FALSE,FALSE,TRUE,,1,AMB-049,2026-09-01 23:25:08,COMPLETED
REQ-000177,PT-939736,Road Accident,High,67,18.632685,73.801773,TRUE,FALSE,TRUE,TRUE,FALSE,FALSE,TRUE,FALSE,FALSE,,1,,2026-09-01 23:28:33,MATCHING
REQ-000178,PT-683850,Stroke,High,68,18.617804,73.781669,TRUE,FALSE,FALSE,FALSE,FALSE,TRUE,FALSE,FALSE,FALSE,Neurologist,1,,2026-09-02 00:02:14,CREATED
REQ-000179,PT-885405,Respiratory,High,73,18.570254,73.934948,TRUE,FALSE,TRUE,FALSE,FALSE,FALSE,FALSE,TRUE,FALSE,,1,AMB-042,2026-09-02 00:35:17,COMPLETED
REQ-000180,PT-766950,Burn,High,30,18.499066,73.68107,FALSE,FALSE,FALSE,FALSE,FALSE,FALSE,TRUE,FALSE,FALSE,,1,AMB-070,2026-09-02 00:58:43,COMPLETED
REQ-000181,PT-713807,Road Accident,Moderate,23,18.533715,73.969901,TRUE,FALSE,FALSE,TRUE,FALSE,FALSE,TRUE,TRUE,FALSE,Trauma Surgeon,1,,2026-09-02 01:37:58,CREATED
REQ-000182,PT-281570,Road Accident,High,36,18.729542,73.679699,TRUE,FALSE,FALSE,TRUE,FALSE,FALSE,FALSE,TRUE,FALSE,,1,,2026-09-02 02:01:07,CREATED
REQ-000183,PT-430546,Cardiac,Moderate,39,18.63142,73.79987,TRUE,FALSE,FALSE,FALSE,TRUE,FALSE,FALSE,TRUE,FALSE,,1,,2026-09-02 02:03:42,MATCHING
REQ-000184,PT-457198,Burn,Moderate,48,18.519223,73.863349,TRUE,TRUE,FALSE,TRUE,FALSE,FALSE,FALSE,TRUE,FALSE,,1,,2026-09-02 02:33:00,MATCHING
REQ-000185,PT-346736,Other,Critical,40,18.523301,73.735283,FALSE,FALSE,FALSE,FALSE,FALSE,FALSE,FALSE,FALSE,TRUE,Pulmonologist,1,AMB-076,2026-09-02 02:54:29,COMPLETED
REQ-000186,PT-168014,Respiratory,Low,32,18.591266,73.741665,FALSE,FALSE,TRUE,FALSE,FALSE,FALSE,FALSE,FALSE,FALSE,,1,,2026-09-02 02:59:18,CREATED
REQ-000187,PT-868667,Cardiac,Moderate,54,18.607934,73.987565,FALSE,FALSE,FALSE,FALSE,TRUE,FALSE,FALSE,FALSE,FALSE,,1,AMB-017,2026-09-02 03:16:24,COMPLETED
REQ-000188,PT-503546,Respiratory,Moderate,77,18.550167,73.77776,FALSE,FALSE,FALSE,FALSE,FALSE,FALSE,FALSE,FALSE,FALSE,,1,,2026-09-02 03:36:48,MATCHING
REQ-000189,PT-357820,Other,Low,19,18.49626,73.813528,FALSE,FALSE,FALSE,FALSE,FALSE,FALSE,FALSE,FALSE,FALSE,,1,AMB-052,2026-09-02 03:47:12,COMPLETED
REQ-000190,PT-291067,Respiratory,Critical,84,18.512139,73.928166,TRUE,TRUE,TRUE,FALSE,FALSE,FALSE,FALSE,FALSE,FALSE,Pulmonologist,1,AMB-087,2026-09-02 04:21:14,NO_MATCH
REQ-000191,PT-968126,Road Accident,Moderate,52,18.460583,73.889106,FALSE,FALSE,FALSE,TRUE,FALSE,FALSE,FALSE,TRUE,FALSE,,1,,2026-09-02 04:23:23,CREATED
REQ-000192,PT-597084,Stroke,High,86,18.456831,73.904559,TRUE,FALSE,TRUE,FALSE,FALSE,TRUE,FALSE,FALSE,FALSE,,1,,2026-09-02 05:17:58,MATCHING
REQ-000193,PT-936791,Cardiac,High,80,18.493987,73.878574,FALSE,FALSE,TRUE,FALSE,TRUE,FALSE,TRUE,FALSE,FALSE,Cardiologist,1,AMB-065,2026-09-02 06:13:07,COMPLETED
REQ-000194,PT-356337,Road Accident,High,26,18.635143,73.849487,TRUE,FALSE,FALSE,TRUE,FALSE,FALSE,FALSE,FALSE,FALSE,,1,,2026-09-02 06:26:19,CREATED
REQ-000195,PT-371121,Respiratory,Moderate,59,18.50987,73.808715,TRUE,FALSE,TRUE,FALSE,FALSE,FALSE,FALSE,FALSE,FALSE,Pulmonologist,1,,2026-09-02 07:04:14,CREATED
REQ-000196,PT-919732,Burn,Low,61,18.505366,73.800585,FALSE,FALSE,FALSE,FALSE,FALSE,FALSE,FALSE,FALSE,FALSE,General Surgeon,1,AMB-058,2026-09-02 07:04:25,COMPLETED
REQ-000197,PT-282257,Stroke,Critical,64,18.576103,73.977155,TRUE,FALSE,TRUE,TRUE,FALSE,TRUE,FALSE,FALSE,FALSE,Neurologist,1,,2026-09-02 07:04:29,CREATED
REQ-000198,PT-105598,Stroke,Critical,70,18.593893,73.979529,TRUE,TRUE,TRUE,FALSE,FALSE,TRUE,FALSE,FALSE,FALSE,Neurologist,1,,2026-09-02 07:05:40,MATCHING
REQ-000199,PT-680390,Respiratory,Moderate,4,18.621549,73.757796,TRUE,TRUE,TRUE,FALSE,FALSE,FALSE,FALSE,FALSE,FALSE,,1,AMB-007,2026-09-02 07:14:08,COMPLETED
REQ-000200,PT-558282,Road Accident,High,60,18.529012,73.848869,TRUE,FALSE,FALSE,TRUE,FALSE,FALSE,TRUE,TRUE,FALSE,Trauma Surgeon,1,,2026-09-02 07:33:46,CREATED
REQ-000201,PT-470568,Burn,Moderate,30,18.59971,73.762695,FALSE,FALSE,FALSE,TRUE,FALSE,FALSE,FALSE,FALSE,FALSE,General Surgeon,1,,2026-09-02 07:34:30,CREATED
REQ-000202,PT-173440,Other,Low,31,18.648945,73.860102,FALSE,FALSE,TRUE,FALSE,FALSE,FALSE,TRUE,FALSE,FALSE,,1,AMB-024,2026-09-02 07:40:23,COMPLETED
REQ-000203,PT-870484,Cardiac,High,78,18.507182,73.881195,TRUE,FALSE,FALSE,FALSE,TRUE,FALSE,FALSE,FALSE,FALSE,Cardiologist,1,,2026-09-02 07:46:58,CREATED
REQ-000204,PT-996298,Other,Critical,35,18.53139,73.74039,TRUE,TRUE,FALSE,TRUE,FALSE,TRUE,TRUE,TRUE,TRUE,Neurologist,1,AMB-076,2026-09-02 07:58:48,COMPLETED
REQ-000205,PT-949127,Cardiac,High,72,18.660889,73.774291,FALSE,FALSE,FALSE,FALSE,TRUE,TRUE,FALSE,FALSE,FALSE,Cardiologist,1,,2026-09-02 08:02:59,NO_MATCH
REQ-000206,PT-514079,Respiratory,High,47,18.61172,73.809872,TRUE,TRUE,TRUE,FALSE,FALSE,FALSE,TRUE,FALSE,FALSE,Pulmonologist,1,,2026-09-02 08:03:39,MATCHING
REQ-000207,PT-492100,Cardiac,High,41,18.583848,73.727561,FALSE,FALSE,TRUE,FALSE,FALSE,FALSE,FALSE,TRUE,FALSE,Cardiologist,1,,2026-09-02 08:14:54,CREATED
REQ-000208,PT-502294,Respiratory,Low,48,18.559678,73.897457,FALSE,FALSE,FALSE,FALSE,FALSE,FALSE,FALSE,FALSE,FALSE,,1,AMB-009,2026-09-02 08:35:08,COMPLETED
REQ-000209,PT-994814,Stroke,Moderate,58,18.635927,73.85482,TRUE,TRUE,TRUE,FALSE,FALSE,TRUE,FALSE,FALSE,FALSE,Neurologist,1,AMB-032,2026-09-02 08:38:13,COMPLETED
REQ-000210,PT-572085,Cardiac,Moderate,47,18.544259,73.870282,FALSE,FALSE,FALSE,FALSE,FALSE,FALSE,FALSE,FALSE,FALSE,,1,,2026-09-02 08:39:07,MATCHING
REQ-000211,PT-350594,Cardiac,Critical,66,18.561783,73.963431,TRUE,FALSE,FALSE,FALSE,TRUE,FALSE,TRUE,FALSE,FALSE,Cardiologist,1,AMB-019,2026-09-02 08:44:14,COMPLETED
REQ-000212,PT-728103,Road Accident,High,27,18.531106,73.924387,FALSE,FALSE,FALSE,FALSE,FALSE,TRUE,TRUE,TRUE,FALSE,Trauma Surgeon,1,,2026-09-02 08:56:11,MATCHING
REQ-000213,PT-458673,Cardiac,High,44,18.553825,73.92326,FALSE,FALSE,TRUE,FALSE,TRUE,FALSE,TRUE,TRUE,FALSE,,1,,2026-09-02 09:00:08,CREATED
REQ-000214,PT-515588,Road Accident,Moderate,22,18.49844,73.938112,TRUE,TRUE,FALSE,TRUE,FALSE,FALSE,FALSE,FALSE,FALSE,Trauma Surgeon,1,AMB-013,2026-09-02 09:07:47,COMPLETED
REQ-000215,PT-372914,Respiratory,High,75,18.567203,73.874944,TRUE,TRUE,TRUE,FALSE,FALSE,FALSE,FALSE,FALSE,FALSE,Pulmonologist,1,,2026-09-02 09:20:44,CREATED
REQ-000216,PT-936928,Respiratory,High,80,18.581778,73.769558,TRUE,TRUE,TRUE,FALSE,FALSE,FALSE,FALSE,FALSE,FALSE,Pulmonologist,1,,2026-09-02 09:48:17,CREATED
REQ-000217,PT-547646,Stroke,Critical,52,18.451915,73.900351,TRUE,FALSE,TRUE,FALSE,FALSE,FALSE,FALSE,FALSE,FALSE,Neurologist,1,AMB-085,2026-09-02 09:56:18,COMPLETED
REQ-000218,PT-950475,Road Accident,Moderate,26,18.654551,73.770575,FALSE,FALSE,FALSE,TRUE,FALSE,FALSE,FALSE,FALSE,FALSE,,1,,2026-09-02 09:58:04,CREATED
REQ-000219,PT-732384,Road Accident,Critical,43,18.750917,73.668387,FALSE,FALSE,FALSE,FALSE,FALSE,TRUE,TRUE,TRUE,FALSE,Trauma Surgeon,1,,2026-09-02 10:03:24,CREATED
REQ-000220,PT-580851,Respiratory,Moderate,7,18.645884,73.79318,FALSE,FALSE,TRUE,FALSE,FALSE,FALSE,FALSE,FALSE,FALSE,,1,,2026-09-02 10:08:52,CREATED
REQ-000221,PT-123702,Cardiac,Critical,58,18.475673,73.827431,TRUE,TRUE,TRUE,FALSE,TRUE,FALSE,FALSE,TRUE,TRUE,Cardiologist,1,,2026-09-02 10:11:50,CREATED
REQ-000222,PT-247283,Burn,High,41,18.591884,73.969445,TRUE,TRUE,FALSE,FALSE,FALSE,FALSE,FALSE,FALSE,FALSE,General Surgeon,1,,2026-09-02 10:23:24,MATCHING
REQ-000223,PT-242014,Other,Critical,40,18.631044,73.779206,TRUE,TRUE,FALSE,FALSE,FALSE,FALSE,TRUE,FALSE,TRUE,Nephrologist,1,,2026-09-02 10:29:33,MATCHING
REQ-000224,PT-110166,Road Accident,Critical,53,18.577337,73.984148,TRUE,TRUE,TRUE,TRUE,FALSE,TRUE,TRUE,FALSE,FALSE,Trauma Surgeon,1,AMB-043,2026-09-02 10:38:34,COMPLETED
REQ-000225,PT-496956,Road Accident,Critical,15,18.573861,73.982754,TRUE,TRUE,FALSE,TRUE,TRUE,FALSE,FALSE,FALSE,FALSE,Trauma Surgeon,1,AMB-019,2026-09-02 10:38:43,COMPLETED
REQ-000226,PT-426884,Other,Critical,61,18.495821,73.706445,TRUE,FALSE,FALSE,FALSE,FALSE,FALSE,FALSE,FALSE,TRUE,Nephrologist,1,,2026-09-02 10:40:53,MATCHING
REQ-000227,PT-526845,Other,Moderate,64,18.573395,73.821997,FALSE,FALSE,TRUE,FALSE,FALSE,FALSE,FALSE,TRUE,FALSE,Pulmonologist,1,,2026-09-02 10:44:50,MATCHING
REQ-000228,PT-674403,Cardiac,High,55,18.756033,73.685855,TRUE,TRUE,FALSE,FALSE,FALSE,FALSE,FALSE,FALSE,FALSE,,1,AMB-093,2026-09-02 10:59:38,COMPLETED
REQ-000229,PT-789434,Burn,Critical,27,18.65125,73.805689,TRUE,FALSE,TRUE,TRUE,FALSE,FALSE,TRUE,TRUE,FALSE,,1,,2026-09-02 11:10:41,CREATED
REQ-000230,PT-952330,Road Accident,Moderate,30,18.627083,73.782794,FALSE,FALSE,TRUE,TRUE,FALSE,TRUE,FALSE,TRUE,FALSE,Trauma Surgeon,1,,2026-09-02 11:11:13,CREATED
REQ-000231,PT-261761,Stroke,Moderate,50,18.507696,73.801014,FALSE,FALSE,FALSE,FALSE,FALSE,TRUE,FALSE,FALSE,FALSE,,1,AMB-011,2026-09-02 11:40:32,COMPLETED
REQ-000232,PT-965822,Road Accident,Critical,37,18.497594,73.796115,TRUE,FALSE,FALSE,TRUE,FALSE,FALSE,TRUE,FALSE,FALSE,Trauma Surgeon,1,,2026-09-02 12:07:11,CREATED
REQ-000233,PT-462970,Respiratory,Critical,68,18.524889,73.889466,TRUE,TRUE,TRUE,FALSE,FALSE,FALSE,FALSE,FALSE,FALSE,Pulmonologist,1,,2026-09-02 12:19:26,MATCHING
REQ-000234,PT-811601,Other,High,16,18.638566,73.806901,FALSE,FALSE,FALSE,FALSE,FALSE,FALSE,FALSE,FALSE,FALSE,,1,,2026-09-02 12:31:15,CREATED
REQ-000235,PT-751075,Respiratory,High,0,18.500179,73.855042,FALSE,TRUE,TRUE,FALSE,FALSE,FALSE,FALSE,FALSE,FALSE,Pulmonologist,1,,2026-09-02 12:45:48,CREATED
REQ-000236,PT-690144,Stroke,Moderate,68,18.564696,73.805383,TRUE,FALSE,FALSE,FALSE,FALSE,TRUE,FALSE,FALSE,FALSE,,1,,2026-09-02 12:47:48,CREATED
REQ-000237,PT-751918,Road Accident,Low,46,18.555628,73.890931,FALSE,FALSE,FALSE,FALSE,FALSE,FALSE,FALSE,TRUE,FALSE,Trauma Surgeon,1,AMB-096,2026-09-02 12:57:42,COMPLETED
REQ-000238,PT-955417,Road Accident,Low,24,18.452525,73.914076,FALSE,FALSE,FALSE,TRUE,FALSE,FALSE,FALSE,TRUE,FALSE,,1,,2026-09-02 13:17:37,CREATED
REQ-000239,PT-701430,Cardiac,Moderate,46,18.572281,73.757035,TRUE,FALSE,FALSE,FALSE,TRUE,FALSE,FALSE,FALSE,FALSE,Cardiologist,1,,2026-09-02 13:18:05,CREATED
REQ-000240,PT-583617,Respiratory,Moderate,64,18.542637,73.937969,FALSE,FALSE,TRUE,FALSE,FALSE,FALSE,FALSE,FALSE,FALSE,,1,,2026-09-02 13:26:01,MATCHING
REQ-000241,PT-835370,Road Accident,High,26,18.536593,73.847632,TRUE,TRUE,TRUE,TRUE,FALSE,FALSE,TRUE,TRUE,FALSE,Trauma Surgeon,1,AMB-073,2026-09-02 13:29:58,COMPLETED
REQ-000242,PT-908737,Respiratory,Low,71,18.756299,73.85783,FALSE,FALSE,FALSE,FALSE,FALSE,FALSE,FALSE,FALSE,FALSE,,1,,2026-09-02 13:34:08,MATCHING
REQ-000243,PT-748218,Respiratory,High,9,18.595798,73.928908,FALSE,FALSE,TRUE,FALSE,FALSE,TRUE,FALSE,FALSE,FALSE,,1,,2026-09-02 13:41:30,CREATED
REQ-000244,PT-355127,Road Accident,Critical,45,18.586071,73.914706,TRUE,FALSE,FALSE,TRUE,FALSE,FALSE,TRUE,TRUE,FALSE,General Surgeon,1,,2026-09-02 13:43:11,CREATED
REQ-000245,PT-645073,Road Accident,High,83,18.581537,73.953052,FALSE,FALSE,FALSE,FALSE,FALSE,FALSE,TRUE,FALSE,FALSE,General Surgeon,1,,2026-09-02 13:47:14,CREATED
REQ-000246,PT-136728,Respiratory,Moderate,87,18.62163,73.786642,TRUE,TRUE,FALSE,FALSE,FALSE,FALSE,FALSE,FALSE,FALSE,Pulmonologist,1,AMB-012,2026-09-02 13:51:21,COMPLETED
REQ-000247,PT-868910,Road Accident,Low,32,18.564519,73.918664,FALSE,FALSE,FALSE,TRUE,FALSE,FALSE,FALSE,FALSE,FALSE,,1,,2026-09-02 13:57:21,CREATED
REQ-000248,PT-189654,Stroke,High,64,18.742802,73.831143,TRUE,TRUE,FALSE,FALSE,FALSE,TRUE,FALSE,FALSE,FALSE,Neurologist,1,,2026-09-02 13:59:15,CREATED
REQ-000249,PT-116589,Other,Moderate,36,18.636811,73.79532,FALSE,FALSE,FALSE,FALSE,FALSE,FALSE,FALSE,FALSE,FALSE,,1,,2026-09-02 14:07:31,CREATED
REQ-000250,PT-739335,Burn,High,18,18.591374,73.997846,TRUE,TRUE,TRUE,FALSE,FALSE,FALSE,TRUE,TRUE,FALSE,,1,,2026-09-02 14:26:28,CREATED
REQ-000251,PT-848730,Cardiac,Critical,45,18.575848,73.867958,TRUE,TRUE,TRUE,FALSE,TRUE,FALSE,TRUE,FALSE,FALSE,Cardiologist,1,AMB-061,2026-09-02 14:34:36,COMPLETED
REQ-000252,PT-310182,Cardiac,Critical,59,18.577929,73.87127,TRUE,TRUE,FALSE,FALSE,TRUE,FALSE,TRUE,FALSE,FALSE,Cardiologist,1,AMB-027,2026-09-02 14:35:04,COMPLETED
REQ-000253,PT-365999,Road Accident,Moderate,56,18.507998,73.674871,FALSE,FALSE,FALSE,TRUE,FALSE,FALSE,FALSE,TRUE,FALSE,Trauma Surgeon,1,,2026-09-02 14:49:02,CREATED
REQ-000254,PT-502852,Cardiac,Moderate,41,18.557449,73.863818,TRUE,FALSE,TRUE,FALSE,TRUE,FALSE,FALSE,FALSE,FALSE,,1,,2026-09-02 14:51:03,CREATED
REQ-000255,PT-767172,Respiratory,High,62,18.507069,73.766009,FALSE,TRUE,FALSE,FALSE,FALSE,FALSE,FALSE,FALSE,FALSE,Pulmonologist,1,,2026-09-02 15:02:55,MATCHING
REQ-000256,PT-877203,Road Accident,High,28,18.461938,73.879909,TRUE,FALSE,FALSE,FALSE,FALSE,FALSE,TRUE,TRUE,FALSE,Trauma Surgeon,1,,2026-09-02 15:24:52,CREATED
REQ-000257,PT-843592,Road Accident,Low,37,18.617001,73.823376,FALSE,FALSE,FALSE,FALSE,FALSE,FALSE,FALSE,FALSE,FALSE,,1,,2026-09-02 15:30:01,MATCHING
REQ-000258,PT-731100,Cardiac,High,50,18.536072,73.878786,TRUE,TRUE,FALSE,FALSE,TRUE,TRUE,FALSE,FALSE,FALSE,,1,AMB-068,2026-09-02 15:47:48,COMPLETED
REQ-000259,PT-124641,Cardiac,Low,58,18.540395,73.882132,TRUE,FALSE,FALSE,FALSE,TRUE,FALSE,FALSE,FALSE,FALSE,,1,,2026-09-02 15:55:18,CREATED
REQ-000260,PT-824751,Cardiac,Low,68,18.577339,73.772891,FALSE,FALSE,FALSE,FALSE,TRUE,FALSE,FALSE,FALSE,FALSE,,1,AMB-051,2026-09-02 15:58:13,COMPLETED
REQ-000261,PT-473912,Cardiac,Low,58,18.50731,73.849103,FALSE,FALSE,FALSE,FALSE,TRUE,FALSE,FALSE,FALSE,FALSE,,1,,2026-09-02 16:07:06,MATCHING
REQ-000262,PT-621330,Cardiac,High,80,18.472496,73.834203,TRUE,FALSE,TRUE,FALSE,TRUE,FALSE,FALSE,FALSE,FALSE,,1,,2026-09-02 16:10:06,CREATED
REQ-000263,PT-539796,Cardiac,High,65,18.5587,73.914888,TRUE,FALSE,TRUE,FALSE,TRUE,FALSE,TRUE,FALSE,FALSE,Cardiologist,1,AMB-018,2026-09-02 16:10:17,COMPLETED
REQ-000264,PT-271178,Road Accident,High,85,18.556896,73.794194,FALSE,FALSE,FALSE,TRUE,FALSE,FALSE,FALSE,TRUE,FALSE,Trauma Surgeon,1,,2026-09-02 16:12:53,MATCHING
REQ-000265,PT-437377,Respiratory,Moderate,83,18.637448,73.792654,FALSE,FALSE,TRUE,FALSE,FALSE,FALSE,FALSE,FALSE,FALSE,,1,AMB-012,2026-09-02 16:15:38,COMPLETED
REQ-000266,PT-103178,Other,Low,58,18.534961,73.834206,FALSE,FALSE,FALSE,FALSE,FALSE,FALSE,FALSE,FALSE,FALSE,,1,,2026-09-02 16:22:46,CREATED
REQ-000267,PT-322501,Respiratory,High,5,18.511399,73.911497,TRUE,FALSE,TRUE,FALSE,FALSE,FALSE,FALSE,FALSE,FALSE,,1,,2026-09-02 16:22:52,CREATED
REQ-000268,PT-530965,Respiratory,Low,8,18.511645,73.917127,FALSE,FALSE,TRUE,FALSE,FALSE,FALSE,FALSE,FALSE,FALSE,,1,AMB-097,2026-09-02 16:33:04,COMPLETED
REQ-000269,PT-840475,Other,High,104,18.581921,73.730211,FALSE,FALSE,TRUE,FALSE,FALSE,FALSE,FALSE,FALSE,FALSE,Pulmonologist,1,,2026-09-02 16:39:06,CREATED
REQ-000270,PT-332840,Burn,Moderate,39,18.643396,73.789261,FALSE,FALSE,TRUE,FALSE,FALSE,FALSE,FALSE,TRUE,FALSE,General Surgeon,1,AMB-001,2026-09-02 16:39:20,COMPLETED
REQ-000271,PT-915170,Road Accident,Moderate,28,18.561312,73.770134,FALSE,FALSE,TRUE,TRUE,FALSE,FALSE,FALSE,FALSE,FALSE,Trauma Surgeon,1,,2026-09-02 16:55:59,MATCHING
REQ-000272,PT-829709,Other,Moderate,29,18.653401,73.777268,FALSE,FALSE,FALSE,FALSE,FALSE,FALSE,TRUE,FALSE,FALSE,,1,,2026-09-02 17:11:36,CREATED
REQ-000273,PT-432811,Road Accident,Moderate,25,18.473975,73.884844,TRUE,FALSE,FALSE,FALSE,FALSE,FALSE,FALSE,FALSE,FALSE,,1,,2026-09-02 17:12:13,CREATED
REQ-000274,PT-963356,Stroke,High,77,18.648905,73.769141,FALSE,FALSE,TRUE,FALSE,FALSE,TRUE,FALSE,FALSE,FALSE,Neurologist,1,,2026-09-02 17:15:31,CREATED
REQ-000275,PT-550844,Road Accident,High,26,18.577846,73.970167,FALSE,FALSE,TRUE,TRUE,FALSE,TRUE,TRUE,FALSE,FALSE,,1,,2026-09-02 17:19:48,CREATED
REQ-000276,PT-996230,Cardiac,Moderate,83,18.491197,73.801279,FALSE,FALSE,FALSE,FALSE,TRUE,FALSE,TRUE,FALSE,FALSE,Cardiologist,1,,2026-09-02 17:41:29,CREATED
REQ-000277,PT-946774,Road Accident,Critical,36,18.636629,73.764101,TRUE,FALSE,TRUE,TRUE,FALSE,FALSE,FALSE,TRUE,FALSE,General Surgeon,1,AMB-023,2026-09-02 17:46:57,COMPLETED
REQ-000278,PT-833928,Respiratory,High,97,18.676401,73.813485,FALSE,FALSE,FALSE,FALSE,FALSE,FALSE,FALSE,FALSE,FALSE,,1,,2026-09-02 17:47:06,MATCHING
REQ-000279,PT-957919,Road Accident,Critical,26,18.631751,73.829622,TRUE,TRUE,FALSE,TRUE,FALSE,FALSE,FALSE,TRUE,FALSE,,1,,2026-09-02 17:48:16,CREATED
REQ-000280,PT-251750,Stroke,High,63,18.471851,73.812667,TRUE,TRUE,FALSE,FALSE,FALSE,FALSE,FALSE,TRUE,FALSE,Neurologist,1,,2026-09-02 18:05:43,MATCHING
REQ-000281,PT-892988,Other,High,13,18.492667,73.808932,TRUE,FALSE,FALSE,FALSE,FALSE,FALSE,FALSE,FALSE,FALSE,,1,AMB-052,2026-09-02 18:09:52,COMPLETED
REQ-000282,PT-802421,Road Accident,Critical,42,18.46527,73.843853,TRUE,FALSE,TRUE,FALSE,FALSE,FALSE,TRUE,TRUE,FALSE,,1,AMB-081,2026-09-02 18:11:57,COMPLETED
REQ-000283,PT-284791,Road Accident,Critical,102,18.461997,73.845978,TRUE,FALSE,TRUE,TRUE,FALSE,FALSE,TRUE,TRUE,FALSE,Trauma Surgeon,1,AMB-092,2026-09-02 18:12:18,COMPLETED
REQ-000284,PT-297996,Respiratory,Critical,53,18.630727,73.811363,TRUE,TRUE,TRUE,FALSE,FALSE,FALSE,FALSE,FALSE,TRUE,,1,,2026-09-02 18:13:40,CREATED
REQ-000285,PT-321195,Road Accident,Low,36,18.545323,73.817956,FALSE,FALSE,FALSE,TRUE,FALSE,FALSE,FALSE,FALSE,FALSE,,1,,2026-09-02 18:21:18,MATCHING
REQ-000286,PT-443091,Cardiac,Moderate,59,18.662814,73.774736,TRUE,TRUE,FALSE,FALSE,TRUE,FALSE,FALSE,FALSE,FALSE,,1,,2026-09-02 18:22:34,CREATED
REQ-000287,PT-905379,Other,Low,52,18.481479,73.802566,FALSE,FALSE,FALSE,FALSE,FALSE,FALSE,FALSE,FALSE,FALSE,,1,,2026-09-02 18:24:27,CREATED
REQ-000288,PT-796590,Cardiac,High,57,18.54614,73.773756,TRUE,FALSE,FALSE,FALSE,TRUE,FALSE,TRUE,FALSE,TRUE,,1,,2026-09-02 18:26:23,CREATED
REQ-000289,PT-991185,Road Accident,Moderate,40,18.569068,73.98728,TRUE,TRUE,FALSE,FALSE,FALSE,TRUE,FALSE,FALSE,FALSE,,1,AMB-043,2026-09-02 18:29:09,NO_MATCH
REQ-000290,PT-521040,Burn,High,20,18.517703,73.733626,TRUE,TRUE,FALSE,TRUE,FALSE,FALSE,TRUE,TRUE,FALSE,General Surgeon,1,AMB-076,2026-09-02 18:29:28,COMPLETED
REQ-000291,PT-365188,Respiratory,High,42,18.534856,73.831932,TRUE,FALSE,FALSE,FALSE,FALSE,FALSE,FALSE,FALSE,FALSE,,1,,2026-09-02 18:37:37,MATCHING
REQ-000292,PT-662991,Stroke,Critical,86,18.590966,73.992278,FALSE,FALSE,TRUE,FALSE,FALSE,TRUE,FALSE,FALSE,FALSE,Neurologist,1,,2026-09-02 18:51:07,MATCHING
REQ-000293,PT-716898,Road Accident,Low,25,18.567003,73.80387,FALSE,FALSE,FALSE,TRUE,FALSE,FALSE,FALSE,FALSE,FALSE,,1,,2026-09-02 18:52:25,CREATED
REQ-000294,PT-866232,Cardiac,High,54,18.635137,73.800762,TRUE,FALSE,FALSE,FALSE,TRUE,FALSE,FALSE,FALSE,FALSE,Cardiologist,1,AMB-049,2026-09-02 19:00:54,COMPLETED
REQ-000295,PT-847752,Cardiac,Critical,82,18.551249,73.793658,TRUE,FALSE,TRUE,FALSE,TRUE,FALSE,FALSE,TRUE,FALSE,Cardiologist,1,AMB-083,2026-09-02 19:01:32,COMPLETED
REQ-000296,PT-916742,Respiratory,Critical,82,18.496354,73.808568,TRUE,TRUE,TRUE,FALSE,FALSE,FALSE,FALSE,FALSE,FALSE,Pulmonologist,1,,2026-09-02 19:13:29,CREATED
REQ-000297,PT-274477,Other,High,86,18.474865,73.864123,FALSE,FALSE,FALSE,FALSE,FALSE,FALSE,TRUE,FALSE,FALSE,,1,,2026-09-02 19:20:28,MATCHING
REQ-000298,PT-184386,Road Accident,Moderate,27,18.678243,73.750143,FALSE,FALSE,FALSE,TRUE,FALSE,FALSE,FALSE,FALSE,FALSE,,1,,2026-09-02 19:22:10,MATCHING
REQ-000299,PT-248926,Cardiac,Critical,61,18.506041,73.884747,TRUE,FALSE,TRUE,FALSE,TRUE,FALSE,FALSE,TRUE,FALSE,Cardiologist,1,,2026-09-02 19:28:50,CREATED
REQ-000300,PT-791259,Burn,Moderate,16,18.493444,73.871112,FALSE,FALSE,FALSE,FALSE,FALSE,FALSE,FALSE,FALSE,FALSE,,1,,2026-09-02 19:32:29,CREATED
REQ-000301,PT-366048,Stroke,High,50,18.634239,73.774273,FALSE,FALSE,FALSE,FALSE,FALSE,TRUE,FALSE,FALSE,FALSE,,1,AMB-035,2026-09-02 19:37:08,COMPLETED
REQ-000302,PT-130339,Road Accident,Moderate,50,18.555789,73.783863,TRUE,TRUE,FALSE,TRUE,FALSE,FALSE,FALSE,TRUE,FALSE,,1,,2026-09-02 19:39:04,CREATED
REQ-000303,PT-965567,Other,Low,63,18.51212,73.839071,FALSE,FALSE,FALSE,FALSE,FALSE,FALSE,FALSE,FALSE,FALSE,Cardiologist,1,,2026-09-02 19:41:05,CREATED
REQ-000304,PT-898950,Other,Low,25,18.638848,73.821831,FALSE,FALSE,FALSE,FALSE,FALSE,FALSE,FALSE,FALSE,FALSE,,1,AMB-048,2026-09-02 19:50:45,COMPLETED
REQ-000305,PT-355090,Respiratory,Moderate,2,18.513442,73.924273,FALSE,FALSE,TRUE,FALSE,FALSE,FALSE,FALSE,FALSE,FALSE,Pulmonologist,1,,2026-09-02 19:52:07,CREATED
REQ-000306,PT-275595,Cardiac,High,81,18.556838,73.791253,TRUE,FALSE,TRUE,FALSE,TRUE,FALSE,FALSE,FALSE,FALSE,Cardiologist,1,,2026-09-02 19:52:37,CREATED
REQ-000307,PT-779106,Other,Critical,35,18.626114,73.759878,TRUE,FALSE,FALSE,FALSE,TRUE,FALSE,FALSE,TRUE,TRUE,Pulmonologist,1,,2026-09-02 19:53:46,NO_MATCH
REQ-000308,PT-435672,Cardiac,High,76,18.456371,73.872044,FALSE,FALSE,TRUE,FALSE,TRUE,FALSE,TRUE,FALSE,FALSE,Cardiologist,1,,2026-09-02 19:58:55,MATCHING
REQ-000309,PT-653319,Road Accident,Low,45,18.522345,73.814174,TRUE,FALSE,FALSE,TRUE,FALSE,FALSE,FALSE,FALSE,FALSE,,1,,2026-09-02 20:02:04,MATCHING
REQ-000310,PT-847533,Respiratory,High,43,18.552687,73.873159,TRUE,FALSE,TRUE,FALSE,TRUE,FALSE,TRUE,FALSE,FALSE,Pulmonologist,1,,2026-09-02 20:03:05,MATCHING
REQ-000311,PT-280608,Respiratory,Moderate,57,18.459556,73.879038,FALSE,FALSE,TRUE,FALSE,FALSE,FALSE,FALSE,FALSE,FALSE,,1,,2026-09-02 20:05:50,MATCHING
REQ-000312,PT-281787,Road Accident,Moderate,27,18.775712,73.849637,FALSE,FALSE,TRUE,FALSE,FALSE,FALSE,TRUE,FALSE,FALSE,,1,,2026-09-02 20:27:26,CREATED
REQ-000313,PT-601566,Cardiac,Critical,60,18.750467,73.848907,TRUE,FALSE,TRUE,FALSE,TRUE,FALSE,FALSE,TRUE,FALSE,Cardiologist,1,,2026-09-02 20:29:34,CREATED
REQ-000314,PT-484267,Other,High,22,18.543988,73.727848,TRUE,FALSE,FALSE,FALSE,FALSE,FALSE,FALSE,FALSE,FALSE,Pulmonologist,1,,2026-09-02 20:34:30,CREATED
REQ-000315,PT-649681,Respiratory,Moderate,59,18.53451,73.843754,TRUE,TRUE,FALSE,FALSE,TRUE,FALSE,FALSE,FALSE,FALSE,,1,,2026-09-02 20:44:09,MATCHING
REQ-000316,PT-990100,Road Accident,High,36,18.655539,73.779715,TRUE,FALSE,FALSE,FALSE,FALSE,FALSE,TRUE,FALSE,FALSE,Trauma Surgeon,1,AMB-049,2026-09-02 20:48:52,COMPLETED
REQ-000317,PT-515999,Respiratory,Low,51,18.541082,73.87713,FALSE,FALSE,TRUE,FALSE,FALSE,FALSE,FALSE,FALSE,FALSE,,1,,2026-09-02 20:56:09,MATCHING
REQ-000318,PT-659906,Cardiac,Moderate,75,18.517435,73.938666,FALSE,FALSE,FALSE,FALSE,TRUE,FALSE,FALSE,FALSE,FALSE,,1,,2026-09-02 21:00:01,MATCHING
REQ-000319,PT-760008,Road Accident,Critical,12,18.633093,73.847814,TRUE,FALSE,TRUE,TRUE,FALSE,FALSE,FALSE,TRUE,TRUE,Trauma Surgeon,1,,2026-09-02 21:19:36,MATCHING
REQ-000320,PT-586265,Road Accident,Critical,62,18.472871,73.865467,TRUE,FALSE,TRUE,FALSE,FALSE,FALSE,FALSE,TRUE,FALSE,Trauma Surgeon,1,,2026-09-02 21:26:27,MATCHING
REQ-000321,PT-170204,Road Accident,High,48,18.559049,73.813656,TRUE,TRUE,FALSE,FALSE,FALSE,FALSE,FALSE,FALSE,FALSE,Trauma Surgeon,1,,2026-09-02 21:31:01,CREATED
REQ-000322,PT-393052,Other,Low,39,18.599375,73.778797,FALSE,FALSE,FALSE,FALSE,FALSE,FALSE,FALSE,FALSE,TRUE,,1,,2026-09-02 21:31:34,MATCHING
REQ-000323,PT-811986,Cardiac,Moderate,65,18.594012,74.002983,TRUE,FALSE,FALSE,FALSE,TRUE,FALSE,TRUE,FALSE,FALSE,Cardiologist,1,,2026-09-02 21:33:31,CREATED
REQ-000324,PT-436113,Respiratory,Moderate,82,18.566519,73.987882,FALSE,FALSE,TRUE,FALSE,FALSE,FALSE,FALSE,FALSE,FALSE,,1,AMB-019,2026-09-02 21:33:52,COMPLETED
REQ-000325,PT-676788,Other,Moderate,23,18.492524,73.924143,FALSE,FALSE,FALSE,FALSE,FALSE,FALSE,FALSE,FALSE,FALSE,,1,,2026-09-02 21:38:11,CREATED
REQ-000326,PT-272964,Road Accident,Low,52,18.518877,73.849744,FALSE,FALSE,FALSE,TRUE,FALSE,FALSE,FALSE,TRUE,FALSE,,1,,2026-09-02 21:39:42,MATCHING
REQ-000327,PT-935948,Cardiac,Moderate,57,18.478722,73.827307,FALSE,FALSE,FALSE,FALSE,TRUE,FALSE,TRUE,FALSE,FALSE,Cardiologist,1,AMB-047,2026-09-02 21:46:07,COMPLETED
REQ-000328,PT-315412,Road Accident,Low,28,18.520996,73.941915,FALSE,FALSE,FALSE,TRUE,FALSE,FALSE,FALSE,FALSE,FALSE,,1,AMB-069,2026-09-02 21:51:12,COMPLETED
REQ-000329,PT-907244,Stroke,High,23,18.495633,73.852095,TRUE,FALSE,TRUE,FALSE,FALSE,TRUE,FALSE,TRUE,FALSE,Neurologist,1,,2026-09-02 21:56:24,MATCHING
REQ-000330,PT-474141,Other,Moderate,27,18.50422,73.813253,FALSE,FALSE,TRUE,TRUE,FALSE,FALSE,FALSE,FALSE,FALSE,,1,AMB-052,2026-09-02 21:56:52,COMPLETED
REQ-000331,PT-925639,Road Accident,Critical,51,18.59105,73.984848,TRUE,TRUE,FALSE,TRUE,FALSE,FALSE,TRUE,TRUE,FALSE,Trauma Surgeon,2,AMB-043,2026-09-02 22:06:31,COMPLETED
REQ-000332,PT-298085,Cardiac,High,61,18.650953,73.792286,TRUE,FALSE,TRUE,FALSE,FALSE,FALSE,FALSE,FALSE,FALSE,,1,,2026-09-02 22:11:31,CREATED
REQ-000333,PT-686103,Cardiac,Low,65,18.52781,73.665275,FALSE,FALSE,FALSE,FALSE,TRUE,FALSE,FALSE,FALSE,FALSE,,1,,2026-09-02 22:34:29,CREATED
REQ-000334,PT-749248,Other,High,61,18.528575,73.796994,FALSE,FALSE,FALSE,FALSE,TRUE,FALSE,FALSE,FALSE,FALSE,General Surgeon,1,,2026-09-02 23:10:26,MATCHING
REQ-000335,PT-875831,Respiratory,High,67,18.50686,73.682703,TRUE,TRUE,FALSE,FALSE,FALSE,FALSE,FALSE,FALSE,FALSE,,1,AMB-070,2026-09-02 23:14:51,COMPLETED
REQ-000336,PT-534368,Stroke,Moderate,69,18.500895,73.869443,FALSE,FALSE,FALSE,FALSE,FALSE,FALSE,FALSE,FALSE,FALSE,,1,,2026-09-02 23:21:09,MATCHING
REQ-000337,PT-284294,Respiratory,Moderate,11,18.627069,73.794654,TRUE,FALSE,TRUE,FALSE,TRUE,FALSE,FALSE,FALSE,FALSE,,1,,2026-09-02 23:22:47,MATCHING
REQ-000338,PT-924921,Road Accident,Moderate,29,18.743157,73.679095,FALSE,FALSE,FALSE,TRUE,FALSE,TRUE,TRUE,FALSE,FALSE,,1,,2026-09-02 23:24:27,CREATED
REQ-000339,PT-753872,Burn,High,60,18.619924,73.834114,TRUE,FALSE,TRUE,TRUE,FALSE,FALSE,TRUE,FALSE,FALSE,General Surgeon,1,,2026-09-02 23:46:38,MATCHING
REQ-000340,PT-264549,Cardiac,Moderate,62,18.623222,73.801774,FALSE,FALSE,TRUE,FALSE,TRUE,FALSE,FALSE,FALSE,FALSE,Cardiologist,1,,2026-09-03 00:03:45,MATCHING
REQ-000341,PT-538036,Road Accident,High,49,18.521846,73.696466,TRUE,TRUE,TRUE,TRUE,FALSE,TRUE,TRUE,FALSE,FALSE,Trauma Surgeon,2,,2026-09-03 00:23:38,MATCHING
REQ-000342,PT-560633,Road Accident,High,51,18.543155,73.785837,TRUE,FALSE,FALSE,TRUE,FALSE,FALSE,TRUE,FALSE,FALSE,,1,,2026-09-03 00:51:04,CREATED
REQ-000343,PT-298371,Cardiac,Moderate,73,18.568178,73.979564,FALSE,FALSE,FALSE,FALSE,TRUE,FALSE,TRUE,FALSE,FALSE,,1,AMB-019,2026-09-03 00:59:38,COMPLETED
REQ-000344,PT-772792,Respiratory,High,6,18.465637,73.877797,TRUE,TRUE,FALSE,FALSE,FALSE,FALSE,FALSE,FALSE,FALSE,,1,,2026-09-03 01:18:18,CREATED
REQ-000345,PT-233369,Cardiac,Critical,80,18.623182,73.842593,FALSE,FALSE,TRUE,FALSE,TRUE,FALSE,FALSE,TRUE,FALSE,Cardiologist,1,,2026-09-03 01:19:28,MATCHING
REQ-000346,PT-539054,Cardiac,Moderate,43,18.460926,73.909799,TRUE,FALSE,FALSE,FALSE,TRUE,FALSE,FALSE,TRUE,FALSE,Cardiologist,1,,2026-09-03 01:56:12,MATCHING
REQ-000347,PT-222918,Road Accident,Moderate,36,18.657729,73.800674,FALSE,FALSE,FALSE,TRUE,FALSE,FALSE,FALSE,FALSE,FALSE,,1,,2026-09-03 02:54:13,CREATED
REQ-000348,PT-271500,Road Accident,Low,53,18.759513,73.852928,FALSE,FALSE,FALSE,TRUE,FALSE,FALSE,FALSE,FALSE,FALSE,Trauma Surgeon,1,,2026-09-03 02:54:34,MATCHING
REQ-000349,PT-379928,Cardiac,Critical,90,18.48161,73.800841,TRUE,FALSE,TRUE,FALSE,TRUE,FALSE,FALSE,FALSE,FALSE,,1,,2026-09-03 03:15:18,MATCHING
REQ-000350,PT-147433,Road Accident,Low,40,18.65246,73.807295,FALSE,FALSE,FALSE,TRUE,FALSE,FALSE,FALSE,FALSE,FALSE,,1,,2026-09-03 04:03:52,MATCHING
REQ-000351,PT-914080,Respiratory,Low,57,18.551577,73.849267,FALSE,FALSE,TRUE,FALSE,FALSE,FALSE,FALSE,FALSE,FALSE,,1,,2026-09-03 04:49:15,MATCHING
REQ-000352,PT-848076,Cardiac,High,51,18.549482,73.803654,TRUE,FALSE,TRUE,FALSE,FALSE,FALSE,FALSE,FALSE,FALSE,Cardiologist,1,,2026-09-03 04:56:14,MATCHING
REQ-000353,PT-637926,Stroke,High,49,18.569932,73.711891,FALSE,FALSE,FALSE,FALSE,FALSE,TRUE,FALSE,FALSE,FALSE,Neurologist,1,,2026-09-03 05:19:57,CREATED
REQ-000354,PT-987991,Stroke,Low,68,18.56045,73.911736,FALSE,FALSE,FALSE,FALSE,FALSE,TRUE,FALSE,FALSE,FALSE,Neurologist,1,,2026-09-03 05:30:00,CREATED
REQ-000355,PT-398606,Stroke,High,66,18.580116,73.983305,TRUE,FALSE,TRUE,FALSE,FALSE,TRUE,TRUE,FALSE,FALSE,,1,,2026-09-03 05:39:12,MATCHING
REQ-000356,PT-444230,Respiratory,Low,46,18.584899,73.73396,FALSE,FALSE,TRUE,FALSE,FALSE,FALSE,FALSE,FALSE,TRUE,,1,,2026-09-03 05:47:37,MATCHING
REQ-000357,PT-543479,Burn,Low,12,18.456792,73.908316,FALSE,FALSE,FALSE,FALSE,FALSE,FALSE,FALSE,FALSE,FALSE,,1,AMB-085,2026-09-03 06:04:29,COMPLETED
REQ-000358,PT-942423,Stroke,Critical,74,18.626383,73.85694,TRUE,FALSE,TRUE,FALSE,TRUE,TRUE,TRUE,FALSE,FALSE,,1,,2026-09-03 06:14:26,CREATED
REQ-000359,PT-356865,Road Accident,Low,47,18.507021,73.919698,FALSE,FALSE,FALSE,TRUE,FALSE,FALSE,FALSE,FALSE,FALSE,Trauma Surgeon,1,AMB-097,2026-09-03 06:23:49,COMPLETED
REQ-000360,PT-578803,Stroke,Low,59,18.585597,73.758145,FALSE,FALSE,FALSE,FALSE,FALSE,FALSE,FALSE,FALSE,FALSE,,1,,2026-09-03 06:27:48,MATCHING
REQ-000361,PT-485961,Road Accident,High,50,18.59194,73.772017,FALSE,FALSE,TRUE,TRUE,FALSE,FALSE,FALSE,TRUE,FALSE,,1,,2026-09-03 06:47:52,CREATED
REQ-000362,PT-768124,Cardiac,Moderate,75,18.455764,73.796739,FALSE,FALSE,FALSE,FALSE,FALSE,FALSE,FALSE,TRUE,FALSE,,1,,2026-09-03 07:08:45,MATCHING
REQ-000363,PT-700759,Other,Moderate,67,18.572778,73.783052,TRUE,FALSE,FALSE,FALSE,FALSE,FALSE,FALSE,FALSE,TRUE,Pulmonologist,1,AMB-051,2026-09-03 07:16:22,COMPLETED
REQ-000364,PT-485011,Road Accident,Moderate,31,18.640971,73.815937,FALSE,FALSE,FALSE,FALSE,FALSE,TRUE,FALSE,TRUE,FALSE,,1,,2026-09-03 08:01:08,CREATED
REQ-000365,PT-731267,Cardiac,High,81,18.476096,73.878736,TRUE,FALSE,FALSE,FALSE,FALSE,FALSE,FALSE,FALSE,FALSE,Cardiologist,1,,2026-09-03 08:03:15,CREATED
REQ-000366,PT-614402,Respiratory,Low,6,18.623801,73.846016,FALSE,FALSE,FALSE,FALSE,FALSE,FALSE,FALSE,FALSE,FALSE,,1,AMB-032,2026-09-03 08:08:00,COMPLETED
REQ-000367,PT-924184,Cardiac,Low,71,18.509782,73.826682,TRUE,FALSE,FALSE,FALSE,TRUE,FALSE,FALSE,FALSE,FALSE,,1,AMB-034,2026-09-03 08:39:09,COMPLETED
REQ-000368,PT-301254,Other,High,35,18.456086,73.843132,TRUE,FALSE,TRUE,TRUE,FALSE,FALSE,FALSE,FALSE,FALSE,,1,AMB-081,2026-09-03 08:49:21,COMPLETED
REQ-000369,PT-712035,Burn,Critical,51,18.579799,73.959071,TRUE,TRUE,FALSE,TRUE,FALSE,TRUE,TRUE,TRUE,FALSE,Neurologist,1,AMB-019,2026-09-03 08:52:25,COMPLETED
REQ-000370,PT-103610,Respiratory,Moderate,31,18.509133,73.84065,FALSE,FALSE,TRUE,FALSE,FALSE,FALSE,FALSE,FALSE,FALSE,,1,,2026-09-03 08:53:09,CREATED
REQ-000371,PT-229853,Road Accident,High,19,18.439123,73.799722,TRUE,FALSE,FALSE,TRUE,FALSE,FALSE,FALSE,TRUE,FALSE,,1,,2026-09-03 09:02:10,MATCHING
REQ-000372,PT-306114,Stroke,Critical,78,18.544272,73.754985,TRUE,FALSE,TRUE,FALSE,FALSE,TRUE,FALSE,FALSE,FALSE,,1,,2026-09-03 09:02:46,CREATED
REQ-000373,PT-636050,Road Accident,Low,25,18.440969,73.870363,FALSE,FALSE,FALSE,FALSE,FALSE,FALSE,FALSE,TRUE,FALSE,Trauma Surgeon,1,,2026-09-03 09:05:54,MATCHING
REQ-000374,PT-753906,Respiratory,Moderate,54,18.739223,73.855121,TRUE,FALSE,TRUE,FALSE,FALSE,FALSE,FALSE,FALSE,FALSE,,1,,2026-09-03 09:08:27,MATCHING
REQ-000375,PT-217916,Road Accident,Low,32,18.531087,73.857099,FALSE,FALSE,FALSE,TRUE,FALSE,FALSE,FALSE,TRUE,FALSE,,1,AMB-021,2026-09-03 09:21:45,COMPLETED
REQ-000376,PT-428666,Respiratory,Low,46,18.555667,73.906197,FALSE,FALSE,FALSE,FALSE,FALSE,FALSE,FALSE,FALSE,FALSE,,1,,2026-09-03 10:17:07,CREATED
REQ-000377,PT-364181,Respiratory,High,63,18.613554,73.730414,FALSE,FALSE,FALSE,FALSE,FALSE,FALSE,FALSE,FALSE,FALSE,Pulmonologist,1,AMB-007,2026-09-03 10:17:11,COMPLETED
REQ-000378,PT-641426,Other,Moderate,77,18.54902,73.795768,FALSE,FALSE,FALSE,FALSE,FALSE,FALSE,FALSE,FALSE,FALSE,,1,,2026-09-03 10:21:30,MATCHING
REQ-000379,PT-723511,Other,Moderate,64,18.619995,73.853488,FALSE,FALSE,FALSE,FALSE,FALSE,FALSE,FALSE,FALSE,FALSE,,1,,2026-09-03 10:35:08,MATCHING
REQ-000380,PT-998650,Other,Moderate,76,18.512366,73.839634,TRUE,FALSE,FALSE,FALSE,FALSE,FALSE,FALSE,FALSE,FALSE,Pulmonologist,1,,2026-09-03 10:50:36,CREATED
REQ-000381,PT-796050,Road Accident,Critical,40,18.529232,73.864204,TRUE,FALSE,FALSE,TRUE,FALSE,FALSE,TRUE,FALSE,FALSE,General Surgeon,1,,2026-09-03 11:04:26,MATCHING
REQ-000382,PT-516844,Road Accident,Critical,41,18.514616,73.694842,TRUE,TRUE,TRUE,TRUE,FALSE,TRUE,TRUE,TRUE,FALSE,Neurologist,1,AMB-070,2026-09-03 11:08:51,COMPLETED
REQ-000383,PT-910474,Road Accident,Moderate,24,18.543517,73.928459,FALSE,FALSE,FALSE,FALSE,FALSE,FALSE,FALSE,FALSE,FALSE,Trauma Surgeon,1,,2026-09-03 11:18:31,MATCHING
REQ-000384,PT-803494,Road Accident,Moderate,43,18.749318,73.860822,FALSE,FALSE,FALSE,FALSE,FALSE,FALSE,FALSE,TRUE,FALSE,Trauma Surgeon,1,,2026-09-03 11:29:32,CREATED
REQ-000385,PT-386717,Road Accident,High,23,18.518923,73.700826,TRUE,TRUE,FALSE,TRUE,FALSE,FALSE,TRUE,TRUE,FALSE,,1,,2026-09-03 11:33:19,MATCHING
REQ-000386,PT-158915,Other,Moderate,31,18.495706,73.914971,FALSE,FALSE,FALSE,FALSE,TRUE,FALSE,FALSE,FALSE,FALSE,,1,,2026-09-03 11:43:50,CREATED
REQ-000387,PT-632589,Respiratory,High,47,18.490495,73.816091,TRUE,TRUE,FALSE,FALSE,FALSE,FALSE,FALSE,FALSE,FALSE,Pulmonologist,1,AMB-052,2026-09-03 11:51:23,COMPLETED
REQ-000388,PT-703974,Respiratory,Critical,63,18.445428,73.821451,FALSE,FALSE,TRUE,FALSE,FALSE,FALSE,FALSE,FALSE,FALSE,Pulmonologist,1,,2026-09-03 11:52:50,CREATED
REQ-000389,PT-537305,Respiratory,Low,68,18.664437,73.809736,FALSE,FALSE,TRUE,FALSE,FALSE,FALSE,FALSE,FALSE,FALSE,,1,,2026-09-03 12:14:38,CREATED
REQ-000390,PT-436059,Respiratory,Critical,67,18.513182,73.80837,TRUE,TRUE,TRUE,FALSE,FALSE,FALSE,FALSE,FALSE,FALSE,,1,,2026-09-03 12:14:58,CREATED
REQ-000391,PT-446259,Cardiac,High,60,18.492577,73.80699,TRUE,FALSE,FALSE,FALSE,TRUE,FALSE,FALSE,FALSE,FALSE,,1,,2026-09-03 12:21:31,CREATED
REQ-000392,PT-753231,Cardiac,Critical,31,18.512435,73.929685,FALSE,FALSE,FALSE,FALSE,TRUE,FALSE,FALSE,FALSE,FALSE,Cardiologist,1,,2026-09-03 12:36:02,MATCHING
REQ-000393,PT-229235,Cardiac,High,41,18.533746,73.843959,FALSE,FALSE,FALSE,FALSE,TRUE,FALSE,FALSE,TRUE,FALSE,,1,AMB-073,2026-09-03 12:54:02,COMPLETED
REQ-000394,PT-269007,Burn,Low,11,18.582579,73.739362,FALSE,FALSE,FALSE,TRUE,FALSE,FALSE,FALSE,FALSE,FALSE,,1,,2026-09-03 12:56:06,CREATED
REQ-000395,PT-331559,Respiratory,Low,86,18.593425,73.771558,FALSE,FALSE,FALSE,FALSE,FALSE,FALSE,FALSE,FALSE,FALSE,Pulmonologist,1,,2026-09-03 12:58:25,MATCHING
REQ-000396,PT-800688,Road Accident,High,49,18.507202,73.817523,TRUE,TRUE,TRUE,TRUE,FALSE,TRUE,TRUE,TRUE,FALSE,,1,AMB-052,2026-09-03 12:58:49,COMPLETED
REQ-000397,PT-250718,Road Accident,Moderate,53,18.758487,73.849993,FALSE,FALSE,FALSE,FALSE,FALSE,TRUE,FALSE,FALSE,FALSE,,1,AMB-022,2026-09-03 12:59:31,COMPLETED
REQ-000398,PT-975576,Respiratory,Low,44,18.519909,73.925357,FALSE,FALSE,TRUE,FALSE,FALSE,FALSE,FALSE,FALSE,FALSE,Pulmonologist,1,,2026-09-03 13:00:07,MATCHING
REQ-000399,PT-497031,Other,Moderate,78,18.649521,73.807732,TRUE,TRUE,FALSE,FALSE,FALSE,FALSE,TRUE,TRUE,FALSE,,1,,2026-09-03 13:05:09,MATCHING
REQ-000400,PT-261499,Other,High,41,18.609202,73.843841,TRUE,TRUE,FALSE,FALSE,FALSE,FALSE,FALSE,FALSE,FALSE,,1,,2026-09-03 13:17:23,CREATED
REQ-000401,PT-480383,Cardiac,Moderate,59,18.496507,73.923813,TRUE,FALSE,FALSE,FALSE,TRUE,FALSE,FALSE,FALSE,FALSE,Cardiologist,1,,2026-09-03 13:21:55,CREATED
REQ-000402,PT-596059,Road Accident,Critical,37,18.654982,73.755274,TRUE,FALSE,TRUE,TRUE,FALSE,FALSE,TRUE,FALSE,FALSE,Trauma Surgeon,1,,2026-09-03 13:22:56,CREATED
REQ-000403,PT-485427,Road Accident,Low,29,18.588673,73.765199,FALSE,FALSE,FALSE,TRUE,FALSE,FALSE,FALSE,FALSE,FALSE,,1,,2026-09-03 13:35:13,CREATED
REQ-000404,PT-966003,Cardiac,Low,48,18.561464,73.777555,FALSE,FALSE,FALSE,FALSE,TRUE,FALSE,FALSE,FALSE,FALSE,,1,,2026-09-03 13:46:36,MATCHING
REQ-000405,PT-926230,Burn,High,81,18.647018,73.793439,TRUE,FALSE,TRUE,TRUE,FALSE,FALSE,TRUE,FALSE,FALSE,,1,,2026-09-03 13:49:24,CREATED
REQ-000406,PT-197593,Road Accident,Moderate,39,18.507929,73.790806,TRUE,FALSE,FALSE,TRUE,FALSE,TRUE,FALSE,FALSE,FALSE,General Surgeon,1,,2026-09-03 13:55:13,MATCHING
REQ-000407,PT-786390,Respiratory,Critical,50,18.589182,73.752302,TRUE,TRUE,TRUE,FALSE,FALSE,FALSE,FALSE,FALSE,FALSE,Pulmonologist,1,AMB-007,2026-09-03 14:06:39,COMPLETED
REQ-000408,PT-838597,Respiratory,High,2,18.548281,73.914337,TRUE,TRUE,TRUE,FALSE,FALSE,FALSE,TRUE,FALSE,FALSE,,1,,2026-09-03 14:44:40,MATCHING
REQ-000409,PT-118193,Cardiac,Critical,72,18.738958,73.670762,TRUE,FALSE,TRUE,FALSE,TRUE,FALSE,FALSE,FALSE,FALSE,Cardiologist,1,,2026-09-03 14:48:19,CREATED
REQ-000410,PT-969991,Road Accident,Critical,21,18.477294,73.865133,TRUE,TRUE,FALSE,TRUE,FALSE,FALSE,TRUE,TRUE,FALSE,Trauma Surgeon,1,,2026-09-03 15:07:45,MATCHING
REQ-000411,PT-579460,Other,Low,84,18.445796,73.857998,FALSE,FALSE,TRUE,FALSE,FALSE,FALSE,FALSE,FALSE,FALSE,,1,,2026-09-03 15:23:58,MATCHING
REQ-000412,PT-935984,Road Accident,Moderate,21,18.576118,73.796817,FALSE,FALSE,FALSE,TRUE,FALSE,FALSE,TRUE,FALSE,FALSE,,1,,2026-09-03 15:25:54,CREATED
REQ-000413,PT-105805,Stroke,Moderate,58,18.729302,73.687576,FALSE,FALSE,FALSE,FALSE,FALSE,FALSE,FALSE,FALSE,FALSE,,1,,2026-09-03 16:12:47,CREATED
REQ-000414,PT-845129,Cardiac,High,54,18.524313,73.670406,TRUE,FALSE,FALSE,FALSE,TRUE,FALSE,FALSE,FALSE,FALSE,,1,,2026-09-03 16:24:30,CREATED
REQ-000415,PT-815893,Burn,Critical,21,18.579966,73.997193,TRUE,TRUE,FALSE,TRUE,FALSE,FALSE,FALSE,FALSE,FALSE,General Surgeon,1,AMB-043,2026-09-03 16:38:59,NO_MATCH
REQ-000416,PT-655687,Respiratory,Low,72,18.569228,73.791127,FALSE,FALSE,TRUE,FALSE,FALSE,FALSE,FALSE,FALSE,FALSE,,1,,2026-09-03 16:44:52,CREATED
REQ-000417,PT-196475,Cardiac,High,54,18.480769,73.813158,FALSE,FALSE,TRUE,FALSE,TRUE,FALSE,FALSE,FALSE,FALSE,Cardiologist,1,,2026-09-03 16:54:18,CREATED
REQ-000418,PT-171509,Road Accident,High,30,18.585428,73.723152,TRUE,FALSE,FALSE,TRUE,FALSE,FALSE,TRUE,FALSE,FALSE,Trauma Surgeon,1,,2026-09-03 17:01:17,CREATED
REQ-000419,PT-225986,Other,High,104,18.524816,73.837954,FALSE,FALSE,FALSE,FALSE,FALSE,FALSE,FALSE,TRUE,FALSE,General Surgeon,1,,2026-09-03 17:04:58,CREATED
REQ-000420,PT-896774,Road Accident,High,25,18.566254,73.901801,TRUE,FALSE,TRUE,TRUE,FALSE,FALSE,TRUE,TRUE,FALSE,Trauma Surgeon,1,,2026-09-03 17:06:40,MATCHING
REQ-000421,PT-616216,Other,Moderate,80,18.540287,73.794874,FALSE,FALSE,FALSE,FALSE,FALSE,FALSE,FALSE,FALSE,TRUE,Nephrologist,1,,2026-09-03 17:11:24,CREATED
REQ-000422,PT-783741,Other,Low,20,18.530708,73.912222,FALSE,FALSE,FALSE,FALSE,FALSE,FALSE,FALSE,FALSE,FALSE,,1,AMB-080,2026-09-03 17:13:45,COMPLETED
REQ-000423,PT-969895,Road Accident,Critical,23,18.570842,73.78466,FALSE,TRUE,TRUE,TRUE,FALSE,TRUE,TRUE,FALSE,FALSE,Trauma Surgeon,1,,2026-09-03 17:15:54,CREATED
REQ-000424,PT-502047,Road Accident,Critical,27,18.493941,73.910726,FALSE,FALSE,TRUE,TRUE,FALSE,FALSE,TRUE,TRUE,FALSE,,1,,2026-09-03 17:24:21,CREATED
REQ-000425,PT-120523,Respiratory,High,53,18.534938,73.826418,TRUE,TRUE,TRUE,FALSE,FALSE,FALSE,FALSE,FALSE,FALSE,Pulmonologist,1,,2026-09-03 17:29:11,CREATED
REQ-000426,PT-387288,Cardiac,High,42,18.557071,73.906955,TRUE,FALSE,TRUE,FALSE,TRUE,FALSE,TRUE,FALSE,FALSE,Cardiologist,1,AMB-018,2026-09-03 17:30:08,COMPLETED
REQ-000427,PT-291950,Respiratory,Low,79,18.774788,73.875365,FALSE,FALSE,TRUE,FALSE,FALSE,FALSE,FALSE,FALSE,FALSE,,1,,2026-09-03 17:32:57,MATCHING
REQ-000428,PT-744701,Road Accident,Low,32,18.52767,73.676426,FALSE,FALSE,FALSE,TRUE,FALSE,FALSE,FALSE,FALSE,FALSE,Trauma Surgeon,1,AMB-025,2026-09-03 17:33:01,COMPLETED
REQ-000429,PT-515399,Road Accident,Moderate,38,18.741816,73.853209,TRUE,FALSE,TRUE,TRUE,FALSE,FALSE,FALSE,FALSE,FALSE,Trauma Surgeon,1,,2026-09-03 17:41:47,CREATED
REQ-000430,PT-368408,Burn,High,16,18.525164,73.850749,TRUE,FALSE,FALSE,FALSE,FALSE,FALSE,TRUE,FALSE,FALSE,,1,,2026-09-03 17:48:27,MATCHING
REQ-000431,PT-920435,Respiratory,Low,10,18.584526,73.765645,TRUE,TRUE,TRUE,FALSE,FALSE,FALSE,TRUE,FALSE,FALSE,,1,AMB-045,2026-09-03 17:49:26,COMPLETED
REQ-000432,PT-373402,Other,Critical,52,18.743973,73.86606,TRUE,TRUE,FALSE,TRUE,FALSE,TRUE,TRUE,TRUE,FALSE,Neurologist,1,,2026-09-03 17:53:39,MATCHING
REQ-000433,PT-133117,Road Accident,High,50,18.511007,73.908296,TRUE,FALSE,FALSE,TRUE,FALSE,FALSE,FALSE,FALSE,FALSE,Trauma Surgeon,1,,2026-09-03 18:00:51,MATCHING
REQ-000434,PT-267865,Other,High,27,18.651126,73.805518,TRUE,FALSE,TRUE,FALSE,FALSE,FALSE,FALSE,FALSE,FALSE,Cardiologist,1,AMB-049,2026-09-03 18:01:09,NO_MATCH
REQ-000435,PT-648747,Road Accident,High,41,18.503502,73.849237,TRUE,TRUE,TRUE,TRUE,FALSE,FALSE,TRUE,TRUE,FALSE,,1,AMB-003,2026-09-03 18:07:41,COMPLETED
REQ-000436,PT-549809,Road Accident,Moderate,47,18.604825,73.976908,TRUE,FALSE,FALSE,TRUE,FALSE,FALSE,TRUE,FALSE,FALSE,,1,,2026-09-03 18:11:46,MATCHING
REQ-000437,PT-159007,Cardiac,Critical,80,18.6462,73.832266,TRUE,FALSE,TRUE,FALSE,TRUE,FALSE,FALSE,FALSE,FALSE,Cardiologist,1,,2026-09-03 18:16:54,CREATED
REQ-000438,PT-979060,Cardiac,Moderate,91,18.597592,73.729417,FALSE,FALSE,FALSE,FALSE,TRUE,FALSE,FALSE,FALSE,FALSE,,1,,2026-09-03 18:18:25,MATCHING
REQ-000439,PT-621664,Stroke,High,70,18.545598,73.856233,FALSE,FALSE,FALSE,FALSE,FALSE,TRUE,FALSE,FALSE,FALSE,Neurologist,1,,2026-09-03 18:19:10,CREATED
REQ-000440,PT-210862,Stroke,Critical,52,18.558928,73.881285,TRUE,TRUE,TRUE,FALSE,FALSE,TRUE,FALSE,FALSE,FALSE,,1,,2026-09-03 18:20:40,CREATED
REQ-000441,PT-195502,Cardiac,Moderate,35,18.528048,73.805845,TRUE,FALSE,TRUE,FALSE,FALSE,FALSE,FALSE,FALSE,FALSE,,1,AMB-011,2026-09-03 18:23:50,COMPLETED
REQ-000442,PT-961671,Cardiac,Moderate,68,18.575464,73.731761,TRUE,TRUE,TRUE,FALSE,TRUE,FALSE,FALSE,FALSE,FALSE,Cardiologist,1,,2026-09-03 18:24:47,MATCHING
REQ-000443,PT-773951,Other,Low,55,18.589815,73.741063,FALSE,FALSE,FALSE,FALSE,FALSE,FALSE,FALSE,FALSE,FALSE,,1,,2026-09-03 18:28:23,CREATED
REQ-000444,PT-938632,Cardiac,High,89,18.614419,73.772678,FALSE,FALSE,TRUE,FALSE,FALSE,FALSE,FALSE,FALSE,TRUE,,1,,2026-09-03 18:30:38,MATCHING
REQ-000445,PT-172125,Stroke,Low,59,18.481719,73.809566,FALSE,FALSE,TRUE,FALSE,FALSE,TRUE,FALSE,FALSE,FALSE,,1,AMB-057,2026-09-03 18:41:39,COMPLETED
REQ-000446,PT-836597,Stroke,Moderate,71,18.642962,73.813711,TRUE,TRUE,FALSE,FALSE,FALSE,TRUE,FALSE,FALSE,FALSE,,1,AMB-049,2026-09-03 18:43:01,COMPLETED
REQ-000447,PT-608790,Cardiac,High,60,18.737934,73.684906,TRUE,FALSE,TRUE,FALSE,TRUE,FALSE,FALSE,FALSE,FALSE,Cardiologist,1,,2026-09-03 18:43:37,MATCHING
REQ-000448,PT-837163,Cardiac,High,43,18.482996,73.82282,TRUE,TRUE,FALSE,FALSE,TRUE,FALSE,FALSE,TRUE,FALSE,Cardiologist,1,AMB-092,2026-09-03 18:47:13,COMPLETED
REQ-000449,PT-629069,Stroke,Critical,47,18.55369,73.940321,TRUE,FALSE,FALSE,FALSE,FALSE,TRUE,TRUE,FALSE,FALSE,Neurologist,1,AMB-059,2026-09-03 18:54:58,COMPLETED
REQ-000450,PT-540857,Road Accident,High,46,18.616118,73.787733,FALSE,FALSE,TRUE,TRUE,FALSE,FALSE,FALSE,TRUE,FALSE,,3,,2026-09-03 18:58:06,MATCHING
REQ-000451,PT-157501,Other,Low,22,18.633461,73.793597,FALSE,FALSE,FALSE,FALSE,TRUE,FALSE,FALSE,FALSE,FALSE,,1,,2026-09-03 19:07:42,CREATED
REQ-000452,PT-256794,Cardiac,High,65,18.588541,73.752052,TRUE,TRUE,TRUE,FALSE,TRUE,FALSE,TRUE,FALSE,FALSE,Cardiologist,1,,2026-09-03 19:10:08,MATCHING
REQ-000453,PT-788531,Stroke,High,89,18.468571,73.838271,TRUE,FALSE,FALSE,FALSE,FALSE,TRUE,FALSE,FALSE,FALSE,Neurologist,1,,2026-09-03 19:12:28,MATCHING
REQ-000454,PT-414267,Road Accident,High,44,18.661056,73.772022,TRUE,FALSE,TRUE,FALSE,FALSE,FALSE,TRUE,FALSE,FALSE,,1,,2026-09-03 19:18:44,MATCHING
REQ-000455,PT-164594,Cardiac,High,57,18.658186,73.76211,TRUE,FALSE,TRUE,FALSE,FALSE,FALSE,TRUE,FALSE,FALSE,,1,,2026-09-03 19:18:53,MATCHING
REQ-000456,PT-275786,Road Accident,Low,67,18.476906,73.906948,FALSE,FALSE,FALSE,TRUE,FALSE,FALSE,FALSE,FALSE,FALSE,,1,,2026-09-03 19:40:40,MATCHING
REQ-000457,PT-901754,Road Accident,Moderate,47,18.543973,73.858135,FALSE,FALSE,FALSE,TRUE,FALSE,TRUE,FALSE,FALSE,FALSE,,1,,2026-09-03 19:47:39,CREATED
REQ-000458,PT-135765,Respiratory,Moderate,81,18.516831,73.683478,TRUE,TRUE,TRUE,FALSE,FALSE,FALSE,FALSE,FALSE,FALSE,,1,,2026-09-03 19:57:06,CREATED
REQ-000459,PT-367087,Road Accident,High,26,18.485537,73.88356,TRUE,FALSE,FALSE,TRUE,FALSE,TRUE,TRUE,TRUE,FALSE,,1,,2026-09-03 20:19:35,MATCHING
REQ-000460,PT-805309,Other,Low,28,18.521352,73.91736,FALSE,FALSE,FALSE,FALSE,FALSE,FALSE,FALSE,FALSE,FALSE,,1,,2026-09-03 20:27:49,MATCHING
REQ-000461,PT-539467,Road Accident,Low,33,18.535228,73.935896,FALSE,FALSE,FALSE,FALSE,FALSE,FALSE,TRUE,TRUE,FALSE,General Surgeon,1,,2026-09-03 20:38:10,CREATED
REQ-000462,PT-496719,Respiratory,High,72,18.485355,73.89757,FALSE,FALSE,TRUE,FALSE,FALSE,FALSE,FALSE,FALSE,FALSE,Pulmonologist,1,,2026-09-03 20:41:16,CREATED
REQ-000463,PT-919585,Respiratory,Critical,55,18.486074,73.791185,TRUE,TRUE,TRUE,FALSE,FALSE,TRUE,FALSE,FALSE,FALSE,Pulmonologist,1,,2026-09-03 20:41:30,NO_MATCH
REQ-000464,PT-187253,Road Accident,Critical,38,18.725912,73.68083,FALSE,FALSE,TRUE,TRUE,FALSE,TRUE,TRUE,TRUE,FALSE,Trauma Surgeon,1,,2026-09-03 20:46:54,CREATED
REQ-000465,PT-390798,Cardiac,Moderate,59,18.656018,73.77584,FALSE,FALSE,FALSE,FALSE,TRUE,FALSE,FALSE,FALSE,FALSE,Cardiologist,1,AMB-006,2026-09-03 20:54:33,COMPLETED
REQ-000466,PT-606669,Other,Moderate,43,18.488651,73.868083,TRUE,FALSE,FALSE,FALSE,FALSE,FALSE,FALSE,FALSE,FALSE,Pulmonologist,1,AMB-078,2026-09-03 21:13:30,COMPLETED
REQ-000467,PT-372483,Road Accident,Moderate,34,18.459264,73.893022,TRUE,FALSE,TRUE,TRUE,FALSE,FALSE,FALSE,FALSE,FALSE,,1,AMB-071,2026-09-03 21:21:18,COMPLETED
REQ-000468,PT-773425,Respiratory,High,63,18.589904,73.726982,TRUE,TRUE,FALSE,FALSE,FALSE,FALSE,FALSE,FALSE,FALSE,Pulmonologist,1,,2026-09-03 21:24:27,MATCHING
REQ-000469,PT-673445,Road Accident,Critical,25,18.488933,73.797713,TRUE,TRUE,TRUE,TRUE,FALSE,FALSE,TRUE,TRUE,FALSE,Trauma Surgeon,1,,2026-09-03 21:30:37,CREATED
REQ-000470,PT-409246,Cardiac,High,58,18.466418,73.878229,TRUE,FALSE,FALSE,FALSE,TRUE,FALSE,TRUE,FALSE,FALSE,,1,,2026-09-03 21:45:10,MATCHING
REQ-000471,PT-531613,Respiratory,Low,63,18.544816,73.947313,FALSE,FALSE,TRUE,FALSE,FALSE,FALSE,FALSE,FALSE,FALSE,Pulmonologist,1,,2026-09-03 21:58:07,MATCHING
REQ-000472,PT-636720,Cardiac,High,77,18.614574,73.752009,TRUE,TRUE,TRUE,FALSE,TRUE,TRUE,FALSE,FALSE,FALSE,Cardiologist,1,,2026-09-03 22:14:29,MATCHING
REQ-000473,PT-402790,Road Accident,Critical,33,18.462879,73.850569,TRUE,FALSE,TRUE,TRUE,FALSE,FALSE,TRUE,TRUE,FALSE,Trauma Surgeon,1,,2026-09-03 22:16:10,CREATED
REQ-000474,PT-396563,Other,Low,23,18.656057,73.772563,FALSE,FALSE,FALSE,FALSE,FALSE,FALSE,FALSE,FALSE,FALSE,,1,,2026-09-03 22:27:19,MATCHING
REQ-000475,PT-310459,Cardiac,Moderate,68,18.574298,73.931053,TRUE,FALSE,FALSE,FALSE,FALSE,FALSE,FALSE,FALSE,FALSE,,1,,2026-09-03 22:33:34,CREATED
REQ-000476,PT-715753,Road Accident,Moderate,30,18.742094,73.831496,FALSE,FALSE,FALSE,TRUE,FALSE,FALSE,FALSE,FALSE,FALSE,,1,,2026-09-03 22:38:16,CREATED
REQ-000477,PT-506007,Road Accident,Low,48,18.626607,73.774797,FALSE,FALSE,FALSE,FALSE,FALSE,FALSE,FALSE,FALSE,FALSE,Trauma Surgeon,1,,2026-09-03 22:50:55,CREATED
REQ-000478,PT-853292,Cardiac,High,57,18.522949,73.851568,TRUE,FALSE,TRUE,FALSE,TRUE,FALSE,FALSE,FALSE,FALSE,,1,,2026-09-03 23:03:13,MATCHING
REQ-000479,PT-236895,Road Accident,High,46,18.51605,73.675928,FALSE,FALSE,FALSE,FALSE,FALSE,FALSE,FALSE,TRUE,FALSE,General Surgeon,1,,2026-09-03 23:19:23,CREATED
REQ-000480,PT-969055,Road Accident,Moderate,16,18.554467,73.777454,FALSE,FALSE,FALSE,FALSE,FALSE,FALSE,FALSE,FALSE,FALSE,,1,,2026-09-03 23:23:00,CREATED
REQ-000481,PT-723025,Respiratory,Low,59,18.490918,73.829108,TRUE,FALSE,TRUE,FALSE,FALSE,FALSE,FALSE,FALSE,FALSE,,1,,2026-09-03 23:28:54,MATCHING
REQ-000482,PT-406592,Respiratory,Critical,82,18.629247,73.82901,TRUE,TRUE,TRUE,FALSE,FALSE,FALSE,FALSE,FALSE,FALSE,Pulmonologist,1,,2026-09-03 23:32:37,CREATED
REQ-000483,PT-316025,Road Accident,High,41,18.473606,73.872775,TRUE,FALSE,TRUE,TRUE,TRUE,FALSE,TRUE,TRUE,FALSE,,1,,2026-09-04 00:01:58,MATCHING
REQ-000484,PT-977424,Stroke,Low,68,18.50696,73.924964,FALSE,FALSE,FALSE,FALSE,FALSE,TRUE,FALSE,FALSE,FALSE,,1,,2026-09-04 00:06:34,MATCHING
REQ-000485,PT-904884,Respiratory,Moderate,47,18.651878,73.800939,TRUE,TRUE,TRUE,FALSE,FALSE,FALSE,FALSE,FALSE,FALSE,,1,AMB-049,2026-09-04 00:37:58,COMPLETED
REQ-000486,PT-137449,Stroke,High,55,18.638694,73.787985,FALSE,FALSE,FALSE,FALSE,FALSE,TRUE,FALSE,FALSE,FALSE,Neurologist,1,,2026-09-04 00:58:50,MATCHING
REQ-000487,PT-530941,Road Accident,Critical,41,18.615455,73.808005,FALSE,FALSE,FALSE,TRUE,FALSE,FALSE,TRUE,TRUE,FALSE,Trauma Surgeon,1,,2026-09-04 01:15:06,MATCHING
REQ-000488,PT-312738,Respiratory,High,8,18.617603,73.856135,TRUE,TRUE,TRUE,FALSE,FALSE,FALSE,TRUE,FALSE,FALSE,,1,,2026-09-04 01:49:05,CREATED
REQ-000489,PT-358799,Other,Low,19,18.548145,73.832649,FALSE,FALSE,FALSE,FALSE,FALSE,FALSE,FALSE,FALSE,FALSE,General Surgeon,1,,2026-09-04 01:49:18,CREATED
REQ-000490,PT-912217,Road Accident,Low,27,18.471335,73.950827,FALSE,FALSE,FALSE,TRUE,FALSE,FALSE,FALSE,FALSE,FALSE,,1,,2026-09-04 02:08:36,MATCHING
REQ-000491,PT-138704,Respiratory,Critical,63,18.626835,73.787231,TRUE,TRUE,TRUE,FALSE,TRUE,FALSE,FALSE,FALSE,FALSE,,1,,2026-09-04 02:14:44,CREATED
REQ-000492,PT-893747,Stroke,Low,73,18.531713,73.884166,FALSE,FALSE,FALSE,FALSE,FALSE,TRUE,FALSE,FALSE,TRUE,,1,,2026-09-04 03:14:57,MATCHING
REQ-000493,PT-403794,Cardiac,Critical,57,18.572726,73.796582,TRUE,FALSE,FALSE,FALSE,TRUE,FALSE,FALSE,FALSE,FALSE,Cardiologist,1,AMB-083,2026-09-04 03:35:14,COMPLETED
REQ-000494,PT-502617,Respiratory,Critical,85,18.485565,73.913699,TRUE,TRUE,TRUE,FALSE,FALSE,FALSE,FALSE,FALSE,FALSE,Pulmonologist,1,AMB-085,2026-09-04 04:25:15,COMPLETED
REQ-000495,PT-963688,Road Accident,Moderate,53,18.650819,73.808876,TRUE,FALSE,FALSE,TRUE,FALSE,FALSE,TRUE,FALSE,FALSE,Trauma Surgeon,1,AMB-049,2026-09-04 04:38:13,COMPLETED
REQ-000496,PT-756368,Road Accident,High,49,18.603607,73.782142,TRUE,FALSE,FALSE,TRUE,FALSE,FALSE,FALSE,FALSE,FALSE,General Surgeon,2,,2026-09-04 04:44:18,CREATED
REQ-000497,PT-566983,Respiratory,High,5,18.657373,73.775056,TRUE,FALSE,TRUE,FALSE,FALSE,FALSE,TRUE,FALSE,FALSE,Pulmonologist,1,,2026-09-04 05:09:24,MATCHING
REQ-000498,PT-901473,Respiratory,Critical,66,18.468032,73.902041,TRUE,TRUE,TRUE,FALSE,FALSE,FALSE,FALSE,FALSE,FALSE,Pulmonologist,1,AMB-085,2026-09-04 05:25:35,COMPLETED
REQ-000499,PT-280085,Cardiac,Moderate,80,18.564529,73.810749,FALSE,FALSE,FALSE,FALSE,TRUE,FALSE,FALSE,FALSE,FALSE,,1,,2026-09-04 05:52:30,MATCHING
REQ-000500,PT-699345,Stroke,Low,60,18.522785,73.931564,FALSE,FALSE,FALSE,FALSE,FALSE,TRUE,FALSE,FALSE,FALSE,,1,AMB-080,2026-09-04 05:54:19,COMPLETED
REQ-000501,PT-325163,Respiratory,High,54,18.587049,73.773231,TRUE,TRUE,TRUE,FALSE,FALSE,FALSE,FALSE,FALSE,FALSE,,1,,2026-09-04 06:08:50,MATCHING
REQ-000502,PT-881112,Respiratory,Moderate,71,18.472461,73.801614,TRUE,FALSE,TRUE,FALSE,FALSE,FALSE,FALSE,FALSE,FALSE,Pulmonologist,1,,2026-09-04 06:17:34,CREATED
REQ-000503,PT-571908,Road Accident,Moderate,23,18.52593,73.682743,FALSE,FALSE,FALSE,TRUE,FALSE,FALSE,FALSE,FALSE,FALSE,Trauma Surgeon,1,,2026-09-04 06:18:03,CREATED
REQ-000504,PT-832453,Cardiac,Low,71,18.466729,73.896961,TRUE,FALSE,FALSE,FALSE,TRUE,FALSE,FALSE,FALSE,FALSE,,1,,2026-09-04 07:05:10,CREATED
REQ-000505,PT-114355,Cardiac,High,78,18.514209,73.844133,TRUE,FALSE,FALSE,FALSE,TRUE,FALSE,TRUE,FALSE,FALSE,Cardiologist,1,,2026-09-04 07:14:05,CREATED
REQ-000506,PT-428507,Respiratory,Moderate,42,18.48523,73.809299,FALSE,FALSE,TRUE,FALSE,FALSE,FALSE,FALSE,FALSE,FALSE,,1,,2026-09-04 07:28:29,MATCHING
REQ-000507,PT-986021,Road Accident,Low,20,18.741303,73.693538,FALSE,FALSE,FALSE,TRUE,FALSE,FALSE,TRUE,FALSE,FALSE,,1,,2026-09-04 07:30:44,CREATED
REQ-000508,PT-127863,Respiratory,Low,82,18.581941,73.989175,FALSE,FALSE,TRUE,FALSE,FALSE,FALSE,FALSE,FALSE,FALSE,,1,,2026-09-04 07:33:45,MATCHING
REQ-000509,PT-454511,Cardiac,High,65,18.733911,73.664936,TRUE,FALSE,FALSE,FALSE,TRUE,FALSE,FALSE,TRUE,FALSE,Cardiologist,1,,2026-09-04 07:36:37,MATCHING
REQ-000510,PT-992476,Stroke,Low,85,18.546624,73.841796,FALSE,FALSE,FALSE,FALSE,FALSE,TRUE,FALSE,FALSE,FALSE,,1,,2026-09-04 07:37:46,CREATED
REQ-000511,PT-254098,Cardiac,Critical,83,18.503166,73.849291,TRUE,FALSE,TRUE,FALSE,TRUE,FALSE,TRUE,FALSE,FALSE,Cardiologist,1,,2026-09-04 07:45:09,MATCHING
REQ-000512,PT-609139,Road Accident,Moderate,60,18.570701,73.790958,FALSE,FALSE,FALSE,TRUE,FALSE,FALSE,FALSE,TRUE,FALSE,,1,,2026-09-04 07:47:30,CREATED
REQ-000513,PT-692737,Road Accident,Moderate,55,18.552925,73.87805,FALSE,FALSE,TRUE,FALSE,FALSE,FALSE,TRUE,FALSE,FALSE,General Surgeon,1,,2026-09-04 07:56:11,MATCHING
REQ-000514,PT-150225,Cardiac,Critical,62,18.639893,73.788506,FALSE,FALSE,TRUE,FALSE,TRUE,FALSE,FALSE,FALSE,FALSE,Cardiologist,1,,2026-09-04 08:00:27,CREATED
REQ-000515,PT-661735,Road Accident,Critical,18,18.536483,73.750486,TRUE,FALSE,FALSE,TRUE,FALSE,FALSE,TRUE,TRUE,FALSE,Trauma Surgeon,1,,2026-09-04 08:09:27,MATCHING
REQ-000516,PT-161151,Respiratory,High,67,18.504234,73.923461,FALSE,FALSE,TRUE,FALSE,FALSE,FALSE,FALSE,FALSE,FALSE,Pulmonologist,1,,2026-09-04 08:15:16,MATCHING
REQ-000517,PT-707292,Cardiac,Low,61,18.451709,73.925727,TRUE,FALSE,FALSE,FALSE,TRUE,FALSE,FALSE,FALSE,FALSE,,1,,2026-09-04 08:16:24,MATCHING
REQ-000518,PT-173391,Road Accident,Critical,19,18.6004,73.740482,FALSE,FALSE,TRUE,TRUE,FALSE,TRUE,FALSE,TRUE,FALSE,,1,AMB-007,2026-09-04 08:28:58,COMPLETED
REQ-000519,PT-266254,Road Accident,Moderate,35,18.621867,73.861258,TRUE,FALSE,TRUE,TRUE,FALSE,FALSE,FALSE,TRUE,FALSE,Trauma Surgeon,1,,2026-09-04 08:42:18,MATCHING
REQ-000520,PT-428896,Burn,Critical,23,18.570995,73.986962,TRUE,TRUE,TRUE,TRUE,FALSE,TRUE,TRUE,TRUE,FALSE,Neurologist,1,AMB-043,2026-09-04 08:42:33,COMPLETED
REQ-000521,PT-492347,Other,High,84,18.510611,73.803781,FALSE,FALSE,TRUE,FALSE,FALSE,FALSE,FALSE,FALSE,TRUE,,1,,2026-09-04 08:48:35,CREATED
REQ-000522,PT-802974,Cardiac,Low,63,18.578454,73.810455,FALSE,FALSE,FALSE,FALSE,TRUE,FALSE,FALSE,FALSE,FALSE,,1,AMB-083,2026-09-04 09:10:18,COMPLETED
REQ-000523,PT-202274,Cardiac,High,58,18.513527,73.676095,FALSE,FALSE,FALSE,FALSE,TRUE,FALSE,FALSE,FALSE,FALSE,Cardiologist,1,,2026-09-04 09:10:41,CREATED
REQ-000524,PT-404216,Respiratory,High,77,18.5316,73.796232,TRUE,FALSE,TRUE,FALSE,FALSE,FALSE,FALSE,FALSE,FALSE,Pulmonologist,1,,2026-09-04 09:18:20,MATCHING
REQ-000525,PT-875732,Stroke,High,65,18.492325,73.887797,FALSE,FALSE,FALSE,FALSE,FALSE,TRUE,FALSE,FALSE,FALSE,,1,AMB-065,2026-09-04 09:19:26,COMPLETED
REQ-000526,PT-324546,Stroke,High,38,18.643579,73.782507,TRUE,FALSE,FALSE,FALSE,FALSE,TRUE,FALSE,FALSE,FALSE,Neurologist,1,,2026-09-04 09:31:21,CREATED
REQ-000527,PT-481448,Cardiac,Moderate,92,18.49798,73.689363,FALSE,FALSE,FALSE,FALSE,TRUE,FALSE,FALSE,FALSE,FALSE,,1,,2026-09-04 09:31:35,MATCHING
REQ-000528,PT-487445,Cardiac,Critical,50,18.737968,73.675658,TRUE,FALSE,FALSE,FALSE,TRUE,FALSE,FALSE,TRUE,FALSE,Cardiologist,1,,2026-09-04 09:48:15,CREATED
REQ-000529,PT-571126,Respiratory,Moderate,21,18.549517,73.943864,FALSE,FALSE,FALSE,FALSE,FALSE,FALSE,FALSE,FALSE,FALSE,Pulmonologist,1,,2026-09-04 09:48:45,CREATED
REQ-000530,PT-381301,Stroke,High,35,18.578211,73.7892,TRUE,FALSE,FALSE,FALSE,FALSE,TRUE,FALSE,FALSE,FALSE,Neurologist,1,AMB-040,2026-09-04 09:53:10,COMPLETED
REQ-000531,PT-548837,Cardiac,Low,55,18.513174,73.811666,FALSE,FALSE,FALSE,FALSE,FALSE,FALSE,FALSE,FALSE,FALSE,,1,AMB-055,2026-09-04 10:02:21,COMPLETED
REQ-000532,PT-683613,Road Accident,Moderate,45,18.625945,73.840835,FALSE,FALSE,FALSE,TRUE,FALSE,FALSE,FALSE,TRUE,FALSE,,1,,2026-09-04 10:08:01,CREATED
REQ-000533,PT-802342,Burn,High,47,18.56237,73.782563,TRUE,TRUE,FALSE,TRUE,FALSE,FALSE,TRUE,TRUE,TRUE,General Surgeon,1,,2026-09-04 10:17:43,MATCHING
REQ-000534,PT-613863,Cardiac,High,60,18.509476,73.785424,TRUE,FALSE,TRUE,FALSE,TRUE,FALSE,FALSE,FALSE,FALSE,Cardiologist,1,,2026-09-04 10:19:34,CREATED
REQ-000535,PT-513835,Other,Low,65,18.505238,73.813644,FALSE,FALSE,FALSE,FALSE,FALSE,FALSE,FALSE,FALSE,FALSE,Pulmonologist,1,,2026-09-04 10:22:35,CREATED
REQ-000536,PT-977971,Stroke,Moderate,45,18.530953,73.828753,TRUE,FALSE,FALSE,FALSE,FALSE,TRUE,FALSE,FALSE,FALSE,Neurologist,1,,2026-09-04 10:24:36,MATCHING
REQ-000537,PT-310092,Other,Moderate,42,18.629687,73.803208,FALSE,FALSE,TRUE,FALSE,FALSE,FALSE,FALSE,FALSE,FALSE,,1,,2026-09-04 10:26:52,MATCHING
REQ-000538,PT-106256,Respiratory,Moderate,52,18.529571,73.839693,TRUE,TRUE,TRUE,FALSE,FALSE,TRUE,FALSE,FALSE,FALSE,,1,AMB-016,2026-09-04 10:31:18,COMPLETED
REQ-000539,PT-779551,Other,Moderate,62,18.488811,73.902294,FALSE,FALSE,FALSE,FALSE,FALSE,FALSE,FALSE,FALSE,FALSE,,1,,2026-09-04 10:40:36,CREATED
REQ-000540,PT-265578,Cardiac,High,71,18.643646,73.842498,TRUE,TRUE,FALSE,FALSE,TRUE,FALSE,TRUE,TRUE,FALSE,,1,AMB-032,2026-09-04 10:47:47,COMPLETED
REQ-000541,PT-863740,Cardiac,Critical,76,18.571356,73.817261,TRUE,TRUE,FALSE,TRUE,TRUE,FALSE,FALSE,FALSE,FALSE,,1,AMB-083,2026-09-04 10:57:59,COMPLETED
REQ-000542,PT-627624,Cardiac,Moderate,79,18.508182,73.89496,FALSE,FALSE,FALSE,FALSE,TRUE,FALSE,TRUE,FALSE,FALSE,,1,,2026-09-04 11:02:12,MATCHING
REQ-000543,PT-797755,Road Accident,High,44,18.542044,73.78337,TRUE,FALSE,FALSE,TRUE,FALSE,TRUE,FALSE,TRUE,FALSE,Trauma Surgeon,1,AMB-051,2026-09-04 11:09:09,COMPLETED
REQ-000544,PT-406148,Stroke,High,83,18.640902,73.795855,TRUE,FALSE,TRUE,FALSE,FALSE,TRUE,FALSE,FALSE,FALSE,,1,,2026-09-04 11:14:59,MATCHING
REQ-000545,PT-646897,Cardiac,Critical,54,18.617001,73.841474,TRUE,FALSE,FALSE,FALSE,TRUE,FALSE,FALSE,FALSE,FALSE,Cardiologist,1,,2026-09-04 11:20:00,MATCHING
REQ-000546,PT-805713,Road Accident,High,41,18.48808,73.866797,TRUE,FALSE,FALSE,TRUE,FALSE,FALSE,TRUE,TRUE,FALSE,Trauma Surgeon,1,,2026-09-04 11:23:01,CREATED
REQ-000547,PT-525527,Cardiac,High,51,18.509933,73.934211,FALSE,FALSE,TRUE,FALSE,TRUE,FALSE,FALSE,TRUE,FALSE,,1,,2026-09-04 11:26:50,CREATED
REQ-000548,PT-964362,Road Accident,Moderate,41,18.639711,73.781145,FALSE,FALSE,TRUE,TRUE,FALSE,FALSE,TRUE,FALSE,FALSE,Trauma Surgeon,1,,2026-09-04 11:29:57,MATCHING
REQ-000549,PT-218971,Road Accident,High,29,18.75902,73.865796,FALSE,FALSE,FALSE,TRUE,FALSE,FALSE,TRUE,TRUE,FALSE,,1,,2026-09-04 11:33:34,CREATED
REQ-000550,PT-857127,Road Accident,Moderate,46,18.58279,73.752059,FALSE,FALSE,TRUE,TRUE,FALSE,FALSE,TRUE,FALSE,FALSE,,1,,2026-09-04 11:36:42,CREATED
REQ-000551,PT-446318,Cardiac,Low,45,18.666172,73.778399,FALSE,FALSE,FALSE,FALSE,TRUE,FALSE,FALSE,FALSE,FALSE,,1,,2026-09-04 11:37:19,MATCHING
REQ-000552,PT-732244,Burn,High,65,18.554245,73.813115,FALSE,FALSE,FALSE,TRUE,FALSE,FALSE,TRUE,TRUE,TRUE,,2,,2026-09-04 11:44:50,MATCHING
REQ-000553,PT-214280,Respiratory,Moderate,10,18.47912,73.912295,TRUE,TRUE,TRUE,FALSE,FALSE,FALSE,FALSE,FALSE,FALSE,Pulmonologist,1,,2026-09-04 11:45:27,MATCHING
REQ-000554,PT-369377,Road Accident,High,60,18.524425,73.85857,FALSE,FALSE,FALSE,FALSE,FALSE,TRUE,FALSE,TRUE,FALSE,General Surgeon,1,,2026-09-04 11:51:11,CREATED
REQ-000555,PT-599471,Other,High,36,18.593358,73.770812,TRUE,FALSE,TRUE,FALSE,FALSE,FALSE,TRUE,FALSE,FALSE,Pulmonologist,1,,2026-09-04 11:59:51,MATCHING
REQ-000556,PT-562525,Road Accident,Moderate,32,18.566552,73.907792,FALSE,FALSE,FALSE,TRUE,FALSE,FALSE,FALSE,FALSE,FALSE,,1,,2026-09-04 12:08:07,CREATED
REQ-000557,PT-627582,Stroke,Critical,63,18.533363,73.719836,TRUE,TRUE,FALSE,FALSE,FALSE,TRUE,FALSE,FALSE,FALSE,Neurologist,1,,2026-09-04 12:31:50,MATCHING
REQ-000558,PT-708985,Respiratory,Moderate,37,18.450103,73.86193,FALSE,FALSE,FALSE,FALSE,FALSE,FALSE,FALSE,FALSE,FALSE,,1,,2026-09-04 12:37:34,MATCHING
REQ-000559,PT-355177,Respiratory,Low,70,18.547368,73.787843,FALSE,FALSE,TRUE,FALSE,FALSE,FALSE,FALSE,FALSE,FALSE,,1,,2026-09-04 12:45:27,MATCHING
REQ-000560,PT-183685,Stroke,High,53,18.504597,73.878213,TRUE,FALSE,TRUE,FALSE,FALSE,TRUE,FALSE,FALSE,FALSE,Neurologist,1,,2026-09-04 12:55:50,CREATED
REQ-000561,PT-298365,Cardiac,High,67,18.622631,73.817816,TRUE,FALSE,FALSE,FALSE,FALSE,FALSE,FALSE,TRUE,FALSE,,1,,2026-09-04 12:56:55,CREATED
REQ-000562,PT-715516,Road Accident,Critical,27,18.63659,73.783908,TRUE,TRUE,TRUE,TRUE,FALSE,TRUE,TRUE,TRUE,FALSE,Trauma Surgeon,1,AMB-049,2026-09-04 12:57:58,COMPLETED
REQ-000563,PT-902180,Road Accident,High,51,18.644964,73.787244,TRUE,TRUE,FALSE,FALSE,FALSE,FALSE,TRUE,FALSE,FALSE,Trauma Surgeon,1,AMB-035,2026-09-04 12:58:37,COMPLETED
REQ-000564,PT-705330,Road Accident,Moderate,29,18.73796,73.71493,FALSE,FALSE,TRUE,TRUE,FALSE,FALSE,TRUE,FALSE,FALSE,,1,,2026-09-04 13:51:49,CREATED
REQ-000565,PT-840111,Cardiac,Critical,60,18.45561,73.910615,TRUE,FALSE,TRUE,FALSE,TRUE,FALSE,FALSE,FALSE,FALSE,,1,AMB-085,2026-09-04 14:00:56,COMPLETED
REQ-000566,PT-163944,Road Accident,Critical,47,18.508976,73.839343,TRUE,FALSE,TRUE,TRUE,FALSE,TRUE,TRUE,TRUE,FALSE,General Surgeon,1,,2026-09-04 14:05:37,MATCHING
REQ-000567,PT-366771,Burn,Moderate,14,18.586885,73.741552,FALSE,TRUE,FALSE,TRUE,FALSE,FALSE,FALSE,FALSE,FALSE,,1,AMB-075,2026-09-04 14:15:46,COMPLETED
REQ-000568,PT-852478,Respiratory,Moderate,73,18.536885,73.850379,TRUE,FALSE,TRUE,FALSE,FALSE,FALSE,FALSE,FALSE,FALSE,Pulmonologist,1,,2026-09-04 14:25:26,CREATED
REQ-000569,PT-793858,Cardiac,Moderate,88,18.573002,73.891436,TRUE,FALSE,FALSE,FALSE,TRUE,FALSE,FALSE,FALSE,FALSE,,1,,2026-09-04 14:29:06,CREATED
REQ-000570,PT-666255,Other,Moderate,60,18.623223,73.874088,FALSE,FALSE,TRUE,FALSE,FALSE,FALSE,FALSE,FALSE,FALSE,,1,,2026-09-04 14:31:43,CREATED
REQ-000571,PT-197079,Road Accident,Critical,27,18.762128,73.874591,TRUE,TRUE,TRUE,TRUE,FALSE,TRUE,TRUE,TRUE,FALSE,Neurologist,1,AMB-022,2026-09-04 14:49:13,COMPLETED
REQ-000572,PT-856949,Road Accident,Critical,37,18.522345,73.692686,TRUE,TRUE,FALSE,TRUE,FALSE,TRUE,TRUE,TRUE,FALSE,Neurologist,1,,2026-09-04 14:52:13,MATCHING
REQ-000573,PT-844553,Stroke,High,78,18.456384,73.90335,TRUE,FALSE,FALSE,FALSE,TRUE,FALSE,FALSE,FALSE,FALSE,Neurologist,1,,2026-09-04 14:59:30,MATCHING
REQ-000574,PT-742719,Road Accident,Low,59,18.472091,73.882787,FALSE,FALSE,FALSE,TRUE,FALSE,FALSE,TRUE,TRUE,FALSE,,1,,2026-09-04 15:16:26,MATCHING
REQ-000575,PT-134229,Road Accident,High,49,18.64275,73.794825,TRUE,FALSE,FALSE,FALSE,FALSE,FALSE,FALSE,FALSE,FALSE,Trauma Surgeon,1,,2026-09-04 15:23:05,CREATED
REQ-000576,PT-479136,Cardiac,High,77,18.780571,73.847047,TRUE,FALSE,FALSE,FALSE,FALSE,FALSE,FALSE,FALSE,FALSE,Cardiologist,1,,2026-09-04 15:27:18,CREATED
REQ-000577,PT-417812,Burn,Low,30,18.543847,73.873544,FALSE,FALSE,FALSE,TRUE,FALSE,FALSE,FALSE,FALSE,FALSE,,1,,2026-09-04 15:33:53,MATCHING
REQ-000578,PT-791853,Cardiac,Moderate,59,18.518976,73.882555,FALSE,FALSE,FALSE,FALSE,FALSE,FALSE,TRUE,FALSE,FALSE,,1,AMB-088,2026-09-04 15:40:53,COMPLETED
REQ-000579,PT-467226,Other,Moderate,37,18.758076,73.871822,FALSE,FALSE,FALSE,FALSE,FALSE,FALSE,FALSE,FALSE,FALSE,,1,,2026-09-04 15:43:33,MATCHING
REQ-000580,PT-351398,Road Accident,Critical,46,18.593728,73.747727,TRUE,FALSE,TRUE,TRUE,FALSE,FALSE,FALSE,TRUE,FALSE,Trauma Surgeon,1,,2026-09-04 15:43:39,CREATED
REQ-000581,PT-256595,Other,Critical,92,18.566955,73.979029,TRUE,FALSE,TRUE,TRUE,FALSE,FALSE,TRUE,TRUE,TRUE,Cardiologist,1,,2026-09-04 15:55:37,MATCHING
REQ-000582,PT-987971,Stroke,Moderate,56,18.537598,73.689906,FALSE,FALSE,FALSE,FALSE,FALSE,TRUE,FALSE,FALSE,FALSE,,1,,2026-09-04 16:06:55,MATCHING
REQ-000583,PT-997350,Respiratory,Moderate,16,18.570051,73.788787,TRUE,TRUE,TRUE,FALSE,FALSE,FALSE,FALSE,FALSE,FALSE,,1,,2026-09-04 16:07:53,CREATED
REQ-000584,PT-917160,Road Accident,High,29,18.504669,73.930039,FALSE,FALSE,FALSE,TRUE,FALSE,FALSE,TRUE,FALSE,FALSE,Trauma Surgeon,1,AMB-087,2026-09-04 16:11:21,COMPLETED
REQ-000585,PT-233495,Respiratory,Critical,6,18.520546,73.864073,TRUE,TRUE,TRUE,FALSE,FALSE,FALSE,FALSE,FALSE,FALSE,Pulmonologist,1,,2026-09-04 16:13:05,CREATED
REQ-000586,PT-498978,Respiratory,Low,9,18.597288,73.758614,FALSE,FALSE,TRUE,FALSE,FALSE,FALSE,FALSE,FALSE,FALSE,,1,AMB-084,2026-09-04 16:15:45,COMPLETED
REQ-000587,PT-180107,Burn,High,25,18.473128,73.809452,FALSE,FALSE,FALSE,TRUE,FALSE,FALSE,FALSE,TRUE,FALSE,General Surgeon,1,,2026-09-04 16:16:39,CREATED
REQ-000588,PT-181589,Road Accident,Critical,33,18.445238,73.893925,TRUE,TRUE,TRUE,TRUE,FALSE,TRUE,TRUE,TRUE,FALSE,Neurologist,1,AMB-072,2026-09-04 16:26:44,COMPLETED
REQ-000589,PT-727144,Cardiac,Moderate,70,18.600897,73.766967,FALSE,FALSE,FALSE,FALSE,FALSE,FALSE,FALSE,FALSE,FALSE,,1,,2026-09-04 16:31:37,MATCHING
REQ-000590,PT-757320,Road Accident,Critical,13,18.429955,73.864573,TRUE,FALSE,TRUE,TRUE,FALSE,FALSE,FALSE,TRUE,FALSE,,1,AMB-053,2026-09-04 16:33:14,COMPLETED
REQ-000591,PT-960460,Respiratory,High,72,18.553469,73.980365,TRUE,TRUE,FALSE,FALSE,FALSE,FALSE,FALSE,FALSE,FALSE,Pulmonologist,1,AMB-019,2026-09-04 16:41:46,COMPLETED
REQ-000592,PT-644118,Cardiac,Moderate,66,18.603077,73.777367,TRUE,FALSE,FALSE,FALSE,TRUE,FALSE,FALSE,TRUE,FALSE,Cardiologist,1,,2026-09-04 16:59:25,MATCHING
REQ-000593,PT-101458,Other,Low,27,18.519045,73.869569,FALSE,FALSE,FALSE,FALSE,FALSE,FALSE,FALSE,TRUE,TRUE,Nephrologist,1,,2026-09-04 17:10:55,MATCHING
REQ-000594,PT-161617,Other,Moderate,104,18.563568,73.89923,TRUE,FALSE,FALSE,FALSE,FALSE,FALSE,FALSE,FALSE,FALSE,,1,,2026-09-04 17:12:00,MATCHING
REQ-000595,PT-796581,Other,High,13,18.586078,73.734416,FALSE,FALSE,FALSE,TRUE,FALSE,FALSE,TRUE,FALSE,FALSE,,1,,2026-09-04 17:34:26,MATCHING
REQ-000596,PT-471624,Cardiac,High,58,18.634795,73.78699,FALSE,TRUE,FALSE,FALSE,TRUE,FALSE,FALSE,FALSE,FALSE,,1,,2026-09-04 17:39:56,MATCHING
REQ-000597,PT-694442,Stroke,Low,66,18.595994,73.742536,FALSE,FALSE,TRUE,FALSE,FALSE,TRUE,FALSE,FALSE,FALSE,,1,,2026-09-04 17:40:07,MATCHING
REQ-000598,PT-917695,Cardiac,Moderate,61,18.456697,73.89299,FALSE,FALSE,TRUE,FALSE,TRUE,FALSE,FALSE,TRUE,FALSE,Cardiologist,1,,2026-09-04 17:42:39,MATCHING
REQ-000599,PT-318066,Other,Low,36,18.494711,73.883087,FALSE,FALSE,FALSE,FALSE,FALSE,FALSE,FALSE,FALSE,FALSE,,1,,2026-09-04 17:49:23,CREATED
REQ-000600,PT-381970,Road Accident,High,13,18.583278,73.719175,TRUE,FALSE,FALSE,FALSE,FALSE,FALSE,TRUE,FALSE,FALSE,,1,,2026-09-04 17:52:29,CREATED
REQ-000601,PT-375461,Cardiac,High,78,18.5204,73.818007,TRUE,FALSE,TRUE,FALSE,TRUE,FALSE,FALSE,FALSE,FALSE,Cardiologist,1,,2026-09-04 18:16:56,CREATED
REQ-000602,PT-434408,Road Accident,High,53,18.481165,73.797685,TRUE,FALSE,FALSE,TRUE,FALSE,FALSE,TRUE,TRUE,FALSE,Trauma Surgeon,1,,2026-09-04 18:18:41,MATCHING
REQ-000603,PT-279929,Road Accident,Moderate,27,18.539489,73.841126,FALSE,FALSE,FALSE,FALSE,FALSE,FALSE,FALSE,FALSE,FALSE,,1,,2026-09-04 18:36:33,MATCHING
REQ-000604,PT-459209,Other,Low,73,18.499106,73.857877,FALSE,FALSE,FALSE,FALSE,FALSE,FALSE,FALSE,FALSE,FALSE,,1,,2026-09-04 18:43:06,MATCHING
REQ-000605,PT-162854,Road Accident,Critical,60,18.571434,73.999321,TRUE,TRUE,TRUE,TRUE,FALSE,TRUE,TRUE,TRUE,FALSE,Neurologist,1,,2026-09-04 18:54:32,MATCHING
REQ-000606,PT-904061,Road Accident,High,13,18.587983,73.735162,TRUE,FALSE,TRUE,TRUE,FALSE,FALSE,TRUE,FALSE,FALSE,Trauma Surgeon,1,,2026-09-04 18:56:36,MATCHING
REQ-000607,PT-975246,Cardiac,High,53,18.525906,73.914335,TRUE,FALSE,FALSE,FALSE,FALSE,FALSE,TRUE,FALSE,FALSE,Cardiologist,1,,2026-09-04 19:08:37,CREATED
REQ-000608,PT-279933,Stroke,High,83,18.509712,73.933554,TRUE,TRUE,TRUE,FALSE,FALSE,TRUE,FALSE,FALSE,FALSE,Neurologist,1,,2026-09-04 19:13:48,MATCHING
REQ-000609,PT-659747,Road Accident,Low,27,18.486412,73.909015,FALSE,FALSE,FALSE,TRUE,FALSE,FALSE,FALSE,FALSE,FALSE,,1,,2026-09-04 19:15:01,MATCHING
REQ-000610,PT-583967,Road Accident,Moderate,27,18.572531,73.981862,FALSE,FALSE,FALSE,TRUE,FALSE,TRUE,FALSE,FALSE,FALSE,,1,AMB-019,2026-09-04 19:24:15,COMPLETED
REQ-000611,PT-385726,Cardiac,High,49,18.571494,73.910955,TRUE,TRUE,TRUE,FALSE,FALSE,FALSE,FALSE,TRUE,FALSE,Cardiologist,1,AMB-018,2026-09-04 19:38:36,COMPLETED
REQ-000612,PT-582870,Road Accident,Moderate,25,18.577041,73.924907,TRUE,FALSE,FALSE,TRUE,FALSE,FALSE,TRUE,FALSE,FALSE,General Surgeon,1,,2026-09-04 19:54:33,MATCHING
REQ-000613,PT-721383,Road Accident,Moderate,27,18.648643,73.76363,FALSE,FALSE,FALSE,TRUE,FALSE,FALSE,FALSE,TRUE,FALSE,,1,AMB-023,2026-09-04 20:04:50,COMPLETED
REQ-000614,PT-467998,Other,Moderate,66,18.467217,73.820632,FALSE,FALSE,FALSE,FALSE,FALSE,TRUE,FALSE,FALSE,FALSE,,1,AMB-092,2026-09-04 20:05:59,COMPLETED
REQ-000615,PT-835580,Road Accident,Critical,41,18.466839,73.824211,TRUE,FALSE,TRUE,TRUE,FALSE,TRUE,TRUE,TRUE,TRUE,General Surgeon,1,,2026-09-04 20:23:11,CREATED
REQ-000616,PT-362053,Road Accident,Critical,39,18.625669,73.867999,TRUE,TRUE,TRUE,TRUE,TRUE,FALSE,TRUE,FALSE,FALSE,General Surgeon,1,,2026-09-04 20:35:31,MATCHING
REQ-000617,PT-466598,Road Accident,Moderate,34,18.656642,73.77505,TRUE,FALSE,FALSE,TRUE,FALSE,FALSE,FALSE,FALSE,FALSE,,1,,2026-09-04 20:42:46,CREATED
REQ-000618,PT-166641,Cardiac,High,77,18.644031,73.850237,TRUE,FALSE,FALSE,FALSE,TRUE,FALSE,TRUE,FALSE,FALSE,,1,AMB-032,2026-09-04 20:52:47,COMPLETED
REQ-000619,PT-154264,Other,Moderate,24,18.464226,73.901374,TRUE,TRUE,FALSE,TRUE,FALSE,FALSE,FALSE,FALSE,FALSE,,1,AMB-085,2026-09-04 21:06:58,COMPLETED
REQ-000620,PT-738980,Respiratory,High,13,18.642592,73.79488,TRUE,FALSE,FALSE,FALSE,FALSE,FALSE,FALSE,FALSE,FALSE,,1,,2026-09-04 21:12:09,MATCHING
REQ-000621,PT-449924,Road Accident,High,48,18.574981,73.971889,FALSE,FALSE,TRUE,TRUE,FALSE,FALSE,FALSE,FALSE,FALSE,Trauma Surgeon,1,,2026-09-04 21:17:23,MATCHING
REQ-000622,PT-153179,Respiratory,Low,5,18.659577,73.788111,FALSE,FALSE,FALSE,FALSE,FALSE,FALSE,FALSE,FALSE,FALSE,,1,,2026-09-04 21:21:22,CREATED
REQ-000623,PT-277427,Other,Low,85,18.570051,73.77046,FALSE,FALSE,FALSE,FALSE,FALSE,FALSE,FALSE,FALSE,TRUE,,1,,2026-09-04 21:33:10,MATCHING
REQ-000624,PT-619356,Cardiac,Low,67,18.573085,73.905833,FALSE,FALSE,FALSE,FALSE,FALSE,FALSE,FALSE,FALSE,FALSE,,1,,2026-09-04 21:41:20,MATCHING
REQ-000625,PT-530575,Cardiac,Moderate,39,18.496071,73.930208,FALSE,FALSE,FALSE,FALSE,TRUE,FALSE,FALSE,FALSE,TRUE,Cardiologist,1,,2026-09-04 21:53:46,MATCHING
REQ-000626,PT-235950,Cardiac,High,70,18.661244,73.790458,TRUE,FALSE,TRUE,FALSE,TRUE,FALSE,FALSE,FALSE,FALSE,,1,AMB-049,2026-09-04 21:57:45,COMPLETED
REQ-000627,PT-860020,Road Accident,Critical,30,18.52958,73.725557,TRUE,TRUE,TRUE,TRUE,FALSE,TRUE,TRUE,TRUE,FALSE,Neurologist,1,AMB-076,2026-09-04 22:21:57,COMPLETED
REQ-000628,PT-795507,Cardiac,High,70,18.510062,73.917339,FALSE,FALSE,FALSE,FALSE,TRUE,FALSE,TRUE,TRUE,FALSE,,1,,2026-09-04 22:33:29,CREATED
REQ-000629,PT-882149,Respiratory,Moderate,66,18.513282,73.937719,FALSE,TRUE,TRUE,FALSE,FALSE,FALSE,FALSE,FALSE,TRUE,Pulmonologist,1,,2026-09-04 22:37:37,MATCHING
REQ-000630,PT-216526,Road Accident,High,44,18.635698,73.802144,FALSE,FALSE,FALSE,TRUE,FALSE,FALSE,TRUE,TRUE,FALSE,Trauma Surgeon,1,AMB-035,2026-09-04 22:39:15,COMPLETED
REQ-000631,PT-799344,Cardiac,Critical,62,18.515931,73.942938,TRUE,FALSE,FALSE,FALSE,TRUE,FALSE,FALSE,FALSE,FALSE,,1,,2026-09-04 22:41:34,CREATED
REQ-000632,PT-147343,Respiratory,Moderate,78,18.641516,73.809187,FALSE,FALSE,TRUE,FALSE,FALSE,FALSE,FALSE,FALSE,FALSE,Pulmonologist,1,,2026-09-04 23:21:11,CREATED
REQ-000633,PT-538887,Other,High,36,18.584177,73.746242,TRUE,FALSE,FALSE,FALSE,FALSE,FALSE,TRUE,FALSE,TRUE,General Surgeon,1,AMB-007,2026-09-04 23:23:32,COMPLETED
REQ-000634,PT-284109,Cardiac,Moderate,67,18.477141,73.876011,FALSE,FALSE,TRUE,FALSE,TRUE,FALSE,TRUE,FALSE,FALSE,,1,AMB-065,2026-09-04 23:28:48,COMPLETED
REQ-000635,PT-224050,Other,Moderate,47,18.553386,73.924207,FALSE,FALSE,FALSE,FALSE,FALSE,FALSE,FALSE,FALSE,FALSE,Pulmonologist,1,,2026-09-04 23:45:42,CREATED
REQ-000636,PT-335847,Burn,High,12,18.454058,73.860724,FALSE,FALSE,FALSE,FALSE,FALSE,FALSE,FALSE,FALSE,FALSE,General Surgeon,1,,2026-09-05 00:11:15,CREATED
REQ-000637,PT-277134,Respiratory,Low,70,18.448019,73.920826,TRUE,TRUE,TRUE,FALSE,FALSE,FALSE,FALSE,FALSE,FALSE,,1,,2026-09-05 00:15:48,MATCHING
REQ-000638,PT-351734,Cardiac,High,81,18.569707,73.973443,TRUE,FALSE,FALSE,FALSE,TRUE,FALSE,FALSE,FALSE,FALSE,Cardiologist,1,,2026-09-05 00:17:01,MATCHING
REQ-000639,PT-640197,Respiratory,High,72,18.643304,73.781199,TRUE,FALSE,FALSE,FALSE,FALSE,FALSE,FALSE,FALSE,FALSE,Pulmonologist,1,AMB-049,2026-09-05 00:21:15,COMPLETED
REQ-000640,PT-389189,Cardiac,High,52,18.609409,73.804956,TRUE,FALSE,FALSE,FALSE,TRUE,TRUE,FALSE,FALSE,FALSE,,1,AMB-035,2026-09-05 00:32:10,COMPLETED
REQ-000641,PT-479926,Road Accident,Moderate,55,18.47087,73.818336,FALSE,FALSE,TRUE,TRUE,FALSE,FALSE,FALSE,FALSE,FALSE,,1,,2026-09-05 01:07:53,CREATED
REQ-000642,PT-934572,Road Accident,High,18,18.500053,73.927871,FALSE,FALSE,FALSE,TRUE,FALSE,FALSE,FALSE,TRUE,FALSE,General Surgeon,1,,2026-09-05 01:42:06,CREATED
REQ-000643,PT-589927,Respiratory,Moderate,75,18.430487,73.860925,FALSE,FALSE,TRUE,FALSE,TRUE,FALSE,FALSE,FALSE,FALSE,Pulmonologist,1,,2026-09-05 01:52:10,CREATED
REQ-000644,PT-714293,Respiratory,High,69,18.446292,73.916214,TRUE,TRUE,TRUE,FALSE,FALSE,FALSE,FALSE,FALSE,FALSE,Pulmonologist,1,,2026-09-05 02:10:12,MATCHING
REQ-000645,PT-526966,Burn,Critical,33,18.780816,73.85325,TRUE,TRUE,FALSE,TRUE,TRUE,TRUE,TRUE,TRUE,FALSE,Neurologist,1,AMB-022,2026-09-05 02:18:07,COMPLETED
REQ-000646,PT-172327,Respiratory,Moderate,35,18.561607,73.915893,TRUE,TRUE,TRUE,FALSE,FALSE,FALSE,FALSE,FALSE,FALSE,,1,,2026-09-05 02:27:55,CREATED
REQ-000647,PT-783313,Road Accident,Critical,22,18.624431,73.812679,TRUE,TRUE,FALSE,TRUE,FALSE,FALSE,TRUE,TRUE,FALSE,Trauma Surgeon,1,,2026-09-05 03:05:59,CREATED
REQ-000648,PT-124731,Respiratory,High,72,18.509768,73.81844,FALSE,FALSE,TRUE,FALSE,FALSE,FALSE,FALSE,FALSE,FALSE,Pulmonologist,1,,2026-09-05 03:45:51,CREATED
REQ-000649,PT-420678,Road Accident,Critical,44,18.642321,73.777621,TRUE,TRUE,TRUE,TRUE,FALSE,FALSE,TRUE,TRUE,FALSE,Trauma Surgeon,1,,2026-09-05 04:06:28,CREATED
REQ-000650,PT-414357,Respiratory,High,5,18.550552,73.880409,TRUE,TRUE,TRUE,FALSE,FALSE,FALSE,FALSE,FALSE,FALSE,,1,,2026-09-05 04:49:03,MATCHING
REQ-000651,PT-149215,Road Accident,High,32,18.512539,73.858698,TRUE,FALSE,FALSE,TRUE,FALSE,FALSE,TRUE,TRUE,FALSE,,1,AMB-003,2026-09-05 04:57:57,COMPLETED
REQ-000652,PT-145593,Respiratory,Moderate,53,18.507237,73.698269,FALSE,FALSE,TRUE,FALSE,FALSE,FALSE,FALSE,FALSE,FALSE,,1,,2026-09-05 06:10:31,MATCHING
REQ-000653,PT-537380,Cardiac,High,41,18.477835,73.904869,TRUE,TRUE,TRUE,FALSE,TRUE,FALSE,FALSE,FALSE,FALSE,Cardiologist,1,,2026-09-05 06:39:57,CREATED
REQ-000654,PT-193381,Respiratory,High,0,18.544482,73.880324,TRUE,TRUE,TRUE,FALSE,FALSE,FALSE,FALSE,FALSE,FALSE,Pulmonologist,1,,2026-09-05 06:54:04,MATCHING
REQ-000655,PT-335743,Road Accident,Low,26,18.551353,73.938056,FALSE,FALSE,FALSE,TRUE,FALSE,FALSE,FALSE,FALSE,FALSE,,1,,2026-09-05 07:00:45,CREATED
REQ-000656,PT-582649,Respiratory,Moderate,65,18.618329,73.845301,TRUE,FALSE,TRUE,FALSE,FALSE,FALSE,FALSE,FALSE,FALSE,Pulmonologist,1,,2026-09-05 07:12:34,MATCHING
REQ-000657,PT-520733,Other,Moderate,65,18.547013,73.887672,FALSE,FALSE,FALSE,FALSE,FALSE,FALSE,FALSE,FALSE,FALSE,,1,AMB-096,2026-09-05 07:13:51,COMPLETED
REQ-000658,PT-509172,Road Accident,Moderate,20,18.568519,73.927455,FALSE,FALSE,FALSE,FALSE,FALSE,FALSE,TRUE,FALSE,FALSE,Trauma Surgeon,1,,2026-09-05 07:19:14,MATCHING
REQ-000659,PT-544733,Road Accident,Critical,28,18.468464,73.837396,TRUE,FALSE,FALSE,TRUE,FALSE,FALSE,FALSE,TRUE,FALSE,Trauma Surgeon,4,,2026-09-05 07:38:03,CREATED
REQ-000660,PT-664898,Road Accident,High,14,18.546172,73.835295,TRUE,TRUE,FALSE,TRUE,FALSE,FALSE,TRUE,FALSE,FALSE,,1,,2026-09-05 07:49:39,MATCHING
REQ-000661,PT-752519,Burn,Moderate,38,18.475022,73.904796,TRUE,FALSE,FALSE,TRUE,FALSE,FALSE,FALSE,FALSE,FALSE,,1,,2026-09-05 07:50:41,CREATED
REQ-000662,PT-675634,Road Accident,Low,41,18.645873,73.77162,FALSE,FALSE,FALSE,TRUE,TRUE,FALSE,FALSE,FALSE,FALSE,,1,,2026-09-05 07:57:13,CREATED
REQ-000663,PT-530739,Cardiac,Critical,61,18.557117,73.786031,TRUE,TRUE,TRUE,FALSE,TRUE,FALSE,FALSE,TRUE,FALSE,Cardiologist,1,,2026-09-05 08:03:24,CREATED
REQ-000664,PT-809378,Cardiac,Low,53,18.60088,73.764487,FALSE,FALSE,TRUE,FALSE,TRUE,FALSE,FALSE,FALSE,FALSE,,1,,2026-09-05 08:08:37,MATCHING
REQ-000665,PT-125779,Other,High,77,18.489528,73.683068,TRUE,FALSE,TRUE,FALSE,FALSE,FALSE,FALSE,FALSE,FALSE,,1,AMB-070,2026-09-05 08:15:34,COMPLETED
REQ-000666,PT-223967,Cardiac,Critical,51,18.638508,73.796834,TRUE,FALSE,TRUE,FALSE,TRUE,FALSE,FALSE,FALSE,FALSE,Cardiologist,1,,2026-09-05 08:21:41,MATCHING
REQ-000667,PT-170660,Stroke,Critical,63,18.590454,73.729893,TRUE,FALSE,FALSE,FALSE,FALSE,TRUE,FALSE,TRUE,FALSE,Neurologist,1,,2026-09-05 08:33:47,CREATED
REQ-000668,PT-845060,Respiratory,Moderate,35,18.62645,73.852524,TRUE,FALSE,FALSE,FALSE,FALSE,FALSE,FALSE,FALSE,FALSE,,1,,2026-09-05 08:41:34,MATCHING
REQ-000669,PT-639394,Road Accident,Low,25,18.564239,73.896177,FALSE,FALSE,FALSE,TRUE,FALSE,FALSE,FALSE,FALSE,FALSE,,1,,2026-09-05 08:52:19,MATCHING
REQ-000670,PT-414121,Respiratory,High,40,18.651227,73.765712,TRUE,TRUE,FALSE,FALSE,FALSE,FALSE,FALSE,FALSE,FALSE,,1,,2026-09-05 08:54:11,MATCHING
REQ-000671,PT-995523,Road Accident,High,38,18.47503,73.878293,TRUE,FALSE,TRUE,TRUE,FALSE,FALSE,TRUE,FALSE,FALSE,General Surgeon,1,,2026-09-05 08:57:30,CREATED
REQ-000672,PT-457519,Respiratory,Moderate,62,18.478561,73.818666,TRUE,FALSE,TRUE,TRUE,FALSE,FALSE,FALSE,FALSE,FALSE,,1,,2026-09-05 09:02:50,CREATED
REQ-000673,PT-183304,Respiratory,Moderate,82,18.609122,73.734829,FALSE,FALSE,TRUE,FALSE,FALSE,FALSE,FALSE,FALSE,FALSE,,1,,2026-09-05 09:22:48,MATCHING
REQ-000674,PT-274505,Burn,Critical,45,18.585968,73.771775,TRUE,TRUE,TRUE,FALSE,FALSE,FALSE,TRUE,FALSE,FALSE,General Surgeon,1,AMB-044,2026-09-05 09:25:44,COMPLETED
REQ-000675,PT-646401,Cardiac,High,67,18.581191,73.742662,TRUE,FALSE,TRUE,FALSE,TRUE,FALSE,FALSE,FALSE,FALSE,,1,,2026-09-05 09:27:47,CREATED
REQ-000676,PT-658229,Respiratory,Low,38,18.567538,73.782658,FALSE,FALSE,TRUE,FALSE,FALSE,FALSE,FALSE,FALSE,FALSE,,1,,2026-09-05 09:34:09,CREATED
REQ-000677,PT-784490,Road Accident,Low,29,18.498723,73.884924,TRUE,FALSE,FALSE,FALSE,FALSE,FALSE,FALSE,TRUE,FALSE,,1,,2026-09-05 09:38:29,CREATED
REQ-000678,PT-953820,Other,Moderate,38,18.530853,73.937905,FALSE,FALSE,FALSE,FALSE,FALSE,FALSE,FALSE,TRUE,FALSE,,1,,2026-09-05 09:43:34,CREATED
REQ-000679,PT-767821,Road Accident,Low,50,18.521074,73.874367,TRUE,FALSE,FALSE,TRUE,FALSE,FALSE,TRUE,FALSE,FALSE,Trauma Surgeon,1,,2026-09-05 09:47:02,CREATED
REQ-000680,PT-962212,Cardiac,Critical,67,18.641096,73.774564,TRUE,FALSE,FALSE,FALSE,TRUE,TRUE,FALSE,FALSE,FALSE,Cardiologist,1,,2026-09-05 10:29:48,NO_MATCH
REQ-000681,PT-743570,Cardiac,Critical,71,18.539981,73.8463,TRUE,TRUE,FALSE,FALSE,TRUE,FALSE,FALSE,FALSE,FALSE,,1,,2026-09-05 10:35:52,MATCHING
REQ-000682,PT-585928,Cardiac,Moderate,46,18.455877,73.854224,FALSE,FALSE,FALSE,FALSE,TRUE,FALSE,FALSE,FALSE,FALSE,,1,AMB-074,2026-09-05 10:40:24,COMPLETED
REQ-000683,PT-480457,Respiratory,Critical,2,18.61906,73.752725,TRUE,TRUE,TRUE,FALSE,FALSE,FALSE,FALSE,FALSE,FALSE,Pulmonologist,1,,2026-09-05 10:43:21,MATCHING
REQ-000684,PT-951865,Stroke,High,66,18.751617,73.859678,TRUE,FALSE,TRUE,FALSE,FALSE,TRUE,FALSE,FALSE,FALSE,Neurologist,1,,2026-09-05 10:44:33,MATCHING
REQ-000685,PT-732248,Cardiac,Moderate,49,18.440467,73.907583,FALSE,FALSE,FALSE,FALSE,TRUE,FALSE,FALSE,FALSE,FALSE,,1,,2026-09-05 10:49:15,CREATED
REQ-000686,PT-256552,Road Accident,Low,27,18.597832,73.989029,FALSE,FALSE,FALSE,TRUE,FALSE,FALSE,FALSE,FALSE,FALSE,,1,AMB-017,2026-09-05 10:54:01,COMPLETED
REQ-000687,PT-508325,Burn,High,33,18.502553,73.935179,TRUE,TRUE,FALSE,FALSE,FALSE,FALSE,FALSE,TRUE,FALSE,,1,,2026-09-05 11:08:42,CREATED
REQ-000688,PT-847332,Respiratory,High,10,18.501615,73.92973,TRUE,TRUE,TRUE,TRUE,FALSE,FALSE,FALSE,FALSE,FALSE,Pulmonologist,1,,2026-09-05 11:10:43,CREATED
REQ-000689,PT-186383,Road Accident,Critical,43,18.569077,73.834517,TRUE,FALSE,TRUE,TRUE,FALSE,FALSE,TRUE,FALSE,FALSE,,1,,2026-09-05 11:27:55,CREATED
REQ-000690,PT-983139,Burn,High,16,18.513241,73.861486,FALSE,FALSE,FALSE,TRUE,FALSE,FALSE,FALSE,TRUE,FALSE,,1,,2026-09-05 11:32:48,CREATED
REQ-000691,PT-471007,Road Accident,Moderate,39,18.600699,73.97372,TRUE,FALSE,FALSE,TRUE,FALSE,FALSE,TRUE,TRUE,FALSE,,1,,2026-09-05 11:37:52,CREATED
REQ-000692,PT-378298,Road Accident,High,26,18.536965,73.86316,FALSE,FALSE,FALSE,FALSE,FALSE,FALSE,TRUE,TRUE,FALSE,,1,,2026-09-05 12:02:05,MATCHING
REQ-000693,PT-222279,Cardiac,Moderate,56,18.462455,73.861683,TRUE,FALSE,FALSE,FALSE,TRUE,FALSE,TRUE,TRUE,FALSE,,1,,2026-09-05 12:02:26,CREATED
REQ-000694,PT-913029,Respiratory,Moderate,58,18.58144,73.758071,TRUE,TRUE,TRUE,FALSE,TRUE,FALSE,FALSE,FALSE,FALSE,,1,AMB-002,2026-09-05 12:06:34,COMPLETED
REQ-000695,PT-873863,Stroke,Moderate,82,18.511252,73.925464,FALSE,FALSE,FALSE,FALSE,FALSE,TRUE,FALSE,FALSE,FALSE,Neurologist,1,,2026-09-05 12:12:59,CREATED
REQ-000696,PT-181925,Respiratory,Moderate,61,18.524297,73.839118,FALSE,FALSE,TRUE,FALSE,FALSE,FALSE,FALSE,FALSE,FALSE,,1,,2026-09-05 12:21:13,CREATED
REQ-000697,PT-111505,Cardiac,Critical,65,18.63102,73.862381,TRUE,FALSE,FALSE,FALSE,TRUE,FALSE,FALSE,FALSE,FALSE,,1,,2026-09-05 12:21:47,MATCHING
REQ-000698,PT-345136,Cardiac,Critical,72,18.523845,73.840661,TRUE,FALSE,TRUE,FALSE,TRUE,FALSE,FALSE,TRUE,FALSE,Cardiologist,1,,2026-09-05 12:24:26,CREATED
REQ-000699,PT-797919,Road Accident,High,45,18.442776,73.86017,TRUE,FALSE,FALSE,TRUE,FALSE,FALSE,FALSE,TRUE,FALSE,Trauma Surgeon,1,,2026-09-05 12:36:36,MATCHING
REQ-000700,PT-305344,Other,Moderate,37,18.545258,73.855685,FALSE,FALSE,FALSE,FALSE,TRUE,FALSE,FALSE,FALSE,FALSE,,1,,2026-09-05 12:42:55,CREATED
REQ-000701,PT-726279,Road Accident,High,36,18.73972,73.875679,TRUE,FALSE,TRUE,TRUE,FALSE,FALSE,FALSE,FALSE,FALSE,,1,,2026-09-05 12:46:50,CREATED
REQ-000702,PT-359311,Cardiac,High,67,18.508419,73.6826,TRUE,FALSE,FALSE,FALSE,TRUE,FALSE,FALSE,FALSE,FALSE,,1,,2026-09-05 13:00:48,MATCHING
REQ-000703,PT-867843,Road Accident,High,29,18.465041,73.86566,FALSE,FALSE,TRUE,TRUE,TRUE,FALSE,TRUE,FALSE,FALSE,Trauma Surgeon,1,,2026-09-05 13:03:00,CREATED
REQ-000704,PT-946995,Stroke,Critical,68,18.512037,73.753141,TRUE,FALSE,TRUE,FALSE,FALSE,TRUE,FALSE,TRUE,FALSE,Neurologist,1,,2026-09-05 13:05:52,CREATED
REQ-000705,PT-773205,Cardiac,High,62,18.528681,73.870717,FALSE,FALSE,FALSE,FALSE,TRUE,FALSE,FALSE,FALSE,FALSE,Cardiologist,1,AMB-068,2026-09-05 13:06:31,COMPLETED
REQ-000706,PT-391409,Respiratory,Moderate,4,18.505127,73.689136,TRUE,TRUE,FALSE,FALSE,FALSE,FALSE,FALSE,FALSE,FALSE,Pulmonologist,1,,2026-09-05 13:10:58,MATCHING
REQ-000707,PT-990234,Respiratory,Critical,6,18.522538,73.893149,TRUE,TRUE,TRUE,FALSE,FALSE,FALSE,FALSE,FALSE,FALSE,Pulmonologist,1,,2026-09-05 13:11:25,MATCHING
REQ-000708,PT-458453,Cardiac,Critical,47,18.584495,73.973657,TRUE,FALSE,TRUE,FALSE,TRUE,FALSE,FALSE,FALSE,FALSE,,1,AMB-043,2026-09-05 13:14:17,COMPLETED
REQ-000709,PT-368243,Cardiac,High,76,18.512198,73.796138,FALSE,FALSE,TRUE,FALSE,TRUE,FALSE,FALSE,TRUE,FALSE,,1,,2026-09-05 13:15:29,CREATED
REQ-000710,PT-113340,Road Accident,High,49,18.484021,73.919617,TRUE,FALSE,FALSE,FALSE,FALSE,FALSE,FALSE,TRUE,FALSE,,1,,2026-09-05 13:19:45,CREATED
REQ-000711,PT-570287,Cardiac,Low,64,18.51348,73.803245,FALSE,FALSE,FALSE,FALSE,TRUE,FALSE,FALSE,FALSE,TRUE,Cardiologist,1,AMB-011,2026-09-05 13:37:54,COMPLETED
REQ-000712,PT-793266,Stroke,Critical,70,18.501992,73.9405,TRUE,FALSE,FALSE,FALSE,TRUE,TRUE,TRUE,FALSE,FALSE,Neurologist,1,AMB-013,2026-09-05 13:46:43,COMPLETED
REQ-000713,PT-673869,Stroke,Critical,55,18.504327,73.945827,TRUE,TRUE,FALSE,FALSE,FALSE,TRUE,FALSE,TRUE,FALSE,Neurologist,1,AMB-091,2026-09-05 13:47:03,COMPLETED
REQ-000714,PT-940660,Road Accident,High,27,18.497547,73.796627,TRUE,TRUE,FALSE,TRUE,FALSE,FALSE,TRUE,FALSE,FALSE,,1,,2026-09-05 13:52:40,MATCHING
REQ-000715,PT-262570,Respiratory,Moderate,6,18.51062,73.865317,FALSE,FALSE,TRUE,FALSE,FALSE,FALSE,FALSE,FALSE,FALSE,,1,,2026-09-05 13:54:32,CREATED
REQ-000716,PT-205647,Road Accident,Moderate,27,18.526745,73.87363,FALSE,FALSE,FALSE,FALSE,FALSE,FALSE,TRUE,FALSE,FALSE,,1,,2026-09-05 13:56:59,CREATED
REQ-000717,PT-686842,Other,Moderate,103,18.624452,73.804557,TRUE,TRUE,FALSE,FALSE,FALSE,FALSE,FALSE,FALSE,FALSE,,1,,2026-09-05 14:26:52,MATCHING
REQ-000718,PT-642150,Other,Moderate,8,18.504862,73.93063,TRUE,FALSE,FALSE,FALSE,FALSE,FALSE,FALSE,FALSE,FALSE,,1,,2026-09-05 14:36:45,MATCHING
REQ-000719,PT-579828,Road Accident,High,26,18.590049,73.734865,TRUE,FALSE,FALSE,TRUE,FALSE,FALSE,FALSE,TRUE,FALSE,,1,,2026-09-05 14:38:49,MATCHING
REQ-000720,PT-850471,Stroke,High,83,18.632173,73.794205,TRUE,FALSE,FALSE,FALSE,FALSE,TRUE,TRUE,FALSE,FALSE,Neurologist,1,,2026-09-05 14:54:49,CREATED
REQ-000721,PT-913250,Respiratory,High,75,18.516878,73.944776,TRUE,TRUE,TRUE,FALSE,FALSE,FALSE,FALSE,FALSE,FALSE,Pulmonologist,1,,2026-09-05 15:00:22,CREATED
REQ-000722,PT-325867,Road Accident,Critical,52,18.766715,73.841703,TRUE,FALSE,TRUE,TRUE,FALSE,TRUE,FALSE,TRUE,FALSE,General Surgeon,1,AMB-022,2026-09-05 15:02:24,COMPLETED
REQ-000723,PT-825095,Road Accident,Critical,45,18.771347,73.845097,TRUE,FALSE,FALSE,TRUE,FALSE,FALSE,TRUE,TRUE,FALSE,Trauma Surgeon,1,AMB-008,2026-09-05 15:02:50,COMPLETED
REQ-000724,PT-272120,Cardiac,Moderate,42,18.558631,73.798505,FALSE,FALSE,TRUE,FALSE,TRUE,FALSE,TRUE,TRUE,FALSE,,1,,2026-09-05 15:05:30,CREATED
REQ-000725,PT-178316,Road Accident,High,29,18.749048,73.871,TRUE,FALSE,FALSE,TRUE,TRUE,FALSE,FALSE,FALSE,FALSE,General Surgeon,1,,2026-09-05 15:10:57,MATCHING
REQ-000726,PT-249778,Cardiac,Critical,58,18.584594,73.977495,TRUE,TRUE,FALSE,FALSE,TRUE,FALSE,TRUE,FALSE,FALSE,Cardiologist,1,AMB-043,2026-09-05 15:16:43,COMPLETED
REQ-000727,PT-233135,Cardiac,High,68,18.618601,73.873904,TRUE,FALSE,FALSE,FALSE,TRUE,FALSE,FALSE,FALSE,FALSE,,1,AMB-024,2026-09-05 15:25:20,COMPLETED
REQ-000728,PT-602701,Road Accident,Critical,38,18.575327,73.979945,TRUE,FALSE,FALSE,TRUE,FALSE,FALSE,TRUE,TRUE,FALSE,Trauma Surgeon,1,,2026-09-05 15:25:55,CREATED
REQ-000729,PT-115975,Respiratory,Moderate,89,18.621291,73.797227,TRUE,TRUE,FALSE,FALSE,FALSE,FALSE,FALSE,FALSE,FALSE,,1,AMB-035,2026-09-05 15:28:05,COMPLETED
REQ-000730,PT-630387,Burn,High,16,18.504919,73.808875,FALSE,FALSE,TRUE,TRUE,FALSE,FALSE,FALSE,FALSE,FALSE,,1,,2026-09-05 15:29:11,CREATED
REQ-000731,PT-383234,Other,Moderate,64,18.645512,73.768919,FALSE,TRUE,FALSE,FALSE,FALSE,FALSE,FALSE,FALSE,TRUE,Nephrologist,1,,2026-09-05 16:01:28,CREATED
REQ-000732,PT-988568,Burn,High,42,18.619849,73.843026,TRUE,FALSE,TRUE,FALSE,FALSE,FALSE,TRUE,FALSE,FALSE,,1,,2026-09-05 16:04:22,CREATED
REQ-000733,PT-701342,Respiratory,Low,7,18.62972,73.840021,FALSE,FALSE,FALSE,FALSE,FALSE,FALSE,FALSE,FALSE,FALSE,,1,,2026-09-05 16:12:35,CREATED
REQ-000734,PT-797868,Road Accident,Critical,14,18.466235,73.851227,TRUE,FALSE,FALSE,TRUE,FALSE,FALSE,TRUE,TRUE,FALSE,,1,,2026-09-05 16:14:09,CREATED
REQ-000735,PT-264218,Cardiac,High,50,18.535275,73.74085,TRUE,TRUE,FALSE,FALSE,TRUE,FALSE,TRUE,FALSE,FALSE,Cardiologist,1,AMB-062,2026-09-05 16:16:50,COMPLETED
REQ-000736,PT-914896,Road Accident,High,19,18.514023,73.830872,TRUE,FALSE,FALSE,TRUE,FALSE,FALSE,FALSE,TRUE,FALSE,Trauma Surgeon,1,AMB-073,2026-09-05 16:17:15,COMPLETED
REQ-000737,PT-768540,Road Accident,Low,47,18.557226,73.791784,FALSE,FALSE,FALSE,TRUE,FALSE,FALSE,FALSE,TRUE,FALSE,,1,,2026-09-05 16:18:09,CREATED
REQ-000738,PT-632730,Road Accident,High,45,18.75067,73.872834,FALSE,FALSE,FALSE,FALSE,FALSE,FALSE,FALSE,FALSE,FALSE,,1,,2026-09-05 16:20:00,MATCHING
REQ-000739,PT-229351,Stroke,Critical,64,18.531961,73.894605,TRUE,TRUE,FALSE,FALSE,TRUE,TRUE,FALSE,FALSE,FALSE,Neurologist,1,,2026-09-05 16:35:00,CREATED
REQ-000740,PT-215364,Road Accident,Low,38,18.523558,73.825219,FALSE,FALSE,FALSE,TRUE,FALSE,FALSE,FALSE,TRUE,FALSE,,1,,2026-09-05 16:44:20,MATCHING
REQ-000741,PT-747089,Road Accident,Moderate,48,18.604003,73.735261,FALSE,FALSE,FALSE,TRUE,FALSE,FALSE,TRUE,FALSE,FALSE,Trauma Surgeon,1,,2026-09-05 16:47:05,MATCHING
REQ-000742,PT-642759,Cardiac,High,38,18.516619,73.879286,FALSE,FALSE,TRUE,FALSE,TRUE,FALSE,FALSE,TRUE,FALSE,Cardiologist,1,,2026-09-05 16:49:25,CREATED
REQ-000743,PT-475428,Cardiac,Critical,58,18.455058,73.861809,TRUE,TRUE,FALSE,FALSE,TRUE,FALSE,FALSE,FALSE,FALSE,,1,,2026-09-05 16:59:09,CREATED
REQ-000744,PT-137126,Stroke,Low,89,18.490564,73.790615,FALSE,FALSE,FALSE,FALSE,FALSE,TRUE,FALSE,FALSE,FALSE,Neurologist,1,,2026-09-05 17:03:46,CREATED
REQ-000745,PT-841192,Road Accident,Low,17,18.485984,73.887686,FALSE,FALSE,FALSE,TRUE,FALSE,FALSE,TRUE,FALSE,FALSE,,1,,2026-09-05 17:15:40,MATCHING
REQ-000746,PT-728239,Cardiac,High,78,18.527906,73.739257,TRUE,FALSE,TRUE,FALSE,TRUE,FALSE,FALSE,FALSE,FALSE,Cardiologist,1,,2026-09-05 17:19:18,MATCHING
REQ-000747,PT-673549,Stroke,High,74,18.555335,73.921305,FALSE,FALSE,TRUE,FALSE,FALSE,TRUE,FALSE,FALSE,FALSE,Neurologist,1,,2026-09-05 17:20:12,MATCHING
REQ-000748,PT-789512,Road Accident,Critical,25,18.653967,73.797096,TRUE,FALSE,TRUE,TRUE,FALSE,TRUE,TRUE,FALSE,FALSE,Trauma Surgeon,1,,2026-09-05 17:32:05,CREATED
REQ-000749,PT-623846,Other,Low,20,18.475788,73.892578,FALSE,FALSE,FALSE,FALSE,FALSE,FALSE,FALSE,FALSE,FALSE,,1,,2026-09-05 17:49:11,CREATED
REQ-000750,PT-213591,Road Accident,Low,43,18.529598,73.666234,FALSE,FALSE,FALSE,TRUE,FALSE,FALSE,FALSE,FALSE,FALSE,,1,,2026-09-05 17:59:35,MATCHING
REQ-000751,PT-348012,Road Accident,Moderate,30,18.539145,73.838077,FALSE,FALSE,FALSE,TRUE,FALSE,FALSE,FALSE,FALSE,FALSE,Trauma Surgeon,1,AMB-021,2026-09-05 18:11:22,COMPLETED
REQ-000752,PT-736071,Burn,High,16,18.588016,73.717662,FALSE,FALSE,TRUE,TRUE,FALSE,FALSE,TRUE,TRUE,FALSE,General Surgeon,1,AMB-007,2026-09-05 18:11:59,COMPLETED
REQ-000753,PT-764852,Road Accident,Critical,62,18.536208,73.824238,TRUE,FALSE,TRUE,TRUE,FALSE,FALSE,TRUE,TRUE,FALSE,,1,AMB-073,2026-09-05 18:17:29,COMPLETED
REQ-000754,PT-714447,Burn,Low,19,18.536565,73.728528,TRUE,FALSE,FALSE,TRUE,FALSE,FALSE,FALSE,TRUE,FALSE,,1,,2026-09-05 18:19:05,CREATED
REQ-000755,PT-358723,Other,Moderate,102,18.511103,73.816378,FALSE,FALSE,FALSE,FALSE,FALSE,FALSE,FALSE,FALSE,FALSE,,1,AMB-055,2026-09-05 18:28:19,COMPLETED
REQ-000756,PT-315795,Respiratory,Moderate,63,18.600581,73.983052,TRUE,FALSE,TRUE,FALSE,FALSE,FALSE,FALSE,FALSE,FALSE,Pulmonologist,1,AMB-017,2026-09-05 18:30:58,COMPLETED
REQ-000757,PT-607933,Road Accident,Critical,52,18.518126,73.816729,TRUE,FALSE,TRUE,TRUE,FALSE,FALSE,TRUE,TRUE,FALSE,General Surgeon,1,AMB-052,2026-09-05 18:46:41,COMPLETED
REQ-000758,PT-427943,Burn,Low,28,18.504977,73.783834,FALSE,FALSE,FALSE,TRUE,FALSE,FALSE,FALSE,FALSE,FALSE,,1,,2026-09-05 18:58:53,MATCHING
REQ-000759,PT-346436,Cardiac,Low,71,18.474676,73.826149,FALSE,FALSE,FALSE,FALSE,TRUE,FALSE,FALSE,FALSE,FALSE,,1,AMB-047,2026-09-05 19:00:45,COMPLETED
REQ-000760,PT-483808,Cardiac,Moderate,49,18.483599,73.858745,TRUE,FALSE,TRUE,FALSE,FALSE,FALSE,FALSE,FALSE,FALSE,,1,,2026-09-05 19:09:20,MATCHING
REQ-000761,PT-789201,Stroke,Moderate,84,18.627818,73.842558,FALSE,FALSE,FALSE,FALSE,TRUE,FALSE,FALSE,FALSE,FALSE,Neurologist,1,,2026-09-05 19:18:46,MATCHING
REQ-000762,PT-303559,Cardiac,Critical,85,18.503275,73.870519,TRUE,TRUE,FALSE,FALSE,TRUE,FALSE,FALSE,FALSE,FALSE,Cardiologist,1,,2026-09-05 19:29:54,MATCHING
REQ-000763,PT-708633,Other,Low,12,18.640447,73.756264,FALSE,FALSE,FALSE,FALSE,FALSE,FALSE,FALSE,FALSE,TRUE,,1,,2026-09-05 19:38:26,CREATED
REQ-000764,PT-228626,Cardiac,High,51,18.548053,73.78211,FALSE,FALSE,FALSE,FALSE,FALSE,FALSE,FALSE,FALSE,FALSE,Cardiologist,1,,2026-09-05 19:43:21,CREATED
REQ-000765,PT-927777,Burn,Critical,28,18.526501,73.736029,TRUE,TRUE,TRUE,TRUE,FALSE,TRUE,TRUE,TRUE,FALSE,Neurologist,1,AMB-076,2026-09-05 19:54:06,COMPLETED
REQ-000766,PT-500129,Respiratory,Moderate,62,18.589679,73.749409,FALSE,TRUE,FALSE,FALSE,FALSE,FALSE,FALSE,FALSE,FALSE,,1,,2026-09-05 19:57:17,MATCHING
REQ-000767,PT-837042,Stroke,Moderate,57,18.634972,73.821986,TRUE,TRUE,FALSE,FALSE,FALSE,TRUE,FALSE,FALSE,FALSE,Neurologist,1,,2026-09-05 20:04:08,MATCHING
REQ-000768,PT-695035,Road Accident,Moderate,56,18.504064,73.68557,FALSE,FALSE,FALSE,FALSE,FALSE,FALSE,FALSE,FALSE,FALSE,,1,,2026-09-05 20:08:10,CREATED
REQ-000769,PT-566330,Cardiac,Low,40,18.546764,73.79972,TRUE,FALSE,FALSE,FALSE,TRUE,FALSE,FALSE,FALSE,FALSE,,1,AMB-026,2026-09-05 20:18:07,COMPLETED
REQ-000770,PT-250545,Road Accident,Moderate,46,18.518359,73.818713,FALSE,FALSE,FALSE,TRUE,FALSE,FALSE,FALSE,FALSE,FALSE,,1,AMB-055,2026-09-05 20:19:39,COMPLETED
REQ-000771,PT-179661,Other,Low,71,18.529371,73.949979,FALSE,FALSE,FALSE,FALSE,FALSE,FALSE,FALSE,FALSE,FALSE,,1,,2026-09-05 20:22:47,MATCHING
REQ-000772,PT-383833,Road Accident,Low,37,18.532091,73.932724,FALSE,FALSE,FALSE,TRUE,FALSE,FALSE,FALSE,FALSE,FALSE,General Surgeon,1,,2026-09-05 20:23:38,CREATED
REQ-000773,PT-805773,Stroke,Low,75,18.512942,73.830149,FALSE,FALSE,FALSE,FALSE,FALSE,TRUE,FALSE,FALSE,FALSE,,1,,2026-09-05 20:23:42,CREATED
REQ-000774,PT-964750,Road Accident,Moderate,43,18.468822,73.837441,FALSE,FALSE,TRUE,FALSE,FALSE,FALSE,TRUE,FALSE,FALSE,,1,AMB-092,2026-09-05 20:28:25,COMPLETED
REQ-000775,PT-500692,Other,Moderate,45,18.513339,73.871368,FALSE,FALSE,FALSE,FALSE,FALSE,FALSE,TRUE,FALSE,FALSE,,1,,2026-09-05 20:30:44,CREATED
REQ-000776,PT-657169,Respiratory,Moderate,55,18.517869,73.723501,TRUE,TRUE,TRUE,FALSE,FALSE,FALSE,FALSE,FALSE,FALSE,,1,,2026-09-05 20:33:20,MATCHING
REQ-000777,PT-722543,Cardiac,Moderate,49,18.465882,73.83631,FALSE,FALSE,FALSE,FALSE,TRUE,FALSE,FALSE,FALSE,FALSE,Cardiologist,1,,2026-09-05 20:35:45,CREATED
REQ-000778,PT-896716,Cardiac,Low,71,18.531983,73.852931,FALSE,FALSE,FALSE,FALSE,TRUE,FALSE,FALSE,FALSE,FALSE,Cardiologist,1,,2026-09-05 20:48:55,CREATED
REQ-000779,PT-149300,Road Accident,High,19,18.571501,73.748932,FALSE,FALSE,FALSE,TRUE,FALSE,FALSE,TRUE,FALSE,FALSE,,2,AMB-007,2026-09-05 20:52:39,COMPLETED
REQ-000780,PT-716808,Cardiac,High,50,18.651883,73.785289,FALSE,TRUE,TRUE,FALSE,TRUE,FALSE,FALSE,FALSE,FALSE,,1,,2026-09-05 21:06:14,MATCHING
REQ-000781,PT-436694,Road Accident,Moderate,38,18.578307,73.748261,TRUE,FALSE,FALSE,TRUE,FALSE,FALSE,TRUE,FALSE,FALSE,,1,,2026-09-05 21:20:23,CREATED
REQ-000782,PT-769778,Cardiac,High,54,18.541864,73.827131,FALSE,FALSE,FALSE,FALSE,TRUE,FALSE,FALSE,FALSE,FALSE,Cardiologist,1,,2026-09-05 21:39:29,MATCHING
REQ-000783,PT-138085,Respiratory,Low,0,18.635689,73.775242,FALSE,FALSE,TRUE,FALSE,FALSE,FALSE,FALSE,FALSE,FALSE,,1,AMB-001,2026-09-05 21:41:17,COMPLETED
REQ-000784,PT-208949,Road Accident,Critical,38,18.561106,73.927051,TRUE,TRUE,TRUE,TRUE,FALSE,FALSE,TRUE,TRUE,FALSE,Trauma Surgeon,1,AMB-077,2026-09-05 21:50:08,COMPLETED
REQ-000785,PT-398135,Road Accident,Critical,51,18.554572,73.927646,TRUE,FALSE,FALSE,TRUE,FALSE,FALSE,TRUE,FALSE,FALSE,,1,AMB-014,2026-09-05 21:50:36,NO_MATCH
REQ-000786,PT-159652,Other,Moderate,75,18.644153,73.819339,FALSE,FALSE,FALSE,FALSE,FALSE,FALSE,FALSE,FALSE,FALSE,General Surgeon,1,,2026-09-05 21:57:11,CREATED
REQ-000787,PT-708913,Road Accident,Low,40,18.527671,73.695707,FALSE,FALSE,FALSE,FALSE,FALSE,FALSE,FALSE,FALSE,FALSE,,1,AMB-025,2026-09-05 21:59:03,COMPLETED
REQ-000788,PT-678937,Cardiac,Moderate,60,18.655113,73.80143,FALSE,FALSE,TRUE,FALSE,TRUE,FALSE,FALSE,FALSE,FALSE,Cardiologist,1,,2026-09-05 22:14:45,MATCHING
REQ-000789,PT-134286,Cardiac,High,68,18.476557,73.807407,TRUE,FALSE,FALSE,FALSE,TRUE,FALSE,FALSE,FALSE,FALSE,Cardiologist,1,,2026-09-05 22:30:00,MATCHING
REQ-000790,PT-102014,Road Accident,Moderate,33,18.525084,73.847308,FALSE,FALSE,TRUE,TRUE,FALSE,FALSE,TRUE,FALSE,FALSE,,1,,2026-09-05 22:32:20,MATCHING
REQ-000791,PT-133329,Cardiac,Low,73,18.589809,73.762474,FALSE,FALSE,FALSE,FALSE,TRUE,FALSE,FALSE,FALSE,FALSE,Cardiologist,1,,2026-09-05 22:34:34,MATCHING
REQ-000792,PT-255470,Respiratory,High,0,18.528032,73.837828,TRUE,TRUE,FALSE,FALSE,FALSE,FALSE,FALSE,FALSE,FALSE,Pulmonologist,1,,2026-09-05 22:37:53,CREATED
REQ-000793,PT-436181,Cardiac,High,28,18.45458,73.889365,FALSE,FALSE,TRUE,FALSE,TRUE,FALSE,FALSE,TRUE,FALSE,,1,,2026-09-05 22:39:41,MATCHING
REQ-000794,PT-853591,Cardiac,Critical,53,18.540802,73.938078,FALSE,FALSE,FALSE,FALSE,TRUE,FALSE,FALSE,FALSE,FALSE,Cardiologist,1,,2026-09-05 22:46:59,MATCHING
REQ-000795,PT-566642,Road Accident,High,41,18.529951,73.876755,TRUE,FALSE,FALSE,FALSE,FALSE,FALSE,FALSE,TRUE,FALSE,Trauma Surgeon,1,,2026-09-05 22:58:26,CREATED
REQ-000796,PT-326167,Cardiac,Critical,47,18.455533,73.847519,TRUE,TRUE,FALSE,FALSE,TRUE,FALSE,FALSE,FALSE,FALSE,Cardiologist,1,AMB-081,2026-09-05 23:15:36,COMPLETED
REQ-000797,PT-766969,Road Accident,Low,43,18.7266,73.667776,FALSE,FALSE,FALSE,FALSE,FALSE,FALSE,FALSE,FALSE,FALSE,,1,,2026-09-05 23:25:38,MATCHING
REQ-000798,PT-662296,Road Accident,Moderate,28,18.462293,73.785931,TRUE,FALSE,FALSE,TRUE,FALSE,FALSE,FALSE,FALSE,FALSE,Trauma Surgeon,1,,2026-09-05 23:31:46,MATCHING
REQ-000799,PT-143141,Cardiac,High,60,18.554815,73.885976,TRUE,FALSE,TRUE,FALSE,TRUE,FALSE,TRUE,FALSE,FALSE,,1,,2026-09-05 23:55:32,MATCHING
REQ-000800,PT-944595,Cardiac,High,65,18.479851,73.800445,TRUE,FALSE,FALSE,FALSE,TRUE,FALSE,FALSE,FALSE,FALSE,,1,,2026-09-06 00:01:21,CREATED
REQ-000801,PT-439864,Stroke,High,56,18.504644,73.930459,TRUE,FALSE,FALSE,FALSE,FALSE,TRUE,FALSE,FALSE,FALSE,Neurologist,1,,2026-09-06 00:03:42,MATCHING
REQ-000802,PT-216784,Cardiac,Moderate,76,18.472528,73.815353,TRUE,FALSE,TRUE,FALSE,TRUE,FALSE,FALSE,FALSE,FALSE,,1,,2026-09-06 00:29:03,MATCHING
REQ-000803,PT-542047,Other,Moderate,35,18.545852,73.931472,TRUE,FALSE,TRUE,FALSE,FALSE,FALSE,FALSE,FALSE,FALSE,,1,AMB-098,2026-09-06 00:39:21,COMPLETED
REQ-000804,PT-874341,Respiratory,Critical,73,18.545495,73.929731,TRUE,TRUE,TRUE,FALSE,FALSE,FALSE,FALSE,FALSE,FALSE,,1,,2026-09-06 00:47:30,CREATED
REQ-000805,PT-542154,Stroke,High,65,18.565953,73.902415,FALSE,FALSE,FALSE,FALSE,FALSE,TRUE,FALSE,FALSE,FALSE,,1,AMB-018,2026-09-06 00:54:13,COMPLETED
REQ-000806,PT-407771,Respiratory,Moderate,62,18.645638,73.864133,FALSE,FALSE,TRUE,FALSE,FALSE,FALSE,FALSE,FALSE,FALSE,,1,,2026-09-06 01:24:03,MATCHING
REQ-000807,PT-139656,Cardiac,Low,49,18.576453,73.751842,FALSE,FALSE,FALSE,FALSE,TRUE,FALSE,FALSE,FALSE,FALSE,,1,,2026-09-06 01:26:52,MATCHING
REQ-000808,PT-142754,Respiratory,High,42,18.50049,73.860565,TRUE,TRUE,FALSE,FALSE,TRUE,FALSE,FALSE,FALSE,FALSE,Pulmonologist,1,,2026-09-06 01:34:52,MATCHING
REQ-000809,PT-110328,Road Accident,High,66,18.501451,73.836679,TRUE,TRUE,FALSE,FALSE,FALSE,FALSE,FALSE,FALSE,FALSE,,1,,2026-09-06 01:48:15,CREATED
REQ-000810,PT-300359,Road Accident,Moderate,52,18.598868,73.755804,FALSE,FALSE,FALSE,FALSE,FALSE,FALSE,FALSE,TRUE,FALSE,General Surgeon,1,,2026-09-06 03:18:06,CREATED
REQ-000811,PT-129243,Respiratory,High,61,18.530013,73.855677,TRUE,TRUE,FALSE,FALSE,FALSE,FALSE,FALSE,FALSE,FALSE,Pulmonologist,1,,2026-09-06 03:34:36,MATCHING
REQ-000812,PT-357919,Cardiac,Critical,61,18.484725,73.797982,TRUE,TRUE,FALSE,FALSE,TRUE,FALSE,FALSE,FALSE,FALSE,Cardiologist,1,,2026-09-06 03:39:34,CREATED
REQ-000813,PT-132362,Other,Low,26,18.552055,73.934565,FALSE,FALSE,FALSE,FALSE,FALSE,FALSE,FALSE,FALSE,FALSE,,1,AMB-010,2026-09-06 03:49:35,COMPLETED
REQ-000814,PT-887037,Other,Moderate,25,18.578329,73.979416,FALSE,FALSE,FALSE,FALSE,FALSE,FALSE,FALSE,FALSE,TRUE,Nephrologist,1,,2026-09-06 03:54:26,CREATED
REQ-000815,PT-143523,Respiratory,Moderate,1,18.606434,73.775318,FALSE,FALSE,TRUE,FALSE,FALSE,FALSE,FALSE,FALSE,FALSE,,1,,2026-09-06 04:06:06,MATCHING
REQ-000816,PT-479281,Cardiac,High,70,18.569359,73.786107,TRUE,FALSE,TRUE,FALSE,TRUE,FALSE,FALSE,FALSE,FALSE,Cardiologist,1,,2026-09-06 04:20:38,CREATED
REQ-000817,PT-656432,Other,Moderate,7,18.542286,73.93541,FALSE,FALSE,FALSE,FALSE,FALSE,FALSE,FALSE,FALSE,FALSE,,1,,2026-09-06 05:04:36,CREATED
REQ-000818,PT-267397,Road Accident,Moderate,35,18.574877,73.801825,TRUE,FALSE,FALSE,TRUE,FALSE,FALSE,FALSE,FALSE,FALSE,Trauma Surgeon,1,,2026-09-06 05:34:18,CREATED
REQ-000819,PT-345853,Road Accident,High,51,18.707456,73.649466,TRUE,FALSE,TRUE,TRUE,FALSE,FALSE,TRUE,FALSE,FALSE,Trauma Surgeon,1,,2026-09-06 06:21:11,MATCHING
REQ-000820,PT-675775,Respiratory,Critical,53,18.544683,73.822641,TRUE,TRUE,TRUE,FALSE,FALSE,FALSE,FALSE,FALSE,FALSE,Pulmonologist,1,,2026-09-06 06:45:49,CREATED
REQ-000821,PT-493919,Other,Critical,44,18.730383,73.668017,TRUE,TRUE,TRUE,TRUE,FALSE,TRUE,TRUE,TRUE,FALSE,Neurologist,1,AMB-093,2026-09-06 07:10:24,COMPLETED
REQ-000822,PT-136924,Stroke,High,76,18.597141,73.760972,TRUE,FALSE,FALSE,FALSE,FALSE,TRUE,FALSE,FALSE,FALSE,Neurologist,1,,2026-09-06 07:16:53,MATCHING
REQ-000823,PT-183000,Respiratory,High,50,18.645665,73.802282,TRUE,TRUE,TRUE,FALSE,FALSE,FALSE,FALSE,FALSE,FALSE,,1,AMB-049,2026-09-06 07:24:30,COMPLETED
REQ-000824,PT-479678,Other,Low,55,18.462095,73.812105,TRUE,FALSE,FALSE,FALSE,FALSE,FALSE,FALSE,FALSE,FALSE,Pulmonologist,1,,2026-09-06 07:29:24,CREATED
REQ-000825,PT-868023,Road Accident,High,14,18.509096,73.807308,TRUE,FALSE,FALSE,FALSE,FALSE,FALSE,TRUE,TRUE,FALSE,,1,,2026-09-06 07:32:44,CREATED
REQ-000826,PT-703367,Cardiac,High,68,18.609493,73.80203,FALSE,FALSE,FALSE,FALSE,TRUE,FALSE,FALSE,FALSE,FALSE,,1,,2026-09-06 07:34:22,CREATED
REQ-000827,PT-941918,Respiratory,Critical,46,18.573061,73.783899,TRUE,TRUE,TRUE,FALSE,FALSE,FALSE,FALSE,FALSE,FALSE,Pulmonologist,1,,2026-09-06 07:58:44,MATCHING
REQ-000828,PT-402288,Burn,Critical,84,18.556998,73.917496,TRUE,TRUE,FALSE,TRUE,FALSE,FALSE,FALSE,FALSE,FALSE,General Surgeon,1,,2026-09-06 08:04:27,MATCHING
REQ-000829,PT-223986,Cardiac,High,74,18.471408,73.79578,TRUE,FALSE,FALSE,FALSE,FALSE,FALSE,FALSE,FALSE,TRUE,Cardiologist,1,,2026-09-06 08:10:32,CREATED
REQ-000830,PT-612154,Road Accident,High,50,18.549505,73.798378,FALSE,FALSE,TRUE,TRUE,FALSE,FALSE,FALSE,FALSE,FALSE,,1,AMB-083,2026-09-06 08:11:10,COMPLETED
REQ-000831,PT-641560,Other,Low,81,18.636426,73.788316,TRUE,FALSE,FALSE,FALSE,FALSE,FALSE,FALSE,FALSE,FALSE,,1,,2026-09-06 08:34:43,CREATED
REQ-000832,PT-773519,Other,Low,79,18.643486,73.792396,FALSE,FALSE,FALSE,FALSE,FALSE,FALSE,FALSE,FALSE,FALSE,,1,,2026-09-06 08:37:51,CREATED
REQ-000833,PT-293011,Cardiac,Critical,56,18.490669,73.863462,TRUE,FALSE,TRUE,FALSE,TRUE,FALSE,FALSE,FALSE,FALSE,Cardiologist,1,,2026-09-06 08:45:09,MATCHING
REQ-000834,PT-432431,Road Accident,Low,58,18.561557,73.801636,FALSE,FALSE,FALSE,TRUE,FALSE,FALSE,FALSE,FALSE,FALSE,,1,AMB-026,2026-09-06 08:52:54,COMPLETED
REQ-000835,PT-452104,Stroke,High,66,18.484593,73.857996,FALSE,FALSE,FALSE,FALSE,FALSE,FALSE,FALSE,TRUE,FALSE,Neurologist,1,,2026-09-06 08:57:37,MATCHING
REQ-000836,PT-113643,Other,High,40,18.548373,73.923605,TRUE,FALSE,TRUE,FALSE,FALSE,FALSE,FALSE,TRUE,TRUE,General Surgeon,1,,2026-09-06 09:00:54,MATCHING
REQ-000837,PT-191458,Road Accident,High,45,18.643387,73.782205,FALSE,FALSE,FALSE,TRUE,FALSE,FALSE,FALSE,TRUE,FALSE,,1,,2026-09-06 09:05:01,MATCHING
REQ-000838,PT-135713,Road Accident,Critical,33,18.561264,73.983103,TRUE,FALSE,FALSE,TRUE,FALSE,FALSE,FALSE,TRUE,FALSE,General Surgeon,1,,2026-09-06 09:15:39,MATCHING
REQ-000839,PT-647686,Cardiac,Low,76,18.530598,73.847411,FALSE,FALSE,FALSE,FALSE,TRUE,FALSE,FALSE,FALSE,FALSE,,1,AMB-021,2026-09-06 09:19:18,COMPLETED
REQ-000840,PT-322673,Burn,Critical,12,18.493853,73.693068,TRUE,TRUE,TRUE,TRUE,FALSE,TRUE,TRUE,TRUE,FALSE,Neurologist,1,AMB-070,2026-09-06 09:34:29,NO_MATCH
REQ-000841,PT-814867,Cardiac,High,65,18.522931,73.669068,TRUE,FALSE,FALSE,FALSE,TRUE,TRUE,FALSE,FALSE,FALSE,Cardiologist,1,,2026-09-06 09:39:36,CREATED
REQ-000842,PT-837545,Stroke,High,76,18.759731,73.678991,TRUE,FALSE,FALSE,FALSE,FALSE,FALSE,FALSE,FALSE,FALSE,,1,AMB-093,2026-09-06 09:40:56,COMPLETED
REQ-000843,PT-835718,Respiratory,Low,2,18.538506,73.74167,TRUE,FALSE,TRUE,FALSE,FALSE,FALSE,FALSE,FALSE,FALSE,,1,,2026-09-06 09:49:35,MATCHING
REQ-000844,PT-510592,Respiratory,Moderate,61,18.449688,73.823873,FALSE,FALSE,TRUE,FALSE,FALSE,FALSE,FALSE,FALSE,FALSE,Pulmonologist,1,,2026-09-06 09:50:44,CREATED
REQ-000845,PT-677794,Other,High,48,18.478665,73.890647,TRUE,FALSE,FALSE,FALSE,TRUE,FALSE,FALSE,FALSE,FALSE,Pulmonologist,1,AMB-065,2026-09-06 09:53:25,COMPLETED
REQ-000846,PT-382755,Road Accident,Low,28,18.582405,73.75806,FALSE,FALSE,FALSE,TRUE,FALSE,FALSE,FALSE,FALSE,FALSE,,1,AMB-002,2026-09-06 10:29:11,COMPLETED
REQ-000847,PT-116794,Road Accident,High,18,18.515542,73.93454,FALSE,FALSE,TRUE,FALSE,FALSE,TRUE,TRUE,TRUE,FALSE,Trauma Surgeon,1,,2026-09-06 10:33:22,CREATED
REQ-000848,PT-696772,Respiratory,Moderate,9,18.51861,73.858726,TRUE,FALSE,FALSE,FALSE,FALSE,FALSE,FALSE,FALSE,FALSE,,1,,2026-09-06 10:43:31,MATCHING
REQ-000849,PT-305095,Cardiac,Moderate,69,18.556571,73.880431,FALSE,FALSE,TRUE,FALSE,TRUE,FALSE,FALSE,FALSE,FALSE,,1,,2026-09-06 10:44:26,MATCHING
REQ-000850,PT-323921,Road Accident,High,50,18.628346,73.827622,TRUE,TRUE,FALSE,FALSE,FALSE,FALSE,TRUE,TRUE,FALSE,Trauma Surgeon,1,,2026-09-06 10:55:51,CREATED
REQ-000851,PT-761229,Respiratory,Moderate,67,18.535004,73.838113,FALSE,FALSE,TRUE,TRUE,FALSE,FALSE,FALSE,FALSE,FALSE,,1,,2026-09-06 11:05:11,MATCHING
REQ-000852,PT-802077,Respiratory,High,6,18.550151,73.911003,TRUE,TRUE,TRUE,FALSE,FALSE,FALSE,FALSE,FALSE,FALSE,Pulmonologist,1,AMB-014,2026-09-06 11:08:09,COMPLETED
REQ-000853,PT-263197,Road Accident,High,39,18.512438,73.790891,FALSE,FALSE,TRUE,TRUE,FALSE,FALSE,TRUE,TRUE,FALSE,,1,,2026-09-06 11:21:03,MATCHING
REQ-000854,PT-680689,Road Accident,Moderate,20,18.592477,73.75691,FALSE,FALSE,TRUE,FALSE,FALSE,FALSE,TRUE,FALSE,FALSE,Trauma Surgeon,1,,2026-09-06 11:28:10,CREATED
REQ-000855,PT-737538,Cardiac,Moderate,60,18.638713,73.828474,FALSE,FALSE,FALSE,FALSE,TRUE,FALSE,FALSE,FALSE,FALSE,Cardiologist,1,AMB-049,2026-09-06 11:43:00,COMPLETED
REQ-000856,PT-332085,Other,Low,85,18.608217,73.758337,TRUE,FALSE,FALSE,FALSE,FALSE,FALSE,FALSE,FALSE,FALSE,,1,,2026-09-06 11:54:45,MATCHING
REQ-000857,PT-103210,Road Accident,High,46,18.508297,73.691056,FALSE,FALSE,TRUE,TRUE,FALSE,TRUE,TRUE,FALSE,FALSE,Trauma Surgeon,1,,2026-09-06 12:03:10,MATCHING
REQ-000858,PT-566227,Road Accident,Critical,39,18.513603,73.853232,TRUE,FALSE,FALSE,TRUE,FALSE,FALSE,TRUE,TRUE,FALSE,General Surgeon,1,AMB-003,2026-09-06 12:26:27,COMPLETED
REQ-000859,PT-675989,Road Accident,Critical,28,18.745376,73.699479,TRUE,FALSE,FALSE,TRUE,FALSE,FALSE,TRUE,TRUE,FALSE,,1,,2026-09-06 12:27:58,MATCHING
REQ-000860,PT-639766,Cardiac,Critical,59,18.597084,73.750295,TRUE,TRUE,FALSE,FALSE,TRUE,FALSE,FALSE,FALSE,FALSE,Cardiologist,1,,2026-09-06 12:31:51,MATCHING
REQ-000861,PT-520242,Other,High,46,18.577344,73.966711,TRUE,FALSE,FALSE,FALSE,FALSE,FALSE,FALSE,TRUE,FALSE,Cardiologist,1,AMB-019,2026-09-06 12:38:17,COMPLETED
REQ-000862,PT-897316,Respiratory,Moderate,85,18.544417,73.866445,FALSE,FALSE,TRUE,FALSE,FALSE,FALSE,FALSE,FALSE,FALSE,,1,,2026-09-06 12:49:52,CREATED
REQ-000863,PT-173324,Respiratory,Low,56,18.564271,73.877571,FALSE,FALSE,TRUE,FALSE,FALSE,FALSE,FALSE,FALSE,FALSE,,1,AMB-027,2026-09-06 12:55:52,COMPLETED
REQ-000864,PT-112736,Cardiac,Moderate,74,18.472787,73.871274,FALSE,FALSE,FALSE,FALSE,TRUE,FALSE,FALSE,FALSE,FALSE,Cardiologist,1,AMB-053,2026-09-06 12:58:16,COMPLETED
REQ-000865,PT-519072,Road Accident,Moderate,25,18.462398,73.900197,FALSE,FALSE,FALSE,FALSE,FALSE,FALSE,FALSE,FALSE,FALSE,,1,,2026-09-06 12:59:21,CREATED
REQ-000866,PT-861814,Cardiac,Critical,80,18.552704,73.926247,TRUE,TRUE,TRUE,FALSE,TRUE,FALSE,FALSE,FALSE,FALSE,,1,,2026-09-06 13:06:51,CREATED
REQ-000867,PT-946521,Respiratory,Low,50,18.634349,73.784165,FALSE,FALSE,TRUE,FALSE,FALSE,FALSE,FALSE,FALSE,FALSE,,1,AMB-012,2026-09-06 13:09:41,COMPLETED
REQ-000868,PT-712312,Stroke,High,73,18.612759,73.821489,FALSE,FALSE,TRUE,FALSE,FALSE,TRUE,FALSE,FALSE,FALSE,Neurologist,1,AMB-035,2026-09-06 13:10:34,COMPLETED
REQ-000869,PT-870644,Road Accident,High,13,18.475691,73.884528,FALSE,FALSE,TRUE,TRUE,FALSE,FALSE,TRUE,FALSE,FALSE,Trauma Surgeon,1,,2026-09-06 13:14:25,CREATED
REQ-000870,PT-761587,Cardiac,Critical,46,18.69941,73.660897,TRUE,TRUE,TRUE,FALSE,TRUE,FALSE,FALSE,TRUE,FALSE,Cardiologist,1,,2026-09-06 13:16:05,MATCHING
REQ-000871,PT-898844,Stroke,Critical,59,18.550456,73.795074,TRUE,FALSE,FALSE,FALSE,FALSE,TRUE,FALSE,FALSE,FALSE,,1,AMB-083,2026-09-06 13:25:07,COMPLETED
REQ-000872,PT-536227,Respiratory,High,79,18.528639,73.856918,TRUE,TRUE,TRUE,FALSE,FALSE,FALSE,FALSE,FALSE,FALSE,Pulmonologist,1,,2026-09-06 13:40:23,CREATED
REQ-000873,PT-139152,Other,Moderate,67,18.581879,73.735649,FALSE,FALSE,FALSE,FALSE,FALSE,FALSE,FALSE,FALSE,FALSE,,1,,2026-09-06 13:51:23,MATCHING
REQ-000874,PT-335248,Other,Critical,51,18.44776,73.830246,TRUE,FALSE,FALSE,FALSE,TRUE,FALSE,TRUE,TRUE,FALSE,Cardiologist,1,,2026-09-06 13:58:16,MATCHING
REQ-000875,PT-482210,Cardiac,Moderate,83,18.511137,73.668916,TRUE,FALSE,FALSE,FALSE,FALSE,TRUE,FALSE,FALSE,FALSE,Cardiologist,1,,2026-09-06 14:00:11,NO_MATCH
REQ-000876,PT-168999,Road Accident,Moderate,28,18.482971,73.834618,FALSE,FALSE,FALSE,TRUE,FALSE,FALSE,FALSE,FALSE,FALSE,,1,,2026-09-06 14:03:54,MATCHING
REQ-000877,PT-139669,Other,Low,65,18.499126,73.933059,FALSE,FALSE,FALSE,FALSE,FALSE,FALSE,FALSE,FALSE,FALSE,,1,AMB-091,2026-09-06 14:14:33,COMPLETED
REQ-000878,PT-981353,Other,Low,24,18.563796,73.86985,FALSE,FALSE,FALSE,FALSE,FALSE,FALSE,FALSE,FALSE,FALSE,,1,,2026-09-06 14:21:41,CREATED
REQ-000879,PT-882240,Respiratory,Critical,8,18.563106,73.926642,TRUE,TRUE,TRUE,FALSE,TRUE,FALSE,FALSE,FALSE,FALSE,Pulmonologist,1,,2026-09-06 14:32:38,CREATED
REQ-000880,PT-336984,Respiratory,Critical,1,18.551871,73.890147,TRUE,TRUE,TRUE,FALSE,FALSE,FALSE,FALSE,FALSE,FALSE,Pulmonologist,1,,2026-09-06 14:44:31,MATCHING
REQ-000881,PT-383548,Road Accident,High,27,18.57655,73.752771,FALSE,FALSE,FALSE,TRUE,FALSE,FALSE,TRUE,FALSE,FALSE,,1,,2026-09-06 14:48:36,MATCHING
REQ-000882,PT-641428,Respiratory,High,68,18.559713,73.947841,FALSE,FALSE,TRUE,FALSE,FALSE,FALSE,FALSE,FALSE,FALSE,Pulmonologist,1,,2026-09-06 14:54:05,CREATED
REQ-000883,PT-272561,Cardiac,Critical,71,18.554848,73.925822,FALSE,FALSE,TRUE,FALSE,TRUE,FALSE,FALSE,TRUE,FALSE,Cardiologist,1,AMB-014,2026-09-06 14:59:15,COMPLETED
REQ-000884,PT-832603,Stroke,High,74,18.48169,73.846395,TRUE,FALSE,FALSE,FALSE,FALSE,TRUE,FALSE,FALSE,FALSE,Neurologist,1,,2026-09-06 15:00:19,MATCHING
REQ-000885,PT-175946,Road Accident,Moderate,37,18.451752,73.882537,FALSE,FALSE,FALSE,TRUE,FALSE,FALSE,TRUE,TRUE,FALSE,,1,,2026-09-06 15:03:58,MATCHING
REQ-000886,PT-901305,Road Accident,Moderate,31,18.512801,73.910372,FALSE,FALSE,FALSE,TRUE,FALSE,FALSE,TRUE,FALSE,FALSE,General Surgeon,1,,2026-09-06 15:06:40,CREATED
REQ-000887,PT-671499,Cardiac,Moderate,48,18.66436,73.780218,TRUE,FALSE,FALSE,FALSE,FALSE,FALSE,FALSE,FALSE,FALSE,Cardiologist,1,,2026-09-06 15:31:43,MATCHING
REQ-000888,PT-984486,Other,Moderate,5,18.498339,73.85732,FALSE,FALSE,FALSE,FALSE,FALSE,FALSE,FALSE,FALSE,FALSE,,1,,2026-09-06 15:40:50,CREATED
REQ-000889,PT-526133,Road Accident,High,44,18.651815,73.75991,FALSE,FALSE,FALSE,FALSE,FALSE,FALSE,TRUE,TRUE,FALSE,,1,AMB-023,2026-09-06 15:47:53,COMPLETED
REQ-000890,PT-993017,Stroke,Moderate,60,18.627908,73.793305,FALSE,FALSE,FALSE,FALSE,FALSE,TRUE,TRUE,FALSE,FALSE,,1,AMB-012,2026-09-06 15:59:24,COMPLETED
REQ-000891,PT-177182,Cardiac,Moderate,57,18.633364,73.856032,FALSE,FALSE,FALSE,FALSE,TRUE,FALSE,FALSE,FALSE,FALSE,Cardiologist,1,,2026-09-06 16:03:07,CREATED
REQ-000892,PT-282742,Stroke,High,69,18.496112,73.914873,TRUE,FALSE,TRUE,FALSE,FALSE,TRUE,FALSE,FALSE,FALSE,,1,AMB-091,2026-09-06 16:03:16,COMPLETED
REQ-000893,PT-120174,Road Accident,Low,14,18.627108,73.788097,FALSE,FALSE,FALSE,TRUE,FALSE,FALSE,FALSE,FALSE,FALSE,,1,,2026-09-06 16:10:50,MATCHING
REQ-000894,PT-637996,Respiratory,Moderate,75,18.497307,73.938013,FALSE,TRUE,TRUE,FALSE,FALSE,FALSE,FALSE,FALSE,FALSE,,1,,2026-09-06 16:10:57,CREATED
REQ-000895,PT-584299,Respiratory,Critical,7,18.495834,73.826224,TRUE,TRUE,TRUE,FALSE,FALSE,FALSE,FALSE,FALSE,FALSE,,1,AMB-052,2026-09-06 16:14:47,COMPLETED
REQ-000896,PT-274912,Other,Low,30,18.580201,73.791358,FALSE,FALSE,FALSE,FALSE,FALSE,FALSE,FALSE,FALSE,FALSE,,1,,2026-09-06 16:20:28,CREATED
REQ-000897,PT-493066,Cardiac,High,67,18.620671,73.779493,TRUE,FALSE,FALSE,FALSE,TRUE,FALSE,FALSE,TRUE,FALSE,Cardiologist,1,,2026-09-06 16:27:05,MATCHING
REQ-000898,PT-951039,Burn,Critical,16,18.515277,73.702413,TRUE,TRUE,TRUE,TRUE,FALSE,TRUE,TRUE,TRUE,FALSE,Neurologist,2,AMB-070,2026-09-06 16:32:06,COMPLETED
REQ-000899,PT-341741,Burn,Critical,18,18.732144,73.67731,TRUE,TRUE,FALSE,TRUE,FALSE,TRUE,TRUE,TRUE,FALSE,Neurologist,2,,2026-09-06 16:37:10,MATCHING
REQ-000900,PT-778777,Cardiac,Low,45,18.54157,73.915372,FALSE,FALSE,FALSE,FALSE,TRUE,FALSE,FALSE,FALSE,FALSE,,1,,2026-09-06 16:37:32,MATCHING
REQ-000901,PT-689674,Road Accident,High,37,18.523409,73.737972,FALSE,FALSE,FALSE,FALSE,FALSE,TRUE,TRUE,FALSE,FALSE,Trauma Surgeon,1,,2026-09-06 16:56:00,MATCHING
REQ-000902,PT-379420,Other,Low,42,18.497264,73.849915,FALSE,FALSE,FALSE,FALSE,FALSE,FALSE,FALSE,FALSE,FALSE,,1,,2026-09-06 16:59:54,MATCHING
REQ-000903,PT-175457,Burn,Low,28,18.516433,73.851807,FALSE,FALSE,FALSE,TRUE,FALSE,FALSE,FALSE,FALSE,FALSE,,1,,2026-09-06 17:00:54,CREATED
REQ-000904,PT-283839,Cardiac,High,80,18.47912,73.894491,FALSE,FALSE,FALSE,FALSE,TRUE,FALSE,FALSE,TRUE,FALSE,Cardiologist,1,,2026-09-06 17:02:20,CREATED
REQ-000905,PT-493806,Stroke,High,54,18.587274,73.973769,TRUE,FALSE,TRUE,FALSE,FALSE,TRUE,FALSE,FALSE,FALSE,Neurologist,1,,2026-09-06 17:10:19,MATCHING
REQ-000906,PT-685261,Respiratory,Critical,48,18.724438,73.677538,TRUE,TRUE,TRUE,FALSE,FALSE,FALSE,FALSE,FALSE,FALSE,Pulmonologist,1,,2026-09-06 17:11:21,CREATED
REQ-000907,PT-872311,Cardiac,High,74,18.590609,73.745736,TRUE,TRUE,FALSE,FALSE,TRUE,FALSE,FALSE,FALSE,FALSE,Cardiologist,1,,2026-09-06 17:24:30,CREATED
REQ-000908,PT-679735,Other,Low,73,18.627404,73.792993,FALSE,FALSE,FALSE,FALSE,FALSE,FALSE,FALSE,FALSE,FALSE,,1,,2026-09-06 17:27:25,CREATED
REQ-000909,PT-421156,Road Accident,High,28,18.616879,73.827102,FALSE,FALSE,FALSE,TRUE,FALSE,FALSE,FALSE,TRUE,FALSE,,1,,2026-09-06 17:28:55,CREATED
REQ-000910,PT-771578,Respiratory,High,60,18.563946,73.950117,TRUE,TRUE,TRUE,FALSE,FALSE,FALSE,FALSE,FALSE,FALSE,,1,,2026-09-06 17:35:28,CREATED
REQ-000911,PT-812682,Respiratory,Low,64,18.491801,73.826925,FALSE,FALSE,TRUE,FALSE,FALSE,FALSE,FALSE,FALSE,FALSE,,1,,2026-09-06 17:53:42,CREATED
REQ-000912,PT-298633,Cardiac,High,51,18.505739,73.856069,TRUE,FALSE,FALSE,FALSE,TRUE,FALSE,FALSE,TRUE,FALSE,Cardiologist,1,,2026-09-06 18:00:04,CREATED
REQ-000913,PT-843442,Cardiac,High,90,18.439861,73.887295,FALSE,TRUE,TRUE,FALSE,TRUE,FALSE,FALSE,FALSE,FALSE,Cardiologist,1,,2026-09-06 18:07:55,MATCHING
REQ-000914,PT-194663,Road Accident,High,34,18.478972,73.799489,TRUE,FALSE,FALSE,TRUE,FALSE,FALSE,TRUE,TRUE,FALSE,,1,AMB-037,2026-09-06 18:09:22,COMPLETED
REQ-000915,PT-693273,Burn,Moderate,55,18.471053,73.818155,TRUE,TRUE,FALSE,TRUE,FALSE,FALSE,FALSE,FALSE,FALSE,General Surgeon,1,,2026-09-06 18:31:57,CREATED
REQ-000916,PT-612159,Cardiac,High,48,18.58929,73.752588,TRUE,FALSE,FALSE,FALSE,TRUE,FALSE,FALSE,FALSE,FALSE,,1,,2026-09-06 18:37:16,MATCHING
REQ-000917,PT-174615,Cardiac,Low,47,18.56083,73.870685,FALSE,FALSE,FALSE,FALSE,TRUE,FALSE,FALSE,FALSE,FALSE,,1,,2026-09-06 18:37:30,CREATED
REQ-000918,PT-122865,Cardiac,Low,53,18.629186,73.803563,FALSE,FALSE,FALSE,FALSE,TRUE,FALSE,FALSE,FALSE,FALSE,,1,,2026-09-06 18:38:44,CREATED
REQ-000919,PT-368997,Cardiac,High,68,18.642769,73.7498,TRUE,FALSE,FALSE,FALSE,TRUE,FALSE,FALSE,FALSE,FALSE,Cardiologist,1,,2026-09-06 18:48:44,MATCHING
REQ-000920,PT-537506,Cardiac,Moderate,84,18.532205,73.875154,TRUE,FALSE,FALSE,FALSE,TRUE,FALSE,FALSE,FALSE,FALSE,,1,,2026-09-06 18:56:26,CREATED
REQ-000921,PT-878261,Stroke,High,45,18.567839,73.817675,FALSE,FALSE,FALSE,FALSE,FALSE,TRUE,FALSE,FALSE,FALSE,Neurologist,1,,2026-09-06 18:57:12,MATCHING
REQ-000922,PT-911816,Cardiac,Critical,58,18.606044,73.772474,TRUE,FALSE,TRUE,FALSE,TRUE,FALSE,FALSE,FALSE,FALSE,Cardiologist,1,,2026-09-06 19:00:07,CREATED
REQ-000923,PT-653973,Other,Moderate,56,18.580484,73.744947,TRUE,FALSE,FALSE,FALSE,FALSE,FALSE,FALSE,FALSE,FALSE,,1,,2026-09-06 19:00:19,MATCHING
REQ-000924,PT-844849,Road Accident,High,28,18.477639,73.796835,TRUE,TRUE,TRUE,TRUE,FALSE,FALSE,FALSE,TRUE,FALSE,Trauma Surgeon,2,,2026-09-06 19:01:21,CREATED
REQ-000925,PT-921561,Road Accident,Moderate,22,18.638701,73.7652,FALSE,FALSE,TRUE,TRUE,FALSE,FALSE,FALSE,FALSE,FALSE,,1,,2026-09-06 19:08:35,MATCHING
REQ-000926,PT-361632,Cardiac,Moderate,59,18.594032,73.737154,TRUE,FALSE,FALSE,FALSE,FALSE,FALSE,FALSE,FALSE,FALSE,Cardiologist,1,AMB-075,2026-09-06 19:09:21,COMPLETED
REQ-000927,PT-363507,Road Accident,High,50,18.608805,73.782569,FALSE,FALSE,FALSE,TRUE,FALSE,FALSE,TRUE,TRUE,FALSE,Trauma Surgeon,1,AMB-044,2026-09-06 19:10:02,COMPLETED
REQ-000928,PT-952045,Other,Moderate,41,18.461974,73.862849,FALSE,FALSE,FALSE,FALSE,FALSE,FALSE,FALSE,FALSE,FALSE,,1,,2026-09-06 19:12:05,CREATED
REQ-000929,PT-684236,Other,Moderate,85,18.557963,73.793629,FALSE,FALSE,FALSE,FALSE,FALSE,FALSE,FALSE,FALSE,FALSE,General Surgeon,1,,2026-09-06 19:14:03,MATCHING
REQ-000930,PT-496536,Cardiac,Moderate,43,18.592981,73.929963,FALSE,FALSE,FALSE,FALSE,TRUE,FALSE,FALSE,FALSE,FALSE,,1,AMB-042,2026-09-06 19:22:45,COMPLETED
REQ-000931,PT-173719,Other,High,43,18.553318,73.901278,TRUE,FALSE,FALSE,FALSE,TRUE,FALSE,FALSE,TRUE,FALSE,,1,AMB-014,2026-09-06 19:26:45,COMPLETED
REQ-000932,PT-383681,Cardiac,Moderate,60,18.500725,73.845183,FALSE,FALSE,FALSE,FALSE,FALSE,FALSE,FALSE,FALSE,FALSE,,1,,2026-09-06 19:30:57,CREATED
REQ-000933,PT-625095,Road Accident,Critical,52,18.515061,73.868927,TRUE,TRUE,TRUE,TRUE,FALSE,TRUE,TRUE,TRUE,FALSE,,1,,2026-09-06 19:32:23,CREATED
REQ-000934,PT-788300,Road Accident,High,32,18.464029,73.846576,FALSE,FALSE,FALSE,FALSE,TRUE,TRUE,TRUE,TRUE,FALSE,Trauma Surgeon,1,,2026-09-06 19:32:28,CREATED
REQ-000935,PT-132647,Cardiac,High,59,18.588142,73.776982,TRUE,FALSE,TRUE,FALSE,FALSE,FALSE,FALSE,FALSE,FALSE,,1,,2026-09-06 19:39:56,CREATED
REQ-000936,PT-929337,Cardiac,High,67,18.46428,73.798647,TRUE,FALSE,TRUE,FALSE,TRUE,FALSE,FALSE,FALSE,FALSE,Cardiologist,1,AMB-092,2026-09-06 19:46:31,COMPLETED
REQ-000937,PT-652052,Road Accident,Critical,62,18.517043,73.84757,TRUE,TRUE,TRUE,TRUE,FALSE,FALSE,TRUE,TRUE,FALSE,,1,,2026-09-06 19:52:09,CREATED
REQ-000938,PT-640729,Burn,Moderate,14,18.529265,73.833831,FALSE,FALSE,TRUE,FALSE,FALSE,FALSE,TRUE,FALSE,FALSE,,1,AMB-034,2026-09-06 19:59:02,COMPLETED
REQ-000939,PT-722709,Road Accident,Moderate,46,18.760262,73.871791,FALSE,FALSE,FALSE,TRUE,FALSE,TRUE,TRUE,FALSE,FALSE,,1,,2026-09-06 20:11:08,MATCHING
REQ-000940,PT-680052,Stroke,High,76,18.543358,73.907574,TRUE,TRUE,TRUE,FALSE,FALSE,TRUE,FALSE,TRUE,FALSE,Neurologist,1,,2026-09-06 20:16:07,CREATED
REQ-000941,PT-222030,Road Accident,Critical,40,18.545844,73.720567,TRUE,TRUE,FALSE,TRUE,FALSE,TRUE,TRUE,TRUE,FALSE,Neurologist,1,,2026-09-06 20:27:38,MATCHING
REQ-000942,PT-859696,Respiratory,Low,3,18.495186,73.910836,FALSE,FALSE,FALSE,FALSE,FALSE,FALSE,FALSE,FALSE,FALSE,,1,,2026-09-06 20:28:00,CREATED
REQ-000943,PT-377859,Cardiac,Moderate,71,18.520002,73.913392,TRUE,TRUE,FALSE,TRUE,TRUE,FALSE,FALSE,TRUE,FALSE,,1,AMB-090,2026-09-06 20:35:56,NO_MATCH
REQ-000944,PT-428699,Cardiac,Low,56,18.678329,73.781122,FALSE,FALSE,FALSE,FALSE,TRUE,FALSE,FALSE,FALSE,FALSE,,1,,2026-09-06 20:37:08,MATCHING
REQ-000945,PT-581612,Cardiac,High,61,18.562085,73.79831,FALSE,FALSE,TRUE,FALSE,TRUE,FALSE,FALSE,FALSE,FALSE,,1,,2026-09-06 20:42:06,MATCHING
REQ-000946,PT-649457,Road Accident,High,28,18.653433,73.760374,TRUE,FALSE,TRUE,TRUE,FALSE,FALSE,FALSE,TRUE,FALSE,Trauma Surgeon,1,,2026-09-06 20:48:10,MATCHING
REQ-000947,PT-186813,Road Accident,Moderate,27,18.503486,73.844065,FALSE,FALSE,FALSE,TRUE,FALSE,TRUE,TRUE,FALSE,FALSE,,1,AMB-086,2026-09-06 20:55:00,NO_MATCH
REQ-000948,PT-703740,Stroke,Low,90,18.522016,73.688041,FALSE,FALSE,FALSE,FALSE,FALSE,TRUE,FALSE,FALSE,FALSE,,1,,2026-09-06 21:02:40,MATCHING
REQ-000949,PT-874800,Respiratory,Moderate,60,18.568931,73.740089,TRUE,TRUE,TRUE,FALSE,FALSE,FALSE,FALSE,FALSE,FALSE,Pulmonologist,1,,2026-09-06 21:04:31,CREATED
REQ-000950,PT-662383,Road Accident,High,54,18.510068,73.676751,FALSE,FALSE,FALSE,TRUE,FALSE,FALSE,FALSE,FALSE,FALSE,Trauma Surgeon,1,,2026-09-06 21:10:47,MATCHING
REQ-000951,PT-356511,Respiratory,High,41,18.564505,73.923511,FALSE,FALSE,TRUE,FALSE,TRUE,FALSE,FALSE,FALSE,FALSE,,1,,2026-09-06 21:14:48,CREATED
REQ-000952,PT-982028,Road Accident,High,44,18.593656,73.712426,TRUE,FALSE,TRUE,TRUE,FALSE,FALSE,FALSE,TRUE,FALSE,,1,AMB-007,2026-09-06 21:16:31,COMPLETED
REQ-000953,PT-625034,Burn,Moderate,53,18.495365,73.694525,FALSE,FALSE,FALSE,TRUE,FALSE,FALSE,TRUE,FALSE,FALSE,,1,,2026-09-06 21:32:58,MATCHING
REQ-000954,PT-949221,Respiratory,Low,75,18.630902,73.77789,FALSE,FALSE,TRUE,FALSE,FALSE,FALSE,FALSE,FALSE,FALSE,,1,,2026-09-06 22:10:04,CREATED
REQ-000955,PT-608653,Stroke,High,85,18.531936,73.952151,TRUE,FALSE,TRUE,FALSE,FALSE,TRUE,FALSE,FALSE,FALSE,,1,,2026-09-06 22:19:16,CREATED
REQ-000956,PT-868834,Stroke,Low,75,18.477029,73.788252,FALSE,FALSE,FALSE,FALSE,FALSE,FALSE,FALSE,FALSE,FALSE,,1,AMB-057,2026-09-06 22:26:45,COMPLETED
REQ-000957,PT-433872,Road Accident,Moderate,23,18.452376,73.854502,TRUE,FALSE,FALSE,TRUE,FALSE,FALSE,FALSE,TRUE,FALSE,,1,,2026-09-06 22:29:23,MATCHING
REQ-000958,PT-891464,Cardiac,High,76,18.517891,73.840845,TRUE,TRUE,TRUE,FALSE,TRUE,FALSE,FALSE,FALSE,FALSE,Cardiologist,1,,2026-09-06 22:35:57,CREATED
REQ-000959,PT-400300,Road Accident,Moderate,30,18.499445,73.803048,FALSE,FALSE,TRUE,TRUE,FALSE,FALSE,TRUE,FALSE,FALSE,,1,,2026-09-06 22:59:50,CREATED
REQ-000960,PT-492748,Cardiac,High,67,18.655803,73.795818,TRUE,FALSE,TRUE,FALSE,FALSE,FALSE,FALSE,FALSE,FALSE,Cardiologist,1,,2026-09-06 23:16:10,CREATED
REQ-000961,PT-439135,Road Accident,Critical,19,18.655951,73.770938,FALSE,FALSE,TRUE,TRUE,FALSE,FALSE,TRUE,TRUE,FALSE,General Surgeon,1,AMB-006,2026-09-06 23:42:49,COMPLETED
REQ-000962,PT-676603,Road Accident,Low,59,18.53646,73.755253,FALSE,FALSE,FALSE,FALSE,FALSE,FALSE,FALSE,TRUE,FALSE,,1,,2026-09-06 23:43:18,CREATED
REQ-000963,PT-161030,Cardiac,Moderate,70,18.557077,73.805955,TRUE,FALSE,FALSE,FALSE,TRUE,FALSE,FALSE,FALSE,FALSE,Cardiologist,1,,2026-09-06 23:46:36,CREATED
REQ-000964,PT-429127,Respiratory,Critical,8,18.637218,73.809559,TRUE,FALSE,TRUE,FALSE,FALSE,FALSE,FALSE,FALSE,FALSE,Pulmonologist,1,AMB-049,2026-09-07 00:31:08,COMPLETED
REQ-000965,PT-252223,Cardiac,High,44,18.591719,73.760614,TRUE,FALSE,TRUE,FALSE,FALSE,FALSE,FALSE,FALSE,FALSE,Cardiologist,1,,2026-09-07 00:34:50,CREATED
REQ-000966,PT-347867,Other,Low,24,18.548253,73.960898,FALSE,FALSE,FALSE,FALSE,FALSE,FALSE,FALSE,FALSE,FALSE,,1,,2026-09-07 00:35:44,MATCHING
REQ-000967,PT-156671,Other,Critical,67,18.738815,73.684231,TRUE,TRUE,FALSE,TRUE,TRUE,TRUE,TRUE,TRUE,FALSE,Neurologist,1,,2026-09-07 00:39:47,NO_MATCH
REQ-000968,PT-626448,Stroke,Moderate,57,18.502073,73.927407,FALSE,FALSE,FALSE,FALSE,FALSE,TRUE,FALSE,FALSE,FALSE,,1,,2026-09-07 00:44:27,MATCHING
REQ-000969,PT-381631,Road Accident,High,104,18.582089,73.902504,FALSE,FALSE,TRUE,TRUE,FALSE,TRUE,FALSE,TRUE,FALSE,Trauma Surgeon,1,,2026-09-07 00:57:04,MATCHING
REQ-000970,PT-930983,Road Accident,Moderate,40,18.571286,73.985563,FALSE,FALSE,FALSE,TRUE,FALSE,FALSE,FALSE,FALSE,FALSE,,1,,2026-09-07 00:59:22,CREATED
REQ-000971,PT-771889,Cardiac,Critical,76,18.542814,73.877604,TRUE,FALSE,FALSE,FALSE,TRUE,FALSE,FALSE,TRUE,FALSE,Cardiologist,1,,2026-09-07 01:18:04,CREATED
REQ-000972,PT-217720,Road Accident,Low,23,18.552032,73.79528,FALSE,TRUE,FALSE,TRUE,FALSE,FALSE,FALSE,FALSE,FALSE,,1,,2026-09-07 01:55:01,CREATED
REQ-000973,PT-417952,Respiratory,Moderate,72,18.760491,73.845224,FALSE,FALSE,FALSE,FALSE,FALSE,FALSE,FALSE,TRUE,FALSE,,1,,2026-09-07 02:28:02,CREATED
REQ-000974,PT-789296,Burn,Moderate,21,18.672137,73.77936,FALSE,FALSE,FALSE,TRUE,FALSE,FALSE,FALSE,FALSE,FALSE,General Surgeon,1,,2026-09-07 03:08:18,MATCHING
REQ-000975,PT-125287,Cardiac,Moderate,45,18.511322,73.683112,TRUE,FALSE,FALSE,FALSE,TRUE,FALSE,FALSE,FALSE,FALSE,,1,,2026-09-07 03:18:24,MATCHING
REQ-000976,PT-605718,Respiratory,Moderate,33,18.650567,73.780796,FALSE,FALSE,FALSE,FALSE,FALSE,FALSE,FALSE,FALSE,FALSE,,1,AMB-001,2026-09-07 03:31:04,COMPLETED
REQ-000977,PT-919988,Respiratory,Low,66,18.506224,73.881023,FALSE,FALSE,TRUE,FALSE,FALSE,FALSE,FALSE,FALSE,FALSE,,1,,2026-09-07 03:56:33,CREATED
REQ-000978,PT-225159,Road Accident,Low,35,18.503337,73.68802,FALSE,FALSE,FALSE,TRUE,FALSE,FALSE,TRUE,FALSE,FALSE,Trauma Surgeon,1,,2026-09-07 04:00:30,CREATED
REQ-000979,PT-452227,Other,Low,50,18.729135,73.677725,FALSE,FALSE,FALSE,FALSE,FALSE,FALSE,FALSE,FALSE,FALSE,,1,,2026-09-07 04:11:51,CREATED
REQ-000980,PT-734472,Respiratory,Critical,12,18.554924,73.793225,TRUE,TRUE,TRUE,FALSE,FALSE,FALSE,FALSE,FALSE,FALSE,Pulmonologist,1,,2026-09-07 04:21:55,MATCHING
REQ-000981,PT-463594,Burn,Moderate,38,18.590959,73.763843,TRUE,FALSE,TRUE,TRUE,FALSE,FALSE,FALSE,FALSE,FALSE,General Surgeon,1,,2026-09-07 04:55:57,MATCHING
REQ-000982,PT-166752,Cardiac,High,76,18.526064,73.876874,TRUE,FALSE,FALSE,FALSE,FALSE,FALSE,FALSE,FALSE,FALSE,,1,,2026-09-07 05:09:34,MATCHING
REQ-000983,PT-653744,Road Accident,Low,63,18.445567,73.880441,TRUE,FALSE,FALSE,TRUE,FALSE,TRUE,FALSE,FALSE,FALSE,,1,,2026-09-07 05:16:25,CREATED
REQ-000984,PT-625558,Stroke,Critical,73,18.620237,73.751064,TRUE,FALSE,FALSE,FALSE,FALSE,TRUE,FALSE,TRUE,FALSE,Neurologist,1,,2026-09-07 05:39:52,MATCHING
REQ-000985,PT-793514,Cardiac,Moderate,45,18.597883,73.755884,FALSE,FALSE,TRUE,FALSE,TRUE,FALSE,TRUE,FALSE,TRUE,Cardiologist,1,,2026-09-07 05:45:18,CREATED
REQ-000986,PT-117969,Cardiac,High,71,18.550629,73.803526,FALSE,FALSE,TRUE,FALSE,TRUE,FALSE,FALSE,TRUE,FALSE,,1,,2026-09-07 06:16:00,MATCHING
REQ-000987,PT-341485,Road Accident,Critical,20,18.618632,73.804648,TRUE,TRUE,TRUE,TRUE,FALSE,FALSE,TRUE,TRUE,FALSE,Trauma Surgeon,1,AMB-035,2026-09-07 06:21:50,COMPLETED
REQ-000988,PT-400829,Stroke,High,67,18.613236,73.725843,TRUE,FALSE,FALSE,FALSE,FALSE,TRUE,FALSE,TRUE,FALSE,Neurologist,1,,2026-09-07 06:31:11,MATCHING
REQ-000989,PT-253937,Other,Low,31,18.550385,73.816461,FALSE,FALSE,FALSE,FALSE,FALSE,FALSE,FALSE,FALSE,TRUE,Nephrologist,1,,2026-09-07 06:33:38,MATCHING
REQ-000990,PT-499550,Road Accident,Moderate,36,18.508855,73.927389,TRUE,FALSE,TRUE,FALSE,FALSE,FALSE,FALSE,FALSE,FALSE,,1,,2026-09-07 06:33:56,MATCHING
REQ-000991,PT-746299,Burn,Low,29,18.555345,73.868706,FALSE,FALSE,TRUE,TRUE,FALSE,FALSE,FALSE,FALSE,FALSE,,1,,2026-09-07 07:38:58,CREATED
REQ-000992,PT-651244,Cardiac,Critical,78,18.550422,73.795008,TRUE,FALSE,FALSE,FALSE,TRUE,FALSE,FALSE,TRUE,FALSE,Cardiologist,1,,2026-09-07 08:02:33,MATCHING
REQ-000993,PT-944687,Road Accident,Moderate,26,18.591544,73.757597,FALSE,FALSE,TRUE,TRUE,FALSE,FALSE,FALSE,FALSE,FALSE,Trauma Surgeon,1,,2026-09-07 08:03:19,CREATED
REQ-000994,PT-332829,Stroke,High,72,18.590865,73.725018,TRUE,FALSE,TRUE,FALSE,FALSE,FALSE,FALSE,FALSE,FALSE,Neurologist,1,,2026-09-07 08:26:43,CREATED
REQ-000995,PT-568425,Other,Moderate,31,18.61932,73.810789,TRUE,TRUE,FALSE,FALSE,FALSE,FALSE,FALSE,FALSE,TRUE,Nephrologist,1,,2026-09-07 08:27:55,CREATED
REQ-000996,PT-709225,Cardiac,High,76,18.456431,73.853266,FALSE,FALSE,FALSE,FALSE,TRUE,FALSE,FALSE,FALSE,FALSE,Cardiologist,1,,2026-09-07 08:32:27,MATCHING
REQ-000997,PT-376681,Cardiac,Critical,66,18.476792,73.792887,TRUE,FALSE,TRUE,FALSE,TRUE,FALSE,FALSE,TRUE,FALSE,Cardiologist,1,,2026-09-07 08:42:31,CREATED
REQ-000998,PT-724691,Road Accident,Low,25,18.547697,73.8748,FALSE,FALSE,FALSE,FALSE,FALSE,FALSE,FALSE,FALSE,FALSE,,1,,2026-09-07 08:45:04,CREATED
REQ-000999,PT-613737,Respiratory,Low,9,18.583605,73.75223,FALSE,FALSE,TRUE,FALSE,FALSE,FALSE,FALSE,FALSE,FALSE,,1,AMB-002,2026-09-07 08:47:49,COMPLETED
REQ-001000,PT-350359,Road Accident,Moderate,33,18.590582,73.759648,FALSE,FALSE,FALSE,TRUE,FALSE,FALSE,FALSE,FALSE,FALSE,Trauma Surgeon,1,,2026-09-07 08:50:24,CREATED
REQ-001001,PT-950635,Road Accident,Low,35,18.57431,73.871287,FALSE,FALSE,FALSE,TRUE,FALSE,FALSE,FALSE,FALSE,FALSE,,1,,2026-09-07 08:58:35,CREATED
REQ-001002,PT-949657,Road Accident,High,70,18.530021,73.937333,FALSE,FALSE,TRUE,TRUE,FALSE,FALSE,TRUE,FALSE,FALSE,Trauma Surgeon,1,,2026-09-07 09:02:48,CREATED
REQ-001003,PT-239895,Road Accident,Low,20,18.564388,73.780295,FALSE,FALSE,FALSE,TRUE,FALSE,FALSE,FALSE,FALSE,FALSE,,1,AMB-051,2026-09-07 09:04:35,COMPLETED
REQ-001004,PT-990142,Stroke,Moderate,66,18.564761,73.918777,FALSE,FALSE,FALSE,FALSE,FALSE,TRUE,FALSE,FALSE,FALSE,Neurologist,1,,2026-09-07 09:09:26,MATCHING
REQ-001005,PT-821487,Road Accident,Moderate,20,18.623415,73.743605,FALSE,FALSE,TRUE,TRUE,FALSE,FALSE,FALSE,FALSE,FALSE,,1,,2026-09-07 09:17:40,CREATED
REQ-001006,PT-358580,Burn,High,22,18.51771,73.925039,TRUE,FALSE,FALSE,TRUE,FALSE,FALSE,FALSE,FALSE,FALSE,General Surgeon,1,,2026-09-07 09:27:31,MATCHING
REQ-001007,PT-354385,Other,Critical,100,18.515466,73.681439,TRUE,TRUE,TRUE,TRUE,FALSE,TRUE,TRUE,TRUE,FALSE,Neurologist,1,AMB-025,2026-09-07 09:32:58,COMPLETED
REQ-001008,PT-495319,Stroke,Critical,67,18.447722,73.824786,TRUE,FALSE,FALSE,FALSE,FALSE,TRUE,FALSE,FALSE,FALSE,Neurologist,1,AMB-037,2026-09-07 09:40:08,COMPLETED
REQ-001009,PT-314374,Cardiac,Critical,71,18.555721,73.789716,TRUE,FALSE,FALSE,FALSE,TRUE,FALSE,FALSE,TRUE,FALSE,Cardiologist,1,,2026-09-07 09:40:19,MATCHING
REQ-001010,PT-961692,Respiratory,Moderate,52,18.55918,73.914567,TRUE,FALSE,TRUE,FALSE,FALSE,FALSE,FALSE,FALSE,FALSE,,1,,2026-09-07 09:43:20,CREATED
REQ-001011,PT-307239,Cardiac,Moderate,52,18.504258,73.949874,FALSE,FALSE,FALSE,TRUE,TRUE,FALSE,FALSE,FALSE,FALSE,,1,,2026-09-07 09:47:07,CREATED
REQ-001012,PT-281581,Road Accident,Critical,51,18.63619,73.791066,TRUE,FALSE,FALSE,TRUE,FALSE,TRUE,FALSE,FALSE,FALSE,Trauma Surgeon,1,,2026-09-07 09:48:10,CREATED
REQ-001013,PT-255704,Cardiac,Low,64,18.588851,73.785502,FALSE,FALSE,FALSE,FALSE,TRUE,FALSE,FALSE,FALSE,FALSE,,1,AMB-044,2026-09-07 10:09:32,COMPLETED
REQ-001014,PT-722128,Respiratory,Critical,19,18.646928,73.802167,TRUE,TRUE,TRUE,FALSE,FALSE,FALSE,FALSE,FALSE,TRUE,,1,,2026-09-07 10:20:03,CREATED
REQ-001015,PT-671359,Road Accident,Moderate,25,18.598724,73.768383,FALSE,FALSE,FALSE,FALSE,FALSE,FALSE,FALSE,FALSE,FALSE,,1,,2026-09-07 10:25:24,CREATED
REQ-001016,PT-942189,Other,Moderate,42,18.509506,73.94236,FALSE,FALSE,FALSE,FALSE,FALSE,FALSE,FALSE,FALSE,FALSE,,1,,2026-09-07 10:34:49,CREATED
REQ-001017,PT-334546,Burn,High,42,18.632582,73.744848,TRUE,FALSE,FALSE,TRUE,FALSE,FALSE,FALSE,FALSE,FALSE,,1,,2026-09-07 10:35:16,MATCHING
REQ-001018,PT-901366,Road Accident,Low,20,18.473486,73.901444,FALSE,FALSE,FALSE,TRUE,FALSE,FALSE,FALSE,FALSE,FALSE,General Surgeon,1,,2026-09-07 10:37:07,CREATED
REQ-001019,PT-630494,Cardiac,Critical,62,18.541935,73.89422,TRUE,FALSE,TRUE,FALSE,TRUE,FALSE,FALSE,FALSE,FALSE,Cardiologist,1,AMB-061,2026-09-07 10:43:01,COMPLETED
REQ-001020,PT-403172,Respiratory,Moderate,67,18.50936,73.883336,FALSE,FALSE,TRUE,FALSE,FALSE,FALSE,FALSE,FALSE,FALSE,Pulmonologist,1,,2026-09-07 10:44:06,MATCHING
REQ-001021,PT-307836,Cardiac,High,77,18.583888,73.74896,TRUE,FALSE,FALSE,FALSE,TRUE,FALSE,FALSE,FALSE,FALSE,Cardiologist,1,,2026-09-07 10:46:55,CREATED
REQ-001022,PT-325253,Road Accident,Moderate,53,18.561759,73.908082,FALSE,FALSE,FALSE,FALSE,FALSE,FALSE,TRUE,FALSE,FALSE,,1,,2026-09-07 10:52:14,MATCHING
REQ-001023,PT-386947,Respiratory,Critical,51,18.518138,73.932139,TRUE,TRUE,TRUE,FALSE,FALSE,FALSE,TRUE,FALSE,FALSE,Pulmonologist,1,,2026-09-07 10:55:26,MATCHING
REQ-001024,PT-735554,Road Accident,Moderate,56,18.767472,73.85619,TRUE,FALSE,FALSE,TRUE,FALSE,FALSE,FALSE,FALSE,FALSE,,1,,2026-09-07 10:58:16,CREATED
REQ-001025,PT-266243,Road Accident,Moderate,38,18.51659,73.848538,TRUE,FALSE,TRUE,TRUE,FALSE,FALSE,FALSE,FALSE,FALSE,,1,,2026-09-07 11:03:18,CREATED
REQ-001026,PT-494419,Cardiac,Critical,71,18.465313,73.891614,TRUE,FALSE,TRUE,FALSE,TRUE,FALSE,FALSE,FALSE,FALSE,Cardiologist,1,,2026-09-07 11:08:27,CREATED
REQ-001027,PT-623352,Respiratory,Moderate,80,18.557992,73.922918,TRUE,FALSE,FALSE,FALSE,FALSE,FALSE,FALSE,FALSE,FALSE,Pulmonologist,1,,2026-09-07 11:18:37,MATCHING
REQ-001028,PT-317425,Cardiac,Low,44,18.452621,73.912229,FALSE,FALSE,FALSE,FALSE,TRUE,FALSE,FALSE,FALSE,FALSE,,1,AMB-085,2026-09-07 11:38:31,COMPLETED
REQ-001029,PT-495399,Cardiac,Moderate,61,18.511234,73.935104,TRUE,TRUE,FALSE,FALSE,TRUE,FALSE,FALSE,FALSE,FALSE,Cardiologist,1,,2026-09-07 11:46:13,CREATED
REQ-001030,PT-931398,Respiratory,Critical,74,18.493377,73.807396,TRUE,FALSE,TRUE,FALSE,FALSE,FALSE,FALSE,FALSE,TRUE,Pulmonologist,1,,2026-09-07 11:47:38,MATCHING
REQ-001031,PT-832014,Respiratory,Moderate,86,18.597735,73.756981,TRUE,FALSE,FALSE,FALSE,FALSE,FALSE,FALSE,FALSE,FALSE,,1,AMB-084,2026-09-07 11:49:35,COMPLETED
REQ-001032,PT-890475,Respiratory,High,12,18.540311,73.800446,TRUE,FALSE,TRUE,FALSE,TRUE,FALSE,TRUE,FALSE,FALSE,Pulmonologist,1,,2026-09-07 11:55:07,CREATED
REQ-001033,PT-441232,Cardiac,High,63,18.63356,73.794904,FALSE,FALSE,FALSE,FALSE,TRUE,FALSE,FALSE,TRUE,FALSE,Cardiologist,1,,2026-09-07 12:05:10,MATCHING
REQ-001034,PT-497963,Other,Critical,29,18.729249,73.663453,TRUE,TRUE,FALSE,TRUE,TRUE,TRUE,TRUE,TRUE,FALSE,Neurologist,1,,2026-09-07 12:26:04,NO_MATCH
REQ-001035,PT-846265,Burn,High,96,18.459154,73.889034,TRUE,FALSE,TRUE,TRUE,FALSE,FALSE,TRUE,FALSE,FALSE,,1,,2026-09-07 12:38:50,MATCHING
REQ-001036,PT-934313,Road Accident,High,23,18.724797,73.700476,TRUE,FALSE,FALSE,TRUE,TRUE,FALSE,TRUE,TRUE,FALSE,,1,,2026-09-07 12:44:35,MATCHING
REQ-001037,PT-619215,Other,High,35,18.49659,73.827286,FALSE,FALSE,FALSE,FALSE,FALSE,FALSE,FALSE,TRUE,FALSE,,1,,2026-09-07 12:49:20,MATCHING
REQ-001038,PT-121936,Other,Moderate,93,18.503585,73.811886,FALSE,FALSE,FALSE,FALSE,FALSE,FALSE,FALSE,FALSE,FALSE,,1,AMB-052,2026-09-07 13:10:43,COMPLETED
REQ-001039,PT-937958,Road Accident,Moderate,26,18.546461,73.805701,FALSE,FALSE,FALSE,TRUE,FALSE,FALSE,FALSE,FALSE,FALSE,,1,,2026-09-07 13:17:34,MATCHING
REQ-001040,PT-430473,Cardiac,Low,41,18.583797,73.931971,FALSE,FALSE,FALSE,FALSE,TRUE,FALSE,FALSE,FALSE,FALSE,Cardiologist,1,,2026-09-07 13:29:18,MATCHING
REQ-001041,PT-537819,Road Accident,Moderate,38,18.565417,73.931369,FALSE,FALSE,TRUE,TRUE,FALSE,FALSE,FALSE,FALSE,FALSE,,1,,2026-09-07 13:44:35,MATCHING
REQ-001042,PT-936822,Burn,Low,49,18.580788,73.958421,FALSE,FALSE,FALSE,TRUE,FALSE,FALSE,FALSE,TRUE,FALSE,,2,,2026-09-07 14:12:49,MATCHING
REQ-001043,PT-847996,Road Accident,Low,39,18.779492,73.864517,FALSE,FALSE,FALSE,FALSE,FALSE,FALSE,FALSE,FALSE,FALSE,,1,,2026-09-07 14:35:00,MATCHING
REQ-001044,PT-351306,Cardiac,Low,75,18.505715,73.854543,FALSE,FALSE,FALSE,FALSE,TRUE,FALSE,FALSE,FALSE,FALSE,,1,,2026-09-07 14:38:47,CREATED
REQ-001045,PT-503213,Stroke,Moderate,59,18.580489,73.738753,TRUE,FALSE,FALSE,FALSE,FALSE,TRUE,FALSE,FALSE,FALSE,,1,AMB-002,2026-09-07 14:41:01,COMPLETED
REQ-001046,PT-377817,Cardiac,Critical,60,18.629431,73.833741,TRUE,TRUE,TRUE,FALSE,TRUE,FALSE,FALSE,FALSE,TRUE,Cardiologist,1,AMB-032,2026-09-07 14:41:40,COMPLETED
REQ-001047,PT-939537,Road Accident,High,19,18.565681,73.924346,TRUE,FALSE,FALSE,TRUE,FALSE,FALSE,FALSE,TRUE,FALSE,General Surgeon,1,,2026-09-07 14:47:56,MATCHING
REQ-001048,PT-727374,Cardiac,Critical,78,18.621392,73.797015,TRUE,FALSE,FALSE,FALSE,TRUE,FALSE,FALSE,TRUE,FALSE,Cardiologist,1,,2026-09-07 14:48:09,MATCHING
REQ-001049,PT-887456,Road Accident,Critical,30,18.652011,73.757504,TRUE,FALSE,TRUE,TRUE,FALSE,FALSE,TRUE,TRUE,FALSE,,1,,2026-09-07 14:56:09,CREATED
REQ-001050,PT-201203,Cardiac,Moderate,75,18.488927,73.855529,FALSE,FALSE,FALSE,FALSE,TRUE,FALSE,FALSE,FALSE,FALSE,,1,AMB-086,2026-09-07 15:05:46,COMPLETED
REQ-001051,PT-582478,Respiratory,Moderate,64,18.620112,73.802217,FALSE,FALSE,TRUE,FALSE,FALSE,FALSE,FALSE,FALSE,FALSE,Pulmonologist,1,,2026-09-07 15:14:17,MATCHING
REQ-001052,PT-679827,Other,High,59,18.526716,73.880759,TRUE,FALSE,TRUE,FALSE,FALSE,FALSE,FALSE,FALSE,TRUE,,1,,2026-09-07 15:26:56,CREATED
REQ-001053,PT-730128,Respiratory,Moderate,77,18.553691,73.941314,TRUE,TRUE,TRUE,FALSE,FALSE,FALSE,FALSE,FALSE,FALSE,Pulmonologist,1,,2026-09-07 15:27:07,CREATED
REQ-001054,PT-186797,Cardiac,High,79,18.508495,73.900415,TRUE,TRUE,FALSE,FALSE,TRUE,FALSE,FALSE,FALSE,FALSE,,1,,2026-09-07 15:32:30,MATCHING
REQ-001055,PT-752466,Respiratory,Moderate,12,18.600331,73.753032,TRUE,FALSE,FALSE,FALSE,FALSE,FALSE,FALSE,FALSE,FALSE,,1,AMB-084,2026-09-07 15:36:45,COMPLETED
REQ-001056,PT-912669,Respiratory,High,54,18.508851,73.860915,TRUE,FALSE,FALSE,FALSE,FALSE,FALSE,FALSE,FALSE,TRUE,Pulmonologist,1,AMB-003,2026-09-07 15:39:25,COMPLETED
REQ-001057,PT-360311,Road Accident,Critical,24,18.555557,73.870219,TRUE,FALSE,TRUE,TRUE,FALSE,FALSE,TRUE,TRUE,FALSE,General Surgeon,1,AMB-061,2026-09-07 15:42:33,COMPLETED
REQ-001058,PT-280927,Respiratory,Critical,91,18.477281,73.890297,TRUE,TRUE,TRUE,FALSE,FALSE,FALSE,FALSE,FALSE,FALSE,Pulmonologist,1,AMB-065,2026-09-07 15:48:48,COMPLETED
REQ-001059,PT-928410,Cardiac,Low,60,18.560558,73.917876,FALSE,FALSE,FALSE,FALSE,TRUE,FALSE,FALSE,FALSE,FALSE,Cardiologist,1,,2026-09-07 15:57:42,MATCHING
REQ-001060,PT-146527,Burn,High,10,18.602879,73.763047,FALSE,FALSE,TRUE,TRUE,FALSE,FALSE,TRUE,TRUE,FALSE,,1,,2026-09-07 15:59:36,CREATED
REQ-001061,PT-293734,Cardiac,Low,63,18.513153,73.823704,FALSE,FALSE,FALSE,FALSE,FALSE,FALSE,FALSE,FALSE,FALSE,,1,,2026-09-07 15:59:47,CREATED
REQ-001062,PT-200535,Road Accident,Moderate,46,18.742109,73.850582,TRUE,TRUE,TRUE,TRUE,FALSE,FALSE,FALSE,TRUE,FALSE,General Surgeon,1,,2026-09-07 16:18:14,MATCHING
REQ-001063,PT-846052,Cardiac,Moderate,37,18.504416,73.812728,TRUE,FALSE,FALSE,FALSE,TRUE,FALSE,FALSE,FALSE,FALSE,,1,,2026-09-07 16:34:03,CREATED
REQ-001064,PT-536211,Road Accident,Moderate,42,18.576538,73.986952,FALSE,FALSE,FALSE,TRUE,FALSE,FALSE,FALSE,FALSE,FALSE,General Surgeon,1,,2026-09-07 16:34:14,CREATED
REQ-001065,PT-277195,Stroke,High,68,18.505067,73.924315,TRUE,TRUE,FALSE,FALSE,FALSE,TRUE,FALSE,FALSE,FALSE,Neurologist,1,,2026-09-07 16:35:46,MATCHING
REQ-001066,PT-831318,Road Accident,Low,50,18.738172,73.689583,FALSE,TRUE,FALSE,TRUE,TRUE,FALSE,TRUE,FALSE,FALSE,,1,,2026-09-07 16:46:32,CREATED
REQ-001067,PT-675258,Road Accident,Critical,78,18.505819,73.687367,TRUE,FALSE,TRUE,TRUE,FALSE,FALSE,TRUE,FALSE,FALSE,Trauma Surgeon,1,,2026-09-07 17:07:25,CREATED
REQ-001068,PT-580847,Cardiac,Critical,52,18.476311,73.877458,TRUE,FALSE,TRUE,FALSE,TRUE,FALSE,TRUE,FALSE,TRUE,,1,AMB-065,2026-09-07 17:11:15,COMPLETED
REQ-001069,PT-108567,Cardiac,Critical,45,18.473751,73.870949,TRUE,FALSE,FALSE,FALSE,TRUE,FALSE,FALSE,FALSE,FALSE,,1,AMB-053,2026-09-07 17:11:28,COMPLETED
REQ-001070,PT-234077,Other,Moderate,21,18.59784,73.738108,FALSE,FALSE,TRUE,FALSE,FALSE,FALSE,FALSE,FALSE,TRUE,,1,,2026-09-07 17:14:26,CREATED
REQ-001071,PT-300395,Road Accident,Moderate,27,18.535507,73.685465,FALSE,FALSE,FALSE,TRUE,FALSE,FALSE,FALSE,FALSE,FALSE,Trauma Surgeon,1,,2026-09-07 17:19:47,CREATED
REQ-001072,PT-711480,Road Accident,High,35,18.572814,73.960743,TRUE,FALSE,FALSE,FALSE,FALSE,TRUE,FALSE,FALSE,FALSE,Trauma Surgeon,1,,2026-09-07 17:29:54,CREATED
REQ-001073,PT-723627,Road Accident,Critical,18,18.483949,73.806803,TRUE,TRUE,FALSE,FALSE,FALSE,TRUE,TRUE,TRUE,TRUE,,1,AMB-092,2026-09-07 17:30:37,COMPLETED
REQ-001074,PT-657102,Road Accident,High,29,18.485231,73.806442,TRUE,FALSE,TRUE,TRUE,FALSE,FALSE,FALSE,TRUE,FALSE,,1,AMB-052,2026-09-07 17:31:10,COMPLETED
REQ-001075,PT-508837,Cardiac,Critical,53,18.434263,73.9384,FALSE,FALSE,TRUE,FALSE,TRUE,TRUE,TRUE,TRUE,FALSE,Cardiologist,1,,2026-09-07 17:31:15,CREATED
REQ-001076,PT-992509,Road Accident,Low,20,18.767014,73.84719,TRUE,FALSE,FALSE,TRUE,FALSE,TRUE,FALSE,FALSE,FALSE,,1,,2026-09-07 17:33:18,MATCHING
REQ-001077,PT-159049,Cardiac,Moderate,49,18.745226,73.86928,FALSE,FALSE,TRUE,FALSE,TRUE,FALSE,FALSE,FALSE,FALSE,Cardiologist,1,AMB-008,2026-09-07 17:46:15,COMPLETED
REQ-001078,PT-199119,Stroke,Moderate,41,18.488804,73.85628,FALSE,FALSE,FALSE,FALSE,FALSE,TRUE,FALSE,FALSE,FALSE,,1,,2026-09-07 17:53:25,CREATED
REQ-001079,PT-487086,Road Accident,High,17,18.46204,73.916595,TRUE,FALSE,FALSE,TRUE,FALSE,FALSE,FALSE,TRUE,FALSE,,1,,2026-09-07 18:01:49,MATCHING
REQ-001080,PT-816784,Respiratory,High,67,18.623386,73.785848,TRUE,FALSE,FALSE,FALSE,FALSE,FALSE,FALSE,FALSE,TRUE,Pulmonologist,1,,2026-09-07 18:07:41,MATCHING
REQ-001081,PT-849078,Burn,Low,30,18.581222,73.928255,FALSE,FALSE,FALSE,FALSE,FALSE,FALSE,FALSE,FALSE,FALSE,,1,,2026-09-07 18:16:07,CREATED
REQ-001082,PT-208740,Respiratory,High,71,18.6591,73.784658,TRUE,TRUE,TRUE,FALSE,FALSE,FALSE,FALSE,FALSE,FALSE,,1,,2026-09-07 18:17:03,CREATED
REQ-001083,PT-311088,Respiratory,High,45,18.563893,73.824888,TRUE,TRUE,TRUE,FALSE,FALSE,FALSE,FALSE,FALSE,FALSE,,1,AMB-083,2026-09-07 18:24:25,COMPLETED
REQ-001084,PT-344837,Cardiac,Moderate,74,18.645024,73.775028,TRUE,FALSE,FALSE,FALSE,TRUE,FALSE,FALSE,TRUE,FALSE,,1,,2026-09-07 18:36:14,CREATED
REQ-001085,PT-317402,Road Accident,Critical,26,18.546699,73.87638,TRUE,FALSE,TRUE,TRUE,FALSE,FALSE,TRUE,TRUE,FALSE,Trauma Surgeon,1,,2026-09-07 18:37:37,MATCHING
REQ-001086,PT-403997,Stroke,High,48,18.483919,73.803645,TRUE,FALSE,TRUE,FALSE,FALSE,TRUE,FALSE,FALSE,FALSE,Neurologist,1,AMB-052,2026-09-07 18:40:26,COMPLETED
REQ-001087,PT-677980,Road Accident,Moderate,31,18.743563,73.848135,FALSE,FALSE,FALSE,TRUE,FALSE,FALSE,FALSE,TRUE,FALSE,,1,,2026-09-07 18:40:52,MATCHING
REQ-001088,PT-399680,Road Accident,Critical,23,18.584045,73.987075,TRUE,TRUE,FALSE,TRUE,FALSE,TRUE,TRUE,TRUE,FALSE,Neurologist,1,AMB-043,2026-09-07 18:42:15,NO_MATCH
REQ-001089,PT-848096,Stroke,Critical,59,18.477689,73.817363,TRUE,FALSE,TRUE,FALSE,FALSE,TRUE,FALSE,FALSE,FALSE,Neurologist,1,,2026-09-07 18:45:22,MATCHING
REQ-001090,PT-693267,Stroke,High,51,18.462272,73.847084,TRUE,TRUE,TRUE,FALSE,FALSE,TRUE,FALSE,FALSE,FALSE,,1,,2026-09-07 18:47:29,CREATED
REQ-001091,PT-919249,Cardiac,Low,84,18.564165,73.867745,FALSE,FALSE,FALSE,FALSE,TRUE,FALSE,FALSE,FALSE,FALSE,,1,,2026-09-07 18:48:50,MATCHING
REQ-001092,PT-539870,Respiratory,Critical,9,18.565255,73.733711,TRUE,TRUE,TRUE,FALSE,FALSE,FALSE,FALSE,FALSE,TRUE,Pulmonologist,1,,2026-09-07 18:49:07,NO_MATCH
REQ-001093,PT-597406,Road Accident,Moderate,33,18.599561,73.756846,FALSE,FALSE,FALSE,TRUE,FALSE,FALSE,FALSE,FALSE,FALSE,,1,,2026-09-07 18:58:06,CREATED
REQ-001094,PT-409599,Cardiac,Low,70,18.524848,73.87438,FALSE,FALSE,FALSE,FALSE,TRUE,FALSE,FALSE,FALSE,FALSE,,1,,2026-09-07 19:01:36,MATCHING
REQ-001095,PT-673117,Burn,Moderate,25,18.53031,73.867656,TRUE,FALSE,FALSE,TRUE,FALSE,FALSE,FALSE,TRUE,FALSE,,1,,2026-09-07 19:09:38,MATCHING
REQ-001096,PT-425537,Road Accident,Low,40,18.514941,73.93844,FALSE,FALSE,FALSE,TRUE,FALSE,FALSE,FALSE,FALSE,FALSE,,1,,2026-09-07 19:11:34,MATCHING
REQ-001097,PT-852575,Road Accident,Moderate,38,18.460285,73.824708,FALSE,FALSE,TRUE,TRUE,FALSE,FALSE,FALSE,TRUE,FALSE,Trauma Surgeon,1,,2026-09-07 19:17:29,MATCHING
REQ-001098,PT-835015,Road Accident,Low,17,18.500664,73.7966,FALSE,FALSE,FALSE,TRUE,FALSE,FALSE,FALSE,TRUE,FALSE,,1,,2026-09-07 19:30:16,CREATED
REQ-001099,PT-427319,Stroke,Moderate,67,18.621311,73.787298,TRUE,FALSE,FALSE,FALSE,FALSE,TRUE,FALSE,FALSE,FALSE,,1,,2026-09-07 19:36:11,MATCHING
REQ-001100,PT-425195,Road Accident,High,48,18.496061,73.798513,FALSE,FALSE,FALSE,TRUE,FALSE,TRUE,TRUE,TRUE,FALSE,Trauma Surgeon,1,AMB-052,2026-09-07 19:39:42,COMPLETED
REQ-001101,PT-912412,Respiratory,Moderate,10,18.646687,73.760841,FALSE,FALSE,TRUE,FALSE,FALSE,FALSE,FALSE,FALSE,FALSE,Pulmonologist,1,,2026-09-07 19:46:12,MATCHING
REQ-001102,PT-641191,Road Accident,High,42,18.468518,73.89564,FALSE,FALSE,FALSE,FALSE,FALSE,FALSE,TRUE,TRUE,FALSE,,1,AMB-085,2026-09-07 19:58:22,COMPLETED
REQ-001103,PT-625408,Stroke,Low,49,18.64081,73.844631,TRUE,FALSE,FALSE,FALSE,FALSE,TRUE,FALSE,FALSE,FALSE,,1,AMB-029,2026-09-07 20:04:56,COMPLETED
REQ-001104,PT-414409,Other,Moderate,27,18.492875,73.79845,FALSE,FALSE,FALSE,FALSE,FALSE,FALSE,FALSE,FALSE,TRUE,Pulmonologist,1,AMB-057,2026-09-07 20:07:58,COMPLETED
REQ-001105,PT-730951,Road Accident,High,25,18.501639,73.65704,TRUE,TRUE,TRUE,TRUE,FALSE,FALSE,TRUE,FALSE,FALSE,Trauma Surgeon,1,,2026-09-07 20:21:11,MATCHING
REQ-001106,PT-907640,Road Accident,High,27,18.756345,73.670287,TRUE,TRUE,FALSE,TRUE,FALSE,FALSE,TRUE,FALSE,FALSE,,1,,2026-09-07 20:23:02,MATCHING
REQ-001107,PT-423458,Respiratory,Low,22,18.511682,73.873515,TRUE,FALSE,TRUE,FALSE,FALSE,FALSE,FALSE,FALSE,FALSE,,1,,2026-09-07 20:41:40,CREATED
REQ-001108,PT-886204,Stroke,Critical,79,18.620151,73.834841,TRUE,FALSE,TRUE,FALSE,FALSE,TRUE,FALSE,FALSE,FALSE,,1,,2026-09-07 20:45:26,CREATED
REQ-001109,PT-843526,Road Accident,Critical,37,18.631335,73.821653,TRUE,TRUE,FALSE,TRUE,FALSE,FALSE,FALSE,TRUE,FALSE,Trauma Surgeon,1,,2026-09-07 20:53:29,CREATED
REQ-001110,PT-379837,Respiratory,Moderate,79,18.453241,73.902244,TRUE,TRUE,TRUE,FALSE,FALSE,FALSE,TRUE,FALSE,FALSE,,1,AMB-071,2026-09-07 21:23:14,COMPLETED
REQ-001111,PT-130898,Stroke,High,69,18.616772,73.765068,FALSE,FALSE,TRUE,FALSE,TRUE,FALSE,FALSE,FALSE,FALSE,Neurologist,1,,2026-09-07 21:23:47,CREATED
REQ-001112,PT-982380,Stroke,High,48,18.580419,73.981978,TRUE,FALSE,FALSE,FALSE,FALSE,FALSE,FALSE,FALSE,FALSE,,1,,2026-09-07 21:27:27,CREATED
REQ-001113,PT-588585,Road Accident,High,56,18.727288,73.670822,TRUE,FALSE,FALSE,FALSE,FALSE,TRUE,FALSE,TRUE,FALSE,General Surgeon,4,,2026-09-07 21:28:11,CREATED
REQ-001114,PT-675980,Road Accident,Moderate,19,18.669748,73.786802,FALSE,FALSE,FALSE,TRUE,FALSE,FALSE,FALSE,FALSE,FALSE,,1,,2026-09-07 21:31:09,MATCHING
REQ-001115,PT-655223,Stroke,Critical,55,18.581851,73.776066,TRUE,FALSE,TRUE,FALSE,FALSE,TRUE,FALSE,TRUE,FALSE,Neurologist,1,,2026-09-07 21:31:19,CREATED
REQ-001116,PT-552197,Road Accident,Moderate,27,18.579144,73.994294,FALSE,FALSE,TRUE,TRUE,FALSE,FALSE,TRUE,FALSE,FALSE,,1,AMB-043,2026-09-07 21:38:39,COMPLETED
REQ-001117,PT-443972,Road Accident,Moderate,53,18.444778,73.875487,FALSE,FALSE,FALSE,FALSE,FALSE,FALSE,FALSE,FALSE,FALSE,Trauma Surgeon,1,AMB-072,2026-09-07 21:44:40,COMPLETED
REQ-001118,PT-214212,Stroke,High,65,18.518649,73.844151,FALSE,FALSE,FALSE,FALSE,TRUE,TRUE,FALSE,FALSE,FALSE,,1,AMB-073,2026-09-07 21:51:42,COMPLETED
REQ-001119,PT-178156,Other,Moderate,34,18.514629,73.865982,FALSE,FALSE,FALSE,FALSE,FALSE,FALSE,FALSE,FALSE,TRUE,,1,,2026-09-07 21:58:11,CREATED
REQ-001120,PT-980218,Respiratory,Low,6,18.514223,73.945447,FALSE,FALSE,FALSE,FALSE,FALSE,FALSE,FALSE,FALSE,FALSE,,1,,2026-09-07 22:00:15,CREATED
REQ-001121,PT-171216,Cardiac,High,52,18.588971,73.900269,TRUE,FALSE,FALSE,FALSE,FALSE,FALSE,TRUE,TRUE,FALSE,Cardiologist,1,AMB-042,2026-09-07 22:14:45,COMPLETED
REQ-001122,PT-688726,Respiratory,Moderate,36,18.565022,73.894124,FALSE,FALSE,TRUE,FALSE,FALSE,FALSE,FALSE,FALSE,FALSE,,1,,2026-09-07 22:18:45,CREATED
REQ-001123,PT-528690,Cardiac,Low,55,18.528641,73.913314,FALSE,FALSE,FALSE,FALSE,TRUE,FALSE,FALSE,FALSE,FALSE,,1,,2026-09-07 22:19:41,CREATED
REQ-001124,PT-328708,Other,Low,54,18.563453,73.894077,FALSE,FALSE,FALSE,FALSE,FALSE,FALSE,FALSE,FALSE,FALSE,,1,,2026-09-07 22:43:26,CREATED
REQ-001125,PT-729401,Respiratory,Low,92,18.639382,73.754591,FALSE,FALSE,TRUE,FALSE,FALSE,FALSE,FALSE,FALSE,FALSE,,1,,2026-09-07 23:14:03,MATCHING
REQ-001126,PT-274589,Cardiac,Moderate,59,18.516292,73.869152,FALSE,FALSE,FALSE,FALSE,FALSE,FALSE,FALSE,FALSE,FALSE,,1,,2026-09-07 23:35:43,CREATED
REQ-001127,PT-167269,Stroke,Critical,63,18.494129,73.913342,TRUE,TRUE,TRUE,FALSE,TRUE,TRUE,FALSE,FALSE,FALSE,Neurologist,1,AMB-091,2026-09-07 23:36:05,COMPLETED
REQ-001128,PT-290865,Other,Moderate,32,18.583395,73.920449,TRUE,TRUE,TRUE,FALSE,FALSE,FALSE,FALSE,FALSE,FALSE,,1,,2026-09-07 23:37:49,MATCHING
REQ-001129,PT-349472,Respiratory,High,13,18.636678,73.849531,TRUE,FALSE,TRUE,FALSE,FALSE,FALSE,FALSE,FALSE,FALSE,Pulmonologist,1,,2026-09-07 23:58:54,CREATED
REQ-001130,PT-543715,Other,Moderate,13,18.536724,73.914787,TRUE,FALSE,FALSE,FALSE,FALSE,FALSE,FALSE,FALSE,TRUE,Nephrologist,1,,2026-09-08 01:20:43,CREATED
REQ-001131,PT-839324,Other,Low,22,18.540487,73.727547,FALSE,FALSE,FALSE,FALSE,FALSE,FALSE,FALSE,FALSE,FALSE,,1,,2026-09-08 01:29:32,MATCHING
REQ-001132,PT-265145,Road Accident,Low,41,18.592262,73.924126,FALSE,FALSE,FALSE,FALSE,FALSE,FALSE,FALSE,FALSE,FALSE,,1,,2026-09-08 01:55:23,MATCHING
REQ-001133,PT-883870,Respiratory,Low,89,18.602623,73.848468,FALSE,FALSE,TRUE,FALSE,FALSE,FALSE,FALSE,FALSE,FALSE,Pulmonologist,1,,2026-09-08 05:04:46,CREATED
REQ-001134,PT-731751,Cardiac,Critical,69,18.530659,73.838445,TRUE,FALSE,FALSE,FALSE,TRUE,FALSE,FALSE,FALSE,FALSE,,1,,2026-09-08 05:15:26,MATCHING
REQ-001135,PT-527200,Burn,Moderate,12,18.523157,73.868225,FALSE,FALSE,FALSE,FALSE,FALSE,FALSE,FALSE,FALSE,FALSE,General Surgeon,1,,2026-09-08 05:38:48,CREATED
REQ-001136,PT-132225,Other,Moderate,67,18.492152,73.804777,TRUE,TRUE,FALSE,FALSE,FALSE,FALSE,FALSE,FALSE,FALSE,,1,,2026-09-08 06:04:34,CREATED
REQ-001137,PT-253168,Cardiac,High,62,18.482558,73.804077,TRUE,FALSE,TRUE,FALSE,TRUE,FALSE,FALSE,TRUE,FALSE,,1,,2026-09-08 06:34:26,MATCHING
REQ-001138,PT-149034,Road Accident,Critical,45,18.580024,74.009306,TRUE,TRUE,TRUE,TRUE,FALSE,TRUE,TRUE,TRUE,FALSE,Neurologist,1,AMB-043,2026-09-08 07:00:27,COMPLETED
REQ-001139,PT-984983,Road Accident,Critical,32,18.50209,73.93554,TRUE,FALSE,TRUE,TRUE,FALSE,FALSE,FALSE,TRUE,FALSE,,1,,2026-09-08 07:20:26,MATCHING
REQ-001140,PT-760161,Road Accident,Critical,52,18.541058,73.732252,TRUE,TRUE,FALSE,TRUE,FALSE,TRUE,TRUE,TRUE,FALSE,Neurologist,1,,2026-09-08 07:26:27,MATCHING
REQ-001141,PT-947397,Road Accident,High,37,18.538818,73.842348,FALSE,FALSE,TRUE,FALSE,FALSE,FALSE,FALSE,TRUE,FALSE,Trauma Surgeon,1,,2026-09-08 07:33:31,CREATED
REQ-001142,PT-839927,Other,Moderate,10,18.509976,73.85106,FALSE,FALSE,FALSE,FALSE,FALSE,FALSE,FALSE,FALSE,TRUE,Nephrologist,1,,2026-09-08 07:35:53,CREATED
REQ-001143,PT-729517,Road Accident,High,39,18.747396,73.685758,FALSE,FALSE,TRUE,TRUE,FALSE,FALSE,FALSE,TRUE,FALSE,,1,,2026-09-08 07:36:20,CREATED
REQ-001144,PT-247968,Other,Moderate,67,18.504112,73.868812,FALSE,FALSE,FALSE,FALSE,FALSE,FALSE,FALSE,FALSE,FALSE,,1,,2026-09-08 07:54:32,CREATED
REQ-001145,PT-305970,Road Accident,Critical,32,18.669292,73.768257,TRUE,FALSE,FALSE,FALSE,FALSE,TRUE,FALSE,TRUE,FALSE,General Surgeon,1,AMB-006,2026-09-08 08:01:02,COMPLETED
REQ-001146,PT-839421,Road Accident,High,43,18.668956,73.770334,TRUE,TRUE,FALSE,TRUE,FALSE,FALSE,FALSE,FALSE,FALSE,,1,AMB-049,2026-09-08 08:01:43,COMPLETED
REQ-001147,PT-261468,Respiratory,Critical,44,18.589457,73.978749,TRUE,TRUE,TRUE,FALSE,FALSE,FALSE,FALSE,FALSE,FALSE,Pulmonologist,1,AMB-019,2026-09-08 08:10:06,NO_MATCH
REQ-001148,PT-995080,Other,Low,64,18.771499,73.861159,FALSE,FALSE,FALSE,FALSE,FALSE,FALSE,FALSE,FALSE,FALSE,,1,AMB-022,2026-09-08 08:12:19,COMPLETED
REQ-001149,PT-489836,Respiratory,High,12,18.491475,73.814888,TRUE,TRUE,TRUE,FALSE,FALSE,FALSE,FALSE,FALSE,FALSE,Pulmonologist,1,,2026-09-08 08:15:38,MATCHING
REQ-001150,PT-785096,Cardiac,High,51,18.484589,73.894797,FALSE,FALSE,FALSE,FALSE,TRUE,TRUE,FALSE,FALSE,FALSE,Cardiologist,1,,2026-09-08 08:42:47,MATCHING
REQ-001151,PT-296588,Other,Moderate,26,18.512749,73.825922,FALSE,FALSE,TRUE,FALSE,FALSE,FALSE,FALSE,FALSE,FALSE,,1,,2026-09-08 08:43:36,CREATED
REQ-001152,PT-495548,Respiratory,Critical,42,18.641841,73.811099,TRUE,TRUE,TRUE,FALSE,TRUE,FALSE,FALSE,TRUE,FALSE,Pulmonologist,1,,2026-09-08 09:22:30,CREATED
REQ-001153,PT-878055,Other,Low,53,18.616556,73.821814,FALSE,FALSE,TRUE,FALSE,FALSE,FALSE,FALSE,FALSE,FALSE,,1,,2026-09-08 09:34:53,MATCHING
REQ-001154,PT-439492,Burn,High,19,18.567318,73.908713,TRUE,TRUE,TRUE,TRUE,FALSE,FALSE,TRUE,FALSE,FALSE,General Surgeon,1,,2026-09-08 09:38:47,CREATED
REQ-001155,PT-323337,Cardiac,Moderate,66,18.595795,73.765846,TRUE,TRUE,TRUE,FALSE,TRUE,FALSE,FALSE,FALSE,FALSE,Cardiologist,1,,2026-09-08 09:44:18,MATCHING
REQ-001156,PT-571692,Road Accident,Critical,54,18.575578,73.977339,TRUE,FALSE,FALSE,TRUE,FALSE,FALSE,TRUE,TRUE,FALSE,Trauma Surgeon,1,AMB-019,2026-09-08 09:48:48,COMPLETED
REQ-001157,PT-420065,Road Accident,Critical,56,18.571138,73.976441,TRUE,FALSE,TRUE,TRUE,FALSE,FALSE,TRUE,TRUE,FALSE,General Surgeon,1,AMB-043,2026-09-08 09:49:01,NO_MATCH
REQ-001158,PT-631855,Respiratory,High,58,18.487805,73.902639,TRUE,TRUE,TRUE,FALSE,FALSE,FALSE,FALSE,FALSE,FALSE,Pulmonologist,1,,2026-09-08 10:06:44,MATCHING
REQ-001159,PT-355162,Stroke,High,39,18.450516,73.785006,TRUE,FALSE,FALSE,FALSE,FALSE,FALSE,FALSE,TRUE,TRUE,Neurologist,1,,2026-09-08 10:20:38,MATCHING
REQ-001160,PT-119958,Other,High,24,18.627633,73.778833,FALSE,FALSE,FALSE,FALSE,FALSE,FALSE,TRUE,FALSE,FALSE,,1,,2026-09-08 10:25:27,MATCHING
REQ-001161,PT-681693,Burn,High,33,18.552802,73.78944,FALSE,FALSE,FALSE,FALSE,FALSE,FALSE,FALSE,TRUE,FALSE,,1,AMB-040,2026-09-08 10:28:32,COMPLETED
REQ-001162,PT-181976,Respiratory,Critical,73,18.596813,73.71326,TRUE,FALSE,TRUE,FALSE,FALSE,FALSE,FALSE,FALSE,FALSE,Pulmonologist,1,,2026-09-08 10:31:40,CREATED
REQ-001163,PT-160097,Other,Critical,13,18.624422,73.779045,TRUE,FALSE,FALSE,FALSE,FALSE,FALSE,TRUE,FALSE,FALSE,General Surgeon,1,,2026-09-08 10:35:26,CREATED
REQ-001164,PT-335507,Road Accident,High,38,18.584958,74.005757,FALSE,FALSE,FALSE,TRUE,FALSE,TRUE,FALSE,FALSE,FALSE,Trauma Surgeon,1,,2026-09-08 10:40:31,CREATED
REQ-001165,PT-162732,Respiratory,Moderate,57,18.523566,73.686701,TRUE,TRUE,FALSE,FALSE,FALSE,FALSE,FALSE,FALSE,FALSE,Pulmonologist,1,,2026-09-08 10:45:32,CREATED
REQ-001166,PT-374476,Road Accident,High,35,18.648054,73.785614,TRUE,FALSE,FALSE,TRUE,FALSE,FALSE,TRUE,TRUE,FALSE,Trauma Surgeon,1,,2026-09-08 10:50:58,CREATED
REQ-001167,PT-809034,Stroke,Critical,64,18.511494,73.933344,TRUE,FALSE,FALSE,FALSE,FALSE,TRUE,FALSE,FALSE,FALSE,Neurologist,1,,2026-09-08 10:58:46,MATCHING
REQ-001168,PT-132460,Road Accident,Low,38,18.584544,73.763994,FALSE,FALSE,FALSE,TRUE,FALSE,FALSE,FALSE,FALSE,FALSE,Trauma Surgeon,1,AMB-045,2026-09-08 11:05:11,COMPLETED
REQ-001169,PT-888324,Road Accident,Moderate,28,18.571453,73.993287,FALSE,FALSE,TRUE,TRUE,FALSE,FALSE,FALSE,TRUE,FALSE,Trauma Surgeon,1,AMB-043,2026-09-08 11:06:10,COMPLETED
REQ-001170,PT-274353,Cardiac,Critical,56,18.547663,73.776425,TRUE,FALSE,TRUE,FALSE,TRUE,FALSE,TRUE,FALSE,FALSE,,1,,2026-09-08 11:07:11,MATCHING
REQ-001171,PT-479034,Stroke,High,71,18.440146,73.865584,TRUE,FALSE,FALSE,FALSE,FALSE,TRUE,FALSE,FALSE,FALSE,Neurologist,1,,2026-09-08 11:19:09,MATCHING
REQ-001172,PT-930132,Stroke,Moderate,63,18.601877,73.799455,TRUE,FALSE,FALSE,FALSE,FALSE,TRUE,FALSE,FALSE,FALSE,,1,,2026-09-08 11:31:06,CREATED
REQ-001173,PT-692202,Burn,Low,19,18.503204,73.867881,FALSE,FALSE,FALSE,TRUE,FALSE,FALSE,TRUE,FALSE,FALSE,,2,,2026-09-08 11:32:34,CREATED
REQ-001174,PT-315398,Cardiac,Critical,68,18.590072,73.760584,TRUE,FALSE,FALSE,FALSE,TRUE,FALSE,FALSE,FALSE,FALSE,Cardiologist,1,AMB-007,2026-09-08 11:36:12,COMPLETED
REQ-001175,PT-750683,Stroke,Critical,78,18.534997,73.780489,TRUE,FALSE,TRUE,FALSE,FALSE,TRUE,FALSE,FALSE,FALSE,Neurologist,1,AMB-051,2026-09-08 11:49:27,COMPLETED
REQ-001176,PT-727406,Stroke,Critical,40,18.491969,73.856201,FALSE,FALSE,TRUE,FALSE,FALSE,TRUE,FALSE,TRUE,FALSE,Neurologist,1,,2026-09-08 11:55:43,MATCHING
REQ-001177,PT-365854,Stroke,Critical,64,18.58944,73.760697,TRUE,FALSE,TRUE,FALSE,FALSE,TRUE,FALSE,FALSE,FALSE,,1,,2026-09-08 11:57:26,CREATED
REQ-001178,PT-998002,Other,Moderate,58,18.73472,73.675954,FALSE,TRUE,FALSE,FALSE,FALSE,FALSE,FALSE,FALSE,FALSE,,1,,2026-09-08 12:15:23,MATCHING
REQ-001179,PT-928651,Cardiac,High,77,18.615702,73.744057,TRUE,FALSE,TRUE,FALSE,TRUE,FALSE,FALSE,FALSE,FALSE,Cardiologist,1,,2026-09-08 12:17:46,MATCHING
REQ-001180,PT-451318,Respiratory,Moderate,51,18.500737,73.807926,FALSE,FALSE,FALSE,FALSE,FALSE,FALSE,FALSE,FALSE,FALSE,,1,,2026-09-08 12:33:33,MATCHING
REQ-001181,PT-553569,Respiratory,Moderate,61,18.505145,73.799729,TRUE,FALSE,TRUE,FALSE,FALSE,FALSE,FALSE,FALSE,FALSE,,1,,2026-09-08 12:47:14,CREATED
REQ-001182,PT-518121,Burn,Critical,21,18.596071,73.985778,TRUE,FALSE,TRUE,TRUE,FALSE,FALSE,TRUE,FALSE,FALSE,General Surgeon,1,,2026-09-08 12:48:00,MATCHING
REQ-001183,PT-264956,Respiratory,High,67,18.627403,73.784382,TRUE,TRUE,FALSE,FALSE,FALSE,FALSE,FALSE,FALSE,FALSE,Pulmonologist,1,,2026-09-08 12:52:55,CREATED
REQ-001184,PT-731327,Road Accident,High,11,18.565755,73.748447,FALSE,FALSE,FALSE,TRUE,FALSE,FALSE,FALSE,FALSE,FALSE,Trauma Surgeon,1,AMB-062,2026-09-08 12:52:58,COMPLETED
REQ-001185,PT-708827,Respiratory,Low,81,18.633746,73.868801,FALSE,FALSE,FALSE,FALSE,FALSE,FALSE,FALSE,FALSE,FALSE,,1,,2026-09-08 12:54:34,MATCHING
REQ-001186,PT-788452,Cardiac,Low,54,18.481009,73.878485,TRUE,FALSE,FALSE,FALSE,TRUE,FALSE,FALSE,FALSE,FALSE,,1,,2026-09-08 13:16:36,CREATED
REQ-001187,PT-321151,Cardiac,Critical,61,18.578946,73.744807,TRUE,FALSE,FALSE,FALSE,TRUE,FALSE,FALSE,FALSE,FALSE,Cardiologist,1,,2026-09-08 13:20:14,CREATED
REQ-001188,PT-277065,Road Accident,High,19,18.744049,73.672033,FALSE,FALSE,TRUE,TRUE,FALSE,FALSE,TRUE,TRUE,FALSE,,1,,2026-09-08 13:23:08,MATCHING
REQ-001189,PT-561980,Stroke,High,85,18.637079,73.769623,FALSE,FALSE,TRUE,FALSE,FALSE,TRUE,FALSE,FALSE,FALSE,,1,,2026-09-08 13:28:30,CREATED
REQ-001190,PT-125177,Other,High,39,18.484212,73.819878,FALSE,FALSE,FALSE,FALSE,FALSE,FALSE,FALSE,FALSE,FALSE,,1,,2026-09-08 13:35:05,CREATED
REQ-001191,PT-242616,Road Accident,Low,44,18.458969,73.863197,FALSE,FALSE,FALSE,TRUE,FALSE,FALSE,FALSE,FALSE,FALSE,,1,AMB-033,2026-09-08 13:35:08,COMPLETED
REQ-001192,PT-169498,Road Accident,Moderate,35,18.534426,73.852817,FALSE,FALSE,FALSE,TRUE,FALSE,FALSE,TRUE,TRUE,FALSE,,1,,2026-09-08 13:36:37,CREATED
REQ-001193,PT-297018,Stroke,High,69,18.564084,73.875305,FALSE,FALSE,TRUE,TRUE,TRUE,TRUE,FALSE,FALSE,FALSE,,1,,2026-09-08 13:47:00,CREATED
REQ-001194,PT-527521,Other,Moderate,42,18.51323,73.858558,TRUE,FALSE,FALSE,FALSE,FALSE,FALSE,FALSE,FALSE,FALSE,Pulmonologist,1,,2026-09-08 14:05:14,CREATED
REQ-001195,PT-919710,Stroke,High,77,18.55164,73.781836,TRUE,FALSE,TRUE,TRUE,FALSE,TRUE,FALSE,FALSE,FALSE,Neurologist,1,,2026-09-08 14:07:25,MATCHING
REQ-001196,PT-975744,Road Accident,Moderate,25,18.63126,73.799657,TRUE,FALSE,FALSE,TRUE,FALSE,FALSE,FALSE,FALSE,FALSE,,1,AMB-012,2026-09-08 14:15:53,COMPLETED
REQ-001197,PT-262752,Other,High,31,18.588545,73.736863,FALSE,FALSE,FALSE,TRUE,FALSE,FALSE,FALSE,FALSE,TRUE,Nephrologist,1,,2026-09-08 14:21:46,MATCHING
REQ-001198,PT-396232,Road Accident,Moderate,39,18.65532,73.784443,FALSE,FALSE,FALSE,TRUE,FALSE,FALSE,TRUE,FALSE,FALSE,Trauma Surgeon,1,AMB-006,2026-09-08 14:27:11,COMPLETED
REQ-001199,PT-100701,Road Accident,Low,22,18.4673,73.854915,FALSE,FALSE,FALSE,TRUE,FALSE,FALSE,FALSE,FALSE,FALSE,Trauma Surgeon,1,,2026-09-08 14:30:18,MATCHING
REQ-001200,PT-386282,Respiratory,Moderate,50,18.562688,73.755804,FALSE,TRUE,TRUE,FALSE,FALSE,FALSE,FALSE,FALSE,FALSE,Pulmonologist,1,,2026-09-08 14:32:42,MATCHING
REQ-001201,PT-302589,Stroke,Critical,73,18.568543,73.910142,TRUE,FALSE,FALSE,FALSE,FALSE,TRUE,FALSE,FALSE,FALSE,Neurologist,1,AMB-018,2026-09-08 14:51:34,COMPLETED
REQ-001202,PT-774199,Other,Moderate,31,18.622408,73.813766,FALSE,FALSE,FALSE,FALSE,FALSE,FALSE,TRUE,FALSE,FALSE,,1,,2026-09-08 15:08:02,CREATED
REQ-001203,PT-763872,Respiratory,Low,80,18.530693,73.826796,FALSE,FALSE,TRUE,FALSE,FALSE,FALSE,FALSE,FALSE,FALSE,,1,AMB-034,2026-09-08 15:15:10,COMPLETED
REQ-001204,PT-825159,Respiratory,Moderate,57,18.558337,73.797601,TRUE,FALSE,FALSE,FALSE,FALSE,FALSE,FALSE,FALSE,FALSE,,1,AMB-083,2026-09-08 15:20:50,COMPLETED
REQ-001205,PT-950831,Cardiac,Critical,57,18.521896,73.831254,TRUE,FALSE,TRUE,FALSE,TRUE,FALSE,TRUE,TRUE,FALSE,Cardiologist,1,,2026-09-08 15:23:13,CREATED
REQ-001206,PT-920505,Respiratory,High,50,18.512201,73.853474,TRUE,TRUE,TRUE,FALSE,FALSE,FALSE,FALSE,FALSE,FALSE,,1,AMB-003,2026-09-08 15:23:47,COMPLETED
REQ-001207,PT-556876,Respiratory,Moderate,59,18.531034,73.76432,FALSE,TRUE,TRUE,FALSE,FALSE,FALSE,FALSE,FALSE,FALSE,,1,,2026-09-08 15:36:42,MATCHING
REQ-001208,PT-662681,Road Accident,Moderate,61,18.663228,73.773606,FALSE,FALSE,FALSE,TRUE,FALSE,FALSE,TRUE,FALSE,FALSE,,1,,2026-09-08 15:49:44,CREATED
REQ-001209,PT-334494,Road Accident,Moderate,31,18.75967,73.865229,TRUE,FALSE,FALSE,TRUE,FALSE,FALSE,TRUE,FALSE,FALSE,General Surgeon,1,,2026-09-08 16:16:38,CREATED
REQ-001210,PT-342243,Burn,Critical,33,18.730833,73.668558,TRUE,TRUE,TRUE,TRUE,FALSE,TRUE,TRUE,TRUE,FALSE,Neurologist,1,AMB-093,2026-09-08 16:19:50,COMPLETED
REQ-001211,PT-290032,Respiratory,High,64,18.509186,73.666909,TRUE,TRUE,TRUE,FALSE,FALSE,FALSE,FALSE,FALSE,FALSE,,1,,2026-09-08 16:20:56,CREATED
REQ-001212,PT-349248,Stroke,Critical,70,18.484611,73.799348,TRUE,TRUE,FALSE,FALSE,FALSE,TRUE,FALSE,FALSE,FALSE,,1,,2026-09-08 16:24:21,CREATED
REQ-001213,PT-588891,Other,Moderate,68,18.484576,73.82283,FALSE,FALSE,TRUE,FALSE,FALSE,FALSE,FALSE,FALSE,FALSE,,1,,2026-09-08 16:28:52,MATCHING
REQ-001214,PT-345356,Respiratory,High,5,18.612726,73.761888,TRUE,TRUE,TRUE,FALSE,FALSE,FALSE,FALSE,FALSE,FALSE,Pulmonologist,1,,2026-09-08 16:31:40,CREATED
REQ-001215,PT-493607,Cardiac,Critical,53,18.641766,73.774984,TRUE,FALSE,TRUE,FALSE,TRUE,FALSE,TRUE,TRUE,FALSE,,1,,2026-09-08 16:36:47,MATCHING
REQ-001216,PT-507638,Road Accident,High,24,18.587567,73.737621,TRUE,FALSE,TRUE,TRUE,FALSE,FALSE,TRUE,TRUE,FALSE,,1,,2026-09-08 16:39:50,CREATED
REQ-001217,PT-950231,Stroke,Critical,59,18.473567,73.892615,TRUE,FALSE,FALSE,FALSE,FALSE,TRUE,TRUE,FALSE,FALSE,Neurologist,1,,2026-09-08 16:41:18,MATCHING
REQ-001218,PT-526372,Road Accident,Low,31,18.641854,73.801471,TRUE,FALSE,FALSE,TRUE,FALSE,FALSE,FALSE,FALSE,FALSE,,1,,2026-09-08 16:42:41,CREATED
REQ-001219,PT-273588,Cardiac,High,83,18.681401,73.784906,TRUE,FALSE,TRUE,FALSE,TRUE,FALSE,FALSE,FALSE,FALSE,,1,AMB-006,2026-09-08 17:03:34,NO_MATCH
REQ-001220,PT-925939,Road Accident,Low,50,18.66446,73.794577,TRUE,FALSE,FALSE,TRUE,FALSE,FALSE,FALSE,FALSE,FALSE,,1,,2026-09-08 17:13:33,CREATED
REQ-001221,PT-454332,Stroke,Critical,49,18.642284,73.807141,TRUE,TRUE,TRUE,FALSE,FALSE,TRUE,TRUE,FALSE,FALSE,Neurologist,1,AMB-049,2026-09-08 17:34:48,NO_MATCH
REQ-001222,PT-354225,Road Accident,Moderate,22,18.477993,73.872077,FALSE,FALSE,FALSE,FALSE,FALSE,FALSE,TRUE,FALSE,FALSE,,1,,2026-09-08 17:58:18,CREATED
REQ-001223,PT-762108,Respiratory,Moderate,58,18.6216,73.739805,FALSE,FALSE,TRUE,FALSE,FALSE,FALSE,FALSE,FALSE,FALSE,,1,AMB-028,2026-09-08 18:09:05,COMPLETED
REQ-001224,PT-216386,Road Accident,Moderate,34,18.469202,73.920147,FALSE,FALSE,FALSE,TRUE,FALSE,FALSE,TRUE,FALSE,FALSE,,1,,2026-09-08 18:10:29,MATCHING
REQ-001225,PT-785297,Cardiac,Low,68,18.566972,73.958811,FALSE,FALSE,FALSE,FALSE,TRUE,FALSE,FALSE,FALSE,FALSE,Cardiologist,1,,2026-09-08 18:15:06,MATCHING
REQ-001226,PT-813280,Road Accident,Moderate,35,18.487926,73.859464,FALSE,FALSE,FALSE,TRUE,FALSE,TRUE,FALSE,FALSE,FALSE,,1,,2026-09-08 18:25:33,MATCHING
REQ-001227,PT-104337,Road Accident,Low,39,18.728106,73.678967,FALSE,FALSE,FALSE,TRUE,FALSE,FALSE,FALSE,FALSE,FALSE,,1,,2026-09-08 18:34:41,MATCHING
REQ-001228,PT-443732,Stroke,Moderate,51,18.499284,73.691935,FALSE,FALSE,FALSE,FALSE,FALSE,TRUE,FALSE,FALSE,FALSE,,1,,2026-09-08 18:53:52,CREATED
REQ-001229,PT-263204,Cardiac,High,64,18.519853,73.847004,FALSE,FALSE,FALSE,FALSE,TRUE,FALSE,FALSE,FALSE,FALSE,Cardiologist,1,,2026-09-08 18:58:45,MATCHING
REQ-001230,PT-969533,Other,Low,41,18.477901,73.880676,FALSE,FALSE,FALSE,FALSE,FALSE,FALSE,FALSE,FALSE,FALSE,,1,,2026-09-08 18:59:31,CREATED
REQ-001231,PT-411362,Stroke,High,64,18.502413,73.880043,TRUE,FALSE,FALSE,FALSE,FALSE,TRUE,FALSE,FALSE,FALSE,,1,,2026-09-08 19:03:49,CREATED
REQ-001232,PT-747485,Other,Moderate,37,18.544677,73.84899,TRUE,FALSE,FALSE,FALSE,FALSE,FALSE,TRUE,FALSE,FALSE,,1,,2026-09-08 19:05:07,CREATED
REQ-001233,PT-725331,Respiratory,High,72,18.525445,73.941757,TRUE,FALSE,TRUE,FALSE,FALSE,FALSE,FALSE,FALSE,FALSE,,1,,2026-09-08 19:05:22,CREATED
REQ-001234,PT-472059,Cardiac,Low,53,18.565981,73.78991,FALSE,FALSE,FALSE,FALSE,FALSE,FALSE,FALSE,FALSE,FALSE,,1,AMB-040,2026-09-08 19:09:27,COMPLETED
REQ-001235,PT-970885,Other,High,61,18.539665,73.848307,TRUE,FALSE,TRUE,FALSE,TRUE,FALSE,FALSE,FALSE,FALSE,Cardiologist,1,,2026-09-08 19:20:30,CREATED
REQ-001236,PT-738382,Respiratory,Low,72,18.500218,73.925197,TRUE,TRUE,FALSE,FALSE,FALSE,FALSE,FALSE,FALSE,FALSE,Pulmonologist,1,,2026-09-08 19:30:35,CREATED
REQ-001237,PT-574872,Burn,High,45,18.647945,73.779377,TRUE,FALSE,TRUE,TRUE,FALSE,FALSE,FALSE,FALSE,FALSE,,1,AMB-049,2026-09-08 19:32:52,COMPLETED
REQ-001238,PT-135589,Road Accident,Low,10,18.46938,73.854701,FALSE,FALSE,FALSE,TRUE,FALSE,FALSE,FALSE,FALSE,FALSE,,1,,2026-09-08 19:33:57,CREATED
REQ-001239,PT-732532,Cardiac,High,19,18.486328,73.863857,FALSE,FALSE,FALSE,FALSE,TRUE,FALSE,FALSE,FALSE,FALSE,,1,,2026-09-08 19:39:04,MATCHING
REQ-001240,PT-572637,Respiratory,Moderate,74,18.559842,73.791436,FALSE,FALSE,FALSE,FALSE,FALSE,FALSE,FALSE,FALSE,FALSE,,1,,2026-09-08 19:40:06,MATCHING
REQ-001241,PT-756706,Respiratory,Moderate,33,18.653462,73.803103,FALSE,FALSE,FALSE,FALSE,FALSE,FALSE,FALSE,FALSE,FALSE,,1,,2026-09-08 19:42:54,CREATED
REQ-001242,PT-311979,Respiratory,High,59,18.474219,73.83456,TRUE,FALSE,TRUE,FALSE,FALSE,FALSE,FALSE,FALSE,FALSE,Pulmonologist,1,,2026-09-08 19:46:33,MATCHING
REQ-001243,PT-192215,Other,High,52,18.533161,73.832822,FALSE,FALSE,FALSE,FALSE,FALSE,FALSE,TRUE,TRUE,FALSE,,1,,2026-09-08 19:47:12,CREATED
REQ-001244,PT-606935,Respiratory,Moderate,68,18.582464,73.763787,TRUE,TRUE,TRUE,FALSE,FALSE,FALSE,FALSE,FALSE,FALSE,Pulmonologist,1,,2026-09-08 19:49:02,CREATED
REQ-001245,PT-503747,Burn,High,28,18.551839,73.823981,FALSE,FALSE,FALSE,FALSE,FALSE,FALSE,FALSE,FALSE,FALSE,General Surgeon,1,AMB-083,2026-09-08 19:49:09,COMPLETED
REQ-001246,PT-491111,Road Accident,High,51,18.752898,73.874496,TRUE,TRUE,TRUE,FALSE,FALSE,FALSE,TRUE,TRUE,FALSE,General Surgeon,1,,2026-09-08 19:51:57,MATCHING
REQ-001247,PT-663852,Cardiac,Moderate,74,18.621434,73.754651,FALSE,FALSE,FALSE,FALSE,TRUE,FALSE,FALSE,TRUE,FALSE,,1,,2026-09-08 19:52:55,CREATED
REQ-001248,PT-448510,Road Accident,Critical,40,18.603275,73.776989,TRUE,FALSE,FALSE,TRUE,FALSE,FALSE,TRUE,TRUE,FALSE,Trauma Surgeon,1,AMB-044,2026-09-08 20:03:28,COMPLETED
REQ-001249,PT-693007,Respiratory,Low,77,18.52982,73.920322,FALSE,FALSE,FALSE,FALSE,FALSE,FALSE,FALSE,FALSE,FALSE,,1,AMB-080,2026-09-08 20:12:57,COMPLETED
REQ-001250,PT-873687,Other,Low,13,18.579559,73.758476,FALSE,FALSE,FALSE,FALSE,FALSE,FALSE,FALSE,FALSE,TRUE,,1,,2026-09-08 20:24:21,MATCHING
REQ-001251,PT-690302,Respiratory,Low,12,18.509022,73.934774,FALSE,FALSE,TRUE,FALSE,FALSE,FALSE,FALSE,FALSE,FALSE,,1,AMB-069,2026-09-08 20:32:09,COMPLETED
REQ-001252,PT-361862,Stroke,Critical,72,18.53267,73.93552,TRUE,FALSE,TRUE,FALSE,FALSE,TRUE,FALSE,FALSE,FALSE,Neurologist,1,,2026-09-08 20:34:07,MATCHING
REQ-001253,PT-569177,Road Accident,Moderate,20,18.474747,73.872539,TRUE,TRUE,FALSE,TRUE,FALSE,FALSE,TRUE,TRUE,FALSE,Trauma Surgeon,1,,2026-09-08 20:55:36,CREATED
REQ-001254,PT-459213,Road Accident,Low,26,18.559781,73.793353,TRUE,FALSE,FALSE,TRUE,FALSE,FALSE,FALSE,FALSE,FALSE,,1,,2026-09-08 20:56:23,CREATED
REQ-001255,PT-521413,Cardiac,Low,56,18.571797,73.770517,FALSE,FALSE,FALSE,FALSE,TRUE,FALSE,FALSE,FALSE,FALSE,,1,,2026-09-08 21:00:12,CREATED
REQ-001256,PT-684211,Cardiac,High,63,18.525583,73.888309,TRUE,TRUE,FALSE,FALSE,TRUE,FALSE,FALSE,FALSE,FALSE,Cardiologist,1,AMB-088,2026-09-08 21:00:27,COMPLETED
REQ-001257,PT-705736,Road Accident,Moderate,19,18.521509,73.830477,FALSE,FALSE,TRUE,FALSE,FALSE,FALSE,FALSE,FALSE,FALSE,Trauma Surgeon,1,,2026-09-08 21:02:00,MATCHING
REQ-001258,PT-615461,Other,High,24,18.534588,73.808684,TRUE,FALSE,FALSE,FALSE,FALSE,FALSE,FALSE,FALSE,FALSE,,1,AMB-055,2026-09-08 21:02:22,COMPLETED
REQ-001259,PT-472401,Other,Moderate,72,18.464302,73.807425,FALSE,FALSE,FALSE,FALSE,FALSE,FALSE,FALSE,FALSE,FALSE,,1,,2026-09-08 21:05:58,CREATED
REQ-001260,PT-336144,Stroke,Moderate,66,18.65131,73.783037,TRUE,FALSE,FALSE,FALSE,FALSE,TRUE,FALSE,FALSE,FALSE,Neurologist,1,,2026-09-08 21:17:34,MATCHING
REQ-001261,PT-696995,Cardiac,Critical,54,18.519958,73.929871,TRUE,FALSE,TRUE,FALSE,TRUE,FALSE,FALSE,TRUE,FALSE,Cardiologist,1,,2026-09-08 21:20:29,MATCHING
REQ-001262,PT-347828,Cardiac,Low,68,18.465845,73.800151,FALSE,FALSE,FALSE,FALSE,TRUE,FALSE,FALSE,FALSE,FALSE,,1,AMB-037,2026-09-08 21:34:20,COMPLETED
REQ-001263,PT-353280,Respiratory,Critical,104,18.481106,73.901824,TRUE,FALSE,TRUE,FALSE,FALSE,FALSE,FALSE,FALSE,FALSE,Pulmonologist,1,,2026-09-08 21:35:13,MATCHING
REQ-001264,PT-472673,Stroke,High,77,18.602878,73.750446,TRUE,TRUE,FALSE,FALSE,FALSE,TRUE,FALSE,FALSE,FALSE,,1,,2026-09-08 21:38:17,CREATED
REQ-001265,PT-345214,Respiratory,Moderate,42,18.594521,73.764138,FALSE,FALSE,TRUE,FALSE,FALSE,FALSE,FALSE,FALSE,FALSE,,1,AMB-045,2026-09-08 21:38:32,COMPLETED
REQ-001266,PT-395908,Respiratory,Moderate,97,18.488526,73.790313,FALSE,FALSE,TRUE,FALSE,FALSE,FALSE,FALSE,FALSE,FALSE,,1,,2026-09-08 22:00:14,MATCHING
REQ-001267,PT-160398,Respiratory,Moderate,0,18.549066,73.89326,TRUE,FALSE,TRUE,FALSE,FALSE,FALSE,FALSE,FALSE,FALSE,,1,,2026-09-08 22:05:57,CREATED
REQ-001268,PT-316697,Road Accident,Low,25,18.526246,73.840155,FALSE,FALSE,FALSE,FALSE,FALSE,TRUE,FALSE,FALSE,FALSE,,1,,2026-09-08 22:33:35,CREATED
REQ-001269,PT-885713,Respiratory,Critical,62,18.512683,73.880556,TRUE,TRUE,TRUE,FALSE,FALSE,FALSE,FALSE,FALSE,FALSE,Pulmonologist,1,,2026-09-08 23:36:23,MATCHING
REQ-001270,PT-338362,Road Accident,High,55,18.548926,73.835849,FALSE,FALSE,FALSE,TRUE,FALSE,FALSE,TRUE,TRUE,FALSE,Trauma Surgeon,1,,2026-09-08 23:46:20,CREATED
REQ-001271,PT-761012,Road Accident,Moderate,38,18.599224,73.781509,FALSE,FALSE,TRUE,TRUE,FALSE,FALSE,FALSE,FALSE,FALSE,,1,,2026-09-09 00:26:50,CREATED
REQ-001272,PT-675137,Road Accident,Critical,45,18.4539,73.889125,TRUE,FALSE,TRUE,FALSE,FALSE,TRUE,TRUE,TRUE,FALSE,Trauma Surgeon,1,AMB-053,2026-09-09 00:32:36,COMPLETED
REQ-001273,PT-312985,Road Accident,Low,52,18.754332,73.874957,FALSE,FALSE,FALSE,TRUE,FALSE,FALSE,FALSE,FALSE,FALSE,,1,,2026-09-09 00:41:23,MATCHING
REQ-001274,PT-770506,Road Accident,High,29,18.505173,73.923456,TRUE,TRUE,FALSE,TRUE,FALSE,FALSE,FALSE,FALSE,FALSE,Trauma Surgeon,1,,2026-09-09 00:45:51,MATCHING
REQ-001275,PT-124366,Road Accident,High,57,18.465927,73.874995,TRUE,TRUE,FALSE,TRUE,FALSE,FALSE,FALSE,TRUE,FALSE,Trauma Surgeon,1,,2026-09-09 01:36:11,MATCHING
REQ-001276,PT-544649,Cardiac,Moderate,30,18.516605,73.854795,FALSE,FALSE,FALSE,FALSE,TRUE,FALSE,FALSE,FALSE,FALSE,,1,AMB-060,2026-09-09 01:38:32,COMPLETED
REQ-001277,PT-162565,Other,Low,29,18.466419,73.801608,FALSE,FALSE,FALSE,FALSE,FALSE,FALSE,FALSE,FALSE,FALSE,,1,,2026-09-09 01:53:48,CREATED
REQ-001278,PT-255259,Respiratory,Moderate,38,18.553324,73.927226,TRUE,TRUE,TRUE,FALSE,FALSE,FALSE,FALSE,FALSE,FALSE,Pulmonologist,1,,2026-09-09 01:57:14,MATCHING
REQ-001279,PT-381473,Respiratory,Moderate,49,18.565646,73.779525,FALSE,FALSE,TRUE,FALSE,FALSE,FALSE,FALSE,FALSE,FALSE,,1,,2026-09-09 02:46:19,MATCHING
REQ-001280,PT-353333,Road Accident,High,22,18.543564,73.799203,TRUE,FALSE,FALSE,TRUE,FALSE,FALSE,TRUE,TRUE,FALSE,Trauma Surgeon,1,,2026-09-09 02:51:13,CREATED
REQ-001281,PT-622711,Respiratory,Low,3,18.626045,73.765778,FALSE,FALSE,FALSE,FALSE,FALSE,FALSE,FALSE,FALSE,FALSE,,1,,2026-09-09 03:24:20,CREATED
REQ-001282,PT-954892,Stroke,High,47,18.631645,73.85552,TRUE,TRUE,FALSE,FALSE,FALSE,TRUE,FALSE,FALSE,FALSE,Neurologist,1,AMB-024,2026-09-09 04:01:04,COMPLETED
REQ-001283,PT-137151,Burn,Moderate,24,18.545496,73.920675,FALSE,FALSE,FALSE,FALSE,FALSE,FALSE,FALSE,FALSE,FALSE,,1,,2026-09-09 04:08:20,CREATED
REQ-001284,PT-641199,Road Accident,Critical,46,18.557004,73.924547,TRUE,FALSE,FALSE,TRUE,FALSE,FALSE,TRUE,TRUE,FALSE,General Surgeon,1,,2026-09-09 05:04:52,MATCHING
REQ-001285,PT-627621,Stroke,Low,58,18.564761,73.799078,FALSE,FALSE,FALSE,FALSE,FALSE,TRUE,FALSE,FALSE,FALSE,Neurologist,1,,2026-09-09 05:29:24,CREATED
REQ-001286,PT-554422,Road Accident,High,21,18.572911,73.996774,FALSE,FALSE,TRUE,TRUE,FALSE,FALSE,FALSE,FALSE,FALSE,Trauma Surgeon,2,AMB-043,2026-09-09 05:36:24,COMPLETED
REQ-001287,PT-477194,Stroke,High,70,18.614232,73.808867,FALSE,FALSE,FALSE,FALSE,FALSE,TRUE,TRUE,FALSE,FALSE,Neurologist,1,,2026-09-09 05:51:58,CREATED
REQ-001288,PT-886211,Road Accident,Moderate,14,18.562783,73.927761,FALSE,FALSE,FALSE,FALSE,FALSE,FALSE,FALSE,FALSE,FALSE,Trauma Surgeon,1,AMB-077,2026-09-09 06:02:08,COMPLETED
REQ-001289,PT-826687,Stroke,High,60,18.604879,73.754618,TRUE,FALSE,TRUE,FALSE,FALSE,FALSE,FALSE,FALSE,FALSE,Neurologist,1,,2026-09-09 06:03:11,CREATED
REQ-001290,PT-801627,Cardiac,Critical,52,18.638842,73.799475,TRUE,FALSE,TRUE,FALSE,TRUE,FALSE,FALSE,FALSE,FALSE,Cardiologist,1,,2026-09-09 06:09:04,MATCHING
REQ-001291,PT-563177,Respiratory,Moderate,104,18.442567,73.818711,FALSE,FALSE,TRUE,FALSE,TRUE,FALSE,FALSE,FALSE,FALSE,,1,,2026-09-09 06:10:26,MATCHING
REQ-001292,PT-207691,Respiratory,Moderate,7,18.530154,73.804809,FALSE,FALSE,FALSE,FALSE,FALSE,FALSE,FALSE,FALSE,FALSE,,1,,2026-09-09 06:15:37,MATCHING
REQ-001293,PT-912726,Respiratory,Moderate,69,18.495632,73.838581,FALSE,FALSE,TRUE,FALSE,FALSE,FALSE,TRUE,FALSE,FALSE,,1,AMB-086,2026-09-09 06:16:19,COMPLETED
REQ-001294,PT-548456,Cardiac,High,79,18.461945,73.91086,FALSE,FALSE,TRUE,FALSE,TRUE,FALSE,FALSE,FALSE,FALSE,Cardiologist,1,,2026-09-09 06:20:24,CREATED
REQ-001295,PT-967484,Cardiac,Critical,57,18.451651,73.911466,TRUE,TRUE,TRUE,FALSE,TRUE,FALSE,FALSE,TRUE,FALSE,Cardiologist,1,,2026-09-09 06:27:35,MATCHING
REQ-001296,PT-270806,Stroke,Critical,64,18.562685,73.875229,TRUE,FALSE,TRUE,FALSE,FALSE,TRUE,FALSE,TRUE,FALSE,Neurologist,1,,2026-09-09 06:36:26,MATCHING
REQ-001297,PT-973164,Road Accident,Critical,26,18.563676,73.768263,TRUE,TRUE,FALSE,TRUE,FALSE,FALSE,TRUE,TRUE,FALSE,Trauma Surgeon,1,AMB-051,2026-09-09 06:42:33,COMPLETED
REQ-001298,PT-578581,Burn,Moderate,26,18.474683,73.886044,FALSE,FALSE,FALSE,TRUE,FALSE,FALSE,FALSE,FALSE,FALSE,,1,,2026-09-09 06:50:51,CREATED
REQ-001299,PT-509561,Cardiac,Critical,46,18.611465,73.765266,FALSE,FALSE,TRUE,FALSE,TRUE,FALSE,TRUE,FALSE,FALSE,,1,,2026-09-09 07:00:11,MATCHING
REQ-001300,PT-880470,Stroke,Low,68,18.523249,73.674381,FALSE,FALSE,FALSE,FALSE,FALSE,TRUE,FALSE,FALSE,FALSE,,1,,2026-09-09 07:05:55,MATCHING
REQ-001301,PT-615995,Cardiac,High,73,18.568767,73.77544,TRUE,FALSE,TRUE,FALSE,TRUE,FALSE,FALSE,TRUE,FALSE,Cardiologist,1,,2026-09-09 07:11:03,MATCHING
REQ-001302,PT-336959,Cardiac,Low,58,18.476201,73.824115,FALSE,FALSE,FALSE,TRUE,FALSE,FALSE,FALSE,FALSE,FALSE,Cardiologist,1,AMB-047,2026-09-09 07:20:01,COMPLETED
REQ-001303,PT-608353,Road Accident,High,24,18.538685,73.838928,TRUE,TRUE,TRUE,FALSE,FALSE,FALSE,FALSE,TRUE,FALSE,Trauma Surgeon,1,,2026-09-09 07:24:21,CREATED
REQ-001304,PT-354661,Cardiac,Critical,60,18.509901,73.837564,TRUE,FALSE,TRUE,FALSE,TRUE,FALSE,TRUE,TRUE,FALSE,,1,AMB-073,2026-09-09 07:27:06,COMPLETED
REQ-001305,PT-545604,Cardiac,Moderate,60,18.525279,73.883508,TRUE,TRUE,TRUE,FALSE,TRUE,FALSE,TRUE,FALSE,FALSE,Cardiologist,1,,2026-09-09 07:29:27,MATCHING
REQ-001306,PT-756917,Respiratory,Low,89,18.502718,73.921398,FALSE,FALSE,TRUE,FALSE,TRUE,FALSE,FALSE,FALSE,FALSE,,1,,2026-09-09 07:33:34,MATCHING
REQ-001307,PT-131766,Other,High,21,18.497824,73.866209,FALSE,FALSE,FALSE,FALSE,FALSE,FALSE,FALSE,FALSE,FALSE,General Surgeon,1,,2026-09-09 07:33:44,CREATED
REQ-001308,PT-380593,Burn,Moderate,27,18.764628,73.67786,FALSE,FALSE,FALSE,TRUE,FALSE,FALSE,FALSE,FALSE,FALSE,General Surgeon,1,,2026-09-09 07:39:18,CREATED
REQ-001309,PT-282870,Cardiac,Critical,50,18.495407,73.880866,TRUE,TRUE,FALSE,FALSE,TRUE,FALSE,FALSE,FALSE,FALSE,Cardiologist,1,,2026-09-09 07:40:54,MATCHING
REQ-001310,PT-784529,Respiratory,Moderate,44,18.492476,73.812267,FALSE,FALSE,FALSE,FALSE,FALSE,FALSE,FALSE,FALSE,FALSE,,1,,2026-09-09 07:54:33,MATCHING
REQ-001311,PT-616573,Respiratory,Moderate,78,18.529937,73.853677,TRUE,FALSE,TRUE,FALSE,FALSE,FALSE,FALSE,FALSE,FALSE,Pulmonologist,1,,2026-09-09 08:06:54,MATCHING
REQ-001312,PT-928715,Other,Critical,18,18.528558,73.802028,TRUE,FALSE,FALSE,FALSE,FALSE,FALSE,FALSE,FALSE,FALSE,General Surgeon,1,,2026-09-09 08:11:30,CREATED
REQ-001313,PT-862518,Cardiac,High,67,18.441515,73.888064,TRUE,FALSE,FALSE,FALSE,TRUE,FALSE,FALSE,FALSE,FALSE,,1,AMB-072,2026-09-09 08:14:30,COMPLETED
REQ-001314,PT-288424,Burn,Moderate,38,18.563399,73.733882,FALSE,FALSE,FALSE,FALSE,FALSE,FALSE,FALSE,FALSE,FALSE,General Surgeon,1,,2026-09-09 08:18:02,MATCHING
REQ-001315,PT-283430,Respiratory,High,8,18.532543,73.917605,FALSE,FALSE,TRUE,FALSE,FALSE,FALSE,FALSE,FALSE,TRUE,,1,,2026-09-09 08:18:04,MATCHING
REQ-001316,PT-236006,Other,Critical,20,18.57192,73.921847,FALSE,FALSE,FALSE,FALSE,TRUE,FALSE,FALSE,FALSE,TRUE,Cardiologist,1,,2026-09-09 08:21:40,CREATED
REQ-001317,PT-958015,Respiratory,High,8,18.515163,73.830525,TRUE,FALSE,FALSE,FALSE,FALSE,FALSE,FALSE,FALSE,FALSE,,1,,2026-09-09 08:26:45,CREATED
REQ-001318,PT-298250,Road Accident,Moderate,23,18.572264,73.709797,FALSE,FALSE,FALSE,TRUE,FALSE,FALSE,FALSE,TRUE,FALSE,,1,,2026-09-09 08:27:38,CREATED
REQ-001319,PT-400173,Cardiac,Moderate,65,18.51793,73.865887,TRUE,TRUE,FALSE,FALSE,TRUE,FALSE,FALSE,FALSE,FALSE,Cardiologist,1,,2026-09-09 08:28:45,MATCHING
REQ-001320,PT-739029,Road Accident,Low,35,18.649625,73.770532,FALSE,FALSE,FALSE,TRUE,FALSE,FALSE,FALSE,FALSE,FALSE,,1,,2026-09-09 08:30:40,CREATED
REQ-001321,PT-654445,Other,Moderate,49,18.551921,73.884449,FALSE,FALSE,FALSE,FALSE,FALSE,FALSE,FALSE,FALSE,FALSE,,1,AMB-096,2026-09-09 08:33:27,COMPLETED
REQ-001322,PT-857921,Stroke,Moderate,62,18.453571,73.858507,FALSE,FALSE,FALSE,FALSE,FALSE,TRUE,FALSE,FALSE,FALSE,,1,,2026-09-09 08:38:03,CREATED
REQ-001323,PT-485280,Cardiac,Moderate,60,18.532385,73.793015,FALSE,FALSE,FALSE,FALSE,FALSE,FALSE,FALSE,FALSE,FALSE,Cardiologist,1,AMB-015,2026-09-09 08:47:47,COMPLETED
REQ-001324,PT-378447,Stroke,High,33,18.565785,73.919104,FALSE,FALSE,TRUE,FALSE,FALSE,TRUE,FALSE,FALSE,FALSE,Neurologist,1,AMB-018,2026-09-09 08:50:39,COMPLETED
REQ-001325,PT-462454,Road Accident,High,17,18.607815,73.803952,TRUE,FALSE,FALSE,TRUE,FALSE,FALSE,FALSE,FALSE,FALSE,,1,,2026-09-09 08:51:13,CREATED
REQ-001326,PT-765297,Other,Moderate,94,18.536001,73.847376,FALSE,FALSE,FALSE,FALSE,FALSE,FALSE,FALSE,FALSE,TRUE,Nephrologist,1,AMB-021,2026-09-09 08:51:19,COMPLETED
REQ-001327,PT-138236,Cardiac,Moderate,86,18.657439,73.773825,TRUE,FALSE,TRUE,FALSE,TRUE,FALSE,FALSE,FALSE,FALSE,,1,,2026-09-09 08:53:12,CREATED
REQ-001328,PT-650067,Other,Moderate,25,18.558972,73.917812,FALSE,FALSE,TRUE,FALSE,FALSE,FALSE,FALSE,FALSE,FALSE,,1,,2026-09-09 08:53:41,CREATED
REQ-001329,PT-915647,Road Accident,Critical,27,18.748532,73.882538,TRUE,FALSE,TRUE,TRUE,FALSE,TRUE,FALSE,TRUE,FALSE,Trauma Surgeon,1,AMB-008,2026-09-09 09:20:15,COMPLETED
REQ-001330,PT-601856,Road Accident,Critical,21,18.749712,73.87908,TRUE,FALSE,TRUE,TRUE,FALSE,FALSE,TRUE,TRUE,FALSE,Trauma Surgeon,1,AMB-022,2026-09-09 09:20:27,COMPLETED
REQ-001331,PT-372236,Respiratory,High,11,18.46631,73.824393,TRUE,TRUE,FALSE,FALSE,FALSE,FALSE,FALSE,FALSE,FALSE,,1,AMB-092,2026-09-09 09:29:07,COMPLETED
REQ-001332,PT-382556,Other,Low,45,18.476391,73.794194,FALSE,FALSE,FALSE,FALSE,FALSE,FALSE,FALSE,FALSE,FALSE,,1,,2026-09-09 09:32:04,MATCHING
REQ-001333,PT-945143,Respiratory,Moderate,71,18.550628,73.799078,FALSE,FALSE,TRUE,FALSE,FALSE,FALSE,FALSE,TRUE,FALSE,,1,,2026-09-09 09:39:59,MATCHING
REQ-001334,PT-649786,Stroke,Moderate,58,18.601646,73.724915,FALSE,FALSE,FALSE,FALSE,FALSE,FALSE,FALSE,FALSE,FALSE,,1,,2026-09-09 09:42:39,CREATED
REQ-001335,PT-775344,Road Accident,Critical,40,18.449024,73.85613,TRUE,FALSE,TRUE,FALSE,FALSE,FALSE,TRUE,TRUE,FALSE,Trauma Surgeon,1,,2026-09-09 09:53:17,CREATED
REQ-001336,PT-953846,Respiratory,Critical,2,18.560065,73.869066,TRUE,FALSE,TRUE,FALSE,FALSE,FALSE,FALSE,FALSE,FALSE,,1,AMB-061,2026-09-09 09:57:13,COMPLETED
REQ-001337,PT-535046,Cardiac,Moderate,65,18.513451,73.676592,FALSE,FALSE,FALSE,FALSE,TRUE,FALSE,FALSE,FALSE,FALSE,Cardiologist,1,,2026-09-09 10:00:20,CREATED
REQ-001338,PT-385696,Cardiac,High,53,18.518723,73.82746,TRUE,FALSE,TRUE,FALSE,TRUE,FALSE,FALSE,FALSE,FALSE,Cardiologist,1,AMB-073,2026-09-09 10:09:22,COMPLETED
REQ-001339,PT-698439,Other,High,53,18.458422,73.832322,TRUE,TRUE,FALSE,FALSE,FALSE,FALSE,FALSE,TRUE,FALSE,,1,,2026-09-09 10:15:49,MATCHING
REQ-001340,PT-571869,Cardiac,High,53,18.504432,73.81262,TRUE,TRUE,FALSE,FALSE,TRUE,FALSE,FALSE,FALSE,TRUE,,1,,2026-09-09 10:20:25,CREATED
REQ-001341,PT-669812,Cardiac,High,64,18.527644,73.725558,FALSE,FALSE,TRUE,FALSE,TRUE,FALSE,FALSE,FALSE,FALSE,Cardiologist,1,AMB-076,2026-09-09 10:24:46,COMPLETED
REQ-001342,PT-200464,Cardiac,High,66,18.474868,73.895224,TRUE,FALSE,FALSE,FALSE,TRUE,FALSE,FALSE,FALSE,FALSE,,1,AMB-085,2026-09-09 10:33:07,COMPLETED
REQ-001343,PT-735486,Road Accident,High,34,18.560717,73.936144,TRUE,TRUE,FALSE,TRUE,FALSE,FALSE,FALSE,TRUE,FALSE,,2,,2026-09-09 10:34:41,MATCHING
REQ-001344,PT-973009,Road Accident,Critical,14,18.485382,73.812602,TRUE,FALSE,TRUE,TRUE,FALSE,TRUE,FALSE,TRUE,FALSE,Trauma Surgeon,1,AMB-092,2026-09-09 10:36:06,COMPLETED
REQ-001345,PT-334074,Cardiac,Low,61,18.449341,73.916362,FALSE,FALSE,FALSE,FALSE,TRUE,FALSE,FALSE,FALSE,FALSE,,1,AMB-067,2026-09-09 10:45:06,COMPLETED
REQ-001346,PT-450522,Road Accident,Critical,38,18.735879,73.654003,FALSE,FALSE,FALSE,TRUE,FALSE,FALSE,TRUE,TRUE,FALSE,Trauma Surgeon,1,,2026-09-09 10:52:08,MATCHING
REQ-001347,PT-698311,Respiratory,High,7,18.524276,73.850622,TRUE,FALSE,TRUE,FALSE,FALSE,FALSE,FALSE,FALSE,FALSE,Pulmonologist,1,AMB-003,2026-09-09 10:53:17,COMPLETED
REQ-001348,PT-553043,Cardiac,Moderate,37,18.497069,73.913402,TRUE,FALSE,FALSE,FALSE,TRUE,FALSE,FALSE,FALSE,FALSE,,1,AMB-099,2026-09-09 11:25:33,COMPLETED
REQ-001349,PT-479984,Road Accident,Low,31,18.555597,73.948226,FALSE,FALSE,FALSE,TRUE,FALSE,FALSE,FALSE,FALSE,FALSE,,1,,2026-09-09 11:30:53,MATCHING
REQ-001350,PT-608105,Respiratory,High,97,18.525231,73.70298,TRUE,FALSE,TRUE,FALSE,TRUE,FALSE,FALSE,FALSE,FALSE,,1,,2026-09-09 11:33:01,CREATED
REQ-001351,PT-180071,Stroke,Moderate,82,18.47837,73.787795,FALSE,FALSE,FALSE,FALSE,FALSE,TRUE,FALSE,FALSE,FALSE,,1,AMB-057,2026-09-09 11:53:24,COMPLETED
REQ-001352,PT-825281,Respiratory,High,46,18.609912,73.742078,TRUE,TRUE,TRUE,FALSE,FALSE,FALSE,FALSE,FALSE,FALSE,Pulmonologist,1,,2026-09-09 11:53:29,CREATED
REQ-001353,PT-136283,Respiratory,High,4,18.523672,73.849939,FALSE,FALSE,TRUE,FALSE,FALSE,FALSE,FALSE,FALSE,FALSE,,1,AMB-073,2026-09-09 12:18:19,COMPLETED
REQ-001354,PT-949045,Road Accident,Moderate,18,18.650521,73.763547,FALSE,FALSE,FALSE,TRUE,FALSE,FALSE,FALSE,FALSE,FALSE,,1,,2026-09-09 12:18:38,MATCHING
REQ-001355,PT-969982,Cardiac,Moderate,57,18.600838,73.734427,FALSE,FALSE,FALSE,FALSE,TRUE,FALSE,FALSE,FALSE,FALSE,Cardiologist,1,AMB-028,2026-09-09 12:18:56,COMPLETED
REQ-001356,PT-239942,Stroke,Critical,64,18.468833,73.807504,TRUE,FALSE,FALSE,FALSE,FALSE,TRUE,FALSE,FALSE,FALSE,Neurologist,1,AMB-037,2026-09-09 12:25:49,COMPLETED
REQ-001357,PT-365714,Respiratory,Low,4,18.529168,73.660818,FALSE,FALSE,FALSE,FALSE,FALSE,FALSE,FALSE,FALSE,FALSE,,1,,2026-09-09 12:29:46,MATCHING
REQ-001358,PT-455124,Cardiac,High,52,18.64248,73.771732,FALSE,FALSE,FALSE,FALSE,TRUE,FALSE,TRUE,TRUE,FALSE,,1,,2026-09-09 12:37:37,MATCHING
REQ-001359,PT-973752,Respiratory,Moderate,58,18.764402,73.866485,TRUE,FALSE,TRUE,FALSE,FALSE,FALSE,FALSE,FALSE,FALSE,Pulmonologist,1,AMB-094,2026-09-09 12:38:24,COMPLETED
REQ-001360,PT-520604,Respiratory,High,27,18.566136,73.927299,FALSE,FALSE,TRUE,FALSE,FALSE,FALSE,FALSE,FALSE,FALSE,Pulmonologist,1,,2026-09-09 12:51:04,MATCHING
REQ-001361,PT-455233,Respiratory,Moderate,75,18.59889,73.764879,FALSE,FALSE,TRUE,FALSE,FALSE,FALSE,FALSE,FALSE,FALSE,Pulmonologist,1,AMB-007,2026-09-09 13:08:02,COMPLETED
REQ-001362,PT-500730,Burn,Low,22,18.454647,73.88121,FALSE,FALSE,FALSE,TRUE,FALSE,FALSE,FALSE,TRUE,FALSE,,1,,2026-09-09 13:19:32,CREATED
REQ-001363,PT-536505,Respiratory,Low,75,18.481177,73.888895,FALSE,FALSE,TRUE,FALSE,FALSE,FALSE,FALSE,FALSE,FALSE,Pulmonologist,1,,2026-09-09 13:22:08,MATCHING
REQ-001364,PT-713068,Cardiac,Low,54,18.602209,73.754026,FALSE,FALSE,FALSE,FALSE,TRUE,FALSE,FALSE,FALSE,FALSE,,1,,2026-09-09 13:39:20,CREATED
REQ-001365,PT-813573,Stroke,Critical,95,18.582922,73.731707,TRUE,TRUE,FALSE,FALSE,FALSE,TRUE,TRUE,FALSE,FALSE,Neurologist,1,,2026-09-09 13:49:16,CREATED
REQ-001366,PT-836529,Road Accident,Critical,27,18.587219,73.986265,TRUE,TRUE,TRUE,TRUE,FALSE,TRUE,TRUE,TRUE,FALSE,Neurologist,1,AMB-043,2026-09-09 13:53:11,COMPLETED
REQ-001367,PT-588657,Respiratory,Moderate,7,18.610922,73.763677,TRUE,TRUE,TRUE,FALSE,FALSE,FALSE,FALSE,FALSE,TRUE,Pulmonologist,1,,2026-09-09 14:06:50,CREATED
REQ-001368,PT-672147,Respiratory,Low,34,18.539881,73.829721,FALSE,FALSE,TRUE,FALSE,FALSE,FALSE,FALSE,FALSE,FALSE,Pulmonologist,1,,2026-09-09 14:25:07,CREATED
REQ-001369,PT-320130,Respiratory,Moderate,51,18.483207,73.801755,FALSE,TRUE,TRUE,FALSE,FALSE,FALSE,FALSE,FALSE,FALSE,Pulmonologist,1,,2026-09-09 14:26:47,CREATED
REQ-001370,PT-418178,Road Accident,Critical,29,18.647981,73.799454,TRUE,FALSE,TRUE,TRUE,FALSE,FALSE,TRUE,TRUE,FALSE,,1,,2026-09-09 14:27:20,CREATED
REQ-001371,PT-527596,Road Accident,Critical,30,18.769132,73.869109,TRUE,TRUE,TRUE,TRUE,FALSE,FALSE,TRUE,TRUE,FALSE,,1,AMB-022,2026-09-09 14:29:32,COMPLETED
REQ-001372,PT-121801,Road Accident,Critical,42,18.773018,73.873929,TRUE,TRUE,TRUE,TRUE,FALSE,FALSE,FALSE,FALSE,FALSE,Trauma Surgeon,1,AMB-008,2026-09-09 14:29:59,COMPLETED
REQ-001373,PT-167220,Cardiac,Moderate,56,18.597059,73.726422,FALSE,FALSE,TRUE,FALSE,TRUE,FALSE,FALSE,FALSE,FALSE,Cardiologist,1,,2026-09-09 14:30:38,MATCHING
REQ-001374,PT-480000,Road Accident,Critical,34,18.634137,73.806596,TRUE,FALSE,FALSE,FALSE,FALSE,FALSE,TRUE,TRUE,FALSE,Trauma Surgeon,1,,2026-09-09 14:32:07,CREATED
REQ-001375,PT-227039,Cardiac,Moderate,50,18.522957,73.8562,TRUE,FALSE,FALSE,FALSE,FALSE,FALSE,FALSE,FALSE,FALSE,,1,AMB-073,2026-09-09 14:36:55,COMPLETED
REQ-001376,PT-394591,Road Accident,Critical,40,18.517633,73.787657,TRUE,FALSE,TRUE,TRUE,FALSE,TRUE,FALSE,TRUE,FALSE,Trauma Surgeon,1,AMB-055,2026-09-09 14:38:43,COMPLETED
REQ-001377,PT-448642,Road Accident,High,30,18.519198,73.788779,TRUE,FALSE,FALSE,TRUE,FALSE,FALSE,FALSE,TRUE,FALSE,Trauma Surgeon,1,AMB-052,2026-09-09 14:39:10,COMPLETED
REQ-001378,PT-328384,Road Accident,Moderate,36,18.512992,73.932794,FALSE,FALSE,FALSE,FALSE,FALSE,FALSE,TRUE,FALSE,FALSE,,1,,2026-09-09 14:47:39,CREATED
REQ-001379,PT-889520,Cardiac,Moderate,47,18.575121,73.927403,TRUE,FALSE,TRUE,FALSE,TRUE,FALSE,FALSE,FALSE,FALSE,,1,AMB-042,2026-09-09 14:55:42,COMPLETED
REQ-001380,PT-934939,Road Accident,Moderate,39,18.559133,73.780064,FALSE,FALSE,FALSE,FALSE,FALSE,FALSE,FALSE,FALSE,FALSE,General Surgeon,1,,2026-09-09 15:01:06,CREATED
REQ-001381,PT-938217,Respiratory,Critical,48,18.523746,73.925408,TRUE,TRUE,TRUE,FALSE,FALSE,FALSE,FALSE,FALSE,FALSE,Pulmonologist,1,,2026-09-09 15:10:21,MATCHING
REQ-001382,PT-160920,Road Accident,High,20,18.617051,73.792006,TRUE,FALSE,FALSE,TRUE,FALSE,TRUE,TRUE,TRUE,FALSE,,1,,2026-09-09 15:11:46,MATCHING
REQ-001383,PT-694923,Other,Moderate,18,18.633568,73.823372,FALSE,FALSE,FALSE,FALSE,FALSE,FALSE,FALSE,FALSE,FALSE,,1,,2026-09-09 15:16:06,CREATED
REQ-001384,PT-649765,Road Accident,High,47,18.548816,73.748277,TRUE,FALSE,FALSE,TRUE,FALSE,FALSE,FALSE,TRUE,FALSE,Trauma Surgeon,3,,2026-09-09 15:18:03,MATCHING
REQ-001385,PT-844929,Road Accident,Low,28,18.456492,73.928182,FALSE,FALSE,FALSE,TRUE,FALSE,FALSE,FALSE,FALSE,FALSE,,1,AMB-085,2026-09-09 15:25:31,COMPLETED
REQ-001386,PT-414741,Respiratory,Moderate,71,18.547523,73.937061,TRUE,TRUE,TRUE,FALSE,FALSE,FALSE,TRUE,FALSE,FALSE,,1,,2026-09-09 15:31:54,CREATED
REQ-001387,PT-754441,Cardiac,Moderate,75,18.545474,73.873829,FALSE,FALSE,FALSE,FALSE,TRUE,FALSE,FALSE,FALSE,FALSE,,1,AMB-061,2026-09-09 15:34:40,COMPLETED
REQ-001388,PT-170849,Burn,Low,24,18.510882,73.855379,TRUE,FALSE,TRUE,TRUE,FALSE,FALSE,FALSE,FALSE,FALSE,,1,,2026-09-09 15:38:12,CREATED
REQ-001389,PT-958946,Respiratory,High,49,18.532821,73.881225,FALSE,FALSE,TRUE,FALSE,FALSE,FALSE,FALSE,FALSE,FALSE,Pulmonologist,1,,2026-09-09 15:46:24,MATCHING
REQ-001390,PT-772001,Road Accident,Moderate,37,18.576711,73.970977,TRUE,FALSE,FALSE,FALSE,FALSE,FALSE,FALSE,FALSE,FALSE,,1,AMB-019,2026-09-09 16:01:39,COMPLETED
REQ-001391,PT-430138,Cardiac,Critical,74,18.479709,73.889677,TRUE,FALSE,FALSE,FALSE,TRUE,FALSE,FALSE,FALSE,FALSE,Cardiologist,1,,2026-09-09 16:09:57,MATCHING
REQ-001392,PT-288626,Road Accident,High,52,18.557365,73.934951,TRUE,FALSE,FALSE,FALSE,FALSE,FALSE,FALSE,FALSE,FALSE,,1,,2026-09-09 16:11:52,CREATED
REQ-001393,PT-535300,Other,Moderate,77,18.555488,73.791368,FALSE,FALSE,FALSE,FALSE,FALSE,FALSE,FALSE,FALSE,TRUE,Nephrologist,1,,2026-09-09 16:19:46,CREATED
REQ-001394,PT-956844,Road Accident,High,30,18.467931,73.907778,FALSE,FALSE,TRUE,FALSE,FALSE,TRUE,FALSE,TRUE,FALSE,Trauma Surgeon,1,,2026-09-09 16:22:30,CREATED
REQ-001395,PT-511224,Burn,Moderate,14,18.533111,73.791563,TRUE,FALSE,FALSE,FALSE,FALSE,FALSE,TRUE,TRUE,FALSE,,1,,2026-09-09 16:32:01,MATCHING
REQ-001396,PT-848641,Road Accident,Moderate,38,18.512227,73.835172,FALSE,FALSE,FALSE,FALSE,FALSE,FALSE,FALSE,FALSE,FALSE,,1,AMB-034,2026-09-09 16:39:15,COMPLETED
REQ-001397,PT-998691,Cardiac,High,43,18.463346,73.851103,TRUE,TRUE,FALSE,FALSE,TRUE,FALSE,FALSE,FALSE,FALSE,Cardiologist,1,,2026-09-09 16:55:41,MATCHING
REQ-001398,PT-151617,Road Accident,Critical,24,18.5039,73.683461,TRUE,TRUE,TRUE,TRUE,FALSE,FALSE,TRUE,TRUE,FALSE,Trauma Surgeon,1,,2026-09-09 17:11:56,MATCHING
REQ-001399,PT-142075,Other,Moderate,32,18.7067,73.681628,FALSE,FALSE,FALSE,FALSE,FALSE,FALSE,FALSE,FALSE,FALSE,,1,AMB-093,2026-09-09 17:17:03,COMPLETED
REQ-001400,PT-669770,Road Accident,High,30,18.488886,73.782387,FALSE,FALSE,FALSE,TRUE,FALSE,FALSE,TRUE,TRUE,FALSE,,1,,2026-09-09 17:17:24,MATCHING
REQ-001401,PT-609547,Road Accident,Critical,14,18.572486,73.91557,TRUE,FALSE,TRUE,FALSE,FALSE,FALSE,TRUE,TRUE,FALSE,Trauma Surgeon,1,AMB-042,2026-09-09 17:24:47,COMPLETED
REQ-001402,PT-548510,Cardiac,High,84,18.467172,73.892226,FALSE,FALSE,FALSE,FALSE,TRUE,FALSE,FALSE,FALSE,FALSE,Cardiologist,1,AMB-085,2026-09-09 17:26:26,COMPLETED
REQ-001403,PT-699242,Road Accident,High,28,18.448634,73.917494,TRUE,TRUE,FALSE,FALSE,FALSE,FALSE,FALSE,TRUE,FALSE,Trauma Surgeon,1,,2026-09-09 17:36:26,CREATED
REQ-001404,PT-949026,Stroke,Moderate,60,18.585996,73.740193,FALSE,FALSE,FALSE,FALSE,FALSE,TRUE,FALSE,FALSE,FALSE,Neurologist,1,,2026-09-09 17:39:33,CREATED
REQ-001405,PT-826863,Burn,Low,36,18.528604,73.923665,FALSE,FALSE,FALSE,TRUE,FALSE,FALSE,FALSE,FALSE,FALSE,,1,,2026-09-09 17:41:10,CREATED
REQ-001406,PT-143349,Cardiac,Critical,60,18.43991,73.868444,TRUE,FALSE,FALSE,FALSE,TRUE,FALSE,FALSE,TRUE,FALSE,Cardiologist,1,,2026-09-09 17:50:24,MATCHING
REQ-001407,PT-165099,Cardiac,High,29,18.506194,73.924737,TRUE,FALSE,FALSE,FALSE,TRUE,FALSE,FALSE,FALSE,FALSE,Cardiologist,1,,2026-09-09 17:51:30,MATCHING
REQ-001408,PT-185209,Other,Moderate,21,18.560687,73.928791,FALSE,FALSE,FALSE,FALSE,FALSE,FALSE,FALSE,FALSE,FALSE,Cardiologist,1,,2026-09-09 17:57:30,MATCHING
REQ-001409,PT-859035,Road Accident,Moderate,36,18.443831,73.870219,TRUE,FALSE,FALSE,TRUE,FALSE,FALSE,FALSE,FALSE,FALSE,,1,,2026-09-09 17:57:36,CREATED
REQ-001410,PT-490378,Respiratory,Low,85,18.646255,73.776545,FALSE,FALSE,FALSE,FALSE,FALSE,FALSE,FALSE,FALSE,FALSE,,1,,2026-09-09 18:07:51,MATCHING
REQ-001411,PT-588335,Other,Low,38,18.555196,73.86875,FALSE,FALSE,FALSE,FALSE,FALSE,FALSE,FALSE,FALSE,FALSE,,1,AMB-061,2026-09-09 18:10:08,COMPLETED
REQ-001412,PT-631699,Cardiac,Low,86,18.725471,73.652731,TRUE,FALSE,FALSE,FALSE,TRUE,FALSE,FALSE,FALSE,FALSE,,1,,2026-09-09 18:14:58,CREATED
REQ-001413,PT-115768,Other,Low,42,18.622905,73.857482,FALSE,FALSE,FALSE,FALSE,FALSE,FALSE,FALSE,FALSE,FALSE,,1,,2026-09-09 18:17:12,CREATED
REQ-001414,PT-626166,Road Accident,High,31,18.447027,73.856262,TRUE,FALSE,TRUE,TRUE,FALSE,TRUE,FALSE,FALSE,FALSE,,1,,2026-09-09 18:18:30,CREATED
REQ-001415,PT-548426,Road Accident,Critical,51,18.577158,73.987763,TRUE,TRUE,FALSE,TRUE,FALSE,TRUE,TRUE,TRUE,FALSE,Trauma Surgeon,1,,2026-09-09 18:19:44,MATCHING
REQ-001416,PT-647821,Road Accident,Moderate,29,18.603626,73.738062,FALSE,FALSE,FALSE,TRUE,FALSE,FALSE,TRUE,FALSE,FALSE,Trauma Surgeon,1,AMB-028,2026-09-09 18:21:14,COMPLETED
REQ-001417,PT-462492,Respiratory,Moderate,66,18.501583,73.863112,TRUE,FALSE,TRUE,FALSE,TRUE,FALSE,FALSE,FALSE,FALSE,,1,,2026-09-09 18:26:08,MATCHING
REQ-001418,PT-900794,Road Accident,Moderate,34,18.642849,73.785227,FALSE,FALSE,FALSE,FALSE,FALSE,FALSE,FALSE,FALSE,FALSE,General Surgeon,1,,2026-09-09 18:36:15,CREATED
REQ-001419,PT-226868,Road Accident,Low,68,18.481654,73.807048,FALSE,FALSE,FALSE,TRUE,FALSE,FALSE,FALSE,FALSE,FALSE,,1,,2026-09-09 18:57:09,MATCHING
REQ-001420,PT-453184,Burn,Moderate,23,18.505975,73.828481,TRUE,TRUE,FALSE,TRUE,FALSE,FALSE,TRUE,FALSE,TRUE,General Surgeon,1,,2026-09-09 18:57:53,MATCHING
REQ-001421,PT-254659,Cardiac,Critical,51,18.522618,73.949036,TRUE,FALSE,TRUE,FALSE,TRUE,FALSE,FALSE,FALSE,FALSE,Cardiologist,1,,2026-09-09 19:07:01,CREATED
REQ-001422,PT-872620,Other,Low,40,18.510956,73.684296,FALSE,FALSE,FALSE,FALSE,FALSE,FALSE,FALSE,FALSE,FALSE,,1,,2026-09-09 19:08:31,CREATED
REQ-001423,PT-493001,Cardiac,High,68,18.642764,73.828901,TRUE,FALSE,FALSE,FALSE,TRUE,FALSE,FALSE,FALSE,FALSE,,1,,2026-09-09 19:14:08,MATCHING
REQ-001424,PT-681879,Respiratory,Critical,6,18.475702,73.905202,TRUE,FALSE,TRUE,FALSE,TRUE,FALSE,FALSE,FALSE,FALSE,,1,,2026-09-09 19:31:18,MATCHING
REQ-001425,PT-678156,Road Accident,Critical,24,18.530219,73.740433,TRUE,FALSE,FALSE,TRUE,FALSE,FALSE,TRUE,TRUE,FALSE,Trauma Surgeon,1,,2026-09-09 19:31:54,CREATED
REQ-001426,PT-483419,Road Accident,Moderate,29,18.543938,73.900846,FALSE,FALSE,FALSE,FALSE,FALSE,FALSE,TRUE,FALSE,TRUE,,1,,2026-09-09 19:57:29,CREATED
REQ-001427,PT-139380,Other,Moderate,52,18.513951,73.795261,FALSE,FALSE,FALSE,FALSE,FALSE,FALSE,FALSE,FALSE,FALSE,,1,,2026-09-09 20:00:57,MATCHING
REQ-001428,PT-871964,Road Accident,Low,30,18.47532,73.795969,FALSE,FALSE,FALSE,TRUE,FALSE,FALSE,FALSE,FALSE,FALSE,,1,,2026-09-09 20:08:10,MATCHING
REQ-001429,PT-271789,Road Accident,Moderate,28,18.522691,73.686678,TRUE,FALSE,FALSE,FALSE,FALSE,FALSE,FALSE,TRUE,FALSE,,1,,2026-09-09 20:13:44,CREATED
REQ-001430,PT-965906,Respiratory,Low,45,18.766925,73.862501,FALSE,FALSE,TRUE,FALSE,FALSE,FALSE,FALSE,FALSE,FALSE,,1,,2026-09-09 20:19:10,CREATED
REQ-001431,PT-809880,Road Accident,Moderate,20,18.518128,73.861272,FALSE,FALSE,FALSE,FALSE,FALSE,FALSE,FALSE,FALSE,FALSE,Trauma Surgeon,1,AMB-003,2026-09-09 20:26:49,COMPLETED
REQ-001432,PT-167643,Cardiac,Moderate,53,18.581046,73.760655,TRUE,FALSE,FALSE,FALSE,TRUE,FALSE,FALSE,FALSE,FALSE,,1,,2026-09-09 20:33:13,CREATED
REQ-001433,PT-177700,Cardiac,High,45,18.643077,73.812154,TRUE,FALSE,TRUE,FALSE,TRUE,TRUE,FALSE,TRUE,FALSE,,1,,2026-09-09 20:37:26,CREATED
REQ-001434,PT-396590,Respiratory,Critical,84,18.502777,73.929101,TRUE,TRUE,TRUE,FALSE,FALSE,FALSE,FALSE,FALSE,FALSE,Pulmonologist,1,,2026-09-09 20:37:39,MATCHING
REQ-001435,PT-418935,Road Accident,Low,46,18.551726,73.780391,FALSE,FALSE,FALSE,TRUE,FALSE,FALSE,FALSE,FALSE,FALSE,,1,,2026-09-09 20:50:44,CREATED
REQ-001436,PT-961819,Respiratory,High,54,18.561937,73.932368,TRUE,TRUE,FALSE,FALSE,FALSE,FALSE,FALSE,FALSE,FALSE,Pulmonologist,1,,2026-09-09 20:54:59,MATCHING
REQ-001437,PT-645657,Road Accident,Low,37,18.555983,73.871673,FALSE,FALSE,TRUE,FALSE,FALSE,FALSE,FALSE,FALSE,TRUE,,1,,2026-09-09 20:55:01,MATCHING
REQ-001438,PT-337877,Other,Moderate,30,18.521075,73.927219,FALSE,FALSE,TRUE,FALSE,FALSE,FALSE,FALSE,FALSE,FALSE,,1,,2026-09-09 21:08:11,MATCHING
REQ-001439,PT-891120,Stroke,High,58,18.509883,73.934237,FALSE,FALSE,TRUE,FALSE,FALSE,FALSE,FALSE,FALSE,FALSE,Neurologist,1,,2026-09-09 21:10:18,CREATED
REQ-001440,PT-754021,Road Accident,Low,24,18.508357,73.866705,FALSE,FALSE,FALSE,TRUE,FALSE,FALSE,TRUE,FALSE,FALSE,,1,,2026-09-09 21:20:10,MATCHING
REQ-001441,PT-222289,Respiratory,Moderate,2,18.523263,73.921239,TRUE,TRUE,TRUE,FALSE,FALSE,FALSE,FALSE,FALSE,FALSE,Pulmonologist,1,AMB-080,2026-09-09 21:21:53,COMPLETED
REQ-001442,PT-415290,Road Accident,High,21,18.463554,73.861098,FALSE,FALSE,TRUE,TRUE,FALSE,TRUE,FALSE,TRUE,FALSE,,1,,2026-09-09 21:36:01,CREATED
REQ-001443,PT-811486,Road Accident,Low,42,18.568555,73.995324,FALSE,FALSE,FALSE,TRUE,FALSE,FALSE,TRUE,FALSE,FALSE,,1,,2026-09-09 21:36:28,MATCHING
REQ-001444,PT-190050,Cardiac,Critical,76,18.512636,73.931252,TRUE,FALSE,FALSE,FALSE,TRUE,FALSE,TRUE,TRUE,FALSE,,1,,2026-09-09 21:41:10,MATCHING
REQ-001445,PT-934769,Respiratory,High,89,18.608984,73.776284,TRUE,TRUE,TRUE,FALSE,FALSE,FALSE,FALSE,FALSE,FALSE,Pulmonologist,1,,2026-09-09 21:49:35,MATCHING
REQ-001446,PT-440136,Stroke,Moderate,67,18.581947,73.917698,FALSE,FALSE,FALSE,FALSE,FALSE,TRUE,FALSE,FALSE,FALSE,Neurologist,1,,2026-09-09 21:52:44,CREATED
REQ-001447,PT-203608,Road Accident,Moderate,48,18.511723,73.912151,FALSE,FALSE,FALSE,FALSE,FALSE,FALSE,FALSE,FALSE,FALSE,,1,,2026-09-09 21:56:02,CREATED
REQ-001448,PT-226516,Other,Low,38,18.499157,73.855342,FALSE,FALSE,FALSE,FALSE,FALSE,FALSE,FALSE,TRUE,FALSE,General Surgeon,1,,2026-09-09 22:04:56,CREATED
REQ-001449,PT-206020,Road Accident,Critical,33,18.522708,73.907067,TRUE,TRUE,TRUE,TRUE,FALSE,FALSE,TRUE,TRUE,FALSE,Trauma Surgeon,1,,2026-09-09 22:10:10,CREATED
REQ-001450,PT-991900,Respiratory,Moderate,66,18.492752,73.900292,FALSE,FALSE,FALSE,FALSE,FALSE,FALSE,FALSE,FALSE,FALSE,,1,AMB-085,2026-09-09 22:12:50,COMPLETED
REQ-001451,PT-804684,Cardiac,High,59,18.482886,73.81015,TRUE,TRUE,FALSE,FALSE,TRUE,FALSE,TRUE,TRUE,FALSE,,1,,2026-09-09 22:23:51,MATCHING
REQ-001452,PT-429872,Stroke,High,71,18.58606,73.74274,TRUE,FALSE,TRUE,FALSE,TRUE,TRUE,FALSE,TRUE,FALSE,Neurologist,1,,2026-09-09 22:33:08,CREATED
REQ-001453,PT-266996,Stroke,Critical,74,18.733947,73.675834,TRUE,FALSE,FALSE,FALSE,FALSE,TRUE,FALSE,FALSE,FALSE,Neurologist,1,AMB-093,2026-09-09 23:23:33,COMPLETED
REQ-001454,PT-285390,Stroke,Critical,59,18.737297,73.675642,TRUE,FALSE,TRUE,FALSE,FALSE,TRUE,FALSE,FALSE,FALSE,Neurologist,1,AMB-020,2026-09-09 23:23:54,COMPLETED
REQ-001455,PT-416954,Road Accident,Moderate,26,18.451034,73.885886,FALSE,FALSE,FALSE,TRUE,FALSE,FALSE,FALSE,FALSE,FALSE,,1,,2026-09-09 23:31:03,MATCHING
REQ-001456,PT-891244,Road Accident,High,26,18.480083,73.88538,FALSE,FALSE,FALSE,FALSE,FALSE,FALSE,FALSE,TRUE,FALSE,,3,AMB-065,2026-09-09 23:31:48,COMPLETED
REQ-001457,PT-926850,Cardiac,Moderate,57,18.481998,73.8652,FALSE,FALSE,TRUE,FALSE,FALSE,FALSE,FALSE,TRUE,FALSE,,1,AMB-081,2026-09-09 23:36:29,COMPLETED
REQ-001458,PT-769587,Cardiac,High,104,18.571739,73.741028,TRUE,FALSE,TRUE,FALSE,FALSE,FALSE,FALSE,FALSE,FALSE,Cardiologist,1,,2026-09-09 23:57:12,CREATED
REQ-001459,PT-526999,Road Accident,High,20,18.449279,73.827416,FALSE,FALSE,FALSE,FALSE,FALSE,FALSE,TRUE,TRUE,FALSE,Trauma Surgeon,1,,2026-09-10 00:38:16,MATCHING
REQ-001460,PT-392610,Road Accident,Low,33,18.575443,73.975276,FALSE,FALSE,FALSE,TRUE,FALSE,FALSE,TRUE,TRUE,FALSE,,1,,2026-09-10 00:51:33,MATCHING
REQ-001461,PT-131090,Burn,Critical,84,18.730024,73.684501,TRUE,TRUE,TRUE,TRUE,FALSE,TRUE,TRUE,TRUE,FALSE,Neurologist,1,AMB-093,2026-09-10 01:40:32,COMPLETED
REQ-001462,PT-529428,Cardiac,High,51,18.595999,73.756041,TRUE,FALSE,FALSE,FALSE,TRUE,FALSE,FALSE,FALSE,FALSE,,1,,2026-09-10 02:35:39,CREATED
REQ-001463,PT-619895,Stroke,Moderate,75,18.563716,73.908687,FALSE,FALSE,TRUE,TRUE,FALSE,TRUE,FALSE,FALSE,FALSE,Neurologist,1,,2026-09-10 02:42:40,MATCHING
REQ-001464,PT-141923,Stroke,Moderate,80,18.545501,73.801989,TRUE,FALSE,FALSE,FALSE,FALSE,TRUE,FALSE,FALSE,FALSE,Neurologist,1,AMB-026,2026-09-10 03:59:27,COMPLETED
REQ-001465,PT-311976,Stroke,High,53,18.506459,73.935707,TRUE,FALSE,FALSE,FALSE,FALSE,TRUE,FALSE,FALSE,FALSE,,1,,2026-09-10 04:25:45,MATCHING
REQ-001466,PT-885900,Cardiac,Critical,62,18.53949,73.857953,TRUE,FALSE,TRUE,FALSE,TRUE,FALSE,FALSE,FALSE,FALSE,Cardiologist,1,,2026-09-10 04:45:06,MATCHING
REQ-001467,PT-922868,Road Accident,High,36,18.469433,73.790422,FALSE,FALSE,FALSE,FALSE,FALSE,FALSE,FALSE,FALSE,FALSE,Trauma Surgeon,1,,2026-09-10 05:19:40,MATCHING
REQ-001468,PT-704525,Road Accident,Moderate,57,18.534915,73.855272,FALSE,FALSE,FALSE,FALSE,FALSE,FALSE,FALSE,FALSE,FALSE,,1,AMB-021,2026-09-10 05:43:46,COMPLETED
REQ-001469,PT-564596,Road Accident,Moderate,43,18.755323,73.856205,FALSE,FALSE,TRUE,TRUE,FALSE,TRUE,FALSE,TRUE,FALSE,Trauma Surgeon,1,AMB-008,2026-09-10 05:56:24,COMPLETED
REQ-001470,PT-995930,Road Accident,Moderate,32,18.787914,73.863826,TRUE,TRUE,FALSE,TRUE,FALSE,FALSE,FALSE,FALSE,FALSE,General Surgeon,1,AMB-022,2026-09-10 06:07:21,COMPLETED
REQ-001471,PT-767087,Stroke,Moderate,60,18.515599,73.669767,FALSE,FALSE,FALSE,FALSE,FALSE,TRUE,FALSE,FALSE,FALSE,,1,,2026-09-10 06:41:02,CREATED
REQ-001472,PT-731260,Respiratory,High,64,18.645221,73.801949,FALSE,TRUE,TRUE,FALSE,FALSE,FALSE,FALSE,FALSE,FALSE,Pulmonologist,1,AMB-049,2026-09-10 06:46:06,COMPLETED
REQ-001473,PT-811623,Burn,Moderate,61,18.566038,73.931471,TRUE,TRUE,FALSE,TRUE,FALSE,FALSE,FALSE,TRUE,FALSE,,1,,2026-09-10 07:11:37,CREATED
REQ-001474,PT-601886,Road Accident,Low,53,18.482721,73.81258,FALSE,FALSE,FALSE,FALSE,FALSE,FALSE,FALSE,FALSE,FALSE,,1,,2026-09-10 07:22:20,CREATED
REQ-001475,PT-387153,Cardiac,High,54,18.604413,73.769681,TRUE,FALSE,TRUE,FALSE,TRUE,FALSE,FALSE,TRUE,FALSE,,1,,2026-09-10 07:31:53,CREATED
REQ-001476,PT-509985,Respiratory,Moderate,75,18.545856,73.817495,TRUE,TRUE,TRUE,FALSE,FALSE,FALSE,FALSE,FALSE,FALSE,,1,,2026-09-10 07:34:25,CREATED
REQ-001477,PT-813855,Road Accident,Critical,28,18.773009,73.849172,FALSE,FALSE,TRUE,TRUE,FALSE,FALSE,TRUE,TRUE,FALSE,Trauma Surgeon,2,AMB-022,2026-09-10 07:40:03,COMPLETED
REQ-001478,PT-939133,Stroke,High,75,18.55737,73.865441,TRUE,FALSE,FALSE,FALSE,FALSE,FALSE,FALSE,FALSE,FALSE,Neurologist,1,,2026-09-10 07:59:30,MATCHING
REQ-001479,PT-969636,Cardiac,Critical,67,18.626716,73.858939,TRUE,FALSE,TRUE,FALSE,TRUE,FALSE,FALSE,FALSE,FALSE,Cardiologist,1,,2026-09-10 08:13:55,MATCHING
REQ-001480,PT-742024,Road Accident,Moderate,28,18.588704,73.758307,TRUE,TRUE,FALSE,TRUE,FALSE,FALSE,FALSE,FALSE,FALSE,,1,,2026-09-10 08:16:41,MATCHING
REQ-001481,PT-678507,Other,Critical,104,18.553759,73.981377,TRUE,TRUE,FALSE,TRUE,FALSE,TRUE,TRUE,TRUE,TRUE,Neurologist,1,,2026-09-10 08:37:03,MATCHING
REQ-001482,PT-418198,Road Accident,High,37,18.557718,73.971423,TRUE,FALSE,FALSE,TRUE,FALSE,TRUE,FALSE,TRUE,FALSE,,1,,2026-09-10 08:37:43,MATCHING
REQ-001483,PT-602886,Road Accident,High,43,18.594422,73.743979,FALSE,FALSE,TRUE,FALSE,FALSE,FALSE,TRUE,TRUE,FALSE,,1,,2026-09-10 08:37:56,MATCHING
REQ-001484,PT-251666,Road Accident,Moderate,31,18.472942,73.907815,FALSE,FALSE,FALSE,TRUE,FALSE,FALSE,FALSE,FALSE,FALSE,General Surgeon,1,,2026-09-10 08:38:25,MATCHING
REQ-001485,PT-245601,Cardiac,High,75,18.585074,73.744473,TRUE,TRUE,TRUE,FALSE,TRUE,FALSE,FALSE,TRUE,FALSE,Cardiologist,1,AMB-007,2026-09-10 08:41:44,COMPLETED
REQ-001486,PT-251409,Road Accident,High,30,18.612484,73.729275,TRUE,FALSE,FALSE,TRUE,FALSE,FALSE,FALSE,FALSE,FALSE,General Surgeon,1,,2026-09-10 08:43:30,MATCHING
REQ-001487,PT-488720,Other,High,19,18.515086,73.814381,TRUE,FALSE,FALSE,FALSE,FALSE,FALSE,FALSE,FALSE,FALSE,Cardiologist,1,,2026-09-10 08:49:21,MATCHING
REQ-001488,PT-817860,Cardiac,High,97,18.59298,74.002062,TRUE,TRUE,TRUE,FALSE,TRUE,FALSE,TRUE,FALSE,FALSE,,1,,2026-09-10 09:00:47,CREATED
REQ-001489,PT-712545,Cardiac,Moderate,66,18.564947,73.809442,TRUE,TRUE,TRUE,FALSE,FALSE,FALSE,FALSE,FALSE,FALSE,Cardiologist,1,AMB-005,2026-09-10 09:17:44,COMPLETED
REQ-001490,PT-443580,Burn,High,24,18.64856,73.795916,TRUE,FALSE,TRUE,TRUE,FALSE,FALSE,FALSE,TRUE,FALSE,General Surgeon,1,AMB-049,2026-09-10 09:20:36,COMPLETED
REQ-001491,PT-304160,Other,High,24,18.766544,73.850878,TRUE,TRUE,TRUE,FALSE,TRUE,FALSE,FALSE,FALSE,TRUE,Nephrologist,1,,2026-09-10 09:24:00,CREATED
REQ-001492,PT-477046,Respiratory,High,72,18.556323,73.787238,FALSE,FALSE,TRUE,FALSE,FALSE,FALSE,FALSE,FALSE,TRUE,Pulmonologist,1,AMB-040,2026-09-10 09:25:29,COMPLETED
REQ-001493,PT-931595,Stroke,High,57,18.512949,73.91494,TRUE,TRUE,FALSE,FALSE,FALSE,TRUE,FALSE,TRUE,FALSE,Neurologist,1,,2026-09-10 09:26:41,CREATED
REQ-001494,PT-841100,Respiratory,Moderate,45,18.525476,73.932823,FALSE,FALSE,TRUE,FALSE,FALSE,FALSE,FALSE,FALSE,FALSE,Pulmonologist,1,,2026-09-10 09:35:16,CREATED
REQ-001495,PT-975295,Other,Low,61,18.466664,73.891408,FALSE,FALSE,FALSE,FALSE,FALSE,FALSE,FALSE,FALSE,FALSE,,1,,2026-09-10 09:36:36,MATCHING
REQ-001496,PT-553964,Cardiac,High,59,18.609888,73.784139,TRUE,FALSE,TRUE,FALSE,TRUE,FALSE,FALSE,FALSE,FALSE,Cardiologist,1,,2026-09-10 09:50:06,CREATED
REQ-001497,PT-265225,Stroke,Low,55,18.662376,73.765256,FALSE,FALSE,FALSE,FALSE,FALSE,TRUE,FALSE,FALSE,FALSE,,1,,2026-09-10 09:53:11,CREATED
REQ-001498,PT-532613,Cardiac,Critical,80,18.636008,73.809321,TRUE,FALSE,FALSE,FALSE,TRUE,FALSE,FALSE,FALSE,FALSE,Cardiologist,1,,2026-09-10 10:01:19,MATCHING
REQ-001499,PT-315690,Road Accident,Critical,21,18.476699,73.868716,TRUE,FALSE,TRUE,TRUE,FALSE,TRUE,TRUE,TRUE,FALSE,Trauma Surgeon,1,,2026-09-10 10:02:29,CREATED
REQ-001500,PT-599136,Cardiac,High,67,18.566763,73.791358,FALSE,FALSE,FALSE,FALSE,FALSE,FALSE,FALSE,TRUE,FALSE,Cardiologist,1,,2026-09-10 10:09:23,CREATED
REQ-001501,PT-810785,Stroke,Critical,61,18.477907,73.82037,TRUE,FALSE,FALSE,FALSE,FALSE,FALSE,TRUE,FALSE,FALSE,Neurologist,1,,2026-09-10 10:13:49,MATCHING
REQ-001502,PT-935363,Road Accident,Moderate,35,18.504174,73.686007,FALSE,FALSE,FALSE,FALSE,FALSE,FALSE,TRUE,TRUE,FALSE,,1,,2026-09-10 10:15:51,MATCHING
REQ-001503,PT-812382,Road Accident,High,70,18.617795,73.820331,TRUE,FALSE,TRUE,FALSE,FALSE,FALSE,FALSE,FALSE,FALSE,Trauma Surgeon,1,AMB-035,2026-09-10 10:17:37,COMPLETED
REQ-001504,PT-285016,Stroke,Critical,76,18.531811,73.943455,TRUE,FALSE,TRUE,FALSE,TRUE,TRUE,FALSE,FALSE,FALSE,Neurologist,1,,2026-09-10 10:19:59,MATCHING
REQ-001505,PT-910622,Road Accident,Moderate,41,18.642124,73.769604,FALSE,FALSE,FALSE,TRUE,FALSE,FALSE,FALSE,FALSE,FALSE,,1,AMB-001,2026-09-10 10:21:40,COMPLETED
REQ-001506,PT-208263,Cardiac,Moderate,35,18.506801,73.835362,FALSE,FALSE,FALSE,FALSE,TRUE,FALSE,FALSE,FALSE,FALSE,Cardiologist,1,,2026-09-10 10:31:19,CREATED
REQ-001507,PT-309831,Cardiac,High,61,18.497621,73.805813,TRUE,FALSE,FALSE,FALSE,TRUE,FALSE,FALSE,TRUE,FALSE,,1,,2026-09-10 10:39:46,CREATED
REQ-001508,PT-577458,Road Accident,Moderate,13,18.509784,73.663131,TRUE,FALSE,TRUE,TRUE,FALSE,FALSE,FALSE,TRUE,FALSE,,1,,2026-09-10 10:46:56,CREATED
REQ-001509,PT-494869,Road Accident,Low,34,18.736443,73.690847,FALSE,FALSE,FALSE,TRUE,FALSE,FALSE,TRUE,FALSE,FALSE,,1,,2026-09-10 11:04:58,CREATED
REQ-001510,PT-757008,Cardiac,Moderate,61,18.653266,73.787576,TRUE,FALSE,FALSE,FALSE,TRUE,FALSE,FALSE,FALSE,FALSE,Cardiologist,1,,2026-09-10 11:12:39,CREATED
REQ-001511,PT-652599,Road Accident,High,35,18.784333,73.859671,TRUE,FALSE,TRUE,TRUE,FALSE,FALSE,FALSE,FALSE,FALSE,,1,,2026-09-10 11:23:37,MATCHING
REQ-001512,PT-195315,Other,High,42,18.49194,73.877294,TRUE,FALSE,TRUE,FALSE,FALSE,FALSE,FALSE,FALSE,TRUE,General Surgeon,1,AMB-065,2026-09-10 11:37:26,COMPLETED
REQ-001513,PT-182318,Road Accident,Moderate,46,18.452847,73.855402,FALSE,FALSE,FALSE,FALSE,FALSE,FALSE,TRUE,FALSE,FALSE,,1,AMB-074,2026-09-10 11:45:21,COMPLETED
REQ-001514,PT-635433,Respiratory,Low,32,18.525095,73.722839,FALSE,FALSE,TRUE,FALSE,FALSE,FALSE,FALSE,FALSE,FALSE,,1,AMB-076,2026-09-10 11:46:22,COMPLETED
REQ-001515,PT-128450,Road Accident,Moderate,42,18.540453,73.777919,FALSE,FALSE,TRUE,FALSE,FALSE,FALSE,FALSE,FALSE,FALSE,,1,,2026-09-10 12:25:01,CREATED
REQ-001516,PT-555538,Other,Moderate,9,18.528629,73.729556,FALSE,FALSE,FALSE,FALSE,FALSE,FALSE,FALSE,FALSE,FALSE,Pulmonologist,1,,2026-09-10 12:25:30,CREATED
REQ-001517,PT-507684,Cardiac,Critical,57,18.497426,73.926857,TRUE,FALSE,TRUE,FALSE,TRUE,FALSE,FALSE,FALSE,FALSE,,1,AMB-091,2026-09-10 12:33:43,COMPLETED
REQ-001518,PT-188028,Burn,Critical,64,18.633063,73.786098,TRUE,FALSE,TRUE,FALSE,FALSE,FALSE,FALSE,TRUE,TRUE,General Surgeon,1,,2026-09-10 12:42:11,MATCHING
REQ-001519,PT-681962,Cardiac,Critical,85,18.656177,73.839392,TRUE,TRUE,FALSE,FALSE,TRUE,FALSE,FALSE,FALSE,FALSE,Cardiologist,1,,2026-09-10 12:43:21,CREATED
REQ-001520,PT-706198,Stroke,High,66,18.55147,73.777873,FALSE,FALSE,FALSE,FALSE,FALSE,FALSE,FALSE,FALSE,FALSE,Neurologist,1,AMB-051,2026-09-10 12:48:30,COMPLETED
REQ-001521,PT-896610,Cardiac,High,61,18.456952,73.876013,TRUE,TRUE,FALSE,FALSE,TRUE,FALSE,FALSE,FALSE,FALSE,,1,,2026-09-10 13:02:48,MATCHING
REQ-001522,PT-836396,Respiratory,High,76,18.6447,73.798352,TRUE,TRUE,TRUE,FALSE,FALSE,FALSE,FALSE,FALSE,FALSE,Pulmonologist,1,AMB-049,2026-09-10 13:06:54,COMPLETED
REQ-001523,PT-856855,Respiratory,High,0,18.474755,73.852728,TRUE,TRUE,TRUE,FALSE,FALSE,FALSE,FALSE,FALSE,TRUE,Pulmonologist,1,AMB-081,2026-09-10 13:09:18,COMPLETED
REQ-001524,PT-502504,Other,Moderate,43,18.598191,73.776441,TRUE,TRUE,FALSE,FALSE,FALSE,FALSE,FALSE,FALSE,FALSE,General Surgeon,1,,2026-09-10 13:11:55,CREATED
REQ-001525,PT-340098,Respiratory,High,81,18.639829,73.789931,TRUE,TRUE,TRUE,TRUE,FALSE,FALSE,FALSE,FALSE,FALSE,,1,,2026-09-10 13:17:18,MATCHING
REQ-001526,PT-271251,Stroke,High,54,18.498751,73.795311,TRUE,FALSE,FALSE,FALSE,FALSE,TRUE,FALSE,FALSE,FALSE,Neurologist,1,,2026-09-10 13:18:02,CREATED
REQ-001527,PT-548259,Other,Moderate,47,18.510129,73.842753,FALSE,FALSE,FALSE,FALSE,FALSE,FALSE,FALSE,FALSE,TRUE,Nephrologist,1,,2026-09-10 13:51:37,CREATED
REQ-001528,PT-586172,Respiratory,Moderate,46,18.583961,73.733523,FALSE,FALSE,TRUE,FALSE,FALSE,FALSE,FALSE,FALSE,FALSE,,1,AMB-075,2026-09-10 14:00:40,COMPLETED
REQ-001529,PT-845127,Respiratory,Moderate,76,18.527185,73.845755,TRUE,TRUE,TRUE,FALSE,TRUE,FALSE,FALSE,FALSE,FALSE,Pulmonologist,1,AMB-016,2026-09-10 14:33:41,COMPLETED
REQ-001530,PT-865926,Road Accident,Critical,39,18.618225,73.784577,TRUE,TRUE,TRUE,TRUE,TRUE,FALSE,TRUE,TRUE,FALSE,Trauma Surgeon,3,,2026-09-10 14:53:06,CREATED
REQ-001531,PT-175876,Respiratory,Moderate,7,18.51735,73.83446,FALSE,FALSE,TRUE,FALSE,FALSE,FALSE,FALSE,FALSE,FALSE,,1,,2026-09-10 15:03:37,CREATED
REQ-001532,PT-696645,Stroke,Critical,62,18.639773,73.776025,TRUE,FALSE,FALSE,FALSE,FALSE,TRUE,FALSE,FALSE,FALSE,,1,,2026-09-10 15:17:51,CREATED
REQ-001533,PT-305021,Respiratory,Moderate,81,18.561584,73.800094,FALSE,FALSE,TRUE,FALSE,FALSE,FALSE,FALSE,FALSE,FALSE,,1,,2026-09-10 15:33:25,MATCHING
REQ-001534,PT-737441,Road Accident,High,41,18.509176,73.937202,FALSE,FALSE,FALSE,TRUE,FALSE,FALSE,FALSE,TRUE,FALSE,,1,,2026-09-10 15:34:35,CREATED
REQ-001535,PT-131518,Road Accident,High,60,18.449048,73.926941,TRUE,TRUE,FALSE,FALSE,FALSE,FALSE,FALSE,FALSE,FALSE,,1,,2026-09-10 15:44:02,MATCHING
REQ-001536,PT-681166,Cardiac,High,64,18.735827,73.687318,TRUE,FALSE,FALSE,FALSE,TRUE,FALSE,FALSE,TRUE,FALSE,Cardiologist,1,,2026-09-10 15:46:50,NO_MATCH
REQ-001537,PT-854956,Road Accident,High,19,18.526125,73.928104,FALSE,FALSE,FALSE,FALSE,FALSE,TRUE,TRUE,TRUE,FALSE,,1,,2026-09-10 15:52:23,MATCHING
REQ-001538,PT-372509,Stroke,High,74,18.507063,73.799776,FALSE,FALSE,TRUE,FALSE,FALSE,TRUE,FALSE,FALSE,FALSE,,1,,2026-09-10 16:01:20,CREATED
REQ-001539,PT-380935,Road Accident,High,38,18.521728,73.665125,FALSE,FALSE,FALSE,TRUE,FALSE,FALSE,FALSE,TRUE,TRUE,,1,,2026-09-10 16:08:15,CREATED
REQ-001540,PT-811295,Stroke,Moderate,68,18.585321,73.989548,TRUE,FALSE,FALSE,FALSE,FALSE,TRUE,FALSE,FALSE,FALSE,,1,,2026-09-10 16:16:33,CREATED
REQ-001541,PT-912292,Other,High,31,18.538016,73.888541,FALSE,FALSE,FALSE,FALSE,FALSE,FALSE,FALSE,FALSE,FALSE,General Surgeon,1,,2026-09-10 16:24:31,MATCHING
REQ-001542,PT-925767,Respiratory,Moderate,63,18.453121,73.875577,FALSE,FALSE,TRUE,FALSE,FALSE,FALSE,FALSE,FALSE,FALSE,Pulmonologist,1,,2026-09-10 16:30:45,CREATED
REQ-001543,PT-407565,Respiratory,High,76,18.496526,73.865784,TRUE,FALSE,FALSE,FALSE,FALSE,FALSE,FALSE,FALSE,FALSE,Pulmonologist,1,,2026-09-10 16:36:44,MATCHING
REQ-001544,PT-887602,Other,Low,40,18.619963,73.788171,FALSE,FALSE,FALSE,FALSE,FALSE,FALSE,FALSE,FALSE,FALSE,Cardiologist,1,,2026-09-10 16:36:52,CREATED
REQ-001545,PT-269274,Respiratory,Low,68,18.630274,73.851238,FALSE,FALSE,FALSE,FALSE,FALSE,FALSE,FALSE,FALSE,FALSE,,1,AMB-024,2026-09-10 16:51:04,COMPLETED
REQ-001546,PT-580897,Road Accident,Moderate,19,18.596107,73.746098,FALSE,FALSE,FALSE,TRUE,FALSE,FALSE,FALSE,FALSE,FALSE,,1,,2026-09-10 16:59:45,MATCHING
REQ-001547,PT-468753,Road Accident,Low,25,18.766169,73.681216,FALSE,FALSE,FALSE,FALSE,FALSE,FALSE,FALSE,FALSE,FALSE,,1,,2026-09-10 17:01:28,MATCHING
REQ-001548,PT-182178,Respiratory,Moderate,5,18.766648,73.854323,TRUE,TRUE,TRUE,FALSE,FALSE,FALSE,FALSE,FALSE,FALSE,Pulmonologist,1,AMB-022,2026-09-10 17:10:01,NO_MATCH
REQ-001549,PT-676560,Respiratory,Critical,5,18.4784,73.90055,TRUE,TRUE,TRUE,FALSE,FALSE,FALSE,FALSE,FALSE,FALSE,Pulmonologist,1,,2026-09-10 17:10:05,CREATED
REQ-001550,PT-356223,Respiratory,Low,67,18.625469,73.800388,TRUE,TRUE,TRUE,FALSE,FALSE,FALSE,FALSE,FALSE,FALSE,,1,,2026-09-10 17:35:54,MATCHING
REQ-001551,PT-275657,Respiratory,Critical,74,18.448699,73.901312,TRUE,FALSE,TRUE,FALSE,FALSE,FALSE,FALSE,FALSE,FALSE,Pulmonologist,1,,2026-09-10 17:40:11,MATCHING
REQ-001552,PT-589054,Road Accident,High,21,18.511085,73.794869,TRUE,TRUE,TRUE,TRUE,FALSE,FALSE,TRUE,FALSE,FALSE,Trauma Surgeon,1,,2026-09-10 17:40:36,MATCHING
REQ-001553,PT-785871,Stroke,Critical,67,18.57901,73.913603,TRUE,FALSE,FALSE,FALSE,FALSE,TRUE,FALSE,FALSE,FALSE,Neurologist,1,AMB-042,2026-09-10 17:41:22,COMPLETED
REQ-001554,PT-986287,Road Accident,High,19,18.528137,73.839538,TRUE,FALSE,FALSE,TRUE,FALSE,FALSE,TRUE,TRUE,FALSE,Trauma Surgeon,3,,2026-09-10 17:47:57,CREATED
REQ-001555,PT-476923,Cardiac,Moderate,68,18.596403,73.764949,FALSE,TRUE,FALSE,FALSE,TRUE,FALSE,FALSE,FALSE,FALSE,Cardiologist,1,,2026-09-10 17:51:24,CREATED
REQ-001556,PT-225021,Stroke,Low,73,18.566665,73.789198,FALSE,FALSE,FALSE,FALSE,FALSE,TRUE,FALSE,FALSE,FALSE,,1,,2026-09-10 17:51:50,MATCHING
REQ-001557,PT-597155,Other,Moderate,46,18.605663,73.719959,FALSE,FALSE,FALSE,FALSE,FALSE,FALSE,FALSE,FALSE,FALSE,,1,,2026-09-10 18:13:04,CREATED
REQ-001558,PT-777647,Road Accident,Critical,66,18.507056,73.669164,TRUE,TRUE,TRUE,TRUE,FALSE,TRUE,TRUE,TRUE,FALSE,Trauma Surgeon,1,,2026-09-10 18:13:49,CREATED
REQ-001559,PT-702288,Cardiac,High,58,18.555431,73.912218,TRUE,TRUE,TRUE,FALSE,TRUE,FALSE,FALSE,FALSE,FALSE,Cardiologist,1,,2026-09-10 18:21:16,MATCHING
REQ-001560,PT-523030,Road Accident,Critical,22,18.645168,73.789421,TRUE,FALSE,TRUE,TRUE,TRUE,TRUE,TRUE,TRUE,FALSE,Trauma Surgeon,1,,2026-09-10 18:35:21,NO_MATCH
REQ-001561,PT-347804,Respiratory,High,1,18.572454,73.762851,FALSE,FALSE,TRUE,FALSE,FALSE,FALSE,FALSE,FALSE,FALSE,Pulmonologist,1,,2026-09-10 18:36:22,MATCHING
REQ-001562,PT-773590,Cardiac,Moderate,69,18.552477,73.886634,FALSE,FALSE,TRUE,FALSE,FALSE,FALSE,TRUE,FALSE,FALSE,,1,,2026-09-10 18:42:15,CREATED
REQ-001563,PT-298731,Respiratory,Moderate,7,18.766211,73.872267,TRUE,TRUE,TRUE,FALSE,FALSE,FALSE,FALSE,FALSE,FALSE,Pulmonologist,1,,2026-09-10 19:02:03,MATCHING
REQ-001564,PT-967746,Other,Low,14,18.538454,73.847557,FALSE,FALSE,FALSE,FALSE,FALSE,FALSE,FALSE,FALSE,FALSE,Pulmonologist,1,,2026-09-10 19:07:31,CREATED
REQ-001565,PT-470430,Cardiac,Moderate,72,18.624727,73.845016,TRUE,FALSE,FALSE,FALSE,TRUE,FALSE,FALSE,FALSE,FALSE,Cardiologist,1,AMB-032,2026-09-10 19:19:51,COMPLETED
REQ-001566,PT-998471,Other,Moderate,49,18.547253,73.863432,FALSE,FALSE,TRUE,FALSE,FALSE,FALSE,FALSE,FALSE,FALSE,,1,,2026-09-10 19:29:55,MATCHING
REQ-001567,PT-449971,Road Accident,High,30,18.464681,73.869603,FALSE,FALSE,FALSE,TRUE,FALSE,FALSE,FALSE,TRUE,FALSE,,1,,2026-09-10 20:02:13,MATCHING
REQ-001568,PT-576128,Road Accident,Critical,48,18.512406,73.694033,TRUE,FALSE,FALSE,TRUE,FALSE,TRUE,TRUE,FALSE,FALSE,,1,,2026-09-10 20:16:29,MATCHING
REQ-001569,PT-731871,Cardiac,Low,62,18.56289,73.863658,FALSE,FALSE,FALSE,FALSE,TRUE,FALSE,FALSE,FALSE,FALSE,,1,AMB-027,2026-09-10 20:21:47,COMPLETED
REQ-001570,PT-406976,Respiratory,Critical,2,18.531738,73.938162,TRUE,TRUE,TRUE,FALSE,FALSE,FALSE,FALSE,FALSE,FALSE,Pulmonologist,1,,2026-09-10 20:22:02,MATCHING
REQ-001571,PT-962308,Stroke,High,66,18.491641,73.842186,FALSE,FALSE,FALSE,FALSE,FALSE,TRUE,FALSE,FALSE,FALSE,Neurologist,1,AMB-003,2026-09-10 20:33:54,COMPLETED
REQ-001572,PT-451001,Cardiac,Critical,65,18.63616,73.860096,TRUE,TRUE,FALSE,FALSE,TRUE,FALSE,FALSE,TRUE,FALSE,Cardiologist,1,,2026-09-10 20:37:12,CREATED
REQ-001573,PT-645599,Road Accident,High,19,18.524841,73.790801,FALSE,FALSE,FALSE,FALSE,FALSE,TRUE,FALSE,TRUE,FALSE,Trauma Surgeon,2,AMB-055,2026-09-10 20:38:59,COMPLETED
REQ-001574,PT-304241,Respiratory,High,1,18.543671,73.875899,TRUE,TRUE,TRUE,FALSE,FALSE,FALSE,FALSE,FALSE,FALSE,,1,,2026-09-10 20:45:26,MATCHING
REQ-001575,PT-159748,Road Accident,Critical,56,18.450751,73.878115,TRUE,FALSE,FALSE,TRUE,FALSE,FALSE,TRUE,TRUE,FALSE,General Surgeon,1,AMB-072,2026-09-10 20:50:13,COMPLETED
REQ-001576,PT-604533,Road Accident,Low,56,18.455595,73.879652,TRUE,FALSE,FALSE,TRUE,FALSE,FALSE,FALSE,TRUE,FALSE,,1,,2026-09-10 21:00:23,CREATED
REQ-001577,PT-441003,Road Accident,Critical,22,18.49272,73.868686,TRUE,TRUE,TRUE,TRUE,FALSE,FALSE,TRUE,TRUE,FALSE,Trauma Surgeon,1,AMB-065,2026-09-10 21:20:22,COMPLETED
REQ-001578,PT-729232,Road Accident,Critical,20,18.492858,73.870689,TRUE,FALSE,TRUE,TRUE,FALSE,TRUE,TRUE,TRUE,FALSE,Trauma Surgeon,1,AMB-068,2026-09-10 21:20:56,NO_MATCH
REQ-001579,PT-656681,Road Accident,High,18,18.568537,73.786641,TRUE,TRUE,FALSE,TRUE,FALSE,TRUE,TRUE,TRUE,FALSE,Trauma Surgeon,3,AMB-040,2026-09-10 21:29:01,COMPLETED
REQ-001580,PT-686447,Road Accident,Moderate,28,18.758067,73.857124,FALSE,FALSE,FALSE,TRUE,FALSE,FALSE,FALSE,FALSE,FALSE,Trauma Surgeon,1,,2026-09-10 21:42:39,MATCHING
REQ-001581,PT-743796,Respiratory,Low,1,18.460318,73.885765,FALSE,FALSE,TRUE,FALSE,FALSE,FALSE,TRUE,FALSE,FALSE,,1,,2026-09-10 21:52:09,MATCHING
REQ-001582,PT-233753,Other,Low,33,18.55842,73.787059,FALSE,FALSE,FALSE,FALSE,FALSE,FALSE,FALSE,FALSE,FALSE,,1,AMB-051,2026-09-10 21:56:22,COMPLETED
REQ-001583,PT-772344,Road Accident,High,13,18.568108,73.802758,TRUE,FALSE,FALSE,FALSE,FALSE,FALSE,FALSE,FALSE,FALSE,,1,,2026-09-10 22:01:52,MATCHING
REQ-001584,PT-803199,Respiratory,Moderate,7,18.513328,73.937361,FALSE,FALSE,FALSE,FALSE,FALSE,FALSE,FALSE,FALSE,FALSE,Pulmonologist,1,,2026-09-10 22:11:43,CREATED
REQ-001585,PT-249202,Stroke,Critical,41,18.50754,73.876354,TRUE,FALSE,FALSE,FALSE,FALSE,TRUE,FALSE,FALSE,FALSE,,1,AMB-068,2026-09-10 22:13:10,COMPLETED
REQ-001586,PT-368918,Other,High,62,18.736405,73.676097,TRUE,TRUE,FALSE,FALSE,FALSE,FALSE,FALSE,FALSE,TRUE,General Surgeon,1,,2026-09-10 22:14:04,MATCHING
REQ-001587,PT-974185,Other,Moderate,31,18.454405,73.843533,FALSE,FALSE,FALSE,FALSE,FALSE,FALSE,FALSE,FALSE,FALSE,,1,,2026-09-10 22:29:52,CREATED
REQ-001588,PT-373450,Road Accident,High,46,18.512619,73.807304,TRUE,FALSE,FALSE,TRUE,FALSE,FALSE,FALSE,TRUE,FALSE,General Surgeon,1,,2026-09-10 22:31:19,MATCHING
REQ-001589,PT-894885,Burn,Low,31,18.557954,73.818776,FALSE,FALSE,TRUE,TRUE,FALSE,FALSE,FALSE,FALSE,FALSE,,1,,2026-09-10 22:38:02,CREATED
REQ-001590,PT-759654,Stroke,Critical,68,18.532324,73.696472,TRUE,FALSE,FALSE,FALSE,TRUE,TRUE,FALSE,FALSE,TRUE,Neurologist,1,,2026-09-10 22:39:23,CREATED
REQ-001591,PT-164515,Respiratory,Moderate,4,18.538165,73.930887,TRUE,TRUE,TRUE,FALSE,FALSE,FALSE,FALSE,FALSE,FALSE,,1,AMB-098,2026-09-10 22:52:45,COMPLETED
REQ-001592,PT-771147,Road Accident,Critical,40,18.507478,73.874414,TRUE,FALSE,FALSE,TRUE,FALSE,FALSE,TRUE,TRUE,FALSE,,1,,2026-09-10 23:04:10,CREATED
REQ-001593,PT-611660,Cardiac,Moderate,63,18.570956,73.803817,TRUE,FALSE,FALSE,FALSE,TRUE,TRUE,FALSE,FALSE,FALSE,Cardiologist,1,,2026-09-10 23:04:23,MATCHING
REQ-001594,PT-716826,Stroke,Critical,76,18.5111,73.884631,TRUE,TRUE,TRUE,FALSE,FALSE,TRUE,FALSE,FALSE,FALSE,Neurologist,1,AMB-088,2026-09-10 23:05:12,COMPLETED
REQ-001595,PT-782009,Respiratory,High,4,18.46648,73.920123,TRUE,TRUE,FALSE,FALSE,FALSE,FALSE,FALSE,FALSE,FALSE,,1,AMB-085,2026-09-10 23:08:20,COMPLETED
REQ-001596,PT-353098,Cardiac,Low,29,18.551396,73.800239,FALSE,FALSE,FALSE,FALSE,TRUE,FALSE,FALSE,FALSE,FALSE,,1,,2026-09-10 23:16:01,MATCHING
REQ-001597,PT-265252,Cardiac,High,42,18.552003,73.805155,TRUE,FALSE,TRUE,FALSE,TRUE,FALSE,FALSE,FALSE,FALSE,Cardiologist,1,,2026-09-10 23:33:00,MATCHING
REQ-001598,PT-571286,Respiratory,Moderate,80,18.470033,73.9135,FALSE,FALSE,TRUE,FALSE,FALSE,FALSE,FALSE,FALSE,FALSE,,1,,2026-09-10 23:36:15,MATCHING
REQ-001599,PT-784922,Road Accident,Moderate,26,18.645381,73.787147,FALSE,FALSE,FALSE,TRUE,FALSE,FALSE,FALSE,FALSE,FALSE,,1,,2026-09-10 23:37:29,MATCHING
REQ-001600,PT-886284,Road Accident,High,54,18.641717,73.771582,TRUE,TRUE,TRUE,FALSE,FALSE,FALSE,FALSE,TRUE,FALSE,Trauma Surgeon,1,,2026-09-10 23:40:00,CREATED
REQ-001601,PT-994074,Road Accident,Moderate,23,18.727575,73.695427,FALSE,FALSE,FALSE,TRUE,FALSE,FALSE,FALSE,FALSE,FALSE,,1,AMB-093,2026-09-10 23:41:27,COMPLETED
REQ-001602,PT-892395,Road Accident,Moderate,30,18.60556,73.743155,TRUE,FALSE,FALSE,FALSE,FALSE,FALSE,FALSE,FALSE,FALSE,,1,,2026-09-10 23:44:06,CREATED
REQ-001603,PT-973870,Cardiac,Moderate,74,18.612272,73.81141,FALSE,FALSE,TRUE,FALSE,TRUE,FALSE,FALSE,FALSE,FALSE,Cardiologist,1,,2026-09-10 23:44:58,CREATED
REQ-001604,PT-471535,Respiratory,High,85,18.583667,73.72576,TRUE,TRUE,TRUE,FALSE,FALSE,FALSE,FALSE,FALSE,FALSE,Pulmonologist,1,,2026-09-10 23:56:22,CREATED
REQ-001605,PT-881292,Road Accident,High,16,18.588064,73.947309,TRUE,TRUE,TRUE,TRUE,FALSE,TRUE,TRUE,TRUE,FALSE,,1,,2026-09-11 00:12:12,CREATED
REQ-001606,PT-668851,Cardiac,Low,56,18.498976,73.810538,FALSE,FALSE,FALSE,FALSE,FALSE,FALSE,FALSE,FALSE,FALSE,,1,AMB-052,2026-09-11 01:01:23,COMPLETED
REQ-001607,PT-855418,Road Accident,Critical,23,18.513751,73.929929,TRUE,TRUE,TRUE,TRUE,TRUE,TRUE,TRUE,TRUE,FALSE,Trauma Surgeon,1,,2026-09-11 01:01:25,CREATED
REQ-001608,PT-362451,Respiratory,High,67,18.461996,73.909526,TRUE,TRUE,TRUE,FALSE,FALSE,FALSE,FALSE,FALSE,FALSE,Pulmonologist,1,,2026-09-11 01:03:52,CREATED
REQ-001609,PT-216429,Road Accident,High,37,18.557491,73.801237,TRUE,FALSE,FALSE,TRUE,FALSE,FALSE,FALSE,TRUE,FALSE,Trauma Surgeon,1,,2026-09-11 01:21:20,CREATED
REQ-001610,PT-913288,Road Accident,High,46,18.635863,73.784291,TRUE,FALSE,FALSE,TRUE,FALSE,FALSE,TRUE,TRUE,FALSE,Trauma Surgeon,1,,2026-09-11 01:29:10,CREATED
REQ-001611,PT-497286,Stroke,High,69,18.493219,73.820252,TRUE,FALSE,TRUE,FALSE,FALSE,TRUE,FALSE,FALSE,FALSE,,1,AMB-055,2026-09-11 01:30:43,COMPLETED
REQ-001612,PT-395230,Road Accident,Critical,30,18.649787,73.770425,TRUE,FALSE,FALSE,TRUE,FALSE,FALSE,TRUE,TRUE,FALSE,Trauma Surgeon,1,,2026-09-11 01:53:23,MATCHING
REQ-001613,PT-810168,Cardiac,Moderate,57,18.607368,73.813036,FALSE,FALSE,FALSE,FALSE,TRUE,FALSE,FALSE,FALSE,FALSE,,1,,2026-09-11 02:21:02,MATCHING
REQ-001614,PT-247291,Road Accident,Moderate,34,18.524522,73.852838,FALSE,FALSE,FALSE,TRUE,FALSE,FALSE,TRUE,TRUE,FALSE,Trauma Surgeon,1,AMB-073,2026-09-11 02:22:27,COMPLETED
REQ-001615,PT-175965,Stroke,Moderate,65,18.520925,73.836963,FALSE,FALSE,FALSE,FALSE,FALSE,TRUE,FALSE,FALSE,FALSE,,1,,2026-09-11 02:40:58,CREATED
REQ-001616,PT-729643,Road Accident,High,28,18.517037,73.667864,TRUE,FALSE,TRUE,TRUE,FALSE,FALSE,FALSE,FALSE,FALSE,Trauma Surgeon,1,,2026-09-11 02:54:02,MATCHING
REQ-001617,PT-873013,Road Accident,Critical,40,18.514973,73.80928,TRUE,FALSE,FALSE,TRUE,TRUE,FALSE,TRUE,TRUE,FALSE,General Surgeon,1,AMB-055,2026-09-11 03:00:21,COMPLETED
REQ-001618,PT-340383,Road Accident,Critical,30,18.506711,73.813544,TRUE,FALSE,FALSE,TRUE,FALSE,TRUE,TRUE,TRUE,FALSE,,4,AMB-052,2026-09-11 03:00:41,COMPLETED
REQ-001619,PT-742303,Road Accident,Low,20,18.467468,73.853994,FALSE,FALSE,FALSE,TRUE,FALSE,FALSE,TRUE,FALSE,FALSE,,1,,2026-09-11 03:17:58,MATCHING
REQ-001620,PT-919157,Other,Critical,72,18.458584,73.909465,TRUE,TRUE,FALSE,TRUE,FALSE,TRUE,TRUE,TRUE,TRUE,Neurologist,1,AMB-085,2026-09-11 03:21:54,COMPLETED
REQ-001621,PT-714783,Respiratory,Moderate,38,18.515197,73.842263,FALSE,FALSE,TRUE,FALSE,FALSE,FALSE,FALSE,FALSE,FALSE,,1,AMB-064,2026-09-11 03:28:16,COMPLETED
REQ-001622,PT-407551,Stroke,Critical,60,18.564617,73.910733,TRUE,FALSE,TRUE,FALSE,FALSE,TRUE,FALSE,FALSE,FALSE,,1,AMB-018,2026-09-11 04:02:39,COMPLETED
REQ-001623,PT-299906,Road Accident,High,57,18.630637,73.78379,FALSE,FALSE,FALSE,FALSE,FALSE,FALSE,FALSE,TRUE,FALSE,Trauma Surgeon,1,,2026-09-11 04:38:54,MATCHING
REQ-001624,PT-663791,Road Accident,Moderate,46,18.739581,73.680183,TRUE,FALSE,TRUE,TRUE,FALSE,FALSE,TRUE,FALSE,FALSE,General Surgeon,1,AMB-041,2026-09-11 05:02:01,COMPLETED
REQ-001625,PT-736498,Road Accident,Moderate,21,18.721728,73.651736,TRUE,FALSE,FALSE,TRUE,FALSE,FALSE,FALSE,FALSE,FALSE,,1,,2026-09-11 05:11:23,CREATED
REQ-001626,PT-411111,Cardiac,Moderate,49,18.55547,73.773753,FALSE,FALSE,FALSE,FALSE,FALSE,FALSE,FALSE,FALSE,FALSE,Cardiologist,1,,2026-09-11 05:34:02,MATCHING
REQ-001627,PT-579459,Respiratory,Low,57,18.558107,73.784686,FALSE,FALSE,TRUE,FALSE,FALSE,FALSE,FALSE,FALSE,FALSE,,1,,2026-09-11 05:48:17,MATCHING
REQ-001628,PT-208933,Burn,Moderate,24,18.62599,73.85582,FALSE,FALSE,FALSE,TRUE,FALSE,FALSE,FALSE,FALSE,FALSE,General Surgeon,1,AMB-024,2026-09-11 05:51:13,COMPLETED
REQ-001629,PT-389559,Road Accident,Moderate,31,18.502178,73.688094,FALSE,FALSE,TRUE,TRUE,FALSE,FALSE,TRUE,FALSE,FALSE,,1,,2026-09-11 06:30:12,MATCHING
REQ-001630,PT-484369,Respiratory,Low,49,18.591994,73.765339,FALSE,FALSE,TRUE,FALSE,TRUE,FALSE,FALSE,FALSE,FALSE,,1,,2026-09-11 06:30:15,MATCHING
REQ-001631,PT-206832,Road Accident,Moderate,34,18.753291,73.852415,FALSE,FALSE,FALSE,TRUE,FALSE,FALSE,TRUE,TRUE,FALSE,,1,,2026-09-11 06:47:34,CREATED
REQ-001632,PT-828560,Respiratory,Moderate,82,18.508118,73.861454,TRUE,FALSE,TRUE,FALSE,FALSE,FALSE,FALSE,FALSE,FALSE,,1,,2026-09-11 07:02:47,CREATED
REQ-001633,PT-228243,Road Accident,Moderate,47,18.522244,73.82829,TRUE,FALSE,FALSE,FALSE,FALSE,FALSE,FALSE,FALSE,FALSE,General Surgeon,1,,2026-09-11 07:07:28,MATCHING
REQ-001634,PT-582451,Respiratory,Moderate,5,18.727293,73.683148,FALSE,FALSE,TRUE,FALSE,FALSE,FALSE,FALSE,FALSE,FALSE,,1,,2026-09-11 07:18:02,CREATED
REQ-001635,PT-394805,Respiratory,High,55,18.466825,73.918771,TRUE,TRUE,TRUE,FALSE,FALSE,FALSE,FALSE,FALSE,FALSE,Pulmonologist,1,AMB-085,2026-09-11 07:21:04,COMPLETED
REQ-001636,PT-598427,Stroke,Moderate,70,18.491842,73.798037,FALSE,FALSE,FALSE,FALSE,FALSE,TRUE,FALSE,FALSE,FALSE,,1,,2026-09-11 07:31:53,CREATED
REQ-001637,PT-655187,Other,Moderate,14,18.579657,73.722561,TRUE,FALSE,FALSE,FALSE,TRUE,FALSE,FALSE,FALSE,FALSE,Cardiologist,1,,2026-09-11 07:34:39,CREATED
REQ-001638,PT-696998,Respiratory,High,76,18.490477,73.671196,FALSE,FALSE,TRUE,FALSE,FALSE,FALSE,FALSE,FALSE,FALSE,,1,,2026-09-11 07:52:53,CREATED
REQ-001639,PT-273032,Respiratory,Low,13,18.62178,73.824118,FALSE,FALSE,FALSE,FALSE,FALSE,FALSE,FALSE,FALSE,FALSE,,1,,2026-09-11 07:56:04,CREATED
REQ-001640,PT-343212,Stroke,Critical,57,18.596942,73.746428,TRUE,TRUE,FALSE,FALSE,FALSE,TRUE,FALSE,FALSE,FALSE,Neurologist,1,,2026-09-11 07:59:21,MATCHING
REQ-001641,PT-988026,Cardiac,High,71,18.567337,73.982359,FALSE,FALSE,FALSE,FALSE,TRUE,FALSE,FALSE,FALSE,FALSE,,1,AMB-019,2026-09-11 08:02:14,COMPLETED
REQ-001642,PT-759939,Stroke,Moderate,78,18.574198,73.743586,FALSE,FALSE,FALSE,FALSE,FALSE,TRUE,FALSE,FALSE,FALSE,Neurologist,1,,2026-09-11 08:02:51,CREATED
REQ-001643,PT-936677,Road Accident,Critical,24,18.463702,73.864299,FALSE,TRUE,TRUE,TRUE,FALSE,TRUE,FALSE,TRUE,FALSE,General Surgeon,4,,2026-09-11 08:19:10,CREATED
REQ-001644,PT-416341,Burn,Critical,40,18.529994,73.73213,TRUE,TRUE,FALSE,TRUE,FALSE,TRUE,TRUE,TRUE,FALSE,Neurologist,1,,2026-09-11 08:32:40,MATCHING
REQ-001645,PT-432278,Other,Moderate,68,18.53592,73.84172,FALSE,FALSE,FALSE,FALSE,FALSE,FALSE,FALSE,FALSE,FALSE,General Surgeon,1,,2026-09-11 08:37:19,CREATED
REQ-001646,PT-208500,Burn,Moderate,41,18.489168,73.865739,FALSE,FALSE,FALSE,TRUE,FALSE,FALSE,FALSE,FALSE,FALSE,,1,AMB-039,2026-09-11 08:47:18,COMPLETED
REQ-001647,PT-177474,Road Accident,Critical,87,18.636439,73.776797,TRUE,TRUE,TRUE,FALSE,FALSE,FALSE,TRUE,TRUE,FALSE,,1,,2026-09-11 09:07:47,MATCHING
REQ-001648,PT-150602,Stroke,High,58,18.773927,73.847618,TRUE,TRUE,TRUE,FALSE,TRUE,TRUE,FALSE,FALSE,FALSE,Neurologist,1,,2026-09-11 09:09:46,CREATED
REQ-001649,PT-765877,Respiratory,Moderate,49,18.53568,73.842944,FALSE,FALSE,TRUE,FALSE,FALSE,FALSE,FALSE,FALSE,FALSE,,1,,2026-09-11 09:11:41,MATCHING
REQ-001650,PT-645168,Cardiac,Moderate,61,18.4877,73.861276,TRUE,TRUE,FALSE,FALSE,TRUE,FALSE,FALSE,TRUE,FALSE,,1,,2026-09-11 09:23:42,MATCHING
REQ-001651,PT-964649,Other,Low,45,18.584088,73.797904,FALSE,FALSE,FALSE,FALSE,FALSE,FALSE,FALSE,FALSE,FALSE,,1,,2026-09-11 09:24:25,CREATED
REQ-001652,PT-402278,Respiratory,Moderate,61,18.5356,73.854885,FALSE,FALSE,TRUE,FALSE,FALSE,FALSE,FALSE,FALSE,FALSE,,1,,2026-09-11 09:51:44,MATCHING
REQ-001653,PT-640238,Road Accident,Critical,31,18.591024,73.754686,TRUE,FALSE,FALSE,TRUE,TRUE,FALSE,TRUE,FALSE,FALSE,Trauma Surgeon,1,AMB-007,2026-09-11 09:53:59,COMPLETED
REQ-001654,PT-986653,Road Accident,Moderate,24,18.599893,73.755407,FALSE,FALSE,TRUE,TRUE,FALSE,TRUE,FALSE,FALSE,FALSE,Trauma Surgeon,1,AMB-084,2026-09-11 10:03:47,COMPLETED
REQ-001655,PT-511526,Stroke,High,76,18.569126,73.991596,FALSE,FALSE,FALSE,FALSE,FALSE,FALSE,FALSE,FALSE,FALSE,,1,,2026-09-11 10:15:08,MATCHING
REQ-001656,PT-864918,Burn,Low,13,18.500804,73.821693,FALSE,FALSE,FALSE,FALSE,FALSE,FALSE,FALSE,FALSE,FALSE,,1,,2026-09-11 10:25:42,CREATED
REQ-001657,PT-445902,Respiratory,Moderate,49,18.589433,73.924066,FALSE,FALSE,TRUE,FALSE,FALSE,FALSE,FALSE,FALSE,FALSE,Pulmonologist,1,,2026-09-11 10:30:59,CREATED
REQ-001658,PT-295462,Road Accident,Critical,69,18.637621,73.776297,TRUE,FALSE,FALSE,TRUE,FALSE,TRUE,FALSE,TRUE,FALSE,Trauma Surgeon,1,AMB-049,2026-09-11 10:32:17,COMPLETED
REQ-001659,PT-106283,Stroke,Moderate,80,18.451986,73.831275,FALSE,FALSE,FALSE,FALSE,FALSE,TRUE,FALSE,FALSE,FALSE,,1,,2026-09-11 10:36:20,MATCHING
REQ-001660,PT-568931,Other,Moderate,104,18.576113,73.913165,FALSE,FALSE,TRUE,FALSE,FALSE,FALSE,FALSE,FALSE,FALSE,,1,,2026-09-11 10:37:20,CREATED
REQ-001661,PT-855691,Road Accident,Critical,29,18.751299,73.854475,TRUE,TRUE,FALSE,TRUE,FALSE,TRUE,TRUE,TRUE,FALSE,Neurologist,1,AMB-008,2026-09-11 10:38:05,COMPLETED
REQ-001662,PT-198318,Road Accident,Moderate,55,18.648299,73.790307,TRUE,TRUE,TRUE,FALSE,FALSE,FALSE,TRUE,FALSE,FALSE,,1,,2026-09-11 10:41:19,MATCHING
REQ-001663,PT-146338,Respiratory,Moderate,66,18.533136,73.883346,TRUE,TRUE,TRUE,FALSE,FALSE,FALSE,FALSE,FALSE,FALSE,Pulmonologist,1,AMB-088,2026-09-11 10:45:22,COMPLETED
REQ-001664,PT-903150,Cardiac,Moderate,52,18.508391,73.883836,FALSE,FALSE,FALSE,FALSE,FALSE,FALSE,FALSE,FALSE,FALSE,,1,,2026-09-11 10:55:10,MATCHING
REQ-001665,PT-124919,Cardiac,Critical,46,18.632809,73.788276,TRUE,FALSE,FALSE,FALSE,TRUE,FALSE,FALSE,FALSE,FALSE,Cardiologist,1,,2026-09-11 11:08:38,MATCHING
REQ-001666,PT-568000,Cardiac,Critical,63,18.629362,73.800921,TRUE,TRUE,TRUE,FALSE,TRUE,FALSE,FALSE,FALSE,FALSE,Cardiologist,1,,2026-09-11 11:18:39,MATCHING
REQ-001667,PT-348511,Cardiac,Moderate,66,18.519126,73.686541,TRUE,TRUE,FALSE,FALSE,TRUE,FALSE,FALSE,FALSE,FALSE,Cardiologist,1,,2026-09-11 11:22:07,MATCHING
REQ-001668,PT-350490,Cardiac,Critical,71,18.609029,73.73446,TRUE,FALSE,FALSE,FALSE,TRUE,FALSE,FALSE,FALSE,FALSE,,1,,2026-09-11 11:25:50,MATCHING
REQ-001669,PT-119644,Respiratory,Moderate,76,18.584642,73.980772,FALSE,FALSE,TRUE,FALSE,FALSE,FALSE,FALSE,FALSE,FALSE,,1,,2026-09-11 11:30:23,MATCHING
REQ-001670,PT-337631,Cardiac,High,64,18.621954,73.804751,TRUE,FALSE,TRUE,FALSE,TRUE,FALSE,FALSE,FALSE,FALSE,Cardiologist,1,,2026-09-11 11:55:37,CREATED
REQ-001671,PT-742744,Respiratory,High,61,18.516168,73.842212,TRUE,FALSE,TRUE,FALSE,FALSE,FALSE,FALSE,FALSE,FALSE,Pulmonologist,1,,2026-09-11 12:03:06,CREATED
REQ-001672,PT-815521,Road Accident,High,48,18.497385,73.846049,TRUE,FALSE,TRUE,TRUE,FALSE,FALSE,TRUE,TRUE,FALSE,Trauma Surgeon,1,,2026-09-11 12:04:02,MATCHING
REQ-001673,PT-403927,Road Accident,Critical,22,18.524919,73.728963,TRUE,TRUE,FALSE,TRUE,FALSE,TRUE,TRUE,TRUE,FALSE,Neurologist,1,AMB-076,2026-09-11 12:13:03,COMPLETED
REQ-001674,PT-817138,Road Accident,High,56,18.531121,73.827724,FALSE,FALSE,FALSE,FALSE,FALSE,FALSE,FALSE,FALSE,FALSE,Trauma Surgeon,1,AMB-073,2026-09-11 12:20:29,COMPLETED
REQ-001675,PT-401731,Respiratory,Low,0,18.584087,73.731492,TRUE,FALSE,TRUE,FALSE,FALSE,FALSE,FALSE,FALSE,FALSE,,1,AMB-075,2026-09-11 12:25:03,COMPLETED
REQ-001676,PT-901352,Cardiac,High,68,18.582164,73.819766,FALSE,FALSE,FALSE,FALSE,TRUE,FALSE,FALSE,FALSE,FALSE,Cardiologist,1,AMB-083,2026-09-11 12:49:39,COMPLETED
REQ-001677,PT-846895,Other,Moderate,52,18.512555,73.910347,TRUE,FALSE,FALSE,FALSE,FALSE,FALSE,FALSE,FALSE,FALSE,,1,,2026-09-11 12:55:47,MATCHING
REQ-001678,PT-620555,Cardiac,Critical,63,18.513657,73.679749,TRUE,FALSE,TRUE,FALSE,TRUE,FALSE,FALSE,TRUE,FALSE,Cardiologist,1,,2026-09-11 13:06:23,CREATED
REQ-001679,PT-723542,Burn,Critical,35,18.633057,73.797828,TRUE,TRUE,TRUE,TRUE,FALSE,FALSE,TRUE,TRUE,FALSE,General Surgeon,1,,2026-09-11 13:16:37,MATCHING
REQ-001680,PT-548854,Stroke,Moderate,72,18.569436,73.91333,TRUE,FALSE,FALSE,FALSE,FALSE,TRUE,FALSE,FALSE,FALSE,Neurologist,1,AMB-046,2026-09-11 13:42:45,COMPLETED
REQ-001681,PT-938425,Road Accident,Moderate,30,18.517594,73.879167,FALSE,FALSE,FALSE,FALSE,FALSE,TRUE,FALSE,FALSE,FALSE,,1,,2026-09-11 13:44:24,MATCHING
REQ-001682,PT-512343,Respiratory,Low,90,18.509834,73.947265,FALSE,FALSE,TRUE,FALSE,FALSE,FALSE,FALSE,FALSE,FALSE,,1,AMB-013,2026-09-11 13:59:24,COMPLETED
REQ-001683,PT-315819,Road Accident,High,24,18.573083,73.745407,FALSE,FALSE,FALSE,TRUE,FALSE,FALSE,TRUE,TRUE,FALSE,Trauma Surgeon,1,AMB-007,2026-09-11 14:00:29,COMPLETED
REQ-001684,PT-324929,Respiratory,High,9,18.584845,73.980516,TRUE,TRUE,TRUE,FALSE,FALSE,FALSE,FALSE,FALSE,FALSE,,1,,2026-09-11 14:02:12,CREATED
REQ-001685,PT-670098,Other,Critical,20,18.549812,73.870819,FALSE,FALSE,TRUE,FALSE,FALSE,FALSE,FALSE,FALSE,FALSE,General Surgeon,1,,2026-09-11 14:02:37,MATCHING
REQ-001686,PT-241697,Respiratory,Critical,5,18.4645,73.853191,TRUE,TRUE,TRUE,FALSE,FALSE,FALSE,FALSE,FALSE,FALSE,Pulmonologist,1,,2026-09-11 14:04:18,MATCHING
REQ-001687,PT-421338,Stroke,Critical,74,18.631233,73.810893,TRUE,FALSE,TRUE,FALSE,TRUE,TRUE,FALSE,FALSE,FALSE,Neurologist,1,,2026-09-11 14:24:29,MATCHING
REQ-001688,PT-219253,Burn,Critical,32,18.455088,73.907463,TRUE,FALSE,TRUE,TRUE,FALSE,FALSE,TRUE,TRUE,FALSE,General Surgeon,1,,2026-09-11 14:27:25,CREATED
REQ-001689,PT-224902,Other,Moderate,42,18.649517,73.85163,FALSE,FALSE,FALSE,FALSE,FALSE,FALSE,FALSE,FALSE,FALSE,Cardiologist,1,AMB-024,2026-09-11 14:28:14,COMPLETED
REQ-001690,PT-550234,Respiratory,Moderate,79,18.506383,73.915209,FALSE,FALSE,FALSE,TRUE,FALSE,FALSE,FALSE,FALSE,FALSE,Pulmonologist,1,,2026-09-11 14:37:02,CREATED
REQ-001691,PT-455180,Cardiac,Moderate,66,18.456064,73.897153,FALSE,FALSE,FALSE,FALSE,TRUE,FALSE,FALSE,FALSE,FALSE,Cardiologist,1,,2026-09-11 14:43:31,CREATED
REQ-001692,PT-649014,Cardiac,Moderate,73,18.497297,73.925073,FALSE,FALSE,FALSE,FALSE,FALSE,FALSE,FALSE,FALSE,FALSE,Cardiologist,1,,2026-09-11 14:44:53,CREATED
REQ-001693,PT-517613,Other,Low,91,18.591095,73.726604,FALSE,FALSE,FALSE,FALSE,FALSE,FALSE,FALSE,FALSE,TRUE,Nephrologist,1,AMB-075,2026-09-11 14:53:15,COMPLETED
REQ-001694,PT-480889,Road Accident,Critical,20,18.762623,73.856109,TRUE,TRUE,TRUE,TRUE,FALSE,TRUE,TRUE,TRUE,TRUE,Neurologist,1,,2026-09-11 14:57:53,NO_MATCH
REQ-001695,PT-118061,Road Accident,High,27,18.519445,73.783026,TRUE,FALSE,FALSE,TRUE,FALSE,FALSE,FALSE,FALSE,FALSE,Trauma Surgeon,1,,2026-09-11 15:01:26,CREATED
REQ-001696,PT-653852,Cardiac,Moderate,77,18.547216,73.798683,FALSE,FALSE,TRUE,FALSE,TRUE,FALSE,FALSE,FALSE,FALSE,,1,,2026-09-11 15:09:13,MATCHING
REQ-001697,PT-471941,Cardiac,Low,67,18.526122,73.857574,TRUE,FALSE,FALSE,FALSE,TRUE,FALSE,FALSE,FALSE,FALSE,,1,,2026-09-11 15:10:29,MATCHING
REQ-001698,PT-368908,Road Accident,Critical,32,18.648468,73.798905,FALSE,FALSE,TRUE,TRUE,FALSE,FALSE,TRUE,TRUE,FALSE,Trauma Surgeon,1,AMB-049,2026-09-11 15:20:32,COMPLETED
REQ-001699,PT-926686,Cardiac,High,47,18.551762,73.802092,TRUE,FALSE,FALSE,FALSE,TRUE,FALSE,TRUE,FALSE,FALSE,Cardiologist,1,,2026-09-11 15:33:04,CREATED
REQ-001700,PT-949256,Respiratory,Moderate,66,18.515849,73.894702,FALSE,FALSE,TRUE,FALSE,FALSE,TRUE,FALSE,FALSE,FALSE,Pulmonologist,1,,2026-09-11 15:41:05,CREATED
REQ-001701,PT-908081,Burn,High,23,18.62784,73.80288,FALSE,FALSE,FALSE,TRUE,TRUE,FALSE,FALSE,FALSE,TRUE,General Surgeon,1,AMB-035,2026-09-11 15:50:22,COMPLETED
REQ-001702,PT-353943,Stroke,Moderate,71,18.478264,73.82319,FALSE,FALSE,TRUE,FALSE,FALSE,TRUE,FALSE,FALSE,FALSE,,1,AMB-047,2026-09-11 16:05:13,COMPLETED
REQ-001703,PT-411174,Respiratory,Low,61,18.745977,73.869011,FALSE,FALSE,TRUE,FALSE,FALSE,FALSE,FALSE,FALSE,FALSE,,1,,2026-09-11 16:05:52,MATCHING
REQ-001704,PT-886867,Respiratory,Moderate,6,18.562856,73.895467,TRUE,TRUE,TRUE,FALSE,FALSE,FALSE,FALSE,FALSE,FALSE,,1,,2026-09-11 16:06:25,MATCHING
REQ-001705,PT-285606,Road Accident,Critical,59,18.592018,73.750363,TRUE,TRUE,FALSE,TRUE,FALSE,FALSE,TRUE,TRUE,FALSE,General Surgeon,1,,2026-09-11 16:11:58,MATCHING
REQ-001706,PT-355897,Respiratory,Moderate,56,18.520316,73.844866,TRUE,TRUE,FALSE,FALSE,FALSE,FALSE,FALSE,FALSE,FALSE,Pulmonologist,1,AMB-016,2026-09-11 16:12:54,COMPLETED
REQ-001707,PT-348415,Road Accident,Moderate,15,18.524269,73.867561,TRUE,FALSE,FALSE,FALSE,FALSE,TRUE,FALSE,TRUE,FALSE,Trauma Surgeon,1,AMB-068,2026-09-11 16:20:01,NO_MATCH
REQ-001708,PT-461702,Cardiac,Moderate,55,18.499394,73.809304,FALSE,FALSE,FALSE,TRUE,TRUE,FALSE,FALSE,FALSE,FALSE,,1,,2026-09-11 16:22:01,MATCHING
REQ-001709,PT-892795,Road Accident,Critical,18,18.538004,73.770829,TRUE,FALSE,TRUE,TRUE,TRUE,FALSE,FALSE,TRUE,FALSE,Trauma Surgeon,1,,2026-09-11 16:23:18,CREATED
REQ-001710,PT-722406,Cardiac,High,40,18.521282,73.909282,TRUE,FALSE,FALSE,FALSE,TRUE,FALSE,FALSE,TRUE,FALSE,,1,,2026-09-11 16:26:04,CREATED
REQ-001711,PT-748188,Road Accident,High,31,18.498445,73.855438,TRUE,FALSE,TRUE,TRUE,FALSE,FALSE,TRUE,FALSE,FALSE,,1,,2026-09-11 16:26:12,CREATED
REQ-001712,PT-630425,Respiratory,Critical,54,18.53428,73.859361,TRUE,TRUE,TRUE,FALSE,FALSE,FALSE,FALSE,FALSE,FALSE,,1,,2026-09-11 16:30:21,CREATED
REQ-001713,PT-845184,Other,Moderate,20,18.558871,73.810966,FALSE,FALSE,FALSE,FALSE,FALSE,FALSE,FALSE,FALSE,TRUE,,1,,2026-09-11 16:38:37,CREATED
REQ-001714,PT-953869,Burn,Low,80,18.461443,73.811425,FALSE,FALSE,FALSE,TRUE,FALSE,FALSE,FALSE,FALSE,FALSE,,1,,2026-09-11 16:50:35,CREATED
REQ-001715,PT-980801,Burn,Low,43,18.576489,73.899558,TRUE,FALSE,FALSE,TRUE,FALSE,FALSE,FALSE,FALSE,FALSE,,1,,2026-09-11 16:50:55,CREATED
REQ-001716,PT-362776,Other,Moderate,34,18.638094,73.813257,FALSE,FALSE,TRUE,FALSE,FALSE,TRUE,FALSE,FALSE,TRUE,,1,,2026-09-11 16:51:50,MATCHING
REQ-001717,PT-419218,Stroke,High,79,18.605666,73.773799,TRUE,FALSE,TRUE,FALSE,FALSE,TRUE,FALSE,FALSE,FALSE,,1,,2026-09-11 16:52:24,MATCHING
REQ-001718,PT-125874,Cardiac,High,72,18.474308,73.849903,TRUE,TRUE,TRUE,FALSE,TRUE,FALSE,TRUE,TRUE,FALSE,,1,AMB-081,2026-09-11 17:03:08,COMPLETED
REQ-001719,PT-601680,Road Accident,Moderate,34,18.503334,73.681968,FALSE,FALSE,FALSE,TRUE,FALSE,FALSE,FALSE,FALSE,FALSE,Trauma Surgeon,1,,2026-09-11 17:14:05,CREATED
REQ-001720,PT-276683,Other,Low,34,18.547592,73.938994,FALSE,FALSE,FALSE,FALSE,FALSE,FALSE,FALSE,FALSE,FALSE,,1,,2026-09-11 17:24:24,CREATED
REQ-001721,PT-707924,Cardiac,Moderate,33,18.479189,73.895753,FALSE,FALSE,FALSE,FALSE,TRUE,FALSE,FALSE,FALSE,FALSE,,1,,2026-09-11 17:50:08,CREATED
REQ-001722,PT-638579,Respiratory,High,51,18.632497,73.852369,FALSE,FALSE,FALSE,FALSE,FALSE,FALSE,FALSE,FALSE,FALSE,,1,AMB-024,2026-09-11 17:53:45,COMPLETED
REQ-001723,PT-927465,Respiratory,Moderate,61,18.625428,73.851434,TRUE,FALSE,FALSE,FALSE,FALSE,FALSE,FALSE,FALSE,FALSE,,1,AMB-032,2026-09-11 18:02:15,COMPLETED
REQ-001724,PT-505155,Road Accident,Moderate,19,18.647012,73.784796,FALSE,TRUE,TRUE,TRUE,FALSE,FALSE,TRUE,FALSE,FALSE,Trauma Surgeon,1,,2026-09-11 18:02:17,MATCHING
REQ-001725,PT-633246,Respiratory,High,92,18.507302,73.799017,TRUE,TRUE,TRUE,FALSE,TRUE,FALSE,TRUE,FALSE,FALSE,Pulmonologist,1,,2026-09-11 18:04:10,MATCHING
REQ-001726,PT-551334,Burn,High,25,18.496762,73.85851,FALSE,FALSE,TRUE,FALSE,FALSE,FALSE,FALSE,FALSE,TRUE,,1,AMB-003,2026-09-11 18:24:31,COMPLETED
REQ-001727,PT-932384,Road Accident,High,22,18.543673,73.831595,TRUE,FALSE,TRUE,TRUE,FALSE,FALSE,FALSE,FALSE,FALSE,Trauma Surgeon,1,,2026-09-11 18:28:38,MATCHING
REQ-001728,PT-352026,Respiratory,High,44,18.523641,73.941528,TRUE,FALSE,TRUE,FALSE,FALSE,FALSE,FALSE,FALSE,FALSE,,1,,2026-09-11 18:52:09,CREATED
REQ-001729,PT-165774,Road Accident,High,39,18.459185,73.860613,TRUE,FALSE,TRUE,TRUE,FALSE,FALSE,FALSE,TRUE,FALSE,Trauma Surgeon,1,,2026-09-11 18:56:38,CREATED
REQ-001730,PT-732565,Other,Moderate,43,18.506508,73.92683,FALSE,FALSE,FALSE,FALSE,FALSE,FALSE,FALSE,FALSE,FALSE,Cardiologist,1,,2026-09-11 19:04:03,MATCHING
REQ-001731,PT-649906,Respiratory,High,70,18.574745,73.899742,TRUE,TRUE,TRUE,FALSE,FALSE,FALSE,FALSE,FALSE,FALSE,Pulmonologist,1,,2026-09-11 19:05:00,CREATED
REQ-001732,PT-513280,Road Accident,High,29,18.523905,73.845795,FALSE,FALSE,FALSE,TRUE,FALSE,FALSE,TRUE,TRUE,FALSE,,1,,2026-09-11 19:19:53,MATCHING
REQ-001733,PT-741205,Cardiac,High,77,18.632847,73.799329,FALSE,FALSE,TRUE,FALSE,TRUE,FALSE,FALSE,FALSE,FALSE,Cardiologist,1,,2026-09-11 19:24:31,MATCHING
REQ-001734,PT-261226,Road Accident,Moderate,24,18.584543,73.9281,FALSE,FALSE,FALSE,TRUE,FALSE,FALSE,TRUE,FALSE,FALSE,Trauma Surgeon,1,AMB-042,2026-09-11 19:25:55,COMPLETED
REQ-001735,PT-250844,Respiratory,Moderate,49,18.553335,73.924623,TRUE,FALSE,TRUE,FALSE,FALSE,FALSE,FALSE,FALSE,FALSE,,1,,2026-09-11 19:53:48,MATCHING
REQ-001736,PT-639721,Burn,Moderate,59,18.542458,73.93534,FALSE,FALSE,FALSE,FALSE,FALSE,FALSE,FALSE,FALSE,FALSE,,1,,2026-09-11 19:55:32,MATCHING
REQ-001737,PT-202823,Road Accident,Critical,54,18.46989,73.93171,TRUE,TRUE,TRUE,TRUE,FALSE,TRUE,TRUE,TRUE,FALSE,Neurologist,3,AMB-085,2026-09-11 19:58:18,COMPLETED
REQ-001738,PT-429220,Respiratory,Low,9,18.751597,73.851764,FALSE,FALSE,TRUE,FALSE,FALSE,FALSE,FALSE,FALSE,FALSE,,1,,2026-09-11 20:03:41,CREATED
REQ-001739,PT-648034,Burn,Moderate,29,18.489513,73.815531,TRUE,FALSE,TRUE,FALSE,FALSE,FALSE,FALSE,FALSE,FALSE,,1,,2026-09-11 20:04:16,CREATED
REQ-001740,PT-218089,Cardiac,Moderate,59,18.479911,73.790766,FALSE,FALSE,FALSE,FALSE,TRUE,FALSE,FALSE,FALSE,FALSE,Cardiologist,1,,2026-09-11 20:06:13,MATCHING
REQ-001741,PT-265703,Respiratory,High,86,18.586202,73.751246,TRUE,FALSE,TRUE,FALSE,FALSE,FALSE,FALSE,FALSE,FALSE,Pulmonologist,1,,2026-09-11 20:17:07,CREATED
REQ-001742,PT-662193,Respiratory,Moderate,60,18.639989,73.806951,FALSE,FALSE,FALSE,FALSE,FALSE,FALSE,FALSE,FALSE,FALSE,,1,,2026-09-11 20:19:28,MATCHING
REQ-001743,PT-388521,Road Accident,High,15,18.526892,73.822409,FALSE,FALSE,TRUE,FALSE,FALSE,FALSE,TRUE,FALSE,FALSE,,1,,2026-09-11 20:31:12,CREATED
REQ-001744,PT-357406,Road Accident,High,23,18.454847,73.863392,TRUE,FALSE,FALSE,FALSE,FALSE,FALSE,TRUE,FALSE,FALSE,Trauma Surgeon,1,,2026-09-11 20:36:41,MATCHING
REQ-001745,PT-804815,Stroke,High,64,18.553834,73.786966,FALSE,FALSE,TRUE,FALSE,FALSE,TRUE,FALSE,TRUE,FALSE,Neurologist,1,,2026-09-11 20:49:58,CREATED
REQ-001746,PT-705962,Cardiac,High,63,18.496663,73.85616,FALSE,FALSE,FALSE,FALSE,FALSE,FALSE,FALSE,FALSE,FALSE,,1,AMB-003,2026-09-11 21:04:23,COMPLETED
REQ-001747,PT-350415,Respiratory,High,1,18.537998,73.797539,TRUE,TRUE,TRUE,FALSE,FALSE,FALSE,FALSE,FALSE,FALSE,,1,,2026-09-11 21:09:55,MATCHING
REQ-001748,PT-874778,Cardiac,Moderate,84,18.438135,73.91191,FALSE,FALSE,FALSE,FALSE,TRUE,FALSE,FALSE,FALSE,FALSE,Cardiologist,1,AMB-071,2026-09-11 21:20:58,COMPLETED
REQ-001749,PT-904110,Burn,Critical,64,18.567815,73.971427,TRUE,TRUE,FALSE,TRUE,FALSE,TRUE,TRUE,TRUE,FALSE,Neurologist,1,,2026-09-11 21:25:38,MATCHING
REQ-001750,PT-857188,Other,Low,27,18.635687,73.785216,FALSE,FALSE,FALSE,FALSE,FALSE,FALSE,FALSE,FALSE,FALSE,,1,AMB-012,2026-09-11 21:28:15,COMPLETED
REQ-001751,PT-653396,Stroke,High,84,18.6403,73.753575,TRUE,FALSE,FALSE,FALSE,FALSE,FALSE,FALSE,FALSE,FALSE,Neurologist,1,AMB-007,2026-09-11 21:28:59,COMPLETED
REQ-001752,PT-840259,Road Accident,Moderate,27,18.480019,73.881695,FALSE,FALSE,FALSE,FALSE,FALSE,FALSE,TRUE,FALSE,FALSE,,1,,2026-09-11 21:40:45,MATCHING
REQ-001753,PT-228235,Road Accident,Critical,31,18.463903,73.798351,TRUE,TRUE,TRUE,TRUE,FALSE,FALSE,TRUE,TRUE,TRUE,Trauma Surgeon,1,,2026-09-11 21:46:41,CREATED
REQ-001754,PT-640560,Road Accident,Moderate,12,18.598282,73.732556,FALSE,FALSE,FALSE,TRUE,FALSE,FALSE,FALSE,FALSE,FALSE,,1,,2026-09-11 21:52:24,CREATED
REQ-001755,PT-891019,Road Accident,High,36,18.495047,73.81002,FALSE,FALSE,FALSE,FALSE,FALSE,FALSE,FALSE,TRUE,FALSE,Trauma Surgeon,1,AMB-052,2026-09-11 21:55:46,COMPLETED
REQ-001756,PT-722739,Cardiac,High,64,18.572645,73.812907,FALSE,TRUE,TRUE,FALSE,TRUE,FALSE,FALSE,TRUE,FALSE,,1,,2026-09-11 21:59:08,MATCHING
REQ-001757,PT-844492,Road Accident,High,33,18.583113,73.967579,FALSE,TRUE,FALSE,TRUE,FALSE,FALSE,FALSE,TRUE,FALSE,Trauma Surgeon,1,AMB-019,2026-09-11 22:01:49,COMPLETED
REQ-001758,PT-749135,Stroke,Critical,56,18.447437,73.91616,TRUE,FALSE,TRUE,FALSE,FALSE,TRUE,FALSE,FALSE,FALSE,Neurologist,1,AMB-085,2026-09-11 22:06:50,COMPLETED
REQ-001759,PT-125870,Cardiac,Critical,76,18.467493,73.866692,TRUE,FALSE,FALSE,FALSE,TRUE,FALSE,TRUE,TRUE,FALSE,Cardiologist,1,AMB-081,2026-09-11 22:19:14,COMPLETED
REQ-001760,PT-294728,Cardiac,High,70,18.469418,73.862273,TRUE,FALSE,FALSE,FALSE,TRUE,FALSE,FALSE,TRUE,FALSE,Cardiologist,1,AMB-053,2026-09-11 22:19:46,COMPLETED
REQ-001761,PT-840323,Road Accident,High,37,18.730413,73.68453,TRUE,FALSE,TRUE,TRUE,FALSE,FALSE,TRUE,TRUE,FALSE,Trauma Surgeon,1,,2026-09-11 22:25:57,MATCHING
REQ-001762,PT-720438,Burn,Critical,42,18.744298,73.681822,TRUE,FALSE,TRUE,FALSE,FALSE,FALSE,TRUE,FALSE,FALSE,General Surgeon,1,,2026-09-11 22:29:21,MATCHING
REQ-001763,PT-446235,Burn,Critical,19,18.645645,73.814394,TRUE,FALSE,TRUE,TRUE,FALSE,FALSE,TRUE,TRUE,FALSE,General Surgeon,1,AMB-049,2026-09-11 22:32:42,COMPLETED
REQ-001764,PT-655390,Burn,High,35,18.613726,73.800109,FALSE,TRUE,FALSE,TRUE,FALSE,FALSE,FALSE,FALSE,FALSE,General Surgeon,1,,2026-09-11 22:38:59,CREATED
REQ-001765,PT-796608,Other,Low,35,18.502412,73.862041,FALSE,FALSE,FALSE,FALSE,FALSE,FALSE,FALSE,FALSE,FALSE,,1,AMB-039,2026-09-11 23:01:02,COMPLETED
REQ-001766,PT-536325,Cardiac,Low,59,18.665993,73.7935,FALSE,FALSE,FALSE,FALSE,TRUE,FALSE,FALSE,FALSE,FALSE,Cardiologist,1,,2026-09-11 23:06:07,CREATED
REQ-001767,PT-602308,Respiratory,Low,15,18.639074,73.807343,FALSE,FALSE,TRUE,FALSE,FALSE,FALSE,FALSE,FALSE,FALSE,,1,,2026-09-11 23:11:42,CREATED
REQ-001768,PT-540136,Cardiac,Low,56,18.581042,73.735229,TRUE,FALSE,FALSE,FALSE,TRUE,FALSE,FALSE,FALSE,FALSE,,1,,2026-09-11 23:36:08,CREATED
REQ-001769,PT-178926,Stroke,Critical,83,18.557696,73.781997,TRUE,TRUE,FALSE,FALSE,FALSE,TRUE,TRUE,TRUE,FALSE,Neurologist,1,,2026-09-12 00:19:16,CREATED
REQ-001770,PT-642886,Respiratory,High,0,18.56164,73.79222,TRUE,TRUE,TRUE,FALSE,FALSE,FALSE,FALSE,TRUE,FALSE,Pulmonologist,1,AMB-040,2026-09-12 00:29:32,NO_MATCH
REQ-001771,PT-364398,Other,Low,30,18.50068,73.828446,TRUE,FALSE,FALSE,FALSE,FALSE,FALSE,FALSE,FALSE,FALSE,,1,,2026-09-12 00:40:08,CREATED
REQ-001772,PT-318469,Road Accident,Critical,34,18.647321,73.807568,TRUE,FALSE,FALSE,TRUE,FALSE,TRUE,TRUE,FALSE,FALSE,,1,AMB-049,2026-09-12 01:21:32,COMPLETED
REQ-001773,PT-384250,Road Accident,High,48,18.640012,73.806995,TRUE,FALSE,FALSE,TRUE,FALSE,FALSE,TRUE,TRUE,FALSE,,1,AMB-035,2026-09-12 01:21:54,COMPLETED
REQ-001774,PT-939583,Cardiac,Critical,62,18.5992,73.786841,FALSE,FALSE,TRUE,FALSE,TRUE,FALSE,FALSE,FALSE,FALSE,,1,,2026-09-12 01:25:12,CREATED
REQ-001775,PT-745024,Cardiac,Moderate,89,18.627453,73.818888,TRUE,FALSE,FALSE,FALSE,TRUE,FALSE,FALSE,FALSE,FALSE,,1,AMB-048,2026-09-12 01:40:34,COMPLETED
REQ-001776,PT-433468,Other,Moderate,16,18.645983,73.805209,FALSE,FALSE,FALSE,FALSE,FALSE,FALSE,FALSE,FALSE,FALSE,,1,,2026-09-12 02:38:00,MATCHING
REQ-001777,PT-991658,Cardiac,High,40,18.593641,73.723883,TRUE,TRUE,TRUE,FALSE,FALSE,FALSE,FALSE,FALSE,FALSE,Cardiologist,1,AMB-007,2026-09-12 03:36:26,COMPLETED
REQ-001778,PT-255268,Other,High,50,18.627432,73.797975,FALSE,FALSE,TRUE,FALSE,FALSE,FALSE,FALSE,TRUE,FALSE,,1,,2026-09-12 03:46:40,CREATED
REQ-001779,PT-275008,Cardiac,Critical,43,18.456456,73.795601,TRUE,TRUE,TRUE,FALSE,TRUE,FALSE,FALSE,FALSE,FALSE,Cardiologist,1,AMB-037,2026-09-12 04:50:40,COMPLETED
REQ-001780,PT-144978,Cardiac,High,40,18.453263,73.800043,TRUE,TRUE,FALSE,FALSE,TRUE,FALSE,FALSE,FALSE,FALSE,Cardiologist,1,AMB-092,2026-09-12 04:51:14,COMPLETED
REQ-001781,PT-753292,Road Accident,High,31,18.53552,73.828382,TRUE,FALSE,FALSE,TRUE,FALSE,FALSE,TRUE,FALSE,FALSE,,1,AMB-073,2026-09-12 05:46:18,COMPLETED
REQ-001782,PT-624299,Other,Critical,47,18.578662,73.988966,TRUE,TRUE,FALSE,TRUE,TRUE,TRUE,TRUE,TRUE,FALSE,Neurologist,1,AMB-043,2026-09-12 05:51:42,COMPLETED
REQ-001783,PT-438178,Other,Moderate,35,18.519399,73.718817,FALSE,FALSE,TRUE,FALSE,FALSE,FALSE,FALSE,FALSE,FALSE,,1,,2026-09-12 06:05:18,MATCHING
REQ-001784,PT-137252,Cardiac,Low,46,18.466546,73.914624,FALSE,FALSE,FALSE,FALSE,TRUE,FALSE,FALSE,FALSE,FALSE,,1,,2026-09-12 06:28:31,CREATED
REQ-001785,PT-659708,Road Accident,Low,23,18.500753,73.867893,FALSE,FALSE,FALSE,TRUE,FALSE,FALSE,FALSE,TRUE,FALSE,,1,,2026-09-12 06:56:37,MATCHING
REQ-001786,PT-653708,Respiratory,Moderate,66,18.606914,73.760582,FALSE,FALSE,FALSE,FALSE,FALSE,FALSE,FALSE,FALSE,FALSE,,1,,2026-09-12 07:08:14,MATCHING
REQ-001787,PT-598104,Respiratory,Low,8,18.637383,73.824517,FALSE,FALSE,TRUE,FALSE,FALSE,FALSE,FALSE,FALSE,FALSE,Pulmonologist,1,,2026-09-12 07:17:53,MATCHING
REQ-001788,PT-289716,Respiratory,Moderate,6,18.555715,73.803593,FALSE,TRUE,TRUE,FALSE,TRUE,FALSE,FALSE,FALSE,FALSE,Pulmonologist,1,,2026-09-12 07:30:52,MATCHING
REQ-001789,PT-234052,Road Accident,High,32,18.47588,73.867123,TRUE,TRUE,TRUE,FALSE,FALSE,FALSE,FALSE,TRUE,FALSE,,1,,2026-09-12 07:33:16,CREATED
REQ-001790,PT-690149,Other,Moderate,63,18.535855,73.733409,FALSE,FALSE,FALSE,FALSE,FALSE,FALSE,FALSE,FALSE,FALSE,,1,,2026-09-12 07:41:48,MATCHING
REQ-001791,PT-460310,Respiratory,Moderate,48,18.580437,73.810187,FALSE,FALSE,FALSE,FALSE,FALSE,FALSE,FALSE,FALSE,FALSE,,1,AMB-083,2026-09-12 07:48:56,COMPLETED
REQ-001792,PT-681607,Cardiac,High,77,18.523353,73.849617,TRUE,FALSE,TRUE,FALSE,TRUE,FALSE,FALSE,FALSE,FALSE,,1,,2026-09-12 07:50:07,MATCHING
REQ-001793,PT-315605,Stroke,High,76,18.538443,73.765761,TRUE,FALSE,FALSE,FALSE,FALSE,FALSE,FALSE,FALSE,FALSE,Neurologist,1,,2026-09-12 08:02:39,CREATED
REQ-001794,PT-729676,Road Accident,Moderate,37,18.626614,73.852806,FALSE,FALSE,FALSE,FALSE,FALSE,FALSE,FALSE,TRUE,FALSE,,1,,2026-09-12 08:06:56,MATCHING
REQ-001795,PT-528076,Respiratory,High,97,18.575538,73.782967,TRUE,TRUE,TRUE,FALSE,FALSE,FALSE,FALSE,FALSE,FALSE,Pulmonologist,1,,2026-09-12 08:07:39,CREATED
REQ-001796,PT-224961,Cardiac,High,64,18.487722,73.931669,TRUE,FALSE,FALSE,FALSE,TRUE,FALSE,FALSE,FALSE,FALSE,,1,,2026-09-12 08:16:29,CREATED
REQ-001797,PT-604998,Stroke,High,51,18.643067,73.774895,FALSE,FALSE,FALSE,FALSE,FALSE,TRUE,FALSE,FALSE,FALSE,,1,AMB-001,2026-09-12 08:16:51,COMPLETED
REQ-001798,PT-321471,Road Accident,Moderate,20,18.624999,73.778752,TRUE,TRUE,FALSE,TRUE,FALSE,FALSE,FALSE,FALSE,FALSE,General Surgeon,1,,2026-09-12 08:23:43,MATCHING
REQ-001799,PT-102323,Respiratory,Moderate,46,18.469839,73.804888,TRUE,FALSE,TRUE,FALSE,FALSE,FALSE,FALSE,FALSE,FALSE,,1,,2026-09-12 08:24:01,CREATED
REQ-001800,PT-311563,Stroke,Moderate,70,18.485053,73.856503,TRUE,FALSE,TRUE,FALSE,FALSE,TRUE,FALSE,FALSE,FALSE,Neurologist,1,,2026-09-12 08:24:13,MATCHING
REQ-001801,PT-135335,Stroke,High,84,18.560877,73.931339,FALSE,FALSE,FALSE,FALSE,FALSE,TRUE,FALSE,FALSE,FALSE,Neurologist,1,,2026-09-12 08:25:09,CREATED
REQ-001802,PT-659397,Road Accident,Moderate,26,18.626292,73.760946,FALSE,FALSE,FALSE,FALSE,FALSE,FALSE,FALSE,FALSE,FALSE,,1,AMB-023,2026-09-12 08:29:35,COMPLETED
REQ-001803,PT-886948,Stroke,High,62,18.450061,73.846134,TRUE,FALSE,FALSE,TRUE,FALSE,TRUE,FALSE,FALSE,FALSE,,1,,2026-09-12 08:43:39,CREATED
REQ-001804,PT-989692,Road Accident,High,25,18.644852,73.772132,TRUE,TRUE,FALSE,FALSE,FALSE,FALSE,TRUE,TRUE,FALSE,,1,AMB-049,2026-09-12 08:45:50,COMPLETED
REQ-001805,PT-885183,Respiratory,Moderate,4,18.598195,73.769217,FALSE,FALSE,TRUE,FALSE,FALSE,FALSE,FALSE,FALSE,FALSE,,1,,2026-09-12 08:50:12,CREATED
REQ-001806,PT-529253,Other,Low,22,18.503402,73.918124,FALSE,FALSE,FALSE,FALSE,FALSE,FALSE,FALSE,FALSE,FALSE,,1,,2026-09-12 09:00:09,MATCHING
REQ-001807,PT-280947,Cardiac,Low,57,18.479135,73.915256,FALSE,FALSE,FALSE,FALSE,FALSE,FALSE,FALSE,FALSE,FALSE,,1,,2026-09-12 09:14:27,CREATED
REQ-001808,PT-586461,Other,Low,59,18.487847,73.794228,FALSE,FALSE,FALSE,FALSE,FALSE,FALSE,FALSE,FALSE,FALSE,General Surgeon,1,,2026-09-12 09:18:40,MATCHING
REQ-001809,PT-789469,Cardiac,Moderate,46,18.497603,73.934489,FALSE,FALSE,FALSE,FALSE,TRUE,FALSE,FALSE,FALSE,FALSE,,1,AMB-091,2026-09-12 09:21:13,COMPLETED
REQ-001810,PT-452650,Cardiac,High,82,18.497358,73.815298,FALSE,FALSE,TRUE,FALSE,TRUE,FALSE,FALSE,FALSE,FALSE,,1,,2026-09-12 09:22:58,MATCHING
REQ-001811,PT-273856,Stroke,Moderate,52,18.624023,73.825657,FALSE,FALSE,FALSE,FALSE,FALSE,FALSE,FALSE,FALSE,FALSE,,1,,2026-09-12 09:31:51,CREATED
REQ-001812,PT-102561,Cardiac,High,82,18.527596,73.787286,TRUE,FALSE,TRUE,FALSE,TRUE,FALSE,FALSE,TRUE,FALSE,,1,,2026-09-12 09:33:55,MATCHING
REQ-001813,PT-841117,Road Accident,Moderate,38,18.515883,73.670396,TRUE,FALSE,FALSE,TRUE,FALSE,FALSE,FALSE,FALSE,FALSE,,1,,2026-09-12 09:42:07,CREATED
REQ-001814,PT-255046,Cardiac,High,73,18.578894,73.96942,TRUE,TRUE,TRUE,FALSE,TRUE,FALSE,TRUE,TRUE,FALSE,Cardiologist,1,,2026-09-12 09:43:34,MATCHING
REQ-001815,PT-315586,Cardiac,High,72,18.626006,73.869611,TRUE,FALSE,TRUE,FALSE,TRUE,FALSE,FALSE,FALSE,FALSE,,1,AMB-024,2026-09-12 09:49:27,COMPLETED
REQ-001816,PT-759318,Respiratory,High,45,18.474494,73.89484,TRUE,TRUE,TRUE,FALSE,FALSE,FALSE,FALSE,FALSE,FALSE,Pulmonologist,1,,2026-09-12 09:49:47,CREATED
REQ-001817,PT-212159,Road Accident,Low,67,18.636834,73.743598,FALSE,FALSE,FALSE,TRUE,FALSE,FALSE,FALSE,FALSE,FALSE,,1,,2026-09-12 09:53:16,CREATED
REQ-001818,PT-605233,Road Accident,Moderate,28,18.451596,73.874809,TRUE,FALSE,TRUE,TRUE,FALSE,FALSE,FALSE,TRUE,FALSE,,1,,2026-09-12 09:53:28,MATCHING
REQ-001819,PT-156288,Cardiac,Moderate,56,18.489345,73.782626,FALSE,FALSE,FALSE,FALSE,TRUE,FALSE,FALSE,FALSE,FALSE,,1,AMB-057,2026-09-12 09:54:25,COMPLETED
REQ-001820,PT-375261,Road Accident,Low,26,18.530356,73.941551,FALSE,FALSE,FALSE,TRUE,FALSE,FALSE,FALSE,FALSE,FALSE,,1,,2026-09-12 09:55:05,MATCHING
REQ-001821,PT-891349,Cardiac,Critical,56,18.608051,73.848293,TRUE,TRUE,TRUE,FALSE,TRUE,FALSE,FALSE,FALSE,FALSE,Cardiologist,1,,2026-09-12 09:58:18,MATCHING
REQ-001822,PT-859797,Cardiac,Critical,65,18.586937,73.910007,TRUE,TRUE,TRUE,FALSE,TRUE,FALSE,FALSE,TRUE,FALSE,,1,AMB-042,2026-09-12 09:58:21,COMPLETED
REQ-001823,PT-496313,Other,Moderate,24,18.590932,73.906229,TRUE,FALSE,FALSE,FALSE,FALSE,FALSE,FALSE,FALSE,FALSE,Cardiologist,1,,2026-09-12 10:04:34,MATCHING
REQ-001824,PT-482293,Road Accident,Moderate,41,18.663233,73.802027,TRUE,TRUE,FALSE,FALSE,TRUE,FALSE,FALSE,FALSE,FALSE,,1,,2026-09-12 10:11:49,CREATED
REQ-001825,PT-554481,Stroke,Low,76,18.451077,73.864516,FALSE,FALSE,FALSE,FALSE,FALSE,TRUE,FALSE,FALSE,FALSE,,1,,2026-09-12 10:17:41,CREATED
REQ-001826,PT-648207,Road Accident,Low,30,18.512146,73.853722,FALSE,FALSE,FALSE,FALSE,FALSE,FALSE,FALSE,FALSE,FALSE,,1,AMB-060,2026-09-12 10:21:22,COMPLETED
REQ-001827,PT-924582,Respiratory,High,36,18.638031,73.814056,TRUE,FALSE,TRUE,FALSE,FALSE,FALSE,TRUE,TRUE,FALSE,Pulmonologist,1,,2026-09-12 10:23:30,NO_MATCH
REQ-001828,PT-733084,Stroke,High,79,18.547043,73.796222,TRUE,TRUE,FALSE,FALSE,FALSE,TRUE,FALSE,FALSE,FALSE,,1,,2026-09-12 10:35:15,CREATED
REQ-001829,PT-563611,Road Accident,Critical,22,18.484934,73.785138,TRUE,FALSE,TRUE,TRUE,FALSE,TRUE,TRUE,TRUE,TRUE,General Surgeon,1,,2026-09-12 10:39:23,CREATED
REQ-001830,PT-743609,Cardiac,Critical,73,18.459961,73.882564,TRUE,FALSE,FALSE,FALSE,TRUE,FALSE,TRUE,TRUE,FALSE,Cardiologist,1,,2026-09-12 10:41:58,CREATED
REQ-001831,PT-653455,Cardiac,Critical,72,18.466934,73.793534,TRUE,TRUE,FALSE,FALSE,TRUE,TRUE,FALSE,TRUE,FALSE,Cardiologist,1,AMB-037,2026-09-12 10:50:37,COMPLETED
REQ-001832,PT-898308,Cardiac,High,52,18.550802,73.863004,FALSE,TRUE,TRUE,FALSE,TRUE,FALSE,FALSE,FALSE,FALSE,Cardiologist,1,,2026-09-12 10:52:22,MATCHING
REQ-001833,PT-362307,Road Accident,High,10,18.584162,73.998819,TRUE,TRUE,FALSE,TRUE,FALSE,FALSE,FALSE,TRUE,FALSE,Trauma Surgeon,1,,2026-09-12 11:03:01,MATCHING
REQ-001834,PT-230887,Other,High,28,18.556937,73.827685,TRUE,FALSE,FALSE,FALSE,FALSE,FALSE,FALSE,FALSE,FALSE,,1,,2026-09-12 11:06:53,CREATED
REQ-001835,PT-781690,Burn,Critical,24,18.469359,73.799937,TRUE,FALSE,TRUE,FALSE,FALSE,FALSE,TRUE,TRUE,TRUE,General Surgeon,1,,2026-09-12 11:10:05,CREATED
REQ-001836,PT-288543,Burn,Low,11,18.460386,73.897514,FALSE,FALSE,FALSE,FALSE,FALSE,FALSE,FALSE,FALSE,FALSE,,1,,2026-09-12 11:25:19,CREATED
REQ-001837,PT-610934,Burn,High,10,18.664839,73.766201,TRUE,FALSE,TRUE,FALSE,FALSE,FALSE,FALSE,FALSE,FALSE,General Surgeon,1,,2026-09-12 11:27:06,CREATED
REQ-001838,PT-750838,Other,Moderate,21,18.55091,73.897015,FALSE,FALSE,FALSE,FALSE,FALSE,FALSE,FALSE,FALSE,FALSE,,1,,2026-09-12 11:51:10,CREATED
REQ-001839,PT-608959,Stroke,Moderate,89,18.462941,73.871494,TRUE,FALSE,TRUE,FALSE,FALSE,TRUE,FALSE,FALSE,FALSE,,1,AMB-053,2026-09-12 12:00:35,COMPLETED
REQ-001840,PT-295445,Cardiac,Critical,64,18.567408,73.936405,TRUE,TRUE,FALSE,TRUE,TRUE,FALSE,FALSE,FALSE,FALSE,Cardiologist,1,,2026-09-12 12:01:01,MATCHING
REQ-001841,PT-945618,Cardiac,High,57,18.460167,73.835356,TRUE,TRUE,FALSE,FALSE,TRUE,FALSE,TRUE,FALSE,FALSE,Cardiologist,1,AMB-092,2026-09-12 12:24:32,COMPLETED
REQ-001842,PT-172089,Road Accident,Low,30,18.511937,73.913632,TRUE,TRUE,FALSE,TRUE,FALSE,TRUE,FALSE,FALSE,FALSE,General Surgeon,1,,2026-09-12 12:36:04,MATCHING
REQ-001843,PT-499807,Other,Low,10,18.505903,73.916451,FALSE,FALSE,FALSE,FALSE,FALSE,FALSE,FALSE,FALSE,FALSE,,1,,2026-09-12 12:39:49,CREATED
REQ-001844,PT-404291,Cardiac,Moderate,53,18.511352,73.792789,FALSE,FALSE,TRUE,FALSE,FALSE,FALSE,FALSE,FALSE,FALSE,Cardiologist,1,,2026-09-12 12:41:44,MATCHING
REQ-001845,PT-742885,Road Accident,Low,11,18.517299,73.666101,TRUE,TRUE,FALSE,TRUE,FALSE,FALSE,FALSE,FALSE,FALSE,,1,AMB-025,2026-09-12 12:49:48,COMPLETED
REQ-001846,PT-400186,Burn,Critical,8,18.763178,73.856534,TRUE,TRUE,TRUE,TRUE,FALSE,TRUE,TRUE,TRUE,FALSE,Neurologist,1,AMB-022,2026-09-12 12:56:15,COMPLETED
REQ-001847,PT-824732,Road Accident,Moderate,31,18.591806,73.713007,FALSE,FALSE,FALSE,TRUE,FALSE,FALSE,FALSE,TRUE,FALSE,,1,,2026-09-12 13:04:01,MATCHING
REQ-001848,PT-718216,Respiratory,Moderate,12,18.543014,73.745594,FALSE,FALSE,TRUE,FALSE,FALSE,FALSE,FALSE,FALSE,FALSE,Pulmonologist,1,AMB-062,2026-09-12 13:05:53,COMPLETED
REQ-001849,PT-384355,Respiratory,Low,55,18.490789,73.900025,FALSE,FALSE,TRUE,FALSE,FALSE,FALSE,FALSE,TRUE,FALSE,,1,,2026-09-12 13:06:03,CREATED
REQ-001850,PT-532937,Respiratory,Low,9,18.51118,73.94043,FALSE,FALSE,TRUE,FALSE,FALSE,FALSE,FALSE,FALSE,FALSE,Pulmonologist,1,,2026-09-12 13:29:46,CREATED
REQ-001851,PT-833228,Stroke,Low,74,18.529749,73.849531,FALSE,FALSE,FALSE,FALSE,FALSE,TRUE,FALSE,FALSE,FALSE,Neurologist,1,AMB-021,2026-09-12 13:32:41,COMPLETED
REQ-001852,PT-221666,Road Accident,High,40,18.504076,73.834857,TRUE,FALSE,TRUE,TRUE,FALSE,FALSE,TRUE,FALSE,FALSE,,1,,2026-09-12 13:39:28,MATCHING
REQ-001853,PT-647090,Cardiac,Moderate,58,18.48137,73.794073,TRUE,FALSE,FALSE,FALSE,TRUE,FALSE,FALSE,FALSE,FALSE,,1,,2026-09-12 13:55:58,CREATED
REQ-001854,PT-596663,Road Accident,Low,38,18.50821,73.685052,FALSE,FALSE,FALSE,TRUE,FALSE,FALSE,FALSE,TRUE,FALSE,,1,,2026-09-12 14:18:15,MATCHING
REQ-001855,PT-194928,Cardiac,Low,64,18.74181,73.690357,FALSE,FALSE,TRUE,FALSE,TRUE,FALSE,FALSE,FALSE,FALSE,,1,,2026-09-12 14:18:21,CREATED
REQ-001856,PT-162907,Stroke,Moderate,69,18.547605,73.9292,FALSE,FALSE,FALSE,FALSE,FALSE,TRUE,TRUE,FALSE,FALSE,,1,,2026-09-12 14:24:46,MATCHING
REQ-001857,PT-318212,Road Accident,Critical,21,18.5698,73.91139,TRUE,TRUE,TRUE,FALSE,FALSE,TRUE,TRUE,FALSE,FALSE,Trauma Surgeon,1,,2026-09-12 14:37:49,MATCHING
REQ-001858,PT-260267,Other,Moderate,32,18.594213,73.724419,FALSE,FALSE,FALSE,FALSE,FALSE,FALSE,FALSE,FALSE,FALSE,,1,,2026-09-12 15:05:03,CREATED
REQ-001859,PT-175632,Road Accident,High,60,18.528999,73.865074,TRUE,FALSE,TRUE,TRUE,FALSE,FALSE,TRUE,FALSE,FALSE,,1,AMB-068,2026-09-12 15:09:56,COMPLETED
REQ-001860,PT-155346,Road Accident,Critical,27,18.511858,73.801172,TRUE,FALSE,FALSE,TRUE,FALSE,FALSE,TRUE,FALSE,FALSE,Trauma Surgeon,1,,2026-09-12 15:14:47,MATCHING
REQ-001861,PT-343033,Stroke,High,63,18.650143,73.763057,TRUE,TRUE,FALSE,FALSE,FALSE,TRUE,FALSE,FALSE,FALSE,,1,,2026-09-12 15:16:56,CREATED
REQ-001862,PT-763672,Road Accident,Moderate,19,18.486966,73.881588,FALSE,FALSE,TRUE,TRUE,FALSE,FALSE,FALSE,TRUE,FALSE,,1,,2026-09-12 15:22:37,CREATED
REQ-001863,PT-640366,Road Accident,Moderate,16,18.7476,73.838881,TRUE,FALSE,FALSE,TRUE,FALSE,FALSE,FALSE,TRUE,FALSE,,1,,2026-09-12 15:26:48,MATCHING
REQ-001864,PT-993981,Burn,High,5,18.492297,73.879147,FALSE,FALSE,TRUE,TRUE,FALSE,FALSE,FALSE,TRUE,FALSE,General Surgeon,1,,2026-09-12 15:27:03,MATCHING
REQ-001865,PT-432041,Road Accident,Moderate,33,18.508219,73.714114,FALSE,FALSE,FALSE,TRUE,FALSE,FALSE,FALSE,FALSE,FALSE,Trauma Surgeon,1,,2026-09-12 15:34:57,CREATED
REQ-001866,PT-484807,Respiratory,Low,63,18.452301,73.82607,FALSE,FALSE,TRUE,FALSE,FALSE,FALSE,FALSE,FALSE,FALSE,,1,AMB-004,2026-09-12 15:41:33,COMPLETED
REQ-001867,PT-744858,Road Accident,Critical,29,18.606101,73.765559,FALSE,FALSE,FALSE,TRUE,FALSE,FALSE,FALSE,TRUE,FALSE,Trauma Surgeon,1,,2026-09-12 15:52:36,MATCHING
REQ-001868,PT-732877,Respiratory,High,58,18.544156,73.717648,TRUE,TRUE,FALSE,FALSE,FALSE,FALSE,TRUE,FALSE,FALSE,Pulmonologist,1,,2026-09-12 15:54:41,CREATED
REQ-001869,PT-844223,Respiratory,Moderate,67,18.502247,73.794395,TRUE,TRUE,TRUE,FALSE,FALSE,FALSE,FALSE,FALSE,FALSE,,1,,2026-09-12 16:11:27,CREATED
REQ-001870,PT-758338,Cardiac,Critical,58,18.481301,73.894959,TRUE,TRUE,TRUE,FALSE,TRUE,FALSE,FALSE,FALSE,FALSE,Cardiologist,1,AMB-085,2026-09-12 16:16:37,COMPLETED
REQ-001871,PT-164201,Cardiac,Moderate,49,18.480863,73.87536,TRUE,FALSE,FALSE,FALSE,FALSE,FALSE,FALSE,FALSE,FALSE,Cardiologist,1,AMB-065,2026-09-12 16:17:16,COMPLETED
REQ-001872,PT-599140,Road Accident,High,33,18.514105,73.671355,TRUE,FALSE,FALSE,TRUE,FALSE,FALSE,FALSE,FALSE,FALSE,,1,AMB-025,2026-09-12 16:28:07,COMPLETED
REQ-001873,PT-442658,Burn,High,17,18.760276,73.670169,FALSE,FALSE,FALSE,TRUE,FALSE,FALSE,FALSE,FALSE,FALSE,General Surgeon,1,,2026-09-12 16:31:21,MATCHING
REQ-001874,PT-360918,Road Accident,Moderate,26,18.763344,73.854098,FALSE,FALSE,TRUE,FALSE,FALSE,TRUE,FALSE,FALSE,FALSE,,1,,2026-09-12 16:32:19,MATCHING
REQ-001875,PT-953024,Stroke,Low,60,18.559491,73.958073,FALSE,FALSE,FALSE,FALSE,FALSE,TRUE,FALSE,FALSE,FALSE,,1,,2026-09-12 16:34:07,MATCHING
REQ-001876,PT-517834,Road Accident,Moderate,21,18.735677,73.678549,FALSE,FALSE,FALSE,FALSE,FALSE,FALSE,FALSE,FALSE,FALSE,Trauma Surgeon,1,,2026-09-12 16:34:30,MATCHING
REQ-001877,PT-981322,Other,Critical,37,18.764458,73.861345,TRUE,TRUE,FALSE,TRUE,FALSE,TRUE,TRUE,TRUE,FALSE,Neurologist,1,,2026-09-12 16:54:32,MATCHING
REQ-001878,PT-587595,Respiratory,High,5,18.62975,73.859496,TRUE,FALSE,FALSE,FALSE,FALSE,FALSE,FALSE,FALSE,TRUE,,1,AMB-024,2026-09-12 17:01:34,COMPLETED
REQ-001879,PT-297282,Respiratory,Low,0,18.507729,73.828395,FALSE,FALSE,TRUE,FALSE,FALSE,FALSE,FALSE,FALSE,FALSE,,1,,2026-09-12 17:04:08,CREATED
REQ-001880,PT-110662,Cardiac,High,72,18.608789,73.752925,TRUE,FALSE,TRUE,FALSE,TRUE,FALSE,TRUE,FALSE,FALSE,,1,,2026-09-12 17:34:40,CREATED
REQ-001881,PT-686508,Respiratory,Critical,4,18.593139,73.743797,TRUE,TRUE,TRUE,FALSE,FALSE,FALSE,FALSE,FALSE,FALSE,,1,,2026-09-12 17:35:19,MATCHING
REQ-001882,PT-124146,Other,Moderate,53,18.480817,73.811935,FALSE,FALSE,TRUE,FALSE,FALSE,FALSE,FALSE,FALSE,FALSE,,1,,2026-09-12 17:38:50,MATCHING
REQ-001883,PT-217667,Respiratory,Low,45,18.545444,73.860496,TRUE,TRUE,TRUE,FALSE,FALSE,FALSE,FALSE,FALSE,FALSE,,1,,2026-09-12 17:40:17,CREATED
REQ-001884,PT-384251,Stroke,Critical,74,18.509923,73.841296,TRUE,FALSE,TRUE,FALSE,FALSE,TRUE,FALSE,TRUE,FALSE,Neurologist,1,AMB-073,2026-09-12 17:42:37,COMPLETED
REQ-001885,PT-416818,Stroke,High,66,18.503511,73.843621,TRUE,TRUE,TRUE,FALSE,FALSE,TRUE,FALSE,FALSE,FALSE,Neurologist,1,AMB-003,2026-09-12 17:43:16,COMPLETED
REQ-001886,PT-356011,Road Accident,High,19,18.507106,73.700635,TRUE,TRUE,FALSE,FALSE,FALSE,FALSE,FALSE,FALSE,FALSE,Trauma Surgeon,1,,2026-09-12 17:43:55,MATCHING
REQ-001887,PT-631753,Cardiac,Critical,92,18.574692,73.789982,TRUE,FALSE,TRUE,FALSE,TRUE,FALSE,FALSE,FALSE,FALSE,Cardiologist,1,,2026-09-12 17:45:37,MATCHING
REQ-001888,PT-878449,Burn,High,6,18.547575,73.889874,TRUE,TRUE,FALSE,TRUE,FALSE,FALSE,FALSE,TRUE,FALSE,,1,AMB-061,2026-09-12 17:54:12,COMPLETED
REQ-001889,PT-454820,Other,Low,76,18.530832,73.826501,FALSE,FALSE,FALSE,FALSE,FALSE,FALSE,FALSE,FALSE,FALSE,Cardiologist,1,AMB-034,2026-09-12 17:57:20,COMPLETED
REQ-001890,PT-689412,Cardiac,High,73,18.656715,73.858471,TRUE,FALSE,TRUE,FALSE,TRUE,FALSE,FALSE,FALSE,TRUE,Cardiologist,1,,2026-09-12 18:16:10,MATCHING
REQ-001891,PT-786140,Road Accident,Critical,32,18.453605,73.915243,TRUE,TRUE,FALSE,TRUE,TRUE,TRUE,TRUE,TRUE,FALSE,Neurologist,1,AMB-085,2026-09-12 18:20:37,COMPLETED
REQ-001892,PT-598353,Other,Low,43,18.611971,73.841429,FALSE,FALSE,TRUE,FALSE,FALSE,FALSE,FALSE,FALSE,FALSE,Pulmonologist,1,,2026-09-12 18:25:21,CREATED
REQ-001893,PT-761651,Cardiac,Moderate,48,18.472391,73.824404,FALSE,FALSE,FALSE,TRUE,TRUE,FALSE,FALSE,FALSE,FALSE,,1,,2026-09-12 18:28:41,CREATED
REQ-001894,PT-365572,Burn,Moderate,31,18.47735,73.874488,FALSE,FALSE,TRUE,TRUE,FALSE,FALSE,FALSE,FALSE,FALSE,General Surgeon,1,,2026-09-12 18:36:29,MATCHING
REQ-001895,PT-500313,Cardiac,Moderate,44,18.556942,73.798896,FALSE,FALSE,FALSE,FALSE,TRUE,FALSE,FALSE,TRUE,FALSE,,1,,2026-09-12 18:38:24,CREATED
REQ-001896,PT-875310,Respiratory,High,1,18.439578,73.908521,TRUE,TRUE,FALSE,FALSE,FALSE,FALSE,FALSE,FALSE,FALSE,Pulmonologist,1,,2026-09-12 18:41:48,CREATED
REQ-001897,PT-989451,Stroke,Critical,62,18.502761,73.808241,TRUE,FALSE,TRUE,FALSE,TRUE,TRUE,FALSE,FALSE,FALSE,Neurologist,1,,2026-09-12 18:44:07,MATCHING
REQ-001898,PT-923427,Road Accident,High,48,18.642468,73.790624,FALSE,TRUE,TRUE,TRUE,FALSE,FALSE,FALSE,TRUE,FALSE,General Surgeon,1,,2026-09-12 18:52:48,MATCHING
REQ-001899,PT-729989,Road Accident,Low,45,18.650213,73.776497,FALSE,FALSE,FALSE,TRUE,FALSE,FALSE,FALSE,FALSE,FALSE,Trauma Surgeon,1,,2026-09-12 18:54:43,CREATED
REQ-001900,PT-291291,Respiratory,High,8,18.503835,73.804412,TRUE,FALSE,TRUE,FALSE,FALSE,FALSE,FALSE,FALSE,FALSE,Pulmonologist,1,,2026-09-12 18:55:44,CREATED
REQ-001901,PT-933736,Cardiac,Critical,58,18.456464,73.913335,TRUE,FALSE,TRUE,FALSE,TRUE,FALSE,FALSE,FALSE,FALSE,Cardiologist,1,,2026-09-12 19:10:06,MATCHING
REQ-001902,PT-405695,Road Accident,Critical,36,18.505523,73.668484,TRUE,FALSE,TRUE,TRUE,FALSE,TRUE,TRUE,TRUE,FALSE,Trauma Surgeon,1,AMB-070,2026-09-12 19:13:31,COMPLETED
REQ-001903,PT-700541,Road Accident,Critical,37,18.524059,73.722797,TRUE,TRUE,TRUE,TRUE,FALSE,TRUE,TRUE,TRUE,FALSE,Neurologist,1,AMB-076,2026-09-12 19:14:57,COMPLETED
REQ-001904,PT-402251,Cardiac,Moderate,36,18.564789,73.933202,TRUE,TRUE,FALSE,FALSE,TRUE,FALSE,FALSE,FALSE,FALSE,Cardiologist,1,,2026-09-12 19:17:09,CREATED
REQ-001905,PT-422287,Respiratory,Critical,73,18.584262,73.747831,TRUE,TRUE,TRUE,FALSE,FALSE,FALSE,FALSE,FALSE,FALSE,Pulmonologist,1,,2026-09-12 19:22:44,MATCHING
REQ-001906,PT-906391,Road Accident,Critical,41,18.561447,73.934505,TRUE,FALSE,FALSE,TRUE,FALSE,FALSE,FALSE,TRUE,FALSE,General Surgeon,4,,2026-09-12 19:27:15,MATCHING
REQ-001907,PT-850518,Respiratory,Moderate,48,18.479613,73.792095,FALSE,FALSE,TRUE,FALSE,FALSE,FALSE,FALSE,FALSE,FALSE,,1,,2026-09-12 19:38:41,CREATED
REQ-001908,PT-601953,Stroke,Critical,76,18.471943,73.896275,TRUE,FALSE,FALSE,FALSE,FALSE,TRUE,FALSE,FALSE,FALSE,Neurologist,1,AMB-085,2026-09-12 19:43:14,COMPLETED
REQ-001909,PT-576566,Other,Low,20,18.568474,73.813042,FALSE,FALSE,FALSE,FALSE,FALSE,FALSE,FALSE,FALSE,FALSE,,1,AMB-005,2026-09-12 19:44:40,COMPLETED
REQ-001910,PT-419228,Respiratory,Moderate,27,18.597859,73.749202,FALSE,FALSE,TRUE,FALSE,FALSE,FALSE,FALSE,FALSE,FALSE,,1,AMB-028,2026-09-12 19:46:28,COMPLETED
REQ-001911,PT-209807,Stroke,Moderate,86,18.466622,73.878407,FALSE,FALSE,FALSE,FALSE,FALSE,TRUE,FALSE,TRUE,FALSE,Neurologist,1,AMB-053,2026-09-12 19:48:39,COMPLETED
REQ-001912,PT-121826,Burn,Moderate,66,18.512389,73.933633,TRUE,FALSE,FALSE,TRUE,FALSE,FALSE,FALSE,FALSE,FALSE,General Surgeon,1,,2026-09-12 19:51:37,CREATED
REQ-001913,PT-644682,Cardiac,Low,65,18.635835,73.75255,FALSE,FALSE,TRUE,FALSE,TRUE,FALSE,FALSE,FALSE,FALSE,,1,,2026-09-12 19:57:03,MATCHING
REQ-001914,PT-989452,Respiratory,Moderate,8,18.598631,73.758752,TRUE,TRUE,TRUE,FALSE,TRUE,FALSE,FALSE,FALSE,FALSE,,1,AMB-084,2026-09-12 19:57:41,COMPLETED
REQ-001915,PT-902678,Road Accident,High,62,18.599351,73.745111,TRUE,FALSE,FALSE,TRUE,FALSE,FALSE,TRUE,FALSE,FALSE,,1,,2026-09-12 19:58:18,CREATED
REQ-001916,PT-478317,Other,Low,46,18.585578,73.748772,FALSE,FALSE,FALSE,FALSE,FALSE,FALSE,FALSE,FALSE,FALSE,Cardiologist,1,,2026-09-12 20:12:25,CREATED
REQ-001917,PT-668075,Respiratory,Critical,3,18.501296,73.678064,TRUE,TRUE,TRUE,FALSE,FALSE,FALSE,FALSE,FALSE,FALSE,Pulmonologist,1,,2026-09-12 20:13:17,CREATED
REQ-001918,PT-658460,Cardiac,High,83,18.519495,73.931448,TRUE,FALSE,FALSE,FALSE,TRUE,FALSE,TRUE,TRUE,FALSE,Cardiologist,1,,2026-09-12 20:20:26,CREATED
REQ-001919,PT-390854,Burn,High,35,18.59932,73.988675,FALSE,TRUE,TRUE,TRUE,FALSE,FALSE,TRUE,FALSE,FALSE,,1,,2026-09-12 20:25:28,CREATED
REQ-001920,PT-132965,Other,Moderate,50,18.613697,73.81593,FALSE,FALSE,FALSE,FALSE,FALSE,FALSE,FALSE,TRUE,FALSE,Cardiologist,1,AMB-048,2026-09-12 20:31:06,COMPLETED
REQ-001921,PT-466036,Other,Low,44,18.627368,73.792302,FALSE,FALSE,FALSE,FALSE,FALSE,FALSE,FALSE,FALSE,FALSE,,1,,2026-09-12 20:39:16,MATCHING
REQ-001922,PT-688590,Stroke,Critical,76,18.502585,73.849103,TRUE,FALSE,FALSE,FALSE,TRUE,TRUE,FALSE,FALSE,FALSE,Neurologist,1,AMB-003,2026-09-12 20:41:25,COMPLETED
REQ-001923,PT-976916,Stroke,High,51,18.496936,73.84789,TRUE,FALSE,TRUE,FALSE,FALSE,TRUE,FALSE,FALSE,FALSE,Neurologist,1,AMB-073,2026-09-12 20:41:54,COMPLETED
REQ-001924,PT-745267,Respiratory,Low,49,18.725324,73.676006,FALSE,FALSE,TRUE,FALSE,FALSE,FALSE,FALSE,FALSE,FALSE,,1,,2026-09-12 20:54:12,CREATED
REQ-001925,PT-203071,Stroke,High,83,18.488532,73.871999,TRUE,FALSE,FALSE,FALSE,FALSE,TRUE,TRUE,TRUE,FALSE,Neurologist,1,,2026-09-12 21:27:40,CREATED
REQ-001926,PT-994429,Cardiac,High,60,18.556611,73.897289,TRUE,FALSE,FALSE,FALSE,TRUE,FALSE,TRUE,FALSE,FALSE,,1,AMB-018,2026-09-12 21:39:57,COMPLETED
REQ-001927,PT-793413,Respiratory,Low,81,18.627736,73.83026,TRUE,TRUE,TRUE,FALSE,FALSE,FALSE,FALSE,FALSE,FALSE,,1,,2026-09-12 21:51:27,MATCHING
REQ-001928,PT-755632,Cardiac,Critical,59,18.500161,73.937535,TRUE,FALSE,FALSE,FALSE,TRUE,FALSE,FALSE,TRUE,FALSE,Cardiologist,1,AMB-013,2026-09-12 21:52:13,COMPLETED
REQ-001929,PT-731819,Cardiac,High,66,18.75594,73.883903,TRUE,FALSE,FALSE,FALSE,TRUE,FALSE,FALSE,FALSE,FALSE,,1,,2026-09-12 22:06:27,CREATED
REQ-001930,PT-939734,Road Accident,Moderate,42,18.545045,73.945619,FALSE,FALSE,FALSE,FALSE,FALSE,FALSE,FALSE,TRUE,FALSE,,1,,2026-09-12 22:08:19,MATCHING
REQ-001931,PT-800335,Respiratory,High,0,18.506038,73.882182,TRUE,TRUE,TRUE,FALSE,FALSE,FALSE,FALSE,FALSE,FALSE,Pulmonologist,1,,2026-09-12 22:20:22,CREATED
REQ-001932,PT-313368,Other,Low,26,18.43508,73.900882,FALSE,FALSE,FALSE,FALSE,FALSE,FALSE,FALSE,FALSE,FALSE,,1,,2026-09-12 22:23:41,MATCHING
REQ-001933,PT-169055,Other,Low,61,18.494803,73.851393,TRUE,FALSE,FALSE,FALSE,FALSE,FALSE,FALSE,FALSE,FALSE,,1,AMB-086,2026-09-12 22:31:57,COMPLETED
REQ-001934,PT-929648,Cardiac,High,59,18.518902,73.8869,FALSE,FALSE,FALSE,FALSE,FALSE,FALSE,FALSE,FALSE,FALSE,Cardiologist,1,,2026-09-12 22:32:47,CREATED
REQ-001935,PT-145864,Other,Moderate,42,18.553506,73.921543,TRUE,FALSE,FALSE,FALSE,FALSE,FALSE,FALSE,FALSE,TRUE,,1,,2026-09-12 22:34:12,CREATED
REQ-001936,PT-784094,Respiratory,Moderate,71,18.543477,73.925652,FALSE,FALSE,TRUE,FALSE,FALSE,FALSE,FALSE,FALSE,FALSE,,1,AMB-089,2026-09-12 22:35:14,COMPLETED
REQ-001937,PT-855860,Other,Moderate,19,18.460176,73.800405,FALSE,FALSE,TRUE,FALSE,FALSE,FALSE,FALSE,FALSE,TRUE,,1,AMB-037,2026-09-12 22:36:11,COMPLETED
REQ-001938,PT-692526,Road Accident,Moderate,28,18.726275,73.675356,TRUE,FALSE,FALSE,TRUE,FALSE,FALSE,TRUE,TRUE,FALSE,Trauma Surgeon,1,,2026-09-12 22:55:45,CREATED
REQ-001939,PT-101430,Other,Low,26,18.514247,73.890617,FALSE,FALSE,FALSE,FALSE,FALSE,FALSE,FALSE,FALSE,FALSE,,1,AMB-088,2026-09-12 22:58:18,COMPLETED
REQ-001940,PT-195379,Respiratory,High,2,18.555457,73.860327,TRUE,TRUE,TRUE,FALSE,FALSE,FALSE,FALSE,FALSE,FALSE,Pulmonologist,1,AMB-061,2026-09-12 22:59:14,COMPLETED
REQ-001941,PT-971027,Respiratory,Moderate,4,18.628848,73.803397,TRUE,TRUE,TRUE,FALSE,FALSE,FALSE,FALSE,FALSE,FALSE,,1,,2026-09-12 23:04:57,CREATED
REQ-001942,PT-275106,Cardiac,High,50,18.469358,73.818533,TRUE,FALSE,FALSE,FALSE,TRUE,FALSE,FALSE,FALSE,FALSE,Cardiologist,1,,2026-09-12 23:06:12,CREATED
REQ-001943,PT-543068,Other,Low,29,18.618885,73.810267,FALSE,FALSE,FALSE,FALSE,FALSE,FALSE,FALSE,FALSE,FALSE,,1,,2026-09-12 23:14:16,CREATED
REQ-001944,PT-141426,Cardiac,High,55,18.543861,73.848483,TRUE,FALSE,TRUE,FALSE,FALSE,FALSE,FALSE,TRUE,FALSE,Cardiologist,1,,2026-09-12 23:27:35,MATCHING
REQ-001945,PT-703456,Cardiac,Moderate,63,18.585323,73.761764,FALSE,FALSE,TRUE,FALSE,TRUE,FALSE,TRUE,FALSE,FALSE,,1,,2026-09-12 23:45:52,MATCHING
REQ-001946,PT-733654,Stroke,Low,71,18.489837,73.864098,FALSE,FALSE,FALSE,FALSE,FALSE,TRUE,FALSE,FALSE,FALSE,,1,,2026-09-13 00:02:50,CREATED
REQ-001947,PT-204018,Cardiac,High,63,18.659313,73.771912,TRUE,TRUE,FALSE,FALSE,TRUE,FALSE,FALSE,FALSE,FALSE,Cardiologist,1,,2026-09-13 00:47:54,CREATED
REQ-001948,PT-203311,Road Accident,Critical,41,18.637619,73.869325,TRUE,FALSE,FALSE,TRUE,FALSE,FALSE,TRUE,TRUE,FALSE,,1,,2026-09-13 01:02:58,MATCHING
REQ-001949,PT-434985,Burn,Moderate,29,18.512982,73.861129,FALSE,FALSE,TRUE,FALSE,TRUE,FALSE,FALSE,FALSE,FALSE,,1,,2026-09-13 01:12:28,MATCHING
REQ-001950,PT-578807,Burn,Low,24,18.491972,73.869669,FALSE,FALSE,FALSE,FALSE,FALSE,FALSE,FALSE,FALSE,FALSE,,1,AMB-078,2026-09-13 01:43:09,COMPLETED
REQ-001951,PT-858318,Respiratory,Moderate,10,18.563122,73.980679,TRUE,FALSE,FALSE,FALSE,FALSE,FALSE,FALSE,FALSE,FALSE,,1,,2026-09-13 01:56:30,CREATED
REQ-001952,PT-785522,Respiratory,Critical,31,18.635867,73.808437,TRUE,TRUE,TRUE,FALSE,FALSE,FALSE,FALSE,FALSE,FALSE,Pulmonologist,1,,2026-09-13 02:26:47,CREATED
REQ-001953,PT-457594,Respiratory,Moderate,35,18.584562,73.721506,TRUE,TRUE,TRUE,FALSE,FALSE,FALSE,FALSE,FALSE,FALSE,,1,,2026-09-13 02:49:27,CREATED
REQ-001954,PT-578258,Respiratory,Moderate,104,18.546939,73.91559,TRUE,FALSE,TRUE,FALSE,FALSE,FALSE,FALSE,FALSE,FALSE,Pulmonologist,1,AMB-014,2026-09-13 03:02:28,COMPLETED
REQ-001955,PT-524085,Road Accident,High,29,18.524041,73.885224,FALSE,FALSE,FALSE,TRUE,FALSE,FALSE,TRUE,TRUE,FALSE,Trauma Surgeon,1,,2026-09-13 03:04:50,CREATED
REQ-001956,PT-962525,Respiratory,Critical,65,18.751311,73.694563,TRUE,TRUE,TRUE,FALSE,FALSE,FALSE,FALSE,FALSE,FALSE,Pulmonologist,1,,2026-09-13 03:47:26,CREATED
REQ-001957,PT-278693,Road Accident,High,23,18.546656,73.8421,TRUE,FALSE,FALSE,TRUE,FALSE,FALSE,TRUE,TRUE,FALSE,,1,,2026-09-13 04:04:19,CREATED
REQ-001958,PT-261558,Road Accident,Critical,40,18.550628,73.789775,TRUE,TRUE,FALSE,TRUE,FALSE,FALSE,TRUE,TRUE,FALSE,,1,AMB-040,2026-09-13 04:18:44,COMPLETED
REQ-001959,PT-129313,Stroke,Critical,63,18.636568,73.799451,TRUE,FALSE,TRUE,FALSE,FALSE,TRUE,FALSE,FALSE,FALSE,Neurologist,1,,2026-09-13 05:10:43,CREATED
REQ-001960,PT-223892,Respiratory,Low,5,18.618779,73.798993,FALSE,FALSE,TRUE,FALSE,FALSE,FALSE,FALSE,FALSE,FALSE,Pulmonologist,1,,2026-09-13 05:18:37,MATCHING
REQ-001961,PT-224654,Stroke,Moderate,79,18.636529,73.797096,TRUE,FALSE,TRUE,FALSE,FALSE,TRUE,FALSE,FALSE,FALSE,Neurologist,1,AMB-012,2026-09-13 05:24:19,COMPLETED
REQ-001962,PT-155343,Road Accident,Moderate,29,18.754958,73.665527,TRUE,TRUE,TRUE,TRUE,FALSE,FALSE,FALSE,FALSE,FALSE,Trauma Surgeon,1,,2026-09-13 05:36:09,CREATED
REQ-001963,PT-880135,Other,Moderate,44,18.668006,73.754171,FALSE,FALSE,FALSE,FALSE,FALSE,FALSE,FALSE,FALSE,FALSE,,1,,2026-09-13 06:13:38,CREATED
REQ-001964,PT-608723,Road Accident,Moderate,23,18.472898,73.885606,TRUE,TRUE,FALSE,TRUE,FALSE,FALSE,TRUE,TRUE,FALSE,Trauma Surgeon,1,,2026-09-13 06:36:38,CREATED
REQ-001965,PT-892817,Other,Low,48,18.527009,73.906373,FALSE,FALSE,FALSE,FALSE,FALSE,FALSE,FALSE,FALSE,FALSE,,1,,2026-09-13 07:03:38,MATCHING
REQ-001966,PT-555155,Respiratory,Critical,7,18.567543,73.80296,TRUE,FALSE,TRUE,FALSE,FALSE,FALSE,FALSE,FALSE,FALSE,,1,,2026-09-13 07:07:25,MATCHING
REQ-001967,PT-594557,Cardiac,Critical,42,18.507114,73.814904,TRUE,FALSE,FALSE,FALSE,TRUE,FALSE,FALSE,FALSE,FALSE,Cardiologist,1,,2026-09-13 07:28:01,CREATED
REQ-001968,PT-230904,Cardiac,Low,44,18.509818,73.811628,FALSE,FALSE,FALSE,FALSE,TRUE,FALSE,FALSE,FALSE,FALSE,,1,AMB-055,2026-09-13 07:30:38,COMPLETED
REQ-001969,PT-671571,Other,Moderate,32,18.636997,73.793095,FALSE,FALSE,FALSE,FALSE,FALSE,FALSE,FALSE,FALSE,TRUE,,1,,2026-09-13 07:43:42,CREATED
REQ-001970,PT-832252,Road Accident,High,35,18.658681,73.780576,TRUE,FALSE,FALSE,FALSE,FALSE,FALSE,FALSE,FALSE,FALSE,,1,AMB-049,2026-09-13 07:58:22,COMPLETED
REQ-001971,PT-894188,Cardiac,Moderate,84,18.438841,73.929914,TRUE,FALSE,FALSE,FALSE,TRUE,FALSE,FALSE,FALSE,FALSE,,1,AMB-085,2026-09-13 07:59:04,COMPLETED
REQ-001972,PT-632020,Other,Moderate,39,18.53994,73.776086,FALSE,FALSE,FALSE,FALSE,FALSE,TRUE,FALSE,TRUE,TRUE,Nephrologist,1,AMB-015,2026-09-13 08:00:45,COMPLETED
REQ-001973,PT-338833,Cardiac,Moderate,46,18.656394,73.801737,FALSE,FALSE,FALSE,FALSE,TRUE,FALSE,FALSE,FALSE,FALSE,Cardiologist,1,,2026-09-13 08:09:33,MATCHING
REQ-001974,PT-534225,Cardiac,Moderate,70,18.490223,73.855874,FALSE,FALSE,FALSE,FALSE,TRUE,FALSE,FALSE,FALSE,FALSE,Cardiologist,1,,2026-09-13 08:11:11,MATCHING
REQ-001975,PT-355670,Respiratory,High,60,18.513982,73.92654,TRUE,TRUE,TRUE,FALSE,FALSE,FALSE,FALSE,FALSE,FALSE,Pulmonologist,1,AMB-090,2026-09-13 08:29:51,COMPLETED
REQ-001976,PT-291142,Stroke,Critical,75,18.555681,73.864348,TRUE,FALSE,TRUE,FALSE,FALSE,TRUE,FALSE,FALSE,FALSE,Neurologist,1,,2026-09-13 08:41:30,CREATED
REQ-001977,PT-431449,Road Accident,Moderate,35,18.489751,73.699891,FALSE,FALSE,FALSE,FALSE,FALSE,FALSE,FALSE,FALSE,FALSE,,1,AMB-070,2026-09-13 08:45:33,COMPLETED
REQ-001978,PT-739215,Road Accident,Critical,56,18.568371,73.871063,TRUE,FALSE,FALSE,TRUE,FALSE,TRUE,TRUE,TRUE,FALSE,General Surgeon,4,,2026-09-13 08:53:05,MATCHING
REQ-001979,PT-893531,Other,Low,47,18.633877,73.831957,FALSE,FALSE,FALSE,FALSE,FALSE,FALSE,FALSE,FALSE,FALSE,,1,AMB-029,2026-09-13 08:59:05,COMPLETED
REQ-001980,PT-910919,Respiratory,High,90,18.461745,73.872645,TRUE,TRUE,FALSE,FALSE,FALSE,FALSE,FALSE,FALSE,FALSE,,1,,2026-09-13 08:59:24,CREATED
REQ-001981,PT-265242,Road Accident,High,26,18.483775,73.875479,TRUE,TRUE,FALSE,TRUE,FALSE,FALSE,TRUE,TRUE,FALSE,Trauma Surgeon,1,,2026-09-13 09:15:13,CREATED
REQ-001982,PT-786078,Road Accident,Low,27,18.557936,73.795327,TRUE,FALSE,FALSE,FALSE,FALSE,FALSE,FALSE,FALSE,FALSE,General Surgeon,1,,2026-09-13 09:15:26,MATCHING
REQ-001983,PT-762013,Stroke,Critical,61,18.769347,73.84429,TRUE,FALSE,FALSE,FALSE,FALSE,TRUE,FALSE,TRUE,FALSE,Neurologist,1,,2026-09-13 09:22:30,MATCHING
REQ-001984,PT-274952,Respiratory,High,5,18.527101,73.839694,TRUE,TRUE,FALSE,FALSE,FALSE,FALSE,FALSE,FALSE,FALSE,,1,AMB-073,2026-09-13 09:25:45,COMPLETED
REQ-001985,PT-136943,Respiratory,High,78,18.524476,73.927498,TRUE,FALSE,TRUE,FALSE,FALSE,FALSE,FALSE,FALSE,TRUE,Pulmonologist,1,,2026-09-13 09:30:50,CREATED
REQ-001986,PT-454572,Cardiac,High,53,18.547189,73.927953,TRUE,FALSE,TRUE,FALSE,TRUE,TRUE,FALSE,FALSE,FALSE,,1,,2026-09-13 09:34:22,CREATED
REQ-001987,PT-204323,Stroke,Critical,45,18.515792,73.88454,TRUE,FALSE,TRUE,FALSE,FALSE,TRUE,FALSE,TRUE,FALSE,Neurologist,1,AMB-088,2026-09-13 09:46:11,COMPLETED
REQ-001988,PT-928690,Stroke,High,71,18.508276,73.88247,TRUE,FALSE,FALSE,FALSE,FALSE,FALSE,FALSE,FALSE,FALSE,Neurologist,1,AMB-068,2026-09-13 09:46:30,COMPLETED
REQ-001989,PT-634476,Road Accident,Critical,42,18.660683,73.798255,TRUE,FALSE,FALSE,TRUE,FALSE,FALSE,TRUE,TRUE,FALSE,,1,AMB-049,2026-09-13 09:49:28,COMPLETED
REQ-001990,PT-556251,Road Accident,High,24,18.657957,73.789389,TRUE,FALSE,FALSE,FALSE,FALSE,TRUE,TRUE,FALSE,FALSE,Trauma Surgeon,1,AMB-035,2026-09-13 09:49:48,NO_MATCH
REQ-001991,PT-413225,Road Accident,Moderate,46,18.759566,73.862708,TRUE,TRUE,TRUE,TRUE,FALSE,FALSE,TRUE,FALSE,FALSE,,1,,2026-09-13 09:52:28,CREATED
REQ-001992,PT-849622,Cardiac,Moderate,52,18.496639,73.807079,TRUE,FALSE,FALSE,FALSE,TRUE,FALSE,TRUE,FALSE,FALSE,,1,,2026-09-13 09:54:18,MATCHING
REQ-001993,PT-711324,Road Accident,Critical,33,18.595566,73.74737,TRUE,FALSE,FALSE,TRUE,FALSE,TRUE,TRUE,TRUE,FALSE,,1,,2026-09-13 09:57:08,MATCHING
REQ-001994,PT-614317,Road Accident,High,33,18.467327,73.823735,FALSE,FALSE,FALSE,TRUE,FALSE,FALSE,TRUE,TRUE,FALSE,Trauma Surgeon,1,,2026-09-13 10:09:09,CREATED
REQ-001995,PT-928832,Other,Low,80,18.6534,73.778668,FALSE,FALSE,FALSE,FALSE,FALSE,FALSE,FALSE,FALSE,FALSE,,1,,2026-09-13 10:11:05,MATCHING
REQ-001996,PT-802592,Respiratory,Critical,4,18.51095,73.839346,TRUE,TRUE,TRUE,FALSE,FALSE,FALSE,FALSE,TRUE,FALSE,,1,AMB-003,2026-09-13 10:15:34,COMPLETED
REQ-001997,PT-894225,Other,Low,20,18.5301,73.848419,FALSE,FALSE,FALSE,TRUE,FALSE,FALSE,FALSE,FALSE,FALSE,,1,,2026-09-13 10:20:06,MATCHING
REQ-001998,PT-318716,Respiratory,High,0,18.541885,73.944332,TRUE,TRUE,FALSE,FALSE,FALSE,FALSE,FALSE,FALSE,FALSE,Pulmonologist,1,,2026-09-13 10:41:02,MATCHING
REQ-001999,PT-844469,Road Accident,High,22,18.65687,73.756082,TRUE,TRUE,TRUE,TRUE,FALSE,TRUE,FALSE,FALSE,FALSE,,1,,2026-09-13 10:46:23,MATCHING
REQ-002000,PT-797689,Stroke,Low,67,18.561805,73.87659,FALSE,FALSE,FALSE,FALSE,FALSE,TRUE,FALSE,FALSE,FALSE,,1,,2026-09-13 10:50:04,MATCHING
REQ-002001,PT-142431,Respiratory,Moderate,1,18.570582,73.910394,TRUE,TRUE,TRUE,FALSE,TRUE,FALSE,FALSE,FALSE,FALSE,,1,AMB-046,2026-09-13 10:55:34,COMPLETED
REQ-002002,PT-279075,Other,Low,10,18.582374,73.783983,FALSE,FALSE,TRUE,FALSE,FALSE,FALSE,FALSE,FALSE,FALSE,,1,,2026-09-13 11:00:50,MATCHING
REQ-002003,PT-797594,Road Accident,High,31,18.510223,73.781103,TRUE,FALSE,TRUE,FALSE,FALSE,FALSE,FALSE,TRUE,FALSE,Trauma Surgeon,1,,2026-09-13 11:11:46,MATCHING
REQ-002004,PT-452929,Respiratory,Low,53,18.609594,73.845232,FALSE,FALSE,TRUE,FALSE,FALSE,FALSE,FALSE,FALSE,FALSE,,1,,2026-09-13 11:12:37,MATCHING
REQ-002005,PT-906979,Respiratory,Moderate,100,18.718265,73.670763,TRUE,TRUE,TRUE,FALSE,FALSE,FALSE,FALSE,FALSE,FALSE,,1,,2026-09-13 11:20:33,CREATED
REQ-002006,PT-697289,Cardiac,Critical,76,18.494261,73.93544,TRUE,FALSE,TRUE,FALSE,TRUE,FALSE,FALSE,FALSE,FALSE,Cardiologist,1,AMB-091,2026-09-13 11:24:56,COMPLETED
REQ-002007,PT-115439,Cardiac,High,71,18.496676,73.933909,TRUE,FALSE,FALSE,FALSE,TRUE,FALSE,FALSE,FALSE,FALSE,Cardiologist,1,AMB-087,2026-09-13 11:25:38,COMPLETED
REQ-002008,PT-631279,Cardiac,Critical,66,18.589053,73.778798,TRUE,FALSE,FALSE,FALSE,TRUE,FALSE,TRUE,FALSE,FALSE,Cardiologist,1,,2026-09-13 11:27:02,CREATED
REQ-002009,PT-388301,Respiratory,Moderate,58,18.501529,73.811128,TRUE,TRUE,TRUE,FALSE,FALSE,FALSE,FALSE,FALSE,FALSE,Pulmonologist,1,,2026-09-13 11:31:59,MATCHING
REQ-002010,PT-197514,Respiratory,Moderate,8,18.57182,73.736142,FALSE,FALSE,TRUE,FALSE,FALSE,FALSE,FALSE,FALSE,FALSE,,1,,2026-09-13 11:34:31,CREATED
REQ-002011,PT-135515,Burn,Low,9,18.499084,73.820578,FALSE,FALSE,FALSE,TRUE,FALSE,FALSE,FALSE,FALSE,TRUE,,1,,2026-09-13 11:42:54,MATCHING
REQ-002012,PT-331611,Stroke,Critical,58,18.558841,73.880782,TRUE,FALSE,FALSE,TRUE,TRUE,FALSE,FALSE,FALSE,FALSE,Neurologist,1,,2026-09-13 11:45:47,CREATED
REQ-002013,PT-640538,Cardiac,High,70,18.502549,73.885912,TRUE,FALSE,FALSE,FALSE,TRUE,FALSE,TRUE,TRUE,FALSE,Cardiologist,1,,2026-09-13 11:49:00,MATCHING
REQ-002014,PT-644795,Other,Low,29,18.505052,73.834099,FALSE,FALSE,FALSE,FALSE,FALSE,FALSE,FALSE,FALSE,FALSE,,1,,2026-09-13 11:50:14,MATCHING
REQ-002015,PT-864653,Cardiac,Critical,60,18.500781,73.876084,TRUE,FALSE,TRUE,FALSE,TRUE,FALSE,FALSE,TRUE,FALSE,Cardiologist,1,,2026-09-13 11:54:21,CREATED
REQ-002016,PT-508541,Other,High,103,18.585894,73.776123,TRUE,FALSE,FALSE,FALSE,FALSE,FALSE,FALSE,FALSE,TRUE,General Surgeon,1,AMB-044,2026-09-13 12:04:11,COMPLETED
REQ-002017,PT-854147,Road Accident,High,43,18.585322,73.734868,FALSE,FALSE,FALSE,FALSE,FALSE,FALSE,FALSE,TRUE,FALSE,General Surgeon,1,AMB-007,2026-09-13 12:09:46,COMPLETED
REQ-002018,PT-476204,Stroke,Critical,76,18.488449,73.866997,TRUE,TRUE,TRUE,FALSE,FALSE,TRUE,FALSE,FALSE,FALSE,Neurologist,1,AMB-065,2026-09-13 12:11:17,COMPLETED
REQ-002019,PT-453519,Cardiac,Critical,43,18.450422,73.827984,TRUE,FALSE,FALSE,FALSE,TRUE,FALSE,TRUE,TRUE,FALSE,Cardiologist,1,AMB-037,2026-09-13 12:16:20,COMPLETED
REQ-002020,PT-478513,Cardiac,High,43,18.443622,73.83023,TRUE,FALSE,TRUE,FALSE,TRUE,FALSE,FALSE,FALSE,FALSE,Cardiologist,1,AMB-092,2026-09-13 12:16:59,NO_MATCH
REQ-002021,PT-549055,Road Accident,Critical,29,18.516334,73.705876,FALSE,FALSE,TRUE,TRUE,FALSE,FALSE,FALSE,TRUE,FALSE,Trauma Surgeon,1,,2026-09-13 12:22:29,MATCHING
REQ-002022,PT-143742,Burn,Moderate,26,18.517576,73.834738,TRUE,FALSE,FALSE,TRUE,FALSE,FALSE,FALSE,FALSE,FALSE,General Surgeon,1,,2026-09-13 12:25:21,MATCHING
REQ-002023,PT-288387,Cardiac,Critical,61,18.566804,73.918594,TRUE,FALSE,TRUE,FALSE,TRUE,FALSE,FALSE,FALSE,FALSE,,1,,2026-09-13 12:35:30,MATCHING
REQ-002024,PT-904827,Road Accident,Low,50,18.568668,73.824583,FALSE,FALSE,FALSE,TRUE,FALSE,FALSE,FALSE,FALSE,FALSE,,1,,2026-09-13 12:37:08,CREATED
REQ-002025,PT-487837,Respiratory,High,82,18.537543,73.742306,TRUE,TRUE,TRUE,FALSE,FALSE,FALSE,FALSE,FALSE,FALSE,Pulmonologist,1,AMB-062,2026-09-13 12:37:10,COMPLETED
REQ-002026,PT-982471,Respiratory,Moderate,49,18.550668,73.931313,TRUE,FALSE,TRUE,FALSE,FALSE,FALSE,FALSE,FALSE,FALSE,,1,,2026-09-13 12:48:07,CREATED
REQ-002027,PT-350346,Road Accident,Critical,39,18.52395,73.83972,TRUE,FALSE,FALSE,TRUE,FALSE,FALSE,FALSE,FALSE,FALSE,,2,,2026-09-13 12:51:22,MATCHING
REQ-002028,PT-639111,Road Accident,Low,25,18.450003,73.860915,FALSE,FALSE,FALSE,TRUE,FALSE,FALSE,FALSE,FALSE,FALSE,,1,,2026-09-13 12:55:59,CREATED
REQ-002029,PT-771215,Road Accident,Low,42,18.461307,73.829741,FALSE,FALSE,FALSE,TRUE,FALSE,FALSE,FALSE,FALSE,FALSE,,1,,2026-09-13 13:01:20,MATCHING
REQ-002030,PT-904500,Road Accident,High,20,18.516321,73.800903,TRUE,FALSE,TRUE,TRUE,FALSE,FALSE,TRUE,FALSE,FALSE,Trauma Surgeon,1,,2026-09-13 13:06:28,CREATED
REQ-002031,PT-786469,Road Accident,High,27,18.522473,73.932578,TRUE,TRUE,FALSE,TRUE,FALSE,FALSE,FALSE,FALSE,FALSE,,1,,2026-09-13 13:20:51,CREATED
REQ-002032,PT-377006,Respiratory,Moderate,85,18.507421,73.874987,FALSE,FALSE,TRUE,FALSE,FALSE,FALSE,TRUE,FALSE,FALSE,Pulmonologist,1,AMB-078,2026-09-13 13:29:49,COMPLETED
REQ-002033,PT-854940,Road Accident,Critical,31,18.493198,73.79907,TRUE,FALSE,TRUE,TRUE,FALSE,FALSE,TRUE,TRUE,FALSE,Trauma Surgeon,2,,2026-09-13 13:54:27,CREATED
REQ-002034,PT-419896,Stroke,Critical,51,18.508305,73.915169,TRUE,FALSE,TRUE,TRUE,FALSE,TRUE,FALSE,TRUE,FALSE,Neurologist,1,,2026-09-13 13:57:30,MATCHING
REQ-002035,PT-317817,Cardiac,Moderate,47,18.754695,73.865487,FALSE,FALSE,FALSE,FALSE,TRUE,FALSE,FALSE,FALSE,FALSE,,1,AMB-094,2026-09-13 14:12:34,COMPLETED
REQ-002036,PT-840009,Respiratory,Moderate,66,18.526439,73.858001,FALSE,FALSE,TRUE,FALSE,FALSE,FALSE,FALSE,FALSE,FALSE,,1,,2026-09-13 14:19:53,CREATED
REQ-002037,PT-630336,Respiratory,High,13,18.625079,73.843594,TRUE,TRUE,FALSE,FALSE,FALSE,FALSE,FALSE,FALSE,FALSE,Pulmonologist,1,AMB-032,2026-09-13 14:21:44,COMPLETED
REQ-002038,PT-548174,Road Accident,Critical,46,18.636598,73.821109,TRUE,FALSE,FALSE,TRUE,FALSE,TRUE,TRUE,TRUE,FALSE,Trauma Surgeon,1,AMB-049,2026-09-13 14:27:05,COMPLETED
REQ-002039,PT-754473,Road Accident,Critical,53,18.639963,73.823709,TRUE,FALSE,TRUE,TRUE,FALSE,FALSE,TRUE,FALSE,FALSE,Trauma Surgeon,1,AMB-035,2026-09-13 14:27:17,COMPLETED
REQ-002040,PT-620681,Road Accident,Critical,34,18.460752,73.88424,FALSE,FALSE,TRUE,FALSE,FALSE,FALSE,TRUE,TRUE,FALSE,,1,AMB-053,2026-09-13 14:42:48,COMPLETED
REQ-002041,PT-274547,Respiratory,High,39,18.532422,73.845755,TRUE,TRUE,FALSE,FALSE,FALSE,FALSE,FALSE,FALSE,FALSE,,1,,2026-09-13 14:45:04,CREATED
REQ-002042,PT-771062,Other,Low,70,18.643376,73.788051,FALSE,FALSE,FALSE,FALSE,FALSE,FALSE,FALSE,FALSE,FALSE,,1,,2026-09-13 14:57:02,MATCHING
REQ-002043,PT-657375,Burn,High,24,18.575358,73.740812,TRUE,FALSE,FALSE,FALSE,FALSE,FALSE,FALSE,TRUE,FALSE,General Surgeon,1,,2026-09-13 15:01:26,CREATED
REQ-002044,PT-363325,Road Accident,Moderate,66,18.538257,73.817786,TRUE,FALSE,FALSE,TRUE,FALSE,FALSE,FALSE,FALSE,FALSE,,1,,2026-09-13 15:09:12,CREATED
REQ-002045,PT-797617,Cardiac,Critical,46,18.490802,73.691103,TRUE,FALSE,TRUE,FALSE,TRUE,FALSE,FALSE,TRUE,FALSE,Cardiologist,1,,2026-09-13 15:18:19,CREATED
REQ-002046,PT-187464,Respiratory,Critical,4,18.491891,73.93236,TRUE,TRUE,TRUE,FALSE,FALSE,FALSE,FALSE,FALSE,FALSE,Pulmonologist,1,,2026-09-13 15:33:53,CREATED
REQ-002047,PT-666960,Cardiac,Critical,65,18.574566,73.913567,FALSE,FALSE,FALSE,FALSE,TRUE,FALSE,TRUE,FALSE,FALSE,Cardiologist,1,,2026-09-13 15:36:31,MATCHING
REQ-002048,PT-604453,Cardiac,High,67,18.443925,73.828361,FALSE,FALSE,TRUE,FALSE,TRUE,TRUE,FALSE,FALSE,FALSE,Cardiologist,1,,2026-09-13 15:45:35,MATCHING
REQ-002049,PT-130566,Cardiac,Critical,54,18.45782,73.861107,TRUE,FALSE,FALSE,FALSE,TRUE,FALSE,TRUE,FALSE,TRUE,Cardiologist,1,AMB-081,2026-09-13 15:54:45,COMPLETED
REQ-002050,PT-654170,Cardiac,High,63,18.457872,73.85423,TRUE,FALSE,FALSE,FALSE,TRUE,FALSE,TRUE,FALSE,FALSE,Cardiologist,1,AMB-072,2026-09-13 15:55:06,COMPLETED
REQ-002051,PT-695043,Stroke,High,73,18.497166,73.851478,TRUE,FALSE,TRUE,FALSE,FALSE,TRUE,FALSE,TRUE,FALSE,,1,AMB-003,2026-09-13 16:05:01,COMPLETED
REQ-002052,PT-382235,Respiratory,Critical,50,18.647633,73.792736,TRUE,FALSE,TRUE,FALSE,FALSE,FALSE,FALSE,FALSE,FALSE,Pulmonologist,1,,2026-09-13 16:13:52,MATCHING
REQ-002053,PT-345013,Burn,High,31,18.514554,73.929777,FALSE,FALSE,TRUE,TRUE,FALSE,FALSE,FALSE,TRUE,FALSE,General Surgeon,1,,2026-09-13 16:19:21,MATCHING
REQ-002054,PT-234176,Respiratory,Critical,2,18.573962,73.991415,TRUE,TRUE,TRUE,FALSE,FALSE,FALSE,FALSE,FALSE,FALSE,Pulmonologist,1,,2026-09-13 16:19:22,MATCHING
REQ-002055,PT-753088,Respiratory,Moderate,73,18.528708,73.825466,FALSE,FALSE,TRUE,FALSE,FALSE,FALSE,FALSE,FALSE,TRUE,Pulmonologist,1,,2026-09-13 16:46:48,MATCHING
REQ-002056,PT-390057,Respiratory,Moderate,85,18.629061,73.86511,TRUE,TRUE,TRUE,FALSE,TRUE,FALSE,FALSE,FALSE,FALSE,Pulmonologist,1,,2026-09-13 16:47:27,MATCHING
REQ-002057,PT-587258,Road Accident,High,16,18.746619,73.8676,FALSE,FALSE,TRUE,TRUE,TRUE,FALSE,FALSE,FALSE,FALSE,Trauma Surgeon,1,,2026-09-13 16:53:14,MATCHING
REQ-002058,PT-679389,Other,Low,34,18.604549,73.770554,FALSE,FALSE,FALSE,FALSE,FALSE,FALSE,FALSE,FALSE,FALSE,Pulmonologist,1,,2026-09-13 17:04:26,CREATED
REQ-002059,PT-974147,Road Accident,Moderate,56,18.494862,73.885269,FALSE,FALSE,FALSE,TRUE,FALSE,FALSE,FALSE,TRUE,FALSE,Trauma Surgeon,1,,2026-09-13 17:10:20,MATCHING
REQ-002060,PT-388359,Cardiac,Moderate,66,18.630469,73.7739,FALSE,FALSE,FALSE,FALSE,TRUE,FALSE,FALSE,FALSE,FALSE,Cardiologist,1,AMB-001,2026-09-13 17:11:56,NO_MATCH
REQ-002061,PT-915646,Stroke,High,79,18.573611,73.96896,FALSE,FALSE,FALSE,FALSE,FALSE,FALSE,FALSE,FALSE,FALSE,Neurologist,1,AMB-019,2026-09-13 17:16:24,COMPLETED
REQ-002062,PT-313818,Other,Low,62,18.620958,73.792663,FALSE,FALSE,FALSE,FALSE,FALSE,FALSE,FALSE,FALSE,FALSE,,1,,2026-09-13 17:19:26,CREATED
REQ-002063,PT-933536,Road Accident,Critical,26,18.55931,73.812061,TRUE,FALSE,TRUE,TRUE,FALSE,FALSE,TRUE,TRUE,FALSE,Trauma Surgeon,1,,2026-09-13 17:20:29,CREATED
REQ-002064,PT-672629,Road Accident,Moderate,36,18.496596,73.67156,TRUE,TRUE,FALSE,TRUE,FALSE,FALSE,FALSE,TRUE,FALSE,,1,,2026-09-13 17:21:52,MATCHING
REQ-002065,PT-199061,Road Accident,Critical,30,18.507776,73.813323,TRUE,TRUE,TRUE,TRUE,FALSE,FALSE,TRUE,TRUE,FALSE,Trauma Surgeon,1,,2026-09-13 17:33:27,CREATED
REQ-002066,PT-544181,Road Accident,Low,19,18.63548,73.850931,FALSE,FALSE,FALSE,TRUE,FALSE,FALSE,FALSE,FALSE,FALSE,,1,,2026-09-13 17:41:50,MATCHING
REQ-002067,PT-180467,Cardiac,High,53,18.639374,73.761263,TRUE,TRUE,FALSE,FALSE,FALSE,FALSE,FALSE,FALSE,FALSE,,1,,2026-09-13 17:44:21,MATCHING
REQ-002068,PT-926390,Road Accident,Moderate,32,18.541779,73.901979,FALSE,FALSE,FALSE,TRUE,FALSE,TRUE,FALSE,FALSE,FALSE,,1,,2026-09-13 17:52:45,MATCHING
REQ-002069,PT-672871,Road Accident,Moderate,37,18.532368,73.841514,FALSE,FALSE,FALSE,FALSE,FALSE,FALSE,FALSE,FALSE,FALSE,Trauma Surgeon,1,,2026-09-13 17:58:23,MATCHING
REQ-002070,PT-576815,Road Accident,High,49,18.599871,73.74023,TRUE,TRUE,TRUE,TRUE,FALSE,FALSE,FALSE,TRUE,FALSE,,1,AMB-007,2026-09-13 18:04:42,COMPLETED
REQ-002071,PT-733537,Respiratory,Low,36,18.597296,73.75856,FALSE,FALSE,TRUE,FALSE,FALSE,FALSE,FALSE,FALSE,FALSE,,1,,2026-09-13 18:05:10,CREATED
REQ-002072,PT-435908,Stroke,High,63,18.46589,73.901045,TRUE,TRUE,FALSE,FALSE,FALSE,TRUE,FALSE,FALSE,FALSE,Neurologist,1,,2026-09-13 18:08:19,CREATED
REQ-002073,PT-174119,Cardiac,Moderate,74,18.527934,73.910477,FALSE,FALSE,FALSE,FALSE,TRUE,FALSE,FALSE,FALSE,FALSE,Cardiologist,1,,2026-09-13 18:12:54,MATCHING
REQ-002074,PT-396141,Other,Low,43,18.755889,73.683327,TRUE,FALSE,FALSE,FALSE,FALSE,FALSE,FALSE,FALSE,FALSE,Pulmonologist,1,,2026-09-13 18:19:23,CREATED
REQ-002075,PT-492195,Respiratory,High,47,18.565879,73.974826,TRUE,FALSE,TRUE,FALSE,FALSE,FALSE,FALSE,FALSE,FALSE,Pulmonologist,1,,2026-09-13 18:24:11,CREATED
REQ-002076,PT-395411,Respiratory,Moderate,59,18.613967,73.79856,FALSE,FALSE,FALSE,FALSE,FALSE,FALSE,FALSE,FALSE,FALSE,,1,,2026-09-13 18:29:36,CREATED
REQ-002077,PT-274978,Other,Low,38,18.536729,73.89489,FALSE,FALSE,FALSE,FALSE,FALSE,FALSE,FALSE,FALSE,FALSE,,1,,2026-09-13 18:44:52,CREATED
REQ-002078,PT-428241,Cardiac,High,41,18.494662,73.870534,FALSE,TRUE,FALSE,FALSE,TRUE,FALSE,TRUE,FALSE,FALSE,,1,AMB-003,2026-09-13 18:50:56,COMPLETED
REQ-002079,PT-868612,Other,Moderate,41,18.534129,73.854098,FALSE,FALSE,FALSE,FALSE,FALSE,FALSE,FALSE,FALSE,FALSE,,1,AMB-021,2026-09-13 18:57:15,COMPLETED
REQ-002080,PT-518518,Road Accident,High,42,18.529445,73.840035,TRUE,FALSE,TRUE,TRUE,FALSE,TRUE,FALSE,TRUE,FALSE,,1,,2026-09-13 18:58:31,CREATED
REQ-002081,PT-857759,Other,High,21,18.580548,73.78446,FALSE,FALSE,FALSE,FALSE,FALSE,FALSE,FALSE,FALSE,FALSE,,1,,2026-09-13 19:10:45,CREATED
REQ-002082,PT-198138,Other,Low,69,18.467561,73.794144,FALSE,FALSE,FALSE,FALSE,FALSE,FALSE,FALSE,FALSE,FALSE,,1,,2026-09-13 19:12:36,CREATED
REQ-002083,PT-265865,Respiratory,High,28,18.559025,73.870699,TRUE,TRUE,FALSE,FALSE,FALSE,FALSE,TRUE,FALSE,FALSE,,1,AMB-061,2026-09-13 19:16:29,COMPLETED
REQ-002084,PT-638130,Cardiac,Critical,49,18.518893,73.88767,TRUE,TRUE,TRUE,FALSE,TRUE,FALSE,FALSE,TRUE,FALSE,Cardiologist,1,,2026-09-13 19:18:09,CREATED
REQ-002085,PT-798595,Other,Moderate,49,18.463259,73.924773,FALSE,FALSE,FALSE,FALSE,FALSE,FALSE,FALSE,FALSE,FALSE,Cardiologist,1,,2026-09-13 19:25:44,MATCHING
REQ-002086,PT-664727,Cardiac,High,83,18.613671,73.754177,FALSE,FALSE,FALSE,FALSE,TRUE,FALSE,FALSE,TRUE,FALSE,,1,,2026-09-13 19:30:36,MATCHING
REQ-002087,PT-905557,Cardiac,Critical,66,18.643653,73.786647,TRUE,TRUE,TRUE,FALSE,TRUE,FALSE,FALSE,FALSE,FALSE,Cardiologist,1,,2026-09-13 19:34:08,CREATED
REQ-002088,PT-231075,Stroke,High,59,18.622233,73.849072,TRUE,FALSE,FALSE,FALSE,FALSE,TRUE,FALSE,FALSE,FALSE,,1,,2026-09-13 19:40:10,MATCHING
REQ-002089,PT-548751,Other,Low,21,18.589802,73.731334,FALSE,FALSE,FALSE,FALSE,FALSE,FALSE,FALSE,FALSE,FALSE,,1,,2026-09-13 19:42:45,CREATED
REQ-002090,PT-430682,Cardiac,High,56,18.626408,73.786401,TRUE,FALSE,FALSE,FALSE,TRUE,FALSE,FALSE,TRUE,FALSE,,1,,2026-09-13 19:46:05,MATCHING
REQ-002091,PT-234288,Road Accident,Low,36,18.656741,73.749784,TRUE,FALSE,FALSE,TRUE,FALSE,FALSE,TRUE,TRUE,FALSE,,1,,2026-09-13 19:48:29,CREATED
REQ-002092,PT-480526,Stroke,High,60,18.57126,73.78503,TRUE,FALSE,TRUE,TRUE,FALSE,TRUE,FALSE,FALSE,FALSE,,1,,2026-09-13 19:52:45,CREATED
REQ-002093,PT-492273,Stroke,Moderate,65,18.559863,73.876762,FALSE,FALSE,FALSE,FALSE,FALSE,TRUE,FALSE,FALSE,FALSE,,1,AMB-027,2026-09-13 19:56:49,COMPLETED
REQ-002094,PT-401999,Respiratory,Moderate,5,18.508153,73.879961,FALSE,FALSE,FALSE,FALSE,FALSE,FALSE,FALSE,FALSE,FALSE,,1,,2026-09-13 20:09:37,MATCHING
REQ-002095,PT-411672,Cardiac,Moderate,57,18.657103,73.764877,FALSE,FALSE,FALSE,FALSE,TRUE,FALSE,FALSE,FALSE,FALSE,,1,,2026-09-13 20:17:47,MATCHING
REQ-002096,PT-375083,Respiratory,Low,8,18.474148,73.889572,FALSE,FALSE,TRUE,FALSE,FALSE,FALSE,FALSE,FALSE,FALSE,,1,AMB-067,2026-09-13 20:18:45,COMPLETED
REQ-002097,PT-274559,Respiratory,Moderate,58,18.593401,73.990201,TRUE,FALSE,TRUE,FALSE,FALSE,FALSE,FALSE,FALSE,FALSE,Pulmonologist,1,,2026-09-13 20:26:19,CREATED
REQ-002098,PT-385267,Stroke,Low,73,18.52635,73.700012,FALSE,FALSE,FALSE,FALSE,FALSE,TRUE,FALSE,FALSE,FALSE,,1,,2026-09-13 20:31:45,MATCHING
REQ-002099,PT-691007,Burn,High,14,18.58422,73.803882,TRUE,TRUE,FALSE,TRUE,FALSE,FALSE,FALSE,FALSE,FALSE,General Surgeon,2,,2026-09-13 20:32:35,CREATED
REQ-002100,PT-366416,Respiratory,High,60,18.457554,73.869702,FALSE,TRUE,TRUE,FALSE,FALSE,FALSE,FALSE,FALSE,FALSE,Pulmonologist,1,,2026-09-13 20:41:35,MATCHING
REQ-002101,PT-559512,Stroke,Critical,62,18.572561,73.745428,TRUE,FALSE,TRUE,FALSE,FALSE,TRUE,FALSE,FALSE,FALSE,,1,,2026-09-13 20:44:01,CREATED
REQ-002102,PT-382081,Respiratory,Low,86,18.49206,73.873298,FALSE,FALSE,TRUE,FALSE,FALSE,FALSE,FALSE,FALSE,FALSE,,1,AMB-078,2026-09-13 20:44:02,COMPLETED
REQ-002103,PT-128142,Road Accident,Moderate,30,18.603366,73.769476,TRUE,FALSE,FALSE,TRUE,FALSE,FALSE,FALSE,FALSE,FALSE,Trauma Surgeon,1,,2026-09-13 20:48:16,MATCHING
REQ-002104,PT-513572,Cardiac,High,36,18.494398,73.804953,TRUE,FALSE,FALSE,FALSE,TRUE,FALSE,FALSE,FALSE,FALSE,Cardiologist,1,AMB-052,2026-09-13 21:01:40,COMPLETED
REQ-002105,PT-681635,Cardiac,Moderate,49,18.562131,73.872506,FALSE,FALSE,FALSE,FALSE,FALSE,FALSE,FALSE,FALSE,FALSE,,1,,2026-09-13 21:06:51,MATCHING
REQ-002106,PT-348257,Road Accident,Critical,23,18.594303,73.766181,TRUE,FALSE,FALSE,TRUE,FALSE,FALSE,TRUE,FALSE,FALSE,Trauma Surgeon,1,AMB-007,2026-09-13 21:07:33,COMPLETED
REQ-002107,PT-970998,Other,Moderate,65,18.592167,73.947932,FALSE,FALSE,TRUE,FALSE,FALSE,FALSE,FALSE,FALSE,TRUE,,1,,2026-09-13 21:21:47,CREATED
REQ-002108,PT-837445,Road Accident,Moderate,45,18.510885,73.70016,TRUE,FALSE,FALSE,FALSE,FALSE,FALSE,FALSE,FALSE,TRUE,Trauma Surgeon,1,AMB-070,2026-09-13 21:43:29,COMPLETED
REQ-002109,PT-205995,Cardiac,Low,61,18.535634,73.662086,TRUE,FALSE,FALSE,FALSE,TRUE,FALSE,FALSE,FALSE,FALSE,,1,,2026-09-13 21:44:05,MATCHING
REQ-002110,PT-351235,Respiratory,Moderate,66,18.48068,73.894162,FALSE,FALSE,FALSE,FALSE,FALSE,FALSE,FALSE,FALSE,FALSE,,1,,2026-09-13 21:44:59,CREATED
REQ-002111,PT-101305,Road Accident,Moderate,21,18.520748,73.93005,FALSE,FALSE,FALSE,TRUE,FALSE,FALSE,FALSE,FALSE,FALSE,,1,,2026-09-13 21:47:41,CREATED
REQ-002112,PT-995045,Road Accident,Moderate,15,18.494365,73.870748,TRUE,TRUE,FALSE,TRUE,FALSE,FALSE,FALSE,TRUE,FALSE,Trauma Surgeon,1,AMB-078,2026-09-13 22:04:54,COMPLETED
REQ-002113,PT-215328,Other,High,37,18.544104,73.937165,TRUE,FALSE,FALSE,FALSE,FALSE,FALSE,FALSE,TRUE,FALSE,Pulmonologist,1,,2026-09-13 22:10:16,MATCHING
REQ-002114,PT-661107,Stroke,Low,57,18.466155,73.883542,FALSE,FALSE,FALSE,FALSE,FALSE,TRUE,FALSE,FALSE,FALSE,Neurologist,1,,2026-09-13 22:16:41,CREATED
REQ-002115,PT-912318,Stroke,Low,73,18.578461,73.742485,FALSE,FALSE,FALSE,FALSE,FALSE,TRUE,FALSE,FALSE,FALSE,,1,,2026-09-13 22:17:58,CREATED
REQ-002116,PT-423413,Road Accident,High,60,18.764273,73.864944,FALSE,FALSE,FALSE,FALSE,FALSE,FALSE,FALSE,TRUE,FALSE,Trauma Surgeon,1,,2026-09-13 22:19:13,CREATED
REQ-002117,PT-464350,Cardiac,Critical,63,18.58181,73.756127,TRUE,FALSE,FALSE,FALSE,TRUE,FALSE,FALSE,FALSE,FALSE,Cardiologist,1,AMB-007,2026-09-13 22:20:04,COMPLETED
REQ-002118,PT-983790,Cardiac,High,63,18.525664,73.850792,TRUE,FALSE,TRUE,FALSE,TRUE,FALSE,FALSE,FALSE,FALSE,,1,,2026-09-13 22:21:23,MATCHING
REQ-002119,PT-394427,Stroke,Low,46,18.536611,73.770006,TRUE,TRUE,FALSE,FALSE,FALSE,TRUE,FALSE,FALSE,FALSE,,1,,2026-09-13 22:44:11,CREATED
REQ-002120,PT-144248,Respiratory,Moderate,51,18.774967,73.893752,TRUE,FALSE,TRUE,FALSE,FALSE,FALSE,FALSE,FALSE,FALSE,,1,,2026-09-13 22:56:24,CREATED
REQ-002121,PT-938824,Road Accident,High,18,18.499713,73.796981,TRUE,TRUE,TRUE,TRUE,TRUE,FALSE,FALSE,FALSE,FALSE,Trauma Surgeon,1,AMB-052,2026-09-13 23:00:06,COMPLETED
REQ-002122,PT-516638,Cardiac,High,56,18.567454,73.800229,TRUE,FALSE,TRUE,FALSE,TRUE,FALSE,TRUE,FALSE,FALSE,Cardiologist,1,,2026-09-13 23:01:00,MATCHING
REQ-002123,PT-282015,Burn,Moderate,22,18.448379,73.898319,TRUE,TRUE,FALSE,TRUE,FALSE,FALSE,TRUE,FALSE,FALSE,,1,,2026-09-13 23:01:48,MATCHING
REQ-002124,PT-957117,Other,Moderate,64,18.47286,73.904168,FALSE,FALSE,TRUE,FALSE,FALSE,FALSE,FALSE,FALSE,FALSE,,1,,2026-09-13 23:03:14,MATCHING
REQ-002125,PT-691145,Respiratory,Moderate,64,18.550186,73.937372,TRUE,FALSE,TRUE,FALSE,FALSE,FALSE,FALSE,FALSE,FALSE,,1,AMB-010,2026-09-13 23:04:46,COMPLETED
REQ-002126,PT-592093,Stroke,High,62,18.508226,73.844115,TRUE,FALSE,FALSE,FALSE,FALSE,TRUE,FALSE,FALSE,FALSE,Neurologist,1,,2026-09-13 23:11:58,CREATED
REQ-002127,PT-521137,Road Accident,High,50,18.466955,73.883005,TRUE,FALSE,TRUE,FALSE,FALSE,TRUE,TRUE,TRUE,FALSE,,1,,2026-09-13 23:31:11,MATCHING
REQ-002128,PT-479311,Road Accident,High,64,18.447039,73.826871,FALSE,FALSE,FALSE,TRUE,FALSE,FALSE,FALSE,FALSE,FALSE,,1,,2026-09-13 23:33:58,CREATED
REQ-002129,PT-157850,Cardiac,High,55,18.458476,73.867635,TRUE,FALSE,FALSE,FALSE,TRUE,FALSE,FALSE,FALSE,FALSE,Cardiologist,1,,2026-09-13 23:36:52,CREATED
REQ-002130,PT-913261,Road Accident,Low,42,18.508774,73.832367,FALSE,FALSE,FALSE,TRUE,FALSE,FALSE,FALSE,FALSE,FALSE,,1,,2026-09-13 23:59:58,MATCHING
REQ-002131,PT-251114,Cardiac,Moderate,40,18.596589,73.747316,FALSE,FALSE,FALSE,FALSE,TRUE,FALSE,TRUE,FALSE,FALSE,,1,,2026-09-14 00:18:37,CREATED
REQ-002132,PT-921256,Burn,High,27,18.534813,73.823602,TRUE,TRUE,FALSE,FALSE,FALSE,FALSE,FALSE,TRUE,FALSE,General Surgeon,1,AMB-073,2026-09-14 00:26:14,COMPLETED
REQ-002133,PT-282904,Road Accident,High,37,18.495725,73.928955,TRUE,FALSE,TRUE,FALSE,FALSE,FALSE,TRUE,TRUE,FALSE,Trauma Surgeon,1,AMB-091,2026-09-14 00:31:22,COMPLETED
REQ-002134,PT-591905,Respiratory,Low,67,18.527744,73.823769,FALSE,FALSE,TRUE,FALSE,FALSE,FALSE,FALSE,FALSE,FALSE,,1,,2026-09-14 01:02:51,CREATED
REQ-002135,PT-615176,Other,Moderate,46,18.655094,73.777398,TRUE,TRUE,FALSE,FALSE,FALSE,FALSE,FALSE,FALSE,FALSE,,1,AMB-006,2026-09-14 01:29:30,COMPLETED
REQ-002136,PT-544770,Road Accident,High,34,18.575866,73.738486,FALSE,FALSE,FALSE,FALSE,FALSE,FALSE,TRUE,TRUE,FALSE,Trauma Surgeon,1,,2026-09-14 01:33:52,MATCHING
REQ-002137,PT-553757,Respiratory,Moderate,74,18.52485,73.933596,FALSE,FALSE,TRUE,FALSE,FALSE,FALSE,FALSE,FALSE,FALSE,,1,,2026-09-14 02:11:33,CREATED
REQ-002138,PT-605221,Respiratory,High,67,18.529943,73.917395,FALSE,TRUE,TRUE,FALSE,FALSE,FALSE,FALSE,FALSE,FALSE,Pulmonologist,1,,2026-09-14 02:12:36,CREATED
REQ-002139,PT-426376,Other,Low,63,18.563655,73.791471,FALSE,FALSE,FALSE,FALSE,FALSE,FALSE,FALSE,FALSE,FALSE,,1,,2026-09-14 02:28:32,CREATED
REQ-002140,PT-381615,Stroke,High,46,18.606032,73.782208,TRUE,TRUE,TRUE,FALSE,FALSE,TRUE,FALSE,FALSE,FALSE,Neurologist,1,,2026-09-14 02:39:59,MATCHING
REQ-002141,PT-503269,Other,Low,33,18.558202,73.792285,FALSE,FALSE,FALSE,FALSE,FALSE,FALSE,FALSE,FALSE,FALSE,Pulmonologist,1,,2026-09-14 03:24:46,CREATED
REQ-002142,PT-899946,Road Accident,Low,42,18.635318,73.784085,FALSE,FALSE,FALSE,TRUE,FALSE,FALSE,FALSE,FALSE,FALSE,,1,,2026-09-14 03:34:11,CREATED
REQ-002143,PT-281059,Road Accident,Moderate,87,18.766494,73.856767,TRUE,TRUE,FALSE,TRUE,FALSE,FALSE,FALSE,FALSE,FALSE,Trauma Surgeon,1,,2026-09-14 03:42:09,CREATED
REQ-002144,PT-379071,Cardiac,Moderate,46,18.475031,73.802238,FALSE,FALSE,FALSE,FALSE,TRUE,FALSE,FALSE,FALSE,FALSE,,1,,2026-09-14 04:10:29,MATCHING
REQ-002145,PT-896457,Road Accident,Critical,60,18.502458,73.926303,TRUE,TRUE,TRUE,TRUE,FALSE,FALSE,TRUE,TRUE,TRUE,Trauma Surgeon,1,,2026-09-14 04:47:32,CREATED
REQ-002146,PT-332427,Respiratory,Moderate,71,18.516052,73.866033,TRUE,TRUE,FALSE,FALSE,FALSE,FALSE,FALSE,FALSE,FALSE,Pulmonologist,1,AMB-068,2026-09-14 05:19:29,COMPLETED
REQ-002147,PT-353896,Burn,Critical,26,18.469107,73.808033,TRUE,TRUE,TRUE,TRUE,FALSE,FALSE,TRUE,FALSE,FALSE,General Surgeon,1,AMB-037,2026-09-14 06:28:32,COMPLETED
REQ-002148,PT-369440,Road Accident,Low,61,18.777148,73.860661,FALSE,FALSE,FALSE,FALSE,FALSE,FALSE,FALSE,FALSE,FALSE,Trauma Surgeon,1,,2026-09-14 06:34:41,CREATED
REQ-002149,PT-456867,Respiratory,Moderate,5,18.497336,73.796116,TRUE,TRUE,TRUE,FALSE,FALSE,FALSE,FALSE,FALSE,FALSE,,1,,2026-09-14 06:38:17,CREATED
REQ-002150,PT-668200,Cardiac,Moderate,64,18.595026,73.783353,FALSE,FALSE,FALSE,FALSE,TRUE,FALSE,FALSE,FALSE,FALSE,Cardiologist,1,AMB-044,2026-09-14 07:05:57,COMPLETED
REQ-002151,PT-556313,Road Accident,Low,25,18.721896,73.689159,FALSE,FALSE,FALSE,FALSE,FALSE,FALSE,FALSE,FALSE,FALSE,,1,,2026-09-14 07:16:38,CREATED
REQ-002152,PT-378026,Stroke,High,64,18.527215,73.856628,FALSE,FALSE,FALSE,FALSE,FALSE,FALSE,FALSE,FALSE,FALSE,,1,,2026-09-14 07:32:10,MATCHING
REQ-002153,PT-663731,Stroke,Critical,80,18.61497,73.757718,TRUE,FALSE,FALSE,FALSE,TRUE,TRUE,FALSE,FALSE,FALSE,Neurologist,1,AMB-007,2026-09-14 07:33:01,NO_MATCH
REQ-002154,PT-451821,Stroke,Critical,65,18.617249,73.75239,TRUE,FALSE,FALSE,FALSE,FALSE,TRUE,FALSE,FALSE,FALSE,Neurologist,1,AMB-084,2026-09-14 07:33:15,COMPLETED
REQ-002155,PT-286334,Cardiac,Critical,50,18.587973,73.782259,TRUE,TRUE,TRUE,FALSE,TRUE,FALSE,FALSE,FALSE,FALSE,Cardiologist,1,,2026-09-14 07:43:21,CREATED
REQ-002156,PT-219146,Road Accident,Critical,36,18.638814,73.835701,TRUE,TRUE,FALSE,TRUE,FALSE,FALSE,TRUE,FALSE,FALSE,Trauma Surgeon,1,,2026-09-14 07:54:41,CREATED
REQ-002157,PT-818216,Burn,Low,54,18.557285,73.944417,FALSE,FALSE,FALSE,TRUE,FALSE,FALSE,FALSE,FALSE,FALSE,,1,AMB-059,2026-09-14 07:57:00,COMPLETED
REQ-002158,PT-619915,Cardiac,Low,69,18.494323,73.669109,FALSE,FALSE,FALSE,FALSE,TRUE,FALSE,FALSE,FALSE,FALSE,Cardiologist,1,,2026-09-14 07:57:40,CREATED
REQ-002159,PT-799864,Burn,Critical,75,18.674445,73.771847,TRUE,FALSE,FALSE,TRUE,FALSE,FALSE,FALSE,FALSE,FALSE,General Surgeon,1,,2026-09-14 08:02:31,MATCHING
REQ-002160,PT-577549,Road Accident,Moderate,36,18.624508,73.781028,FALSE,FALSE,FALSE,TRUE,FALSE,FALSE,FALSE,FALSE,FALSE,,1,AMB-012,2026-09-14 08:12:51,COMPLETED
REQ-002161,PT-876031,Respiratory,Moderate,3,18.526681,73.922151,TRUE,FALSE,FALSE,FALSE,FALSE,FALSE,FALSE,FALSE,FALSE,,1,,2026-09-14 08:15:41,CREATED
REQ-002162,PT-874234,Respiratory,Critical,7,18.646163,73.788878,TRUE,TRUE,TRUE,FALSE,FALSE,FALSE,FALSE,FALSE,FALSE,Pulmonologist,1,,2026-09-14 08:23:05,CREATED
REQ-002163,PT-815575,Respiratory,Critical,40,18.659988,73.843891,TRUE,TRUE,TRUE,FALSE,FALSE,FALSE,FALSE,FALSE,FALSE,,1,AMB-032,2026-09-14 08:32:51,COMPLETED
REQ-002164,PT-347168,Respiratory,High,43,18.647839,73.785607,TRUE,FALSE,TRUE,FALSE,FALSE,TRUE,FALSE,FALSE,FALSE,Pulmonologist,1,,2026-09-14 08:45:37,NO_MATCH
REQ-002165,PT-417918,Other,Moderate,72,18.580898,73.767936,FALSE,FALSE,FALSE,FALSE,FALSE,FALSE,TRUE,FALSE,FALSE,,1,,2026-09-14 08:46:20,CREATED
REQ-002166,PT-205695,Respiratory,Moderate,61,18.618243,73.854152,FALSE,FALSE,TRUE,FALSE,FALSE,FALSE,FALSE,FALSE,FALSE,Pulmonologist,1,,2026-09-14 08:48:51,MATCHING
REQ-002167,PT-435377,Road Accident,Moderate,69,18.465381,73.822648,FALSE,FALSE,FALSE,TRUE,FALSE,FALSE,TRUE,FALSE,FALSE,,1,AMB-004,2026-09-14 08:50:05,COMPLETED
REQ-002168,PT-604888,Cardiac,Moderate,59,18.578308,73.712452,FALSE,FALSE,FALSE,FALSE,TRUE,FALSE,FALSE,FALSE,TRUE,,1,,2026-09-14 08:53:01,CREATED
REQ-002169,PT-431375,Other,Moderate,33,18.642964,73.845734,FALSE,FALSE,TRUE,FALSE,FALSE,FALSE,FALSE,FALSE,FALSE,,1,,2026-09-14 08:54:04,CREATED
REQ-002170,PT-122964,Other,Low,40,18.624165,73.788907,FALSE,FALSE,FALSE,FALSE,TRUE,FALSE,FALSE,FALSE,FALSE,Pulmonologist,1,AMB-035,2026-09-14 08:56:01,NO_MATCH
REQ-002171,PT-111166,Road Accident,Moderate,27,18.757364,73.863028,FALSE,FALSE,FALSE,TRUE,FALSE,FALSE,FALSE,FALSE,FALSE,,1,,2026-09-14 09:19:01,MATCHING
REQ-002172,PT-808189,Stroke,High,83,18.517075,73.839814,TRUE,TRUE,FALSE,FALSE,FALSE,TRUE,FALSE,FALSE,FALSE,,1,AMB-073,2026-09-14 09:21:10,COMPLETED
REQ-002173,PT-748677,Cardiac,High,80,18.631389,73.868903,TRUE,TRUE,FALSE,FALSE,TRUE,FALSE,TRUE,FALSE,FALSE,Cardiologist,1,,2026-09-14 09:23:16,MATCHING
REQ-002174,PT-107330,Cardiac,Low,64,18.500708,73.790106,FALSE,FALSE,FALSE,FALSE,TRUE,FALSE,FALSE,FALSE,FALSE,,1,,2026-09-14 09:33:24,CREATED
REQ-002175,PT-237588,Other,Low,27,18.51064,73.670173,FALSE,FALSE,FALSE,FALSE,FALSE,FALSE,FALSE,FALSE,FALSE,,1,,2026-09-14 09:38:46,CREATED
REQ-002176,PT-573426,Road Accident,Moderate,61,18.750992,73.674449,TRUE,FALSE,FALSE,TRUE,FALSE,FALSE,FALSE,TRUE,FALSE,,1,,2026-09-14 09:41:23,MATCHING
REQ-002177,PT-636697,Road Accident,Critical,16,18.647849,73.795828,TRUE,TRUE,TRUE,TRUE,FALSE,FALSE,TRUE,FALSE,FALSE,Trauma Surgeon,1,,2026-09-14 09:55:46,CREATED
REQ-002178,PT-296932,Road Accident,Critical,23,18.530205,73.846114,FALSE,FALSE,TRUE,FALSE,FALSE,FALSE,TRUE,TRUE,FALSE,Trauma Surgeon,1,,2026-09-14 10:07:40,CREATED
REQ-002179,PT-969734,Cardiac,High,74,18.622717,73.796699,TRUE,FALSE,TRUE,FALSE,TRUE,FALSE,FALSE,FALSE,FALSE,Cardiologist,1,,2026-09-14 10:14:50,MATCHING
REQ-002180,PT-409154,Cardiac,Low,77,18.63114,73.760164,FALSE,FALSE,FALSE,FALSE,TRUE,FALSE,FALSE,FALSE,FALSE,,1,,2026-09-14 10:20:19,MATCHING
REQ-002181,PT-333459,Road Accident,Moderate,46,18.475782,73.858289,FALSE,FALSE,FALSE,TRUE,FALSE,FALSE,FALSE,FALSE,FALSE,,1,,2026-09-14 10:34:47,MATCHING
REQ-002182,PT-686071,Cardiac,Critical,73,18.454918,73.910374,TRUE,TRUE,TRUE,FALSE,TRUE,FALSE,FALSE,FALSE,FALSE,Cardiologist,1,,2026-09-14 10:42:11,MATCHING
REQ-002183,PT-800294,Other,Moderate,37,18.628946,73.797596,FALSE,FALSE,FALSE,FALSE,FALSE,FALSE,FALSE,FALSE,FALSE,,1,,2026-09-14 10:42:25,MATCHING
REQ-002184,PT-715300,Road Accident,Low,24,18.484878,73.862695,FALSE,FALSE,FALSE,TRUE,FALSE,FALSE,TRUE,FALSE,FALSE,General Surgeon,1,,2026-09-14 10:51:35,MATCHING
REQ-002185,PT-389693,Road Accident,Critical,49,18.640573,73.766402,TRUE,FALSE,TRUE,TRUE,TRUE,FALSE,TRUE,TRUE,FALSE,,1,,2026-09-14 10:53:01,MATCHING
REQ-002186,PT-158798,Road Accident,Moderate,30,18.724938,73.67583,TRUE,FALSE,FALSE,TRUE,FALSE,FALSE,FALSE,FALSE,FALSE,Trauma Surgeon,1,AMB-093,2026-09-14 11:11:37,COMPLETED
REQ-002187,PT-499066,Cardiac,High,67,18.478127,73.820548,FALSE,FALSE,FALSE,FALSE,TRUE,FALSE,FALSE,FALSE,FALSE,Cardiologist,1,,2026-09-14 11:18:15,CREATED
REQ-002188,PT-200353,Respiratory,Moderate,10,18.617639,73.842072,FALSE,FALSE,TRUE,FALSE,FALSE,FALSE,FALSE,FALSE,FALSE,Pulmonologist,1,,2026-09-14 11:21:56,CREATED
REQ-002189,PT-898257,Stroke,Low,74,18.457821,73.914558,FALSE,FALSE,TRUE,FALSE,FALSE,FALSE,FALSE,FALSE,FALSE,,1,,2026-09-14 11:33:40,CREATED
REQ-002190,PT-311782,Other,Moderate,70,18.667516,73.772382,TRUE,FALSE,TRUE,FALSE,FALSE,FALSE,FALSE,FALSE,FALSE,Pulmonologist,1,,2026-09-14 11:40:13,CREATED
REQ-002191,PT-280896,Road Accident,Low,50,18.650705,73.765685,FALSE,FALSE,FALSE,TRUE,FALSE,FALSE,FALSE,FALSE,FALSE,General Surgeon,1,,2026-09-14 11:45:10,CREATED
REQ-002192,PT-103318,Other,High,49,18.638343,73.803164,TRUE,TRUE,TRUE,FALSE,FALSE,FALSE,FALSE,FALSE,FALSE,Pulmonologist,1,,2026-09-14 11:49:46,CREATED
REQ-002193,PT-338150,Road Accident,Low,33,18.509945,73.81228,FALSE,FALSE,FALSE,TRUE,FALSE,FALSE,FALSE,FALSE,FALSE,,1,AMB-055,2026-09-14 11:55:15,COMPLETED
REQ-002194,PT-885280,Burn,Low,55,18.530938,73.948189,FALSE,FALSE,TRUE,TRUE,FALSE,FALSE,FALSE,FALSE,FALSE,,1,,2026-09-14 12:05:19,MATCHING
REQ-002195,PT-166394,Cardiac,Low,64,18.566085,73.944003,TRUE,FALSE,FALSE,FALSE,TRUE,FALSE,FALSE,FALSE,FALSE,,1,,2026-09-14 12:06:40,MATCHING
REQ-002196,PT-227650,Cardiac,Critical,67,18.525985,73.866618,TRUE,FALSE,TRUE,FALSE,TRUE,FALSE,TRUE,TRUE,FALSE,Cardiologist,1,,2026-09-14 12:10:27,CREATED
REQ-002197,PT-313319,Cardiac,Moderate,75,18.508876,73.875766,TRUE,FALSE,FALSE,FALSE,TRUE,FALSE,FALSE,FALSE,FALSE,,1,,2026-09-14 12:42:03,CREATED
REQ-002198,PT-250477,Road Accident,Moderate,22,18.471221,73.802876,FALSE,FALSE,FALSE,TRUE,TRUE,FALSE,FALSE,FALSE,FALSE,,1,AMB-037,2026-09-14 12:50:25,COMPLETED
REQ-002199,PT-541112,Stroke,Critical,34,18.568463,73.862724,TRUE,FALSE,TRUE,FALSE,FALSE,TRUE,FALSE,FALSE,FALSE,Neurologist,1,,2026-09-14 12:51:00,CREATED
REQ-002200,PT-258793,Other,High,41,18.633108,73.798467,FALSE,FALSE,FALSE,FALSE,FALSE,FALSE,FALSE,TRUE,TRUE,General Surgeon,1,AMB-049,2026-09-14 12:51:25,COMPLETED
REQ-002201,PT-460947,Stroke,Critical,65,18.529374,73.929081,TRUE,TRUE,FALSE,FALSE,FALSE,TRUE,FALSE,FALSE,FALSE,,1,,2026-09-14 12:53:42,MATCHING
REQ-002202,PT-580328,Cardiac,High,63,18.625078,73.861918,TRUE,FALSE,FALSE,FALSE,TRUE,FALSE,TRUE,FALSE,FALSE,,1,,2026-09-14 13:13:53,MATCHING
REQ-002203,PT-176134,Other,Critical,85,18.749769,73.875338,TRUE,FALSE,TRUE,FALSE,FALSE,FALSE,FALSE,TRUE,FALSE,Pulmonologist,1,,2026-09-14 13:24:53,CREATED
REQ-002204,PT-831937,Burn,Critical,41,18.539433,73.854574,FALSE,FALSE,FALSE,TRUE,FALSE,FALSE,FALSE,FALSE,FALSE,General Surgeon,1,,2026-09-14 13:27:46,CREATED
REQ-002205,PT-925683,Respiratory,Moderate,66,18.510366,73.846179,TRUE,TRUE,TRUE,FALSE,FALSE,FALSE,FALSE,FALSE,FALSE,,1,,2026-09-14 13:28:48,CREATED
REQ-002206,PT-872567,Burn,Critical,8,18.56079,73.756565,TRUE,TRUE,TRUE,TRUE,FALSE,FALSE,FALSE,TRUE,FALSE,General Surgeon,1,,2026-09-14 13:37:38,CREATED
REQ-002207,PT-401467,Stroke,Critical,63,18.536525,73.853069,TRUE,FALSE,FALSE,FALSE,FALSE,TRUE,FALSE,TRUE,FALSE,Neurologist,1,AMB-073,2026-09-14 13:47:32,COMPLETED
REQ-002208,PT-416305,Stroke,Critical,73,18.533178,73.859451,TRUE,FALSE,FALSE,FALSE,FALSE,TRUE,TRUE,FALSE,FALSE,Neurologist,1,AMB-068,2026-09-14 13:48:08,COMPLETED
REQ-002209,PT-802305,Respiratory,Moderate,79,18.475943,73.864794,FALSE,TRUE,TRUE,FALSE,FALSE,FALSE,FALSE,FALSE,FALSE,Pulmonologist,1,,2026-09-14 13:52:56,MATCHING
REQ-002210,PT-132454,Stroke,High,73,18.46052,73.850683,TRUE,FALSE,FALSE,FALSE,FALSE,TRUE,FALSE,TRUE,FALSE,Neurologist,1,AMB-081,2026-09-14 13:57:12,COMPLETED
REQ-002211,PT-152629,Cardiac,Low,68,18.456259,73.908401,FALSE,FALSE,FALSE,FALSE,TRUE,FALSE,FALSE,FALSE,FALSE,,1,AMB-085,2026-09-14 14:01:17,COMPLETED
REQ-002212,PT-287520,Road Accident,Moderate,26,18.583278,73.73576,FALSE,FALSE,FALSE,TRUE,FALSE,FALSE,FALSE,FALSE,FALSE,Trauma Surgeon,1,,2026-09-14 14:08:03,MATCHING
REQ-002213,PT-518150,Respiratory,Moderate,7,18.452468,73.903382,TRUE,TRUE,TRUE,FALSE,FALSE,FALSE,FALSE,FALSE,TRUE,,1,,2026-09-14 14:08:03,MATCHING
REQ-002214,PT-377081,Road Accident,Moderate,60,18.548339,73.944751,FALSE,FALSE,FALSE,TRUE,FALSE,TRUE,FALSE,FALSE,FALSE,,1,,2026-09-14 14:08:23,CREATED
REQ-002215,PT-205958,Road Accident,High,17,18.57671,73.974286,FALSE,FALSE,FALSE,TRUE,FALSE,TRUE,TRUE,TRUE,FALSE,Trauma Surgeon,1,AMB-019,2026-09-14 14:20:42,COMPLETED
REQ-002216,PT-736175,Road Accident,Moderate,75,18.651322,73.773369,FALSE,FALSE,FALSE,FALSE,FALSE,FALSE,FALSE,FALSE,FALSE,,1,,2026-09-14 14:47:16,MATCHING
REQ-002217,PT-640244,Stroke,Critical,69,18.449341,73.807673,TRUE,FALSE,FALSE,FALSE,FALSE,TRUE,FALSE,FALSE,FALSE,Neurologist,1,,2026-09-14 14:52:32,CREATED
REQ-002218,PT-363368,Road Accident,Moderate,39,18.459237,73.866617,TRUE,FALSE,FALSE,FALSE,FALSE,FALSE,FALSE,FALSE,FALSE,,1,,2026-09-14 15:11:55,CREATED
REQ-002219,PT-640243,Burn,Critical,24,18.759617,73.689843,TRUE,TRUE,FALSE,TRUE,FALSE,FALSE,FALSE,TRUE,FALSE,General Surgeon,1,,2026-09-14 15:17:09,MATCHING
REQ-002220,PT-316572,Stroke,Critical,48,18.459663,73.873446,TRUE,FALSE,TRUE,FALSE,FALSE,TRUE,FALSE,TRUE,FALSE,,1,,2026-09-14 15:23:51,MATCHING
REQ-002221,PT-581407,Respiratory,Moderate,82,18.522273,73.856798,TRUE,TRUE,TRUE,FALSE,FALSE,FALSE,FALSE,FALSE,FALSE,,1,,2026-09-14 15:30:02,CREATED
REQ-002222,PT-157384,Other,Critical,54,18.552255,73.782327,FALSE,FALSE,FALSE,FALSE,FALSE,FALSE,TRUE,FALSE,FALSE,General Surgeon,1,,2026-09-14 15:38:54,CREATED
REQ-002223,PT-775668,Road Accident,Moderate,64,18.503274,73.887057,TRUE,FALSE,TRUE,TRUE,FALSE,FALSE,FALSE,FALSE,FALSE,,1,,2026-09-14 15:39:46,CREATED
REQ-002224,PT-485573,Respiratory,High,8,18.756252,73.871169,TRUE,FALSE,FALSE,FALSE,TRUE,FALSE,FALSE,FALSE,FALSE,Pulmonologist,1,AMB-022,2026-09-14 15:41:20,COMPLETED
REQ-002225,PT-305789,Cardiac,Low,62,18.518853,73.833597,FALSE,FALSE,FALSE,FALSE,TRUE,FALSE,FALSE,FALSE,FALSE,Cardiologist,1,,2026-09-14 15:58:35,MATCHING
REQ-002226,PT-695670,Other,Low,44,18.643082,73.787448,FALSE,FALSE,FALSE,FALSE,FALSE,FALSE,FALSE,FALSE,FALSE,,1,,2026-09-14 15:59:16,MATCHING
REQ-002227,PT-117878,Road Accident,Critical,21,18.512153,73.811405,TRUE,FALSE,TRUE,TRUE,FALSE,FALSE,TRUE,TRUE,FALSE,General Surgeon,1,,2026-09-14 16:04:52,CREATED
REQ-002228,PT-446748,Road Accident,Low,49,18.480116,73.803904,FALSE,FALSE,TRUE,TRUE,FALSE,FALSE,FALSE,FALSE,FALSE,,1,AMB-057,2026-09-14 16:06:12,COMPLETED
REQ-002229,PT-571573,Cardiac,High,57,18.548814,73.88677,FALSE,FALSE,TRUE,FALSE,TRUE,TRUE,FALSE,FALSE,FALSE,Cardiologist,1,AMB-061,2026-09-14 16:08:58,COMPLETED
REQ-002230,PT-268353,Road Accident,Critical,29,18.433741,73.854739,TRUE,TRUE,FALSE,TRUE,FALSE,FALSE,TRUE,TRUE,FALSE,Trauma Surgeon,1,AMB-072,2026-09-14 16:11:41,COMPLETED
REQ-002231,PT-829750,Road Accident,High,60,18.435668,73.8557,TRUE,FALSE,FALSE,FALSE,FALSE,FALSE,FALSE,TRUE,FALSE,,1,AMB-081,2026-09-14 16:11:52,COMPLETED
REQ-002232,PT-462277,Stroke,Moderate,67,18.526212,73.851056,FALSE,FALSE,FALSE,FALSE,FALSE,TRUE,FALSE,FALSE,FALSE,,1,,2026-09-14 16:14:18,CREATED
REQ-002233,PT-136931,Cardiac,High,62,18.535712,73.867447,FALSE,FALSE,FALSE,FALSE,TRUE,FALSE,FALSE,FALSE,FALSE,Cardiologist,1,,2026-09-14 16:35:40,MATCHING
REQ-002234,PT-761837,Road Accident,High,35,18.553628,73.92252,TRUE,TRUE,FALSE,FALSE,FALSE,FALSE,TRUE,FALSE,FALSE,,1,AMB-014,2026-09-14 16:35:59,COMPLETED
REQ-002235,PT-615696,Road Accident,Moderate,18,18.574062,73.986433,FALSE,FALSE,FALSE,TRUE,FALSE,FALSE,FALSE,FALSE,FALSE,,1,AMB-043,2026-09-14 16:40:13,COMPLETED
REQ-002236,PT-967159,Road Accident,Critical,13,18.745639,73.679324,TRUE,FALSE,TRUE,TRUE,FALSE,FALSE,FALSE,TRUE,FALSE,General Surgeon,1,,2026-09-14 16:41:33,MATCHING
REQ-002237,PT-423216,Road Accident,Low,35,18.586461,73.72485,TRUE,FALSE,FALSE,TRUE,FALSE,FALSE,FALSE,FALSE,FALSE,,1,AMB-075,2026-09-14 16:44:33,COMPLETED
REQ-002238,PT-595526,Cardiac,High,58,18.537073,73.84621,FALSE,FALSE,TRUE,FALSE,FALSE,FALSE,FALSE,TRUE,FALSE,Cardiologist,1,,2026-09-14 16:48:35,CREATED
REQ-002239,PT-339507,Road Accident,Moderate,15,18.540735,73.822798,FALSE,FALSE,FALSE,TRUE,FALSE,TRUE,TRUE,FALSE,FALSE,Trauma Surgeon,1,,2026-09-14 16:48:52,CREATED
REQ-002240,PT-891917,Cardiac,High,78,18.506194,73.947493,FALSE,FALSE,TRUE,FALSE,TRUE,FALSE,FALSE,TRUE,FALSE,,1,AMB-013,2026-09-14 16:51:33,COMPLETED
REQ-002241,PT-622768,Road Accident,Moderate,104,18.623419,73.850921,FALSE,FALSE,FALSE,TRUE,FALSE,FALSE,FALSE,FALSE,FALSE,,1,AMB-024,2026-09-14 16:54:22,COMPLETED
REQ-002242,PT-691331,Cardiac,Low,56,18.632569,73.808186,FALSE,FALSE,FALSE,FALSE,TRUE,FALSE,FALSE,FALSE,FALSE,,1,,2026-09-14 16:57:13,MATCHING
REQ-002243,PT-770619,Other,Low,48,18.436369,73.890821,FALSE,FALSE,FALSE,FALSE,TRUE,FALSE,FALSE,FALSE,FALSE,,1,AMB-100,2026-09-14 16:58:57,COMPLETED
REQ-002244,PT-744245,Respiratory,Low,90,18.500609,73.871962,FALSE,FALSE,TRUE,FALSE,FALSE,FALSE,FALSE,FALSE,FALSE,,1,,2026-09-14 17:02:31,MATCHING
REQ-002245,PT-596541,Cardiac,Moderate,63,18.65311,73.788528,TRUE,TRUE,FALSE,FALSE,TRUE,FALSE,FALSE,FALSE,FALSE,Cardiologist,1,,2026-09-14 17:06:45,MATCHING
REQ-002246,PT-559616,Other,High,32,18.650791,73.753314,FALSE,FALSE,FALSE,FALSE,FALSE,FALSE,TRUE,FALSE,TRUE,,1,,2026-09-14 17:06:59,MATCHING
REQ-002247,PT-317491,Road Accident,Moderate,30,18.537387,73.885355,TRUE,FALSE,FALSE,FALSE,FALSE,FALSE,FALSE,TRUE,FALSE,,1,AMB-096,2026-09-14 17:12:17,COMPLETED
REQ-002248,PT-322352,Respiratory,Moderate,11,18.525389,73.847721,TRUE,FALSE,FALSE,FALSE,FALSE,FALSE,FALSE,FALSE,FALSE,,1,,2026-09-14 17:19:03,CREATED
REQ-002249,PT-768927,Stroke,High,41,18.511623,73.879909,TRUE,FALSE,FALSE,FALSE,TRUE,TRUE,FALSE,FALSE,FALSE,Neurologist,1,,2026-09-14 17:25:52,CREATED
REQ-002250,PT-163961,Stroke,High,59,18.515413,73.824294,TRUE,TRUE,FALSE,FALSE,FALSE,TRUE,FALSE,FALSE,FALSE,,1,,2026-09-14 17:35:40,MATCHING
REQ-002251,PT-563846,Respiratory,High,52,18.517122,73.829105,TRUE,FALSE,TRUE,FALSE,TRUE,FALSE,FALSE,TRUE,FALSE,Pulmonologist,1,,2026-09-14 17:39:53,MATCHING
REQ-002252,PT-973514,Road Accident,Low,26,18.759131,73.858667,FALSE,FALSE,FALSE,TRUE,TRUE,FALSE,FALSE,FALSE,FALSE,,1,AMB-094,2026-09-14 17:44:26,COMPLETED
REQ-002253,PT-346594,Respiratory,Moderate,79,18.634307,73.765056,FALSE,FALSE,TRUE,FALSE,FALSE,FALSE,FALSE,FALSE,FALSE,,1,,2026-09-14 18:04:08,MATCHING
REQ-002254,PT-531194,Road Accident,High,56,18.764564,73.858037,TRUE,FALSE,FALSE,TRUE,FALSE,FALSE,TRUE,FALSE,FALSE,Trauma Surgeon,1,,2026-09-14 18:33:54,CREATED
REQ-002255,PT-859301,Other,Critical,23,18.475887,73.90729,TRUE,TRUE,FALSE,FALSE,FALSE,FALSE,FALSE,TRUE,FALSE,Pulmonologist,1,,2026-09-14 18:34:51,MATCHING
REQ-002256,PT-927094,Cardiac,High,66,18.587469,73.967996,TRUE,FALSE,FALSE,FALSE,TRUE,FALSE,FALSE,FALSE,FALSE,Cardiologist,1,,2026-09-14 18:40:04,MATCHING
REQ-002257,PT-443184,Stroke,Low,68,18.510759,73.68246,FALSE,FALSE,FALSE,FALSE,FALSE,TRUE,FALSE,FALSE,FALSE,,1,,2026-09-14 18:48:49,CREATED
REQ-002258,PT-697461,Other,Critical,28,18.732794,73.668417,TRUE,TRUE,TRUE,TRUE,FALSE,TRUE,TRUE,TRUE,TRUE,Neurologist,1,,2026-09-14 18:50:06,MATCHING
REQ-002259,PT-760026,Other,High,63,18.737242,73.661569,FALSE,FALSE,FALSE,FALSE,FALSE,FALSE,FALSE,TRUE,TRUE,Cardiologist,1,,2026-09-14 18:52:02,CREATED
REQ-002260,PT-386331,Respiratory,High,2,18.46055,73.830573,TRUE,FALSE,TRUE,FALSE,FALSE,FALSE,FALSE,FALSE,FALSE,Pulmonologist,1,,2026-09-14 19:04:20,CREATED
REQ-002261,PT-460234,Road Accident,Critical,22,18.587126,73.733125,TRUE,TRUE,FALSE,TRUE,FALSE,FALSE,TRUE,FALSE,FALSE,Trauma Surgeon,1,,2026-09-14 19:07:28,MATCHING
REQ-002262,PT-699263,Respiratory,Low,44,18.554125,73.80118,FALSE,FALSE,FALSE,FALSE,FALSE,FALSE,FALSE,FALSE,FALSE,,1,,2026-09-14 19:11:36,CREATED
REQ-002263,PT-697047,Stroke,Critical,63,18.555416,73.93617,TRUE,FALSE,TRUE,FALSE,FALSE,TRUE,FALSE,FALSE,FALSE,,1,,2026-09-14 19:23:31,MATCHING
REQ-002264,PT-277568,Stroke,Moderate,63,18.529104,73.925854,TRUE,FALSE,FALSE,FALSE,FALSE,TRUE,FALSE,FALSE,FALSE,Neurologist,1,,2026-09-14 19:36:59,MATCHING
REQ-002265,PT-547405,Respiratory,High,63,18.491311,73.894063,TRUE,TRUE,TRUE,FALSE,FALSE,FALSE,FALSE,FALSE,FALSE,Pulmonologist,1,AMB-085,2026-09-14 20:00:17,COMPLETED
REQ-002266,PT-434000,Stroke,Moderate,64,18.571806,73.796356,FALSE,FALSE,FALSE,FALSE,FALSE,TRUE,FALSE,FALSE,FALSE,,1,,2026-09-14 20:39:14,CREATED
REQ-002267,PT-686751,Respiratory,Moderate,68,18.596454,73.754094,TRUE,TRUE,TRUE,FALSE,FALSE,FALSE,FALSE,FALSE,FALSE,,1,,2026-09-14 20:43:45,CREATED
REQ-002268,PT-578426,Road Accident,Critical,37,18.561954,73.780112,TRUE,FALSE,TRUE,TRUE,FALSE,FALSE,FALSE,TRUE,FALSE,,1,,2026-09-14 21:00:18,CREATED
REQ-002269,PT-178587,Road Accident,High,68,18.519801,73.882686,TRUE,FALSE,FALSE,TRUE,FALSE,FALSE,FALSE,TRUE,FALSE,,1,,2026-09-14 21:09:11,MATCHING
REQ-002270,PT-279113,Respiratory,High,54,18.603015,73.773164,TRUE,TRUE,TRUE,FALSE,FALSE,FALSE,FALSE,FALSE,FALSE,,1,AMB-044,2026-09-14 21:09:43,COMPLETED
REQ-002271,PT-121509,Road Accident,Moderate,30,18.604828,73.785302,TRUE,TRUE,FALSE,FALSE,FALSE,FALSE,FALSE,FALSE,FALSE,,1,,2026-09-14 21:12:51,CREATED
REQ-002272,PT-490006,Road Accident,Low,69,18.578648,73.723249,FALSE,FALSE,FALSE,TRUE,FALSE,FALSE,FALSE,FALSE,FALSE,,1,,2026-09-14 21:14:52,CREATED
REQ-002273,PT-823502,Other,Low,42,18.438782,73.871226,FALSE,FALSE,FALSE,FALSE,FALSE,FALSE,FALSE,FALSE,FALSE,,1,,2026-09-14 21:17:36,MATCHING
REQ-002274,PT-535259,Road Accident,High,34,18.453634,73.850737,TRUE,FALSE,TRUE,TRUE,FALSE,FALSE,FALSE,FALSE,FALSE,General Surgeon,1,,2026-09-14 21:19:10,CREATED
REQ-002275,PT-161083,Respiratory,Moderate,3,18.482528,73.806842,TRUE,TRUE,TRUE,FALSE,FALSE,FALSE,FALSE,FALSE,FALSE,,1,,2026-09-14 21:19:48,MATCHING
REQ-002276,PT-178086,Road Accident,Critical,35,18.514218,73.833661,TRUE,TRUE,TRUE,TRUE,FALSE,FALSE,TRUE,TRUE,FALSE,,1,AMB-073,2026-09-14 21:22:19,COMPLETED
REQ-002277,PT-495456,Road Accident,Critical,31,18.516597,73.833158,TRUE,FALSE,FALSE,TRUE,FALSE,TRUE,FALSE,FALSE,FALSE,Trauma Surgeon,1,AMB-055,2026-09-14 21:22:37,COMPLETED
REQ-002278,PT-684428,Other,Moderate,33,18.514508,73.662506,FALSE,FALSE,TRUE,FALSE,FALSE,FALSE,FALSE,FALSE,FALSE,,1,,2026-09-14 21:32:10,CREATED
REQ-002279,PT-654547,Stroke,High,55,18.591162,73.904803,FALSE,FALSE,FALSE,FALSE,FALSE,TRUE,FALSE,TRUE,FALSE,Neurologist,1,,2026-09-14 21:36:15,CREATED
REQ-002280,PT-623350,Other,Low,78,18.525408,73.748346,FALSE,FALSE,FALSE,FALSE,FALSE,FALSE,FALSE,FALSE,FALSE,,1,,2026-09-14 21:42:56,MATCHING
REQ-002281,PT-488074,Cardiac,Low,68,18.567046,73.798803,FALSE,FALSE,FALSE,FALSE,TRUE,FALSE,TRUE,FALSE,FALSE,,1,,2026-09-14 21:57:31,MATCHING
REQ-002282,PT-152396,Other,Low,34,18.48247,73.847845,FALSE,FALSE,FALSE,FALSE,FALSE,FALSE,FALSE,FALSE,FALSE,,1,,2026-09-14 22:15:01,MATCHING
REQ-002283,PT-592104,Burn,Moderate,22,18.647717,73.777397,FALSE,FALSE,FALSE,TRUE,FALSE,FALSE,FALSE,FALSE,FALSE,,1,,2026-09-14 22:20:30,CREATED
REQ-002284,PT-744422,Stroke,High,63,18.551297,73.876029,FALSE,FALSE,TRUE,FALSE,FALSE,TRUE,FALSE,FALSE,FALSE,Neurologist,1,,2026-09-14 22:23:34,MATCHING
REQ-002285,PT-697987,Road Accident,High,50,18.477751,73.935954,FALSE,TRUE,TRUE,FALSE,FALSE,TRUE,TRUE,TRUE,TRUE,,1,AMB-091,2026-09-14 22:34:17,COMPLETED
REQ-002286,PT-510051,Road Accident,High,43,18.563359,73.885182,TRUE,FALSE,TRUE,FALSE,FALSE,FALSE,FALSE,TRUE,FALSE,Trauma Surgeon,1,AMB-061,2026-09-14 22:37:06,COMPLETED
REQ-002287,PT-522926,Burn,Low,30,18.622654,73.802301,FALSE,FALSE,FALSE,FALSE,FALSE,FALSE,FALSE,FALSE,FALSE,,1,,2026-09-14 22:37:45,CREATED
REQ-002288,PT-437474,Road Accident,Moderate,20,18.638096,73.786719,TRUE,FALSE,FALSE,FALSE,FALSE,FALSE,FALSE,FALSE,FALSE,,1,,2026-09-14 23:05:43,MATCHING
REQ-002289,PT-637270,Cardiac,Moderate,53,18.526543,73.831738,FALSE,FALSE,FALSE,FALSE,TRUE,FALSE,FALSE,FALSE,FALSE,Cardiologist,1,,2026-09-14 23:19:49,MATCHING
REQ-002290,PT-121770,Cardiac,Moderate,75,18.564677,73.782189,TRUE,FALSE,FALSE,FALSE,TRUE,FALSE,FALSE,FALSE,FALSE,Cardiologist,1,,2026-09-15 00:03:10,MATCHING
REQ-002291,PT-193785,Respiratory,Critical,69,18.439216,73.902351,TRUE,TRUE,TRUE,FALSE,FALSE,FALSE,FALSE,FALSE,FALSE,Pulmonologist,1,,2026-09-15 00:07:32,CREATED
REQ-002292,PT-464029,Road Accident,Critical,42,18.518074,73.863423,TRUE,FALSE,TRUE,FALSE,FALSE,TRUE,TRUE,FALSE,TRUE,,1,AMB-068,2026-09-15 00:17:44,COMPLETED
REQ-002293,PT-975396,Road Accident,Moderate,52,18.651135,73.776577,FALSE,FALSE,FALSE,TRUE,FALSE,TRUE,TRUE,TRUE,FALSE,,1,,2026-09-15 00:22:38,MATCHING
REQ-002294,PT-112774,Respiratory,Critical,47,18.540036,73.932215,TRUE,FALSE,TRUE,FALSE,FALSE,FALSE,FALSE,FALSE,FALSE,,1,,2026-09-15 00:59:23,MATCHING
REQ-002295,PT-784828,Cardiac,Critical,44,18.571997,73.782131,TRUE,TRUE,TRUE,FALSE,TRUE,TRUE,FALSE,TRUE,FALSE,Cardiologist,1,,2026-09-15 01:33:28,CREATED
REQ-002296,PT-694324,Cardiac,Moderate,78,18.49858,73.944819,FALSE,FALSE,FALSE,FALSE,TRUE,FALSE,FALSE,FALSE,FALSE,Cardiologist,1,,2026-09-15 01:35:53,CREATED
REQ-002297,PT-839608,Other,Low,35,18.597952,73.774151,FALSE,FALSE,FALSE,FALSE,FALSE,FALSE,FALSE,FALSE,FALSE,,1,,2026-09-15 01:46:13,CREATED
REQ-002298,PT-133141,Respiratory,High,80,18.733986,73.683102,TRUE,TRUE,TRUE,FALSE,FALSE,FALSE,FALSE,FALSE,FALSE,Pulmonologist,1,AMB-093,2026-09-15 01:52:08,NO_MATCH
REQ-002299,PT-481431,Cardiac,High,53,18.497228,73.82782,TRUE,FALSE,TRUE,FALSE,FALSE,FALSE,FALSE,FALSE,FALSE,Cardiologist,1,AMB-052,2026-09-15 03:28:37,COMPLETED
REQ-002300,PT-766442,Respiratory,Moderate,85,18.641197,73.792244,FALSE,FALSE,TRUE,FALSE,FALSE,FALSE,FALSE,FALSE,FALSE,,1,AMB-012,2026-09-15 03:42:27,COMPLETED
REQ-002301,PT-162220,Cardiac,High,48,18.579433,73.821863,TRUE,FALSE,TRUE,FALSE,TRUE,FALSE,FALSE,FALSE,FALSE,,1,AMB-083,2026-09-15 04:08:53,COMPLETED
REQ-002302,PT-750610,Other,Low,51,18.766344,73.686557,FALSE,FALSE,FALSE,FALSE,FALSE,FALSE,FALSE,FALSE,FALSE,Pulmonologist,1,,2026-09-15 05:05:27,CREATED
REQ-002303,PT-932084,Respiratory,Moderate,46,18.585874,73.738322,TRUE,FALSE,TRUE,FALSE,FALSE,FALSE,FALSE,FALSE,FALSE,,1,,2026-09-15 05:45:33,MATCHING
REQ-002304,PT-684684,Respiratory,Moderate,5,18.55351,73.799026,FALSE,FALSE,FALSE,FALSE,TRUE,FALSE,FALSE,FALSE,FALSE,,1,AMB-083,2026-09-15 06:02:26,COMPLETED
REQ-002305,PT-456419,Stroke,High,63,18.526671,73.828011,TRUE,FALSE,FALSE,FALSE,FALSE,TRUE,FALSE,FALSE,FALSE,Neurologist,1,AMB-073,2026-09-15 06:30:46,COMPLETED
REQ-002306,PT-881057,Cardiac,Low,73,18.657448,73.772615,FALSE,FALSE,FALSE,FALSE,TRUE,TRUE,FALSE,FALSE,FALSE,,1,,2026-09-15 06:54:50,NO_MATCH
REQ-002307,PT-309082,Road Accident,High,40,18.52445,73.911425,FALSE,FALSE,FALSE,TRUE,FALSE,FALSE,FALSE,TRUE,FALSE,Trauma Surgeon,1,,2026-09-15 07:04:33,CREATED
REQ-002308,PT-489862,Stroke,Low,80,18.548879,73.786822,FALSE,FALSE,FALSE,FALSE,FALSE,TRUE,FALSE,FALSE,FALSE,,1,,2026-09-15 07:39:20,MATCHING
REQ-002309,PT-506627,Respiratory,Low,67,18.568492,73.880137,TRUE,TRUE,TRUE,FALSE,TRUE,FALSE,FALSE,FALSE,FALSE,,1,,2026-09-15 07:44:09,CREATED
REQ-002310,PT-964416,Road Accident,High,20,18.510798,73.671647,TRUE,FALSE,FALSE,FALSE,FALSE,FALSE,TRUE,TRUE,FALSE,General Surgeon,1,,2026-09-15 07:44:17,CREATED
REQ-002311,PT-935685,Burn,Moderate,39,18.651429,73.815824,TRUE,FALSE,FALSE,FALSE,FALSE,FALSE,FALSE,FALSE,FALSE,,1,AMB-049,2026-09-15 07:49:48,COMPLETED
REQ-002312,PT-177185,Other,Moderate,16,18.507635,73.681995,TRUE,FALSE,FALSE,TRUE,FALSE,FALSE,FALSE,FALSE,FALSE,Pulmonologist,1,,2026-09-15 07:56:04,NO_MATCH
REQ-002313,PT-287716,Road Accident,High,45,18.506381,73.846464,TRUE,FALSE,FALSE,TRUE,FALSE,FALSE,TRUE,TRUE,FALSE,,2,,2026-09-15 08:26:57,MATCHING
REQ-002314,PT-635703,Road Accident,Critical,27,18.516615,73.843042,TRUE,FALSE,TRUE,TRUE,FALSE,FALSE,TRUE,TRUE,FALSE,,1,,2026-09-15 08:27:02,MATCHING
REQ-002315,PT-604826,Cardiac,Moderate,58,18.657624,73.783252,FALSE,FALSE,FALSE,FALSE,TRUE,FALSE,FALSE,FALSE,FALSE,,1,,2026-09-15 08:28:15,CREATED
REQ-002316,PT-691304,Road Accident,Moderate,41,18.47353,73.864037,FALSE,FALSE,FALSE,FALSE,FALSE,FALSE,FALSE,FALSE,FALSE,Trauma Surgeon,1,AMB-081,2026-09-15 08:30:33,COMPLETED
REQ-002317,PT-579161,Other,Moderate,49,18.63124,73.867219,TRUE,FALSE,FALSE,FALSE,FALSE,FALSE,FALSE,FALSE,TRUE,Nephrologist,1,,2026-09-15 08:38:04,CREATED
REQ-002318,PT-231472,Respiratory,High,84,18.594556,73.754659,TRUE,TRUE,TRUE,FALSE,FALSE,FALSE,FALSE,FALSE,FALSE,Pulmonologist,1,AMB-007,2026-09-15 08:43:57,COMPLETED
REQ-002319,PT-508358,Respiratory,Moderate,73,18.544126,73.871864,TRUE,FALSE,TRUE,FALSE,FALSE,FALSE,FALSE,TRUE,FALSE,Pulmonologist,1,,2026-09-15 08:44:02,MATCHING
REQ-002320,PT-302851,Stroke,High,68,18.622046,73.787498,FALSE,FALSE,FALSE,FALSE,FALSE,TRUE,FALSE,FALSE,FALSE,Neurologist,1,AMB-035,2026-09-15 08:45:51,COMPLETED
REQ-002321,PT-336282,Respiratory,High,50,18.548331,73.896253,TRUE,TRUE,FALSE,FALSE,FALSE,FALSE,FALSE,FALSE,FALSE,Pulmonologist,1,AMB-061,2026-09-15 08:58:56,COMPLETED
REQ-002322,PT-470943,Other,Moderate,43,18.494213,73.939266,TRUE,FALSE,FALSE,FALSE,FALSE,FALSE,FALSE,TRUE,FALSE,Pulmonologist,1,,2026-09-15 09:11:25,MATCHING
REQ-002323,PT-147676,Respiratory,Low,60,18.517799,73.841747,FALSE,FALSE,TRUE,FALSE,FALSE,FALSE,FALSE,FALSE,FALSE,,1,,2026-09-15 09:20:59,MATCHING
REQ-002324,PT-645681,Road Accident,Moderate,21,18.556038,73.792656,FALSE,FALSE,TRUE,TRUE,FALSE,FALSE,FALSE,FALSE,FALSE,,1,,2026-09-15 09:26:21,CREATED
REQ-002325,PT-856500,Road Accident,Moderate,33,18.492351,73.921623,FALSE,FALSE,TRUE,TRUE,FALSE,FALSE,TRUE,FALSE,FALSE,,1,,2026-09-15 09:32:43,CREATED
REQ-002326,PT-869388,Other,Low,46,18.65552,73.786588,FALSE,FALSE,FALSE,FALSE,FALSE,FALSE,FALSE,FALSE,TRUE,Nephrologist,1,AMB-006,2026-09-15 09:41:25,COMPLETED
REQ-002327,PT-645027,Respiratory,Critical,6,18.570991,73.999712,TRUE,TRUE,TRUE,FALSE,FALSE,FALSE,FALSE,FALSE,FALSE,Pulmonologist,1,,2026-09-15 09:44:37,MATCHING
REQ-002328,PT-743360,Other,Moderate,25,18.518502,73.853028,FALSE,FALSE,FALSE,FALSE,FALSE,FALSE,FALSE,TRUE,FALSE,General Surgeon,1,AMB-060,2026-09-15 09:47:54,COMPLETED
REQ-002329,PT-932089,Other,Moderate,26,18.555985,73.933698,TRUE,FALSE,FALSE,FALSE,FALSE,FALSE,FALSE,FALSE,FALSE,General Surgeon,1,,2026-09-15 09:51:01,CREATED
REQ-002330,PT-859518,Other,Low,89,18.604982,73.859042,FALSE,FALSE,FALSE,FALSE,FALSE,FALSE,FALSE,TRUE,FALSE,,1,,2026-09-15 09:58:03,CREATED
REQ-002331,PT-283246,Cardiac,High,92,18.573325,73.872143,TRUE,FALSE,TRUE,FALSE,TRUE,FALSE,FALSE,FALSE,FALSE,Cardiologist,1,,2026-09-15 10:03:03,MATCHING
REQ-002332,PT-304835,Respiratory,High,0,18.472514,73.867434,FALSE,FALSE,TRUE,FALSE,FALSE,FALSE,FALSE,FALSE,FALSE,Pulmonologist,1,AMB-081,2026-09-15 10:03:29,COMPLETED
REQ-002333,PT-832911,Stroke,Critical,67,18.549764,73.852324,TRUE,FALSE,FALSE,FALSE,FALSE,TRUE,FALSE,FALSE,FALSE,Neurologist,1,AMB-073,2026-09-15 10:12:00,COMPLETED
REQ-002334,PT-522425,Stroke,Low,61,18.518341,73.82655,FALSE,FALSE,FALSE,FALSE,FALSE,TRUE,FALSE,FALSE,FALSE,,1,,2026-09-15 10:24:40,CREATED
REQ-002335,PT-636353,Stroke,High,100,18.505758,73.933948,FALSE,FALSE,FALSE,FALSE,FALSE,FALSE,FALSE,FALSE,FALSE,,1,,2026-09-15 10:26:31,CREATED
REQ-002336,PT-893402,Road Accident,High,33,18.472484,73.872413,TRUE,FALSE,FALSE,FALSE,FALSE,FALSE,TRUE,TRUE,FALSE,,1,,2026-09-15 10:34:34,MATCHING
REQ-002337,PT-938122,Stroke,Moderate,75,18.631604,73.84321,FALSE,FALSE,FALSE,FALSE,FALSE,TRUE,FALSE,FALSE,FALSE,Neurologist,1,,2026-09-15 10:37:42,MATCHING
REQ-002338,PT-783216,Respiratory,Low,55,18.44752,73.906429,FALSE,FALSE,FALSE,FALSE,FALSE,FALSE,FALSE,FALSE,FALSE,Pulmonologist,1,,2026-09-15 10:38:43,CREATED
REQ-002339,PT-205305,Cardiac,Critical,61,18.654176,73.802813,TRUE,TRUE,TRUE,FALSE,TRUE,FALSE,FALSE,TRUE,FALSE,,1,AMB-049,2026-09-15 10:48:54,NO_MATCH
REQ-002340,PT-104240,Burn,Low,28,18.747035,73.856046,FALSE,FALSE,TRUE,FALSE,TRUE,FALSE,TRUE,FALSE,FALSE,,1,,2026-09-15 10:49:06,CREATED
REQ-002341,PT-872281,Cardiac,Critical,57,18.598314,73.746226,TRUE,FALSE,TRUE,FALSE,TRUE,FALSE,FALSE,TRUE,FALSE,Cardiologist,1,,2026-09-15 10:49:24,CREATED
REQ-002342,PT-826831,Road Accident,Critical,41,18.593561,73.754619,TRUE,FALSE,FALSE,TRUE,FALSE,FALSE,TRUE,TRUE,FALSE,Trauma Surgeon,1,,2026-09-15 10:49:59,MATCHING
REQ-002343,PT-665771,Respiratory,High,46,18.506862,73.792087,TRUE,TRUE,TRUE,FALSE,FALSE,FALSE,FALSE,FALSE,FALSE,,1,,2026-09-15 11:01:40,CREATED
REQ-002344,PT-131101,Road Accident,Moderate,38,18.762681,73.854779,TRUE,FALSE,FALSE,FALSE,FALSE,FALSE,FALSE,FALSE,FALSE,,1,AMB-022,2026-09-15 11:06:19,COMPLETED
REQ-002345,PT-918760,Cardiac,Moderate,79,18.512949,73.822512,FALSE,FALSE,FALSE,FALSE,TRUE,FALSE,FALSE,TRUE,FALSE,Cardiologist,1,AMB-055,2026-09-15 11:10:55,COMPLETED
REQ-002346,PT-383958,Respiratory,Low,104,18.521614,73.896873,FALSE,FALSE,TRUE,FALSE,FALSE,FALSE,FALSE,FALSE,FALSE,,1,AMB-088,2026-09-15 11:13:20,COMPLETED
REQ-002347,PT-633250,Respiratory,Low,6,18.459448,73.891945,FALSE,FALSE,TRUE,FALSE,FALSE,FALSE,FALSE,FALSE,FALSE,,1,,2026-09-15 11:24:51,MATCHING
REQ-002348,PT-468554,Cardiac,Moderate,63,18.732194,73.672231,TRUE,FALSE,FALSE,FALSE,TRUE,FALSE,FALSE,TRUE,FALSE,,1,,2026-09-15 11:24:57,CREATED
REQ-002349,PT-217205,Cardiac,High,54,18.635963,73.775174,FALSE,FALSE,FALSE,FALSE,TRUE,FALSE,FALSE,FALSE,FALSE,Cardiologist,1,AMB-035,2026-09-15 11:27:12,COMPLETED
REQ-002350,PT-213224,Road Accident,Moderate,42,18.635842,73.850243,FALSE,FALSE,FALSE,TRUE,FALSE,FALSE,FALSE,FALSE,FALSE,,1,,2026-09-15 11:31:16,CREATED
REQ-002351,PT-769005,Cardiac,High,41,18.52135,73.790061,TRUE,TRUE,FALSE,FALSE,TRUE,FALSE,FALSE,FALSE,FALSE,Cardiologist,1,,2026-09-15 11:31:28,MATCHING
REQ-002352,PT-881755,Respiratory,Moderate,3,18.748549,73.674702,TRUE,TRUE,TRUE,FALSE,FALSE,FALSE,FALSE,FALSE,FALSE,Pulmonologist,1,,2026-09-15 11:39:34,MATCHING
REQ-002353,PT-597969,Respiratory,Moderate,58,18.573692,73.90701,FALSE,FALSE,TRUE,FALSE,FALSE,FALSE,FALSE,FALSE,FALSE,,1,,2026-09-15 11:50:06,CREATED
REQ-002354,PT-918045,Cardiac,High,51,18.57465,73.930916,TRUE,FALSE,FALSE,FALSE,TRUE,FALSE,FALSE,FALSE,FALSE,Cardiologist,1,,2026-09-15 12:00:49,MATCHING
REQ-002355,PT-676781,Burn,Moderate,50,18.484989,73.80407,FALSE,FALSE,FALSE,TRUE,FALSE,FALSE,FALSE,FALSE,FALSE,General Surgeon,1,,2026-09-15 12:07:34,MATCHING
REQ-002356,PT-402504,Other,Moderate,42,18.512634,73.894035,TRUE,TRUE,FALSE,FALSE,FALSE,FALSE,FALSE,FALSE,FALSE,,1,AMB-088,2026-09-15 12:19:18,COMPLETED
REQ-002357,PT-853788,Stroke,Low,64,18.538054,73.930614,FALSE,FALSE,FALSE,FALSE,FALSE,TRUE,FALSE,FALSE,FALSE,,1,AMB-098,2026-09-15 12:25:27,COMPLETED
REQ-002358,PT-532218,Cardiac,Low,55,18.512607,73.948231,FALSE,FALSE,FALSE,FALSE,TRUE,FALSE,FALSE,FALSE,FALSE,,1,,2026-09-15 12:29:12,CREATED
REQ-002359,PT-483317,Other,Low,41,18.545451,73.783912,TRUE,FALSE,FALSE,FALSE,FALSE,FALSE,FALSE,FALSE,FALSE,,1,AMB-015,2026-09-15 12:33:21,COMPLETED
REQ-002360,PT-419401,Cardiac,High,75,18.513673,73.817485,FALSE,FALSE,TRUE,FALSE,TRUE,FALSE,FALSE,FALSE,FALSE,Cardiologist,1,,2026-09-15 12:39:49,MATCHING
REQ-002361,PT-711594,Cardiac,Moderate,73,18.753099,73.693627,TRUE,FALSE,FALSE,FALSE,TRUE,FALSE,FALSE,FALSE,FALSE,,1,,2026-09-15 12:43:49,MATCHING
REQ-002362,PT-110285,Road Accident,High,48,18.583658,73.97811,FALSE,FALSE,TRUE,TRUE,FALSE,FALSE,FALSE,TRUE,FALSE,Trauma Surgeon,1,,2026-09-15 12:51:16,CREATED
REQ-002363,PT-167981,Cardiac,Moderate,55,18.541405,73.847635,FALSE,FALSE,FALSE,FALSE,TRUE,FALSE,FALSE,FALSE,FALSE,,1,,2026-09-15 12:56:05,CREATED
REQ-002364,PT-222609,Cardiac,Critical,50,18.474591,73.80553,TRUE,FALSE,TRUE,FALSE,TRUE,FALSE,FALSE,FALSE,FALSE,,1,AMB-037,2026-09-15 12:57:03,COMPLETED
REQ-002365,PT-754388,Respiratory,High,40,18.482483,73.784563,FALSE,FALSE,FALSE,FALSE,FALSE,FALSE,FALSE,FALSE,FALSE,Pulmonologist,1,,2026-09-15 12:58:23,MATCHING
REQ-002366,PT-381875,Cardiac,Moderate,81,18.523533,73.914259,TRUE,TRUE,FALSE,FALSE,TRUE,FALSE,FALSE,FALSE,FALSE,Cardiologist,1,,2026-09-15 12:58:37,CREATED
REQ-002367,PT-379652,Road Accident,High,23,18.489662,73.789227,TRUE,TRUE,TRUE,TRUE,FALSE,FALSE,TRUE,TRUE,FALSE,Trauma Surgeon,1,,2026-09-15 13:00:24,CREATED
REQ-002368,PT-122294,Other,Critical,32,18.537938,73.953963,TRUE,TRUE,TRUE,FALSE,FALSE,FALSE,TRUE,FALSE,FALSE,,1,AMB-059,2026-09-15 13:29:58,COMPLETED
REQ-002369,PT-789557,Cardiac,High,58,18.60682,73.739742,FALSE,FALSE,FALSE,FALSE,TRUE,FALSE,TRUE,TRUE,FALSE,Cardiologist,1,,2026-09-15 13:34:51,CREATED
REQ-002370,PT-968009,Road Accident,Critical,41,18.442593,73.870756,TRUE,FALSE,TRUE,TRUE,FALSE,FALSE,TRUE,TRUE,FALSE,General Surgeon,1,,2026-09-15 13:48:46,CREATED
REQ-002371,PT-508207,Other,Moderate,68,18.748003,73.847501,TRUE,FALSE,FALSE,FALSE,FALSE,FALSE,FALSE,FALSE,FALSE,,1,AMB-079,2026-09-15 13:50:21,COMPLETED
REQ-002372,PT-590737,Stroke,Critical,56,18.521971,73.927772,TRUE,FALSE,TRUE,FALSE,FALSE,TRUE,FALSE,FALSE,FALSE,,1,,2026-09-15 14:00:07,MATCHING
REQ-002373,PT-548036,Other,Low,26,18.496434,73.86604,FALSE,FALSE,FALSE,FALSE,FALSE,FALSE,FALSE,FALSE,FALSE,,1,,2026-09-15 14:06:02,CREATED
REQ-002374,PT-312654,Other,Moderate,72,18.577014,73.927649,FALSE,FALSE,FALSE,FALSE,FALSE,FALSE,FALSE,FALSE,TRUE,,1,AMB-042,2026-09-15 14:38:05,COMPLETED
REQ-002375,PT-213128,Respiratory,High,7,18.506299,73.922055,TRUE,FALSE,TRUE,FALSE,FALSE,FALSE,FALSE,FALSE,FALSE,,1,,2026-09-15 14:38:43,MATCHING
REQ-002376,PT-416252,Cardiac,Critical,80,18.642024,73.770472,TRUE,TRUE,TRUE,FALSE,TRUE,FALSE,FALSE,FALSE,FALSE,,1,,2026-09-15 14:38:57,CREATED
REQ-002377,PT-594292,Stroke,High,45,18.456988,73.82323,TRUE,FALSE,FALSE,FALSE,FALSE,TRUE,TRUE,FALSE,FALSE,,1,,2026-09-15 14:44:20,MATCHING
REQ-002378,PT-985467,Cardiac,Critical,83,18.502132,73.804173,TRUE,FALSE,TRUE,FALSE,TRUE,FALSE,FALSE,TRUE,FALSE,Cardiologist,1,,2026-09-15 14:50:15,CREATED
REQ-002379,PT-237150,Road Accident,Critical,24,18.597377,73.744099,TRUE,FALSE,FALSE,TRUE,FALSE,FALSE,FALSE,TRUE,FALSE,Trauma Surgeon,1,AMB-007,2026-09-15 15:07:44,COMPLETED
REQ-002380,PT-194079,Road Accident,High,31,18.540057,73.932866,TRUE,FALSE,FALSE,TRUE,FALSE,TRUE,FALSE,FALSE,FALSE,Trauma Surgeon,1,,2026-09-15 15:09:51,CREATED
REQ-002381,PT-238360,Other,Moderate,31,18.531539,73.823004,FALSE,FALSE,FALSE,FALSE,FALSE,FALSE,TRUE,FALSE,FALSE,,1,AMB-034,2026-09-15 15:13:31,COMPLETED
REQ-002382,PT-931014,Road Accident,Low,8,18.629292,73.790929,FALSE,FALSE,FALSE,TRUE,FALSE,FALSE,FALSE,FALSE,FALSE,,1,,2026-09-15 15:15:04,CREATED
REQ-002383,PT-836905,Other,Moderate,75,18.497406,73.942706,FALSE,FALSE,FALSE,FALSE,FALSE,FALSE,FALSE,FALSE,FALSE,,1,AMB-013,2026-09-15 15:16:50,COMPLETED
REQ-002384,PT-772233,Cardiac,Low,67,18.513464,73.790689,FALSE,FALSE,FALSE,FALSE,FALSE,FALSE,FALSE,FALSE,FALSE,,1,,2026-09-15 15:17:04,MATCHING
REQ-002385,PT-519490,Road Accident,Moderate,77,18.459406,73.899605,FALSE,FALSE,FALSE,FALSE,FALSE,FALSE,TRUE,FALSE,FALSE,Trauma Surgeon,1,AMB-085,2026-09-15 15:24:30,COMPLETED
REQ-002386,PT-774668,Burn,Critical,67,18.751229,73.864461,TRUE,FALSE,FALSE,TRUE,FALSE,FALSE,FALSE,FALSE,FALSE,General Surgeon,1,,2026-09-15 15:42:27,MATCHING
REQ-002387,PT-683759,Cardiac,Critical,48,18.563853,73.870062,TRUE,TRUE,TRUE,FALSE,TRUE,FALSE,FALSE,TRUE,FALSE,Cardiologist,1,AMB-061,2026-09-15 15:47:23,COMPLETED
REQ-002388,PT-402195,Cardiac,High,46,18.560222,73.871788,TRUE,FALSE,TRUE,FALSE,FALSE,FALSE,FALSE,FALSE,FALSE,Cardiologist,1,AMB-027,2026-09-15 15:47:30,COMPLETED
REQ-002389,PT-123250,Cardiac,Moderate,41,18.573741,73.776136,TRUE,FALSE,FALSE,FALSE,TRUE,FALSE,FALSE,FALSE,FALSE,,1,,2026-09-15 15:52:15,CREATED
REQ-002390,PT-309917,Respiratory,Moderate,52,18.497953,73.830687,FALSE,FALSE,TRUE,FALSE,FALSE,FALSE,FALSE,FALSE,FALSE,,1,,2026-09-15 15:58:50,MATCHING
REQ-002391,PT-172057,Respiratory,High,52,18.520593,73.919962,FALSE,FALSE,TRUE,FALSE,FALSE,FALSE,TRUE,FALSE,FALSE,,1,,2026-09-15 16:07:13,CREATED
REQ-002392,PT-928441,Cardiac,Critical,44,18.646449,73.775783,TRUE,FALSE,TRUE,FALSE,TRUE,TRUE,FALSE,FALSE,FALSE,Cardiologist,1,AMB-001,2026-09-15 16:07:14,NO_MATCH
REQ-002393,PT-679350,Cardiac,High,49,18.637779,73.778317,TRUE,TRUE,TRUE,FALSE,TRUE,FALSE,FALSE,FALSE,FALSE,,1,AMB-049,2026-09-15 16:07:43,COMPLETED
REQ-002394,PT-311683,Stroke,High,61,18.759258,73.8881,TRUE,TRUE,FALSE,FALSE,FALSE,FALSE,TRUE,FALSE,FALSE,Neurologist,1,AMB-022,2026-09-15 16:10:21,COMPLETED
REQ-002395,PT-121375,Road Accident,Moderate,26,18.489834,73.818388,FALSE,FALSE,FALSE,TRUE,FALSE,FALSE,FALSE,FALSE,FALSE,,1,AMB-052,2026-09-15 16:13:11,COMPLETED
REQ-002396,PT-802808,Respiratory,High,3,18.518185,73.857835,FALSE,FALSE,TRUE,TRUE,FALSE,FALSE,FALSE,FALSE,FALSE,,1,AMB-003,2026-09-15 16:33:11,COMPLETED
REQ-002397,PT-399141,Road Accident,Critical,38,18.602618,74.006941,TRUE,TRUE,FALSE,TRUE,FALSE,TRUE,TRUE,TRUE,FALSE,Neurologist,1,AMB-043,2026-09-15 16:38:36,COMPLETED
REQ-002398,PT-480296,Cardiac,Critical,72,18.496672,73.816432,TRUE,FALSE,TRUE,FALSE,TRUE,FALSE,FALSE,TRUE,FALSE,Cardiologist,1,,2026-09-15 16:39:10,CREATED
REQ-002399,PT-595032,Cardiac,High,55,18.462788,73.863031,TRUE,TRUE,FALSE,FALSE,TRUE,FALSE,FALSE,FALSE,FALSE,Cardiologist,1,,2026-09-15 16:44:07,MATCHING
REQ-002400,PT-336064,Other,Low,19,18.62262,73.765433,FALSE,FALSE,FALSE,FALSE,FALSE,FALSE,FALSE,FALSE,FALSE,Pulmonologist,1,,2026-09-15 16:48:02,CREATED
REQ-002401,PT-104499,Cardiac,High,66,18.464535,73.806719,TRUE,FALSE,FALSE,FALSE,TRUE,FALSE,FALSE,FALSE,FALSE,Cardiologist,1,,2026-09-15 16:52:13,MATCHING
REQ-002402,PT-224716,Respiratory,Low,60,18.603417,73.748178,FALSE,FALSE,TRUE,FALSE,FALSE,FALSE,FALSE,FALSE,FALSE,,1,,2026-09-15 16:53:44,CREATED
REQ-002403,PT-866913,Road Accident,Moderate,46,18.457689,73.885747,FALSE,FALSE,FALSE,TRUE,FALSE,FALSE,FALSE,TRUE,FALSE,,1,,2026-09-15 16:56:03,CREATED
REQ-002404,PT-905590,Road Accident,High,24,18.642001,73.848873,FALSE,FALSE,TRUE,TRUE,FALSE,FALSE,TRUE,TRUE,FALSE,,1,,2026-09-15 17:01:35,MATCHING
REQ-002405,PT-862002,Stroke,Moderate,78,18.468883,73.895795,FALSE,FALSE,FALSE,FALSE,FALSE,TRUE,FALSE,FALSE,FALSE,,1,,2026-09-15 17:15:46,CREATED
REQ-002406,PT-197356,Cardiac,Low,38,18.625313,73.81376,FALSE,FALSE,FALSE,FALSE,TRUE,FALSE,FALSE,FALSE,FALSE,Cardiologist,1,,2026-09-15 17:17:43,CREATED
REQ-002407,PT-565118,Other,Critical,27,18.775657,73.84829,TRUE,FALSE,FALSE,FALSE,FALSE,FALSE,FALSE,TRUE,FALSE,General Surgeon,1,,2026-09-15 17:20:29,CREATED
REQ-002408,PT-537220,Cardiac,High,62,18.544117,73.723752,TRUE,FALSE,FALSE,FALSE,TRUE,FALSE,FALSE,FALSE,FALSE,Cardiologist,1,,2026-09-15 17:22:06,CREATED
REQ-002409,PT-459001,Stroke,Low,56,18.514064,73.927848,FALSE,FALSE,FALSE,FALSE,FALSE,FALSE,FALSE,FALSE,FALSE,Neurologist,1,,2026-09-15 17:25:19,MATCHING
REQ-002410,PT-512270,Cardiac,Critical,65,18.508986,73.84324,FALSE,FALSE,TRUE,FALSE,TRUE,FALSE,FALSE,TRUE,FALSE,Cardiologist,1,,2026-09-15 17:31:52,CREATED
REQ-002411,PT-135961,Road Accident,Low,29,18.514202,73.878214,FALSE,FALSE,FALSE,TRUE,FALSE,FALSE,FALSE,FALSE,FALSE,,1,,2026-09-15 17:32:58,MATCHING
REQ-002412,PT-411126,Other,Moderate,33,18.487132,73.821681,FALSE,FALSE,FALSE,FALSE,FALSE,FALSE,FALSE,FALSE,FALSE,,1,AMB-047,2026-09-15 17:38:09,COMPLETED
REQ-002413,PT-988804,Respiratory,Low,72,18.592122,73.720144,FALSE,FALSE,TRUE,FALSE,FALSE,FALSE,FALSE,FALSE,FALSE,,1,,2026-09-15 17:45:55,MATCHING
REQ-002414,PT-166647,Other,Moderate,7,18.49877,73.830712,FALSE,FALSE,FALSE,FALSE,FALSE,FALSE,FALSE,FALSE,FALSE,,1,,2026-09-15 18:05:03,CREATED
REQ-002415,PT-319002,Road Accident,High,40,18.454395,73.841198,FALSE,FALSE,TRUE,TRUE,FALSE,FALSE,TRUE,FALSE,FALSE,Trauma Surgeon,1,AMB-081,2026-09-15 18:11:29,COMPLETED
REQ-002416,PT-426313,Respiratory,High,72,18.488343,73.690093,TRUE,TRUE,TRUE,FALSE,FALSE,FALSE,FALSE,FALSE,FALSE,Pulmonologist,1,,2026-09-15 18:27:02,NO_MATCH
REQ-002417,PT-286781,Road Accident,Critical,28,18.66632,73.769609,TRUE,FALSE,TRUE,TRUE,FALSE,FALSE,TRUE,TRUE,FALSE,Trauma Surgeon,1,,2026-09-15 18:32:09,MATCHING
REQ-002418,PT-423259,Road Accident,Moderate,22,18.452554,73.826578,FALSE,FALSE,FALSE,TRUE,FALSE,FALSE,FALSE,FALSE,FALSE,Trauma Surgeon,1,,2026-09-15 18:51:02,CREATED
REQ-002419,PT-375385,Other,Moderate,23,18.516684,73.852317,FALSE,FALSE,TRUE,FALSE,FALSE,FALSE,FALSE,FALSE,FALSE,,1,AMB-060,2026-09-15 18:53:09,COMPLETED
REQ-002420,PT-766116,Stroke,Moderate,54,18.754085,73.859735,FALSE,FALSE,FALSE,FALSE,FALSE,TRUE,FALSE,FALSE,FALSE,,1,AMB-008,2026-09-15 18:58:52,COMPLETED
REQ-002421,PT-549850,Road Accident,Moderate,23,18.590143,73.732788,TRUE,TRUE,FALSE,TRUE,FALSE,FALSE,TRUE,TRUE,FALSE,Trauma Surgeon,1,,2026-09-15 19:13:39,CREATED
REQ-002422,PT-827297,Road Accident,Moderate,45,18.580452,73.975662,FALSE,FALSE,TRUE,FALSE,FALSE,FALSE,FALSE,FALSE,FALSE,,1,,2026-09-15 19:15:06,CREATED
REQ-002423,PT-278671,Cardiac,Critical,56,18.580889,73.968841,TRUE,FALSE,FALSE,FALSE,TRUE,FALSE,FALSE,FALSE,FALSE,,1,AMB-019,2026-09-15 19:18:49,COMPLETED
REQ-002424,PT-536285,Cardiac,High,84,18.572164,73.965378,TRUE,TRUE,FALSE,FALSE,TRUE,FALSE,FALSE,FALSE,FALSE,Cardiologist,1,AMB-043,2026-09-15 19:19:01,COMPLETED
REQ-002425,PT-779866,Stroke,High,82,18.46589,73.885799,TRUE,FALSE,FALSE,FALSE,FALSE,TRUE,FALSE,FALSE,FALSE,Neurologist,1,,2026-09-15 19:21:26,MATCHING
REQ-002426,PT-223017,Respiratory,High,71,18.632107,73.756861,TRUE,FALSE,TRUE,FALSE,FALSE,FALSE,FALSE,FALSE,FALSE,,1,,2026-09-15 19:21:45,MATCHING
REQ-002427,PT-768898,Cardiac,High,41,18.582891,73.77422,FALSE,FALSE,FALSE,FALSE,TRUE,FALSE,FALSE,FALSE,TRUE,,1,,2026-09-15 19:28:40,CREATED
REQ-002428,PT-390379,Other,Critical,67,18.541179,73.745142,TRUE,TRUE,FALSE,TRUE,FALSE,TRUE,TRUE,TRUE,FALSE,Neurologist,1,,2026-09-15 19:41:14,MATCHING
REQ-002429,PT-919024,Road Accident,Low,13,18.497249,73.782802,FALSE,FALSE,FALSE,TRUE,FALSE,FALSE,FALSE,FALSE,FALSE,,1,,2026-09-15 19:46:42,MATCHING
REQ-002430,PT-102109,Road Accident,Critical,18,18.773516,73.855365,TRUE,FALSE,FALSE,TRUE,FALSE,FALSE,TRUE,TRUE,FALSE,Trauma Surgeon,1,,2026-09-15 19:50:05,CREATED
REQ-002431,PT-249127,Respiratory,High,77,18.486011,73.807672,TRUE,TRUE,TRUE,FALSE,FALSE,FALSE,FALSE,FALSE,FALSE,,1,AMB-052,2026-09-15 19:53:20,COMPLETED
REQ-002432,PT-232734,Road Accident,High,42,18.474499,73.882802,FALSE,FALSE,FALSE,FALSE,FALSE,TRUE,FALSE,TRUE,FALSE,,1,AMB-065,2026-09-15 19:54:01,COMPLETED
REQ-002433,PT-161188,Cardiac,Low,51,18.770556,73.868475,FALSE,FALSE,FALSE,FALSE,FALSE,FALSE,FALSE,FALSE,FALSE,,1,,2026-09-15 19:56:00,MATCHING
REQ-002434,PT-330909,Cardiac,High,82,18.564143,73.870596,TRUE,TRUE,FALSE,FALSE,TRUE,FALSE,FALSE,TRUE,FALSE,Cardiologist,1,AMB-061,2026-09-15 20:01:04,COMPLETED
REQ-002435,PT-845411,Other,Low,57,18.51817,73.92793,FALSE,FALSE,FALSE,FALSE,FALSE,FALSE,FALSE,FALSE,FALSE,,1,AMB-080,2026-09-15 20:06:19,COMPLETED
REQ-002436,PT-479583,Road Accident,Critical,19,18.477906,73.788514,TRUE,FALSE,FALSE,TRUE,FALSE,FALSE,TRUE,TRUE,FALSE,General Surgeon,1,,2026-09-15 20:11:00,CREATED
REQ-002437,PT-296719,Road Accident,Critical,34,18.716927,73.673799,TRUE,FALSE,TRUE,TRUE,FALSE,TRUE,TRUE,TRUE,FALSE,Trauma Surgeon,1,,2026-09-15 20:32:38,MATCHING
REQ-002438,PT-589409,Other,Moderate,26,18.626659,73.853095,TRUE,FALSE,FALSE,FALSE,FALSE,FALSE,FALSE,FALSE,FALSE,Cardiologist,1,,2026-09-15 20:38:18,CREATED
REQ-002439,PT-279666,Cardiac,Critical,48,18.53498,73.73807,TRUE,FALSE,FALSE,FALSE,TRUE,TRUE,FALSE,FALSE,FALSE,Cardiologist,1,,2026-09-15 20:40:16,CREATED
REQ-002440,PT-760587,Respiratory,High,5,18.445388,73.868147,TRUE,TRUE,TRUE,FALSE,FALSE,FALSE,FALSE,FALSE,FALSE,,1,,2026-09-15 20:41:00,CREATED
REQ-002441,PT-680404,Road Accident,Low,55,18.525711,73.834014,FALSE,FALSE,FALSE,FALSE,FALSE,FALSE,FALSE,FALSE,FALSE,,1,,2026-09-15 20:50:11,MATCHING
REQ-002442,PT-135027,Respiratory,Moderate,57,18.495526,73.939974,FALSE,FALSE,TRUE,FALSE,FALSE,FALSE,FALSE,FALSE,FALSE,,1,,2026-09-15 20:55:35,CREATED
REQ-002443,PT-472494,Cardiac,Critical,58,18.588657,73.743318,FALSE,FALSE,TRUE,FALSE,FALSE,FALSE,FALSE,FALSE,FALSE,,1,,2026-09-15 20:57:05,CREATED
REQ-002444,PT-684655,Stroke,High,55,18.552561,73.929406,TRUE,TRUE,FALSE,FALSE,FALSE,TRUE,FALSE,FALSE,FALSE,,1,,2026-09-15 21:13:44,MATCHING
REQ-002445,PT-949321,Stroke,High,52,18.452873,73.855203,FALSE,FALSE,FALSE,FALSE,FALSE,TRUE,FALSE,FALSE,FALSE,Neurologist,1,,2026-09-15 21:23:49,MATCHING
REQ-002446,PT-294528,Respiratory,Moderate,37,18.466255,73.882384,TRUE,FALSE,FALSE,FALSE,FALSE,FALSE,FALSE,FALSE,FALSE,,1,,2026-09-15 21:39:09,MATCHING
REQ-002447,PT-425036,Stroke,High,72,18.624162,73.785883,TRUE,FALSE,TRUE,FALSE,FALSE,TRUE,FALSE,FALSE,FALSE,Neurologist,1,,2026-09-15 21:44:50,CREATED
REQ-002448,PT-666923,Burn,High,47,18.623467,73.797308,TRUE,FALSE,FALSE,FALSE,FALSE,FALSE,FALSE,TRUE,FALSE,General Surgeon,2,AMB-035,2026-09-15 21:48:10,COMPLETED
REQ-002449,PT-962657,Cardiac,Critical,49,18.528913,73.890849,TRUE,TRUE,TRUE,FALSE,TRUE,FALSE,FALSE,FALSE,FALSE,Cardiologist,1,,2026-09-15 21:55:25,MATCHING
REQ-002450,PT-426279,Road Accident,Critical,25,18.456644,73.886287,FALSE,FALSE,TRUE,TRUE,FALSE,FALSE,TRUE,TRUE,FALSE,Trauma Surgeon,1,,2026-09-15 22:07:25,CREATED
REQ-002451,PT-762568,Respiratory,Low,6,18.727866,73.67215,FALSE,FALSE,FALSE,FALSE,FALSE,FALSE,FALSE,FALSE,FALSE,,1,,2026-09-15 22:11:19,CREATED
REQ-002452,PT-929847,Stroke,Critical,91,18.602007,73.730267,TRUE,FALSE,TRUE,FALSE,FALSE,TRUE,TRUE,FALSE,FALSE,Neurologist,1,AMB-007,2026-09-15 22:11:25,COMPLETED
REQ-002453,PT-719642,Stroke,Critical,71,18.601516,73.727958,TRUE,TRUE,FALSE,FALSE,FALSE,TRUE,FALSE,FALSE,FALSE,Neurologist,1,AMB-028,2026-09-15 22:11:40,COMPLETED
REQ-002454,PT-979098,Cardiac,Low,32,18.498016,73.872173,FALSE,FALSE,FALSE,FALSE,TRUE,FALSE,FALSE,FALSE,FALSE,,1,,2026-09-15 22:11:52,CREATED
REQ-002455,PT-475789,Cardiac,Moderate,71,18.63365,73.843334,TRUE,FALSE,FALSE,FALSE,TRUE,FALSE,FALSE,TRUE,FALSE,,1,,2026-09-15 22:18:42,MATCHING
REQ-002456,PT-164937,Stroke,Critical,72,18.516233,73.922012,TRUE,FALSE,FALSE,FALSE,FALSE,TRUE,FALSE,TRUE,FALSE,Neurologist,1,,2026-09-15 22:23:58,MATCHING
REQ-002457,PT-190884,Burn,Low,40,18.558538,73.936909,FALSE,FALSE,FALSE,FALSE,FALSE,FALSE,FALSE,FALSE,FALSE,General Surgeon,1,,2026-09-15 22:27:16,MATCHING
REQ-002458,PT-892760,Road Accident,High,11,18.492819,73.809281,TRUE,FALSE,FALSE,FALSE,FALSE,FALSE,FALSE,FALSE,FALSE,,1,,2026-09-15 22:27:25,MATCHING
REQ-002459,PT-639640,Other,Moderate,29,18.520023,73.916316,FALSE,FALSE,TRUE,FALSE,FALSE,FALSE,FALSE,FALSE,FALSE,,1,,2026-09-15 22:53:51,CREATED
REQ-002460,PT-815608,Respiratory,High,60,18.5781,73.898636,TRUE,TRUE,FALSE,FALSE,TRUE,FALSE,FALSE,FALSE,FALSE,Pulmonologist,1,,2026-09-15 22:56:45,CREATED
REQ-002461,PT-946976,Road Accident,Critical,37,18.4927,73.850107,TRUE,TRUE,TRUE,TRUE,FALSE,FALSE,TRUE,TRUE,FALSE,,1,,2026-09-15 23:17:02,CREATED
REQ-002462,PT-456719,Stroke,High,49,18.508461,73.813918,FALSE,FALSE,TRUE,FALSE,FALSE,TRUE,FALSE,FALSE,FALSE,Neurologist,1,,2026-09-15 23:36:16,CREATED
REQ-002463,PT-809107,Road Accident,Critical,24,18.486026,73.909104,FALSE,FALSE,TRUE,TRUE,FALSE,FALSE,FALSE,FALSE,FALSE,Trauma Surgeon,1,AMB-085,2026-09-15 23:49:19,COMPLETED
REQ-002464,PT-730483,Road Accident,Critical,40,18.476217,73.893753,TRUE,TRUE,FALSE,TRUE,FALSE,FALSE,TRUE,TRUE,FALSE,,1,,2026-09-15 23:49:34,CREATED
REQ-002465,PT-677075,Road Accident,High,57,18.554731,73.944802,FALSE,FALSE,TRUE,TRUE,FALSE,FALSE,FALSE,TRUE,FALSE,,1,,2026-09-16 00:06:53,MATCHING
REQ-002466,PT-561310,Stroke,Moderate,59,18.472308,73.839409,FALSE,FALSE,TRUE,FALSE,FALSE,TRUE,FALSE,FALSE,FALSE,,1,,2026-09-16 00:20:01,MATCHING
REQ-002467,PT-941090,Burn,Moderate,26,18.519162,73.947021,TRUE,TRUE,FALSE,TRUE,FALSE,FALSE,FALSE,FALSE,FALSE,,1,,2026-09-16 01:07:10,MATCHING
REQ-002468,PT-888565,Other,Moderate,28,18.489661,73.682727,TRUE,TRUE,TRUE,FALSE,FALSE,FALSE,FALSE,TRUE,TRUE,,1,,2026-09-16 01:15:48,MATCHING
REQ-002469,PT-391921,Stroke,High,58,18.577254,73.750849,FALSE,FALSE,TRUE,FALSE,TRUE,TRUE,FALSE,FALSE,FALSE,,1,,2026-09-16 01:39:27,CREATED
REQ-002470,PT-608818,Other,Moderate,41,18.556991,73.785712,FALSE,FALSE,FALSE,FALSE,FALSE,FALSE,FALSE,FALSE,FALSE,,1,,2026-09-16 01:46:25,MATCHING
REQ-002471,PT-914568,Respiratory,Moderate,104,18.525376,73.874413,FALSE,FALSE,TRUE,FALSE,FALSE,FALSE,FALSE,FALSE,FALSE,,1,,2026-09-16 01:53:48,CREATED
REQ-002472,PT-579696,Respiratory,Moderate,4,18.555761,73.772709,TRUE,FALSE,FALSE,FALSE,FALSE,FALSE,FALSE,FALSE,FALSE,,1,,2026-09-16 02:40:55,CREATED
REQ-002473,PT-334964,Respiratory,Critical,28,18.608839,73.750053,TRUE,TRUE,TRUE,FALSE,TRUE,FALSE,FALSE,FALSE,FALSE,Pulmonologist,1,,2026-09-16 02:59:32,MATCHING
REQ-002474,PT-931742,Stroke,Critical,55,18.621235,73.809098,TRUE,FALSE,TRUE,TRUE,FALSE,TRUE,FALSE,FALSE,TRUE,Neurologist,1,,2026-09-16 03:16:34,CREATED
REQ-002475,PT-377407,Cardiac,Critical,49,18.659278,73.8064,TRUE,TRUE,FALSE,FALSE,TRUE,FALSE,FALSE,FALSE,FALSE,Cardiologist,1,,2026-09-16 03:52:43,CREATED
REQ-002476,PT-688495,Cardiac,Moderate,78,18.532777,73.688086,FALSE,FALSE,FALSE,FALSE,TRUE,FALSE,FALSE,FALSE,FALSE,,1,AMB-025,2026-09-16 04:43:12,COMPLETED
REQ-002477,PT-892297,Respiratory,Moderate,71,18.584426,73.777253,TRUE,FALSE,TRUE,FALSE,FALSE,FALSE,FALSE,FALSE,FALSE,,1,,2026-09-16 05:24:33,MATCHING
REQ-002478,PT-919607,Cardiac,High,84,18.579274,73.761417,TRUE,TRUE,FALSE,FALSE,FALSE,FALSE,TRUE,FALSE,FALSE,,1,,2026-09-16 05:29:23,MATCHING
REQ-002479,PT-321041,Other,Critical,74,18.594952,73.979658,TRUE,TRUE,FALSE,TRUE,FALSE,TRUE,TRUE,TRUE,FALSE,Neurologist,1,AMB-043,2026-09-16 06:22:31,COMPLETED
REQ-002480,PT-584660,Burn,Critical,22,18.518378,73.681302,TRUE,TRUE,TRUE,TRUE,FALSE,TRUE,TRUE,TRUE,FALSE,Neurologist,2,AMB-025,2026-09-16 06:22:57,COMPLETED
REQ-002481,PT-797498,Road Accident,High,24,18.479737,73.823804,TRUE,FALSE,FALSE,TRUE,FALSE,TRUE,FALSE,FALSE,FALSE,,1,,2026-09-16 06:24:31,CREATED
REQ-002482,PT-167649,Stroke,High,73,18.522762,73.843489,FALSE,FALSE,FALSE,FALSE,FALSE,FALSE,FALSE,FALSE,FALSE,,1,,2026-09-16 06:44:03,CREATED
REQ-002483,PT-363431,Other,Moderate,81,18.466708,73.866502,FALSE,FALSE,TRUE,FALSE,FALSE,FALSE,FALSE,FALSE,FALSE,,1,,2026-09-16 06:52:54,CREATED
REQ-002484,PT-619238,Other,Low,32,18.545314,73.883802,FALSE,FALSE,FALSE,FALSE,FALSE,FALSE,FALSE,FALSE,FALSE,,1,,2026-09-16 06:59:31,MATCHING
REQ-002485,PT-978918,Road Accident,Moderate,17,18.567555,73.807599,TRUE,FALSE,FALSE,TRUE,FALSE,FALSE,FALSE,TRUE,FALSE,General Surgeon,1,AMB-083,2026-09-16 07:10:31,COMPLETED
REQ-002486,PT-782827,Respiratory,High,98,18.637267,73.82496,FALSE,FALSE,TRUE,FALSE,TRUE,FALSE,FALSE,FALSE,FALSE,Pulmonologist,1,,2026-09-16 07:33:05,CREATED
REQ-002487,PT-854022,Cardiac,High,50,18.514787,73.848842,TRUE,FALSE,TRUE,FALSE,TRUE,FALSE,FALSE,TRUE,FALSE,Cardiologist,1,,2026-09-16 07:55:23,MATCHING
REQ-002488,PT-112617,Cardiac,Critical,74,18.502352,73.846497,FALSE,FALSE,TRUE,FALSE,TRUE,FALSE,FALSE,FALSE,FALSE,Cardiologist,1,AMB-003,2026-09-16 08:20:52,COMPLETED
REQ-002489,PT-603513,Cardiac,Moderate,63,18.524536,73.925148,FALSE,FALSE,FALSE,FALSE,TRUE,FALSE,FALSE,FALSE,FALSE,,1,,2026-09-16 08:31:40,MATCHING
REQ-002490,PT-975689,Cardiac,High,54,18.630123,73.807082,TRUE,FALSE,FALSE,FALSE,TRUE,TRUE,TRUE,FALSE,FALSE,Cardiologist,1,,2026-09-16 08:33:52,CREATED
REQ-002491,PT-815008,Road Accident,Low,30,18.548875,73.832501,TRUE,TRUE,FALSE,TRUE,FALSE,FALSE,FALSE,FALSE,FALSE,,1,,2026-09-16 08:58:56,MATCHING
REQ-002492,PT-345773,Other,Moderate,37,18.564228,73.765991,TRUE,FALSE,TRUE,TRUE,FALSE,FALSE,FALSE,FALSE,FALSE,General Surgeon,1,,2026-09-16 08:59:11,CREATED
REQ-002493,PT-856173,Road Accident,High,22,18.581197,73.988933,TRUE,TRUE,TRUE,FALSE,FALSE,FALSE,TRUE,TRUE,FALSE,,1,,2026-09-16 09:00:32,MATCHING
REQ-002494,PT-409569,Stroke,Low,71,18.560781,73.906827,TRUE,FALSE,FALSE,FALSE,FALSE,TRUE,FALSE,FALSE,FALSE,Neurologist,1,,2026-09-16 09:17:55,MATCHING
REQ-002495,PT-484709,Stroke,Moderate,48,18.460282,73.819568,TRUE,FALSE,FALSE,FALSE,FALSE,TRUE,FALSE,FALSE,FALSE,,1,,2026-09-16 09:48:18,CREATED
REQ-002496,PT-656391,Stroke,High,60,18.521207,73.859653,TRUE,FALSE,FALSE,FALSE,FALSE,TRUE,FALSE,FALSE,FALSE,Neurologist,1,AMB-003,2026-09-16 09:57:34,COMPLETED
REQ-002497,PT-562568,Road Accident,High,40,18.492066,73.924154,FALSE,FALSE,FALSE,TRUE,FALSE,FALSE,TRUE,FALSE,FALSE,,1,,2026-09-16 10:03:17,CREATED
REQ-002498,PT-109528,Cardiac,Moderate,55,18.554242,73.874911,FALSE,FALSE,TRUE,FALSE,TRUE,FALSE,TRUE,FALSE,FALSE,,1,,2026-09-16 10:19:54,CREATED
REQ-002499,PT-171469,Respiratory,Moderate,48,18.544847,73.870892,FALSE,FALSE,TRUE,FALSE,FALSE,FALSE,FALSE,FALSE,FALSE,,1,,2026-09-16 10:26:57,CREATED
REQ-002500,PT-653498,Other,Moderate,17,18.513297,73.916626,TRUE,FALSE,FALSE,FALSE,FALSE,FALSE,FALSE,FALSE,FALSE,,1,AMB-097,2026-09-16 10:27:42,COMPLETED
REQ-002501,PT-184125,Cardiac,High,75,18.604133,73.955793,TRUE,TRUE,FALSE,FALSE,TRUE,FALSE,FALSE,FALSE,FALSE,Cardiologist,1,,2026-09-16 10:29:00,MATCHING
REQ-002502,PT-996974,Road Accident,Moderate,26,18.504117,73.914522,FALSE,FALSE,TRUE,TRUE,FALSE,FALSE,TRUE,TRUE,FALSE,,1,,2026-09-16 10:29:28,CREATED
REQ-002503,PT-955889,Cardiac,Critical,57,18.523412,73.868978,TRUE,TRUE,FALSE,FALSE,TRUE,FALSE,FALSE,FALSE,FALSE,,1,,2026-09-16 10:32:24,CREATED
REQ-002504,PT-719838,Cardiac,Moderate,51,18.663212,73.749224,TRUE,FALSE,FALSE,FALSE,TRUE,FALSE,FALSE,FALSE,FALSE,,1,,2026-09-16 10:44:56,MATCHING
REQ-002505,PT-218438,Cardiac,Moderate,56,18.542055,73.783521,FALSE,FALSE,FALSE,FALSE,FALSE,FALSE,FALSE,FALSE,FALSE,,1,,2026-09-16 11:02:20,CREATED
REQ-002506,PT-503131,Burn,Moderate,49,18.455052,73.927325,FALSE,FALSE,FALSE,FALSE,FALSE,FALSE,TRUE,FALSE,FALSE,General Surgeon,1,,2026-09-16 11:11:45,CREATED
REQ-002507,PT-736843,Stroke,Critical,71,18.459021,73.88244,TRUE,FALSE,TRUE,FALSE,FALSE,TRUE,FALSE,FALSE,FALSE,Neurologist,1,,2026-09-16 11:15:30,CREATED
REQ-002508,PT-632487,Other,Low,27,18.733885,73.685464,FALSE,FALSE,FALSE,FALSE,FALSE,FALSE,FALSE,FALSE,FALSE,,1,,2026-09-16 11:21:03,MATCHING
REQ-002509,PT-782173,Cardiac,High,48,18.604146,73.777269,FALSE,FALSE,TRUE,FALSE,TRUE,FALSE,FALSE,FALSE,FALSE,,1,,2026-09-16 11:32:08,MATCHING
REQ-002510,PT-957519,Other,Critical,24,18.525625,73.7092,TRUE,TRUE,FALSE,TRUE,FALSE,TRUE,TRUE,TRUE,FALSE,Neurologist,1,AMB-076,2026-09-16 11:33:16,COMPLETED
REQ-002511,PT-277797,Road Accident,Moderate,34,18.664013,73.787679,FALSE,FALSE,FALSE,FALSE,FALSE,FALSE,TRUE,TRUE,FALSE,,1,,2026-09-16 11:38:48,CREATED
REQ-002512,PT-493265,Other,Low,85,18.51156,73.857824,FALSE,FALSE,FALSE,FALSE,FALSE,FALSE,FALSE,FALSE,FALSE,,1,AMB-003,2026-09-16 11:39:13,COMPLETED
REQ-002513,PT-619320,Respiratory,High,69,18.587455,73.774112,TRUE,TRUE,FALSE,FALSE,FALSE,FALSE,FALSE,FALSE,FALSE,Pulmonologist,1,AMB-044,2026-09-16 11:55:11,COMPLETED
REQ-002514,PT-400265,Road Accident,High,35,18.581435,73.980791,TRUE,FALSE,TRUE,FALSE,FALSE,FALSE,FALSE,TRUE,FALSE,Trauma Surgeon,1,,2026-09-16 12:02:16,CREATED
REQ-002515,PT-851521,Respiratory,Critical,4,18.507624,73.838932,TRUE,FALSE,TRUE,FALSE,FALSE,TRUE,FALSE,FALSE,FALSE,Pulmonologist,1,,2026-09-16 12:08:56,MATCHING
REQ-002516,PT-994439,Other,Critical,51,18.530596,73.735099,TRUE,TRUE,FALSE,TRUE,FALSE,TRUE,TRUE,TRUE,FALSE,Neurologist,1,AMB-062,2026-09-16 12:14:56,COMPLETED
REQ-002517,PT-813877,Road Accident,High,44,18.756551,73.874302,TRUE,TRUE,TRUE,TRUE,FALSE,TRUE,FALSE,TRUE,FALSE,,4,,2026-09-16 12:29:48,MATCHING
REQ-002518,PT-479524,Road Accident,Moderate,32,18.583119,73.727531,FALSE,FALSE,FALSE,FALSE,FALSE,FALSE,FALSE,FALSE,FALSE,,1,,2026-09-16 12:30:19,MATCHING
REQ-002519,PT-583874,Respiratory,Low,13,18.549842,73.857821,FALSE,FALSE,TRUE,FALSE,FALSE,FALSE,FALSE,FALSE,FALSE,,1,,2026-09-16 12:41:22,CREATED
REQ-002520,PT-765646,Respiratory,Critical,80,18.591762,73.762355,TRUE,TRUE,TRUE,FALSE,FALSE,FALSE,FALSE,FALSE,FALSE,,1,,2026-09-16 12:50:48,CREATED
REQ-002521,PT-978093,Respiratory,High,56,18.559001,73.950021,TRUE,FALSE,TRUE,FALSE,FALSE,FALSE,FALSE,FALSE,FALSE,Pulmonologist,1,,2026-09-16 13:01:03,CREATED
REQ-002522,PT-696186,Road Accident,Moderate,24,18.619342,73.842724,FALSE,FALSE,FALSE,FALSE,FALSE,FALSE,FALSE,TRUE,FALSE,General Surgeon,1,,2026-09-16 13:09:31,MATCHING
REQ-002523,PT-343209,Road Accident,Critical,14,18.517483,73.843562,TRUE,FALSE,FALSE,TRUE,FALSE,FALSE,FALSE,TRUE,FALSE,,1,AMB-073,2026-09-16 13:14:25,COMPLETED
REQ-002524,PT-161356,Other,Moderate,37,18.517188,73.816298,FALSE,FALSE,FALSE,FALSE,FALSE,FALSE,FALSE,FALSE,FALSE,Pulmonologist,1,,2026-09-16 13:14:48,MATCHING
REQ-002525,PT-392004,Respiratory,Moderate,12,18.538528,73.840279,FALSE,FALSE,TRUE,FALSE,FALSE,FALSE,FALSE,FALSE,FALSE,,1,,2026-09-16 13:17:59,MATCHING
REQ-002526,PT-130113,Road Accident,Moderate,25,18.509435,73.812828,FALSE,FALSE,FALSE,TRUE,FALSE,FALSE,FALSE,FALSE,FALSE,,1,AMB-055,2026-09-16 13:21:58,COMPLETED
REQ-002527,PT-442012,Respiratory,High,6,18.646343,73.782938,TRUE,TRUE,TRUE,FALSE,FALSE,FALSE,TRUE,FALSE,FALSE,,1,,2026-09-16 13:23:55,MATCHING
REQ-002528,PT-856257,Road Accident,High,44,18.667566,73.772358,TRUE,FALSE,TRUE,TRUE,FALSE,FALSE,FALSE,FALSE,FALSE,Trauma Surgeon,1,,2026-09-16 13:24:43,MATCHING
REQ-002529,PT-693536,Respiratory,Low,47,18.492781,73.942384,FALSE,FALSE,TRUE,FALSE,FALSE,FALSE,FALSE,FALSE,FALSE,,1,AMB-013,2026-09-16 13:28:22,COMPLETED
REQ-002530,PT-913440,Respiratory,Low,3,18.568327,73.875588,TRUE,FALSE,TRUE,FALSE,FALSE,FALSE,FALSE,FALSE,FALSE,Pulmonologist,1,,2026-09-16 13:29:38,MATCHING
REQ-002531,PT-453274,Road Accident,Low,56,18.517952,73.706431,FALSE,FALSE,FALSE,TRUE,FALSE,FALSE,TRUE,FALSE,FALSE,,1,AMB-070,2026-09-16 13:30:40,COMPLETED
REQ-002532,PT-383101,Road Accident,Moderate,39,18.62579,73.799572,TRUE,FALSE,FALSE,TRUE,FALSE,FALSE,FALSE,FALSE,FALSE,,1,,2026-09-16 13:33:59,MATCHING
REQ-002533,PT-364417,Road Accident,Moderate,17,18.551324,73.730608,FALSE,FALSE,FALSE,TRUE,FALSE,FALSE,FALSE,FALSE,FALSE,,1,,2026-09-16 13:37:04,MATCHING
REQ-002534,PT-626881,Cardiac,High,51,18.486696,73.862392,TRUE,TRUE,TRUE,FALSE,TRUE,TRUE,FALSE,FALSE,FALSE,Cardiologist,1,,2026-09-16 13:38:49,CREATED
REQ-002535,PT-545300,Burn,Critical,36,18.636023,73.771067,TRUE,TRUE,TRUE,FALSE,FALSE,FALSE,TRUE,FALSE,FALSE,General Surgeon,2,,2026-09-16 13:40:51,MATCHING
REQ-002536,PT-207251,Stroke,Moderate,41,18.544305,73.880398,FALSE,FALSE,FALSE,FALSE,FALSE,TRUE,FALSE,TRUE,FALSE,,1,AMB-096,2026-09-16 13:42:49,COMPLETED
REQ-002537,PT-952594,Cardiac,High,69,18.518821,73.680894,TRUE,FALSE,FALSE,FALSE,TRUE,FALSE,FALSE,FALSE,FALSE,Cardiologist,1,,2026-09-16 13:51:45,CREATED
REQ-002538,PT-991407,Stroke,Critical,73,18.626273,73.847415,TRUE,TRUE,FALSE,FALSE,FALSE,TRUE,FALSE,TRUE,FALSE,Neurologist,1,AMB-032,2026-09-16 13:54:05,COMPLETED
REQ-002539,PT-633345,Stroke,Critical,76,18.632101,73.845123,TRUE,FALSE,FALSE,FALSE,FALSE,TRUE,FALSE,TRUE,FALSE,,1,AMB-024,2026-09-16 13:54:11,NO_MATCH
REQ-002540,PT-171749,Road Accident,Critical,31,18.750309,73.868528,TRUE,TRUE,TRUE,TRUE,FALSE,TRUE,TRUE,TRUE,TRUE,Neurologist,1,,2026-09-16 13:58:41,NO_MATCH
REQ-002541,PT-225710,Respiratory,Moderate,86,18.596767,73.748309,FALSE,FALSE,TRUE,FALSE,FALSE,FALSE,FALSE,FALSE,FALSE,,1,AMB-028,2026-09-16 14:08:39,COMPLETED
REQ-002542,PT-278005,Cardiac,Moderate,51,18.637385,73.852296,FALSE,FALSE,FALSE,FALSE,TRUE,FALSE,FALSE,TRUE,FALSE,Cardiologist,1,,2026-09-16 14:11:52,MATCHING
REQ-002543,PT-376516,Road Accident,Moderate,63,18.544357,73.752524,TRUE,FALSE,TRUE,FALSE,FALSE,FALSE,FALSE,FALSE,FALSE,,1,,2026-09-16 14:22:36,MATCHING
REQ-002544,PT-991857,Cardiac,Critical,65,18.464075,73.829117,TRUE,TRUE,FALSE,FALSE,TRUE,FALSE,FALSE,FALSE,FALSE,Cardiologist,1,,2026-09-16 14:51:23,MATCHING
REQ-002545,PT-444728,Respiratory,High,0,18.573301,73.765566,FALSE,FALSE,FALSE,FALSE,FALSE,FALSE,FALSE,FALSE,FALSE,,1,AMB-051,2026-09-16 14:56:17,COMPLETED
REQ-002546,PT-174792,Road Accident,Moderate,41,18.442866,73.855189,TRUE,FALSE,TRUE,TRUE,FALSE,FALSE,TRUE,FALSE,FALSE,,1,,2026-09-16 15:12:13,CREATED
REQ-002547,PT-107838,Stroke,Critical,65,18.621315,73.810661,TRUE,TRUE,FALSE,FALSE,FALSE,TRUE,FALSE,FALSE,FALSE,Neurologist,1,AMB-035,2026-09-16 15:19:30,COMPLETED
REQ-002548,PT-754807,Stroke,Critical,71,18.623486,73.805585,TRUE,FALSE,FALSE,FALSE,FALSE,TRUE,FALSE,TRUE,FALSE,,1,AMB-049,2026-09-16 15:19:52,COMPLETED
REQ-002549,PT-546879,Respiratory,Low,8,18.533362,73.915063,FALSE,FALSE,FALSE,FALSE,FALSE,FALSE,FALSE,FALSE,FALSE,,1,AMB-080,2026-09-16 15:36:39,COMPLETED
REQ-002550,PT-925122,Road Accident,Moderate,22,18.451778,73.874674,FALSE,FALSE,TRUE,TRUE,FALSE,FALSE,FALSE,FALSE,FALSE,,1,,2026-09-16 15:59:37,MATCHING
REQ-002551,PT-794438,Burn,Moderate,45,18.606126,73.76276,FALSE,FALSE,FALSE,FALSE,FALSE,FALSE,TRUE,FALSE,FALSE,,1,,2026-09-16 16:09:57,MATCHING
REQ-002552,PT-601784,Respiratory,Critical,53,18.513871,73.874771,TRUE,TRUE,TRUE,FALSE,FALSE,FALSE,FALSE,FALSE,FALSE,Pulmonologist,1,AMB-068,2026-09-16 16:14:03,COMPLETED
REQ-002553,PT-981442,Stroke,High,67,18.541556,73.914317,TRUE,FALSE,TRUE,FALSE,FALSE,TRUE,FALSE,FALSE,FALSE,Neurologist,1,,2026-09-16 16:15:15,CREATED
REQ-002554,PT-215308,Other,Moderate,39,18.523799,73.668267,TRUE,FALSE,FALSE,FALSE,FALSE,FALSE,FALSE,FALSE,FALSE,,1,,2026-09-16 16:16:41,MATCHING
REQ-002555,PT-438843,Other,Low,25,18.58762,73.784913,FALSE,FALSE,FALSE,FALSE,FALSE,FALSE,FALSE,FALSE,FALSE,,1,,2026-09-16 16:18:46,MATCHING
REQ-002556,PT-694748,Cardiac,Moderate,57,18.611023,73.780989,FALSE,FALSE,FALSE,FALSE,TRUE,FALSE,FALSE,FALSE,FALSE,,1,AMB-044,2026-09-16 16:19:59,NO_MATCH
REQ-002557,PT-681373,Burn,Critical,23,18.725515,73.660092,TRUE,TRUE,FALSE,TRUE,FALSE,TRUE,TRUE,TRUE,FALSE,Neurologist,1,,2026-09-16 16:20:14,MATCHING
REQ-002558,PT-132780,Cardiac,High,84,18.616034,73.771941,FALSE,TRUE,FALSE,FALSE,TRUE,FALSE,TRUE,FALSE,FALSE,Cardiologist,1,,2026-09-16 16:21:05,CREATED
REQ-002559,PT-977845,Other,Low,39,18.522594,73.920227,FALSE,FALSE,FALSE,FALSE,FALSE,FALSE,FALSE,FALSE,FALSE,,1,,2026-09-16 16:22:46,CREATED
REQ-002560,PT-113556,Cardiac,Critical,57,18.513424,73.944962,TRUE,FALSE,TRUE,FALSE,TRUE,FALSE,TRUE,FALSE,FALSE,Cardiologist,1,,2026-09-16 16:41:07,CREATED
REQ-002561,PT-451995,Stroke,Moderate,73,18.479101,73.891924,TRUE,TRUE,FALSE,FALSE,TRUE,TRUE,FALSE,FALSE,FALSE,,1,,2026-09-16 16:46:01,CREATED
REQ-002562,PT-842922,Respiratory,Moderate,59,18.514306,73.925201,FALSE,FALSE,TRUE,FALSE,FALSE,FALSE,FALSE,FALSE,FALSE,,1,,2026-09-16 16:49:42,MATCHING
REQ-002563,PT-258543,Road Accident,Moderate,22,18.515526,73.712563,FALSE,FALSE,FALSE,TRUE,FALSE,FALSE,FALSE,FALSE,FALSE,General Surgeon,1,,2026-09-16 16:55:06,CREATED
REQ-002564,PT-391730,Other,Low,51,18.466093,73.892093,FALSE,FALSE,FALSE,FALSE,FALSE,FALSE,FALSE,FALSE,FALSE,Pulmonologist,1,,2026-09-16 17:02:09,MATCHING
REQ-002565,PT-666385,Road Accident,Critical,23,18.566052,73.989781,TRUE,FALSE,TRUE,TRUE,FALSE,TRUE,TRUE,TRUE,FALSE,,1,AMB-019,2026-09-16 17:18:14,COMPLETED
REQ-002566,PT-119063,Burn,Low,23,18.580408,73.75621,FALSE,FALSE,FALSE,TRUE,FALSE,FALSE,FALSE,TRUE,FALSE,,2,AMB-002,2026-09-16 17:24:32,COMPLETED
REQ-002567,PT-474625,Stroke,Critical,66,18.613995,73.835755,TRUE,FALSE,FALSE,FALSE,FALSE,TRUE,FALSE,FALSE,FALSE,,1,AMB-032,2026-09-16 17:35:30,COMPLETED
REQ-002568,PT-152193,Stroke,High,104,18.480275,73.796763,FALSE,FALSE,TRUE,FALSE,FALSE,TRUE,FALSE,FALSE,FALSE,,1,AMB-037,2026-09-16 17:36:31,COMPLETED
REQ-002569,PT-456009,Road Accident,Critical,12,18.45432,73.807961,TRUE,FALSE,TRUE,TRUE,FALSE,TRUE,TRUE,TRUE,FALSE,Trauma Surgeon,1,,2026-09-16 17:43:57,CREATED
REQ-002570,PT-537706,Road Accident,Moderate,43,18.544459,73.865103,TRUE,TRUE,FALSE,FALSE,FALSE,FALSE,FALSE,FALSE,TRUE,,1,,2026-09-16 17:45:17,CREATED
REQ-002571,PT-530853,Cardiac,Moderate,67,18.45512,73.872112,FALSE,FALSE,FALSE,FALSE,TRUE,FALSE,FALSE,FALSE,FALSE,,1,,2026-09-16 17:50:01,MATCHING
REQ-002572,PT-194062,Road Accident,Moderate,28,18.59865,73.759244,FALSE,FALSE,FALSE,FALSE,FALSE,FALSE,FALSE,FALSE,FALSE,,1,,2026-09-16 17:52:55,CREATED
REQ-002573,PT-401380,Road Accident,Moderate,28,18.742227,73.682737,FALSE,FALSE,TRUE,TRUE,FALSE,FALSE,TRUE,TRUE,FALSE,,1,,2026-09-16 17:54:22,MATCHING
REQ-002574,PT-443132,Burn,High,23,18.50951,73.864894,TRUE,TRUE,TRUE,TRUE,FALSE,FALSE,FALSE,FALSE,FALSE,General Surgeon,1,,2026-09-16 17:57:00,CREATED
REQ-002575,PT-186619,Respiratory,High,72,18.514284,73.668889,TRUE,TRUE,TRUE,FALSE,FALSE,FALSE,FALSE,FALSE,FALSE,Pulmonologist,1,,2026-09-16 18:03:46,CREATED
REQ-002576,PT-387763,Cardiac,Moderate,65,18.503879,73.675228,FALSE,FALSE,FALSE,FALSE,TRUE,FALSE,FALSE,FALSE,FALSE,,1,,2026-09-16 18:06:24,CREATED
REQ-002577,PT-812409,Other,Low,50,18.51399,73.659742,TRUE,FALSE,FALSE,FALSE,FALSE,FALSE,FALSE,FALSE,FALSE,,1,,2026-09-16 18:07:31,MATCHING
REQ-002578,PT-698760,Road Accident,Moderate,34,18.595216,73.739355,FALSE,FALSE,TRUE,TRUE,FALSE,TRUE,FALSE,FALSE,FALSE,,1,,2026-09-16 18:08:49,MATCHING
REQ-002579,PT-944158,Cardiac,Critical,61,18.555649,73.815229,TRUE,FALSE,TRUE,FALSE,TRUE,FALSE,FALSE,FALSE,FALSE,Cardiologist,1,,2026-09-16 18:22:10,MATCHING
REQ-002580,PT-601281,Road Accident,Moderate,40,18.638747,73.788513,TRUE,FALSE,FALSE,TRUE,FALSE,FALSE,FALSE,FALSE,FALSE,Trauma Surgeon,1,,2026-09-16 18:25:07,CREATED
REQ-002581,PT-936931,Respiratory,Moderate,43,18.512104,73.930749,TRUE,FALSE,FALSE,FALSE,FALSE,FALSE,FALSE,FALSE,FALSE,,1,AMB-087,2026-09-16 18:27:20,COMPLETED
REQ-002582,PT-747428,Road Accident,High,44,18.662593,73.783567,FALSE,FALSE,FALSE,TRUE,FALSE,TRUE,FALSE,FALSE,FALSE,,1,AMB-049,2026-09-16 18:32:04,COMPLETED
REQ-002583,PT-447368,Burn,High,35,18.531827,73.91051,TRUE,TRUE,TRUE,TRUE,FALSE,FALSE,FALSE,FALSE,FALSE,General Surgeon,1,,2026-09-16 18:47:35,CREATED
REQ-002584,PT-661370,Respiratory,Critical,53,18.453418,73.895212,TRUE,TRUE,TRUE,FALSE,TRUE,FALSE,FALSE,FALSE,FALSE,Pulmonologist,1,,2026-09-16 18:51:05,CREATED
REQ-002585,PT-152919,Road Accident,Critical,39,18.782673,73.876621,TRUE,TRUE,TRUE,TRUE,FALSE,FALSE,FALSE,TRUE,FALSE,Trauma Surgeon,1,,2026-09-16 18:53:04,MATCHING
REQ-002586,PT-908668,Road Accident,Moderate,28,18.645866,73.772816,TRUE,FALSE,TRUE,FALSE,FALSE,FALSE,FALSE,TRUE,FALSE,,1,,2026-09-16 18:56:43,CREATED
REQ-002587,PT-557422,Road Accident,High,21,18.633655,73.860685,TRUE,FALSE,FALSE,TRUE,FALSE,FALSE,FALSE,TRUE,FALSE,Trauma Surgeon,1,,2026-09-16 18:58:34,MATCHING
REQ-002588,PT-168430,Stroke,Critical,76,18.455439,73.926307,TRUE,FALSE,TRUE,FALSE,FALSE,TRUE,FALSE,TRUE,FALSE,Neurologist,1,AMB-085,2026-09-16 19:03:21,COMPLETED
REQ-002589,PT-909130,Stroke,Critical,74,18.457717,73.9249,TRUE,FALSE,TRUE,FALSE,FALSE,TRUE,FALSE,FALSE,FALSE,Neurologist,1,AMB-065,2026-09-16 19:03:45,COMPLETED
REQ-002590,PT-496336,Road Accident,High,19,18.643126,73.7998,TRUE,TRUE,TRUE,TRUE,FALSE,FALSE,TRUE,TRUE,FALSE,,4,,2026-09-16 19:11:53,MATCHING
REQ-002591,PT-542118,Road Accident,High,28,18.602678,73.727413,FALSE,FALSE,FALSE,TRUE,FALSE,FALSE,TRUE,FALSE,FALSE,Trauma Surgeon,1,,2026-09-16 19:20:07,CREATED
REQ-002592,PT-917165,Cardiac,Critical,54,18.564371,73.776297,TRUE,FALSE,FALSE,FALSE,TRUE,FALSE,TRUE,FALSE,FALSE,,1,AMB-051,2026-09-16 19:26:55,COMPLETED
REQ-002593,PT-508605,Cardiac,High,86,18.563551,73.772098,TRUE,TRUE,FALSE,FALSE,TRUE,FALSE,FALSE,TRUE,FALSE,,1,AMB-040,2026-09-16 19:27:11,COMPLETED
REQ-002594,PT-188142,Stroke,High,69,18.603568,73.756543,TRUE,FALSE,FALSE,FALSE,FALSE,TRUE,FALSE,FALSE,FALSE,Neurologist,1,,2026-09-16 19:34:37,CREATED
REQ-002595,PT-824245,Burn,Low,12,18.518295,73.799498,FALSE,FALSE,FALSE,TRUE,FALSE,FALSE,FALSE,FALSE,FALSE,,1,,2026-09-16 19:36:57,CREATED
REQ-002596,PT-445964,Road Accident,Moderate,42,18.507361,73.674754,TRUE,FALSE,FALSE,TRUE,FALSE,TRUE,FALSE,FALSE,FALSE,Trauma Surgeon,1,,2026-09-16 19:51:40,MATCHING
REQ-002597,PT-355576,Cardiac,Low,34,18.6348,73.856705,FALSE,FALSE,FALSE,FALSE,TRUE,FALSE,FALSE,FALSE,FALSE,,1,,2026-09-16 19:52:09,MATCHING
REQ-002598,PT-408168,Respiratory,Moderate,12,18.591881,73.735633,FALSE,FALSE,FALSE,FALSE,FALSE,FALSE,FALSE,FALSE,FALSE,,1,AMB-075,2026-09-16 19:55:11,COMPLETED
REQ-002599,PT-446595,Stroke,Low,80,18.644907,73.780642,FALSE,FALSE,FALSE,FALSE,FALSE,TRUE,FALSE,FALSE,FALSE,,1,,2026-09-16 19:55:52,MATCHING
REQ-002600,PT-295635,Road Accident,Moderate,36,18.723905,73.653408,TRUE,FALSE,TRUE,TRUE,TRUE,FALSE,FALSE,FALSE,FALSE,Trauma Surgeon,1,,2026-09-16 20:02:42,MATCHING
REQ-002601,PT-809802,Other,Low,31,18.545825,73.831044,FALSE,FALSE,FALSE,FALSE,FALSE,FALSE,FALSE,FALSE,FALSE,Pulmonologist,1,AMB-021,2026-09-16 20:16:46,COMPLETED
REQ-002602,PT-335629,Other,Low,62,18.726418,73.683149,FALSE,FALSE,FALSE,FALSE,FALSE,FALSE,FALSE,FALSE,FALSE,General Surgeon,1,,2026-09-16 20:22:13,CREATED
REQ-002603,PT-734651,Respiratory,Moderate,86,18.50882,73.813037,FALSE,FALSE,TRUE,FALSE,FALSE,FALSE,FALSE,FALSE,FALSE,,1,,2026-09-16 20:24:00,MATCHING
REQ-002604,PT-714397,Stroke,High,56,18.477101,73.792881,TRUE,FALSE,FALSE,FALSE,FALSE,TRUE,FALSE,FALSE,FALSE,,1,,2026-09-16 20:30:02,CREATED
REQ-002605,PT-655610,Road Accident,High,20,18.602245,73.768289,TRUE,FALSE,FALSE,FALSE,FALSE,TRUE,TRUE,FALSE,FALSE,Trauma Surgeon,1,,2026-09-16 20:31:56,MATCHING
REQ-002606,PT-179107,Cardiac,Moderate,68,18.55504,73.776768,FALSE,FALSE,FALSE,FALSE,FALSE,FALSE,FALSE,FALSE,FALSE,,1,AMB-051,2026-09-16 20:35:34,COMPLETED
REQ-002607,PT-396476,Respiratory,Moderate,45,18.520209,73.855855,FALSE,TRUE,TRUE,FALSE,FALSE,FALSE,FALSE,FALSE,FALSE,,1,,2026-09-16 20:39:15,MATCHING
REQ-002608,PT-203975,Cardiac,Moderate,63,18.588633,73.989503,TRUE,FALSE,FALSE,FALSE,TRUE,FALSE,FALSE,FALSE,FALSE,Cardiologist,1,,2026-09-16 20:51:29,CREATED
REQ-002609,PT-806392,Cardiac,Low,71,18.531019,73.83785,FALSE,FALSE,FALSE,FALSE,TRUE,FALSE,FALSE,TRUE,FALSE,,1,AMB-034,2026-09-16 20:55:30,COMPLETED
REQ-002610,PT-802848,Other,Low,63,18.760839,73.866636,FALSE,FALSE,FALSE,FALSE,FALSE,FALSE,FALSE,FALSE,FALSE,,1,,2026-09-16 21:10:27,MATCHING
REQ-002611,PT-352164,Road Accident,High,33,18.44585,73.920792,FALSE,FALSE,FALSE,TRUE,FALSE,FALSE,FALSE,FALSE,FALSE,,1,AMB-085,2026-09-16 21:13:31,COMPLETED
REQ-002612,PT-732673,Cardiac,High,53,18.476198,73.880113,FALSE,FALSE,FALSE,FALSE,TRUE,FALSE,FALSE,FALSE,FALSE,Cardiologist,1,,2026-09-16 21:32:12,CREATED
REQ-002613,PT-195285,Road Accident,Low,21,18.500411,73.901612,FALSE,FALSE,FALSE,TRUE,FALSE,FALSE,FALSE,FALSE,FALSE,,1,AMB-088,2026-09-16 21:32:30,COMPLETED
REQ-002614,PT-675113,Respiratory,Moderate,66,18.643229,73.804829,FALSE,FALSE,TRUE,FALSE,FALSE,FALSE,FALSE,FALSE,FALSE,,1,,2026-09-16 21:38:55,CREATED
REQ-002615,PT-501086,Cardiac,Moderate,77,18.495279,73.886221,TRUE,TRUE,FALSE,FALSE,TRUE,FALSE,FALSE,FALSE,FALSE,Cardiologist,1,AMB-078,2026-09-16 21:41:05,COMPLETED
REQ-002616,PT-953518,Road Accident,Moderate,33,18.461957,73.862841,FALSE,FALSE,FALSE,FALSE,FALSE,FALSE,FALSE,FALSE,FALSE,,1,,2026-09-16 22:25:06,CREATED
REQ-002617,PT-197043,Road Accident,High,57,18.606201,73.791481,TRUE,FALSE,FALSE,TRUE,FALSE,FALSE,TRUE,FALSE,FALSE,Trauma Surgeon,2,,2026-09-16 22:40:10,CREATED
REQ-002618,PT-297570,Stroke,Critical,57,18.505674,73.800206,TRUE,FALSE,TRUE,FALSE,TRUE,TRUE,FALSE,TRUE,FALSE,,1,AMB-055,2026-09-16 22:55:25,COMPLETED
REQ-002619,PT-243538,Road Accident,Critical,32,18.732026,73.670008,TRUE,FALSE,FALSE,TRUE,FALSE,TRUE,TRUE,TRUE,FALSE,Trauma Surgeon,1,AMB-093,2026-09-16 23:09:15,COMPLETED
REQ-002620,PT-328995,Road Accident,Low,42,18.506878,73.857965,TRUE,FALSE,FALSE,TRUE,FALSE,FALSE,FALSE,FALSE,FALSE,,1,,2026-09-16 23:11:43,CREATED
REQ-002621,PT-724790,Burn,Moderate,32,18.594218,73.762315,TRUE,TRUE,FALSE,FALSE,FALSE,FALSE,FALSE,FALSE,FALSE,General Surgeon,1,,2026-09-16 23:13:34,MATCHING
REQ-002622,PT-907508,Stroke,Critical,60,18.511058,73.900279,TRUE,FALSE,TRUE,FALSE,FALSE,TRUE,FALSE,FALSE,FALSE,,1,,2026-09-16 23:22:31,MATCHING
REQ-002623,PT-205943,Road Accident,High,69,18.618362,73.754286,FALSE,FALSE,FALSE,TRUE,FALSE,FALSE,FALSE,FALSE,FALSE,Trauma Surgeon,1,,2026-09-16 23:23:28,MATCHING
REQ-002624,PT-113800,Road Accident,High,41,18.461886,73.884789,TRUE,TRUE,FALSE,TRUE,FALSE,FALSE,FALSE,TRUE,FALSE,Trauma Surgeon,1,AMB-053,2026-09-16 23:38:34,COMPLETED
REQ-002625,PT-521800,Road Accident,High,29,18.630195,73.789252,TRUE,FALSE,TRUE,FALSE,FALSE,FALSE,FALSE,FALSE,FALSE,General Surgeon,1,AMB-035,2026-09-16 23:42:12,COMPLETED
REQ-002626,PT-154220,Road Accident,High,48,18.518428,73.909285,TRUE,FALSE,FALSE,TRUE,FALSE,TRUE,TRUE,FALSE,FALSE,Trauma Surgeon,1,,2026-09-16 23:43:17,MATCHING
REQ-002627,PT-710183,Other,Critical,22,18.513118,73.890977,TRUE,TRUE,FALSE,FALSE,FALSE,FALSE,FALSE,TRUE,TRUE,Nephrologist,1,AMB-088,2026-09-16 23:44:32,COMPLETED
REQ-002628,PT-803699,Cardiac,Critical,44,18.54646,73.907711,TRUE,FALSE,TRUE,FALSE,TRUE,FALSE,TRUE,FALSE,FALSE,Cardiologist,1,,2026-09-16 23:56:59,CREATED
REQ-002629,PT-623157,Cardiac,Low,66,18.583948,73.87133,FALSE,FALSE,FALSE,FALSE,TRUE,FALSE,FALSE,FALSE,FALSE,,1,,2026-09-17 00:02:03,MATCHING
REQ-002630,PT-146818,Road Accident,Moderate,43,18.429679,73.871209,TRUE,TRUE,FALSE,TRUE,FALSE,FALSE,FALSE,FALSE,FALSE,,1,,2026-09-17 00:16:54,CREATED
REQ-002631,PT-217570,Burn,Moderate,55,18.648661,73.784184,FALSE,FALSE,FALSE,TRUE,FALSE,FALSE,FALSE,FALSE,FALSE,,1,AMB-001,2026-09-17 00:23:14,COMPLETED
REQ-002632,PT-823067,Other,Low,70,18.614936,73.753877,TRUE,FALSE,FALSE,FALSE,FALSE,FALSE,FALSE,FALSE,FALSE,,1,,2026-09-17 00:35:43,MATCHING
REQ-002633,PT-614332,Cardiac,Critical,77,18.512002,73.903537,TRUE,FALSE,TRUE,FALSE,TRUE,FALSE,FALSE,FALSE,FALSE,Cardiologist,1,,2026-09-17 00:40:39,MATCHING
REQ-002634,PT-410131,Other,Moderate,27,18.520137,73.858528,FALSE,FALSE,FALSE,FALSE,FALSE,FALSE,FALSE,FALSE,FALSE,,1,,2026-09-17 00:43:46,CREATED
REQ-002635,PT-510417,Cardiac,High,49,18.511957,73.845551,FALSE,FALSE,FALSE,FALSE,FALSE,TRUE,FALSE,FALSE,FALSE,Cardiologist,1,,2026-09-17 00:44:45,CREATED
REQ-002636,PT-939264,Other,Moderate,47,18.506802,73.73687,TRUE,FALSE,FALSE,FALSE,FALSE,FALSE,TRUE,FALSE,FALSE,,1,,2026-09-17 00:55:00,CREATED
REQ-002637,PT-585239,Cardiac,Low,66,18.636503,73.80916,FALSE,FALSE,FALSE,FALSE,TRUE,FALSE,FALSE,FALSE,FALSE,,1,,2026-09-17 00:56:05,MATCHING
REQ-002638,PT-162610,Respiratory,Moderate,69,18.561984,73.945878,FALSE,FALSE,TRUE,FALSE,FALSE,FALSE,FALSE,FALSE,FALSE,,1,,2026-09-17 00:59:37,CREATED
REQ-002639,PT-141844,Road Accident,Critical,32,18.511857,73.835047,TRUE,TRUE,TRUE,TRUE,FALSE,FALSE,FALSE,TRUE,FALSE,Trauma Surgeon,1,,2026-09-17 01:40:58,MATCHING
REQ-002640,PT-648032,Cardiac,High,47,18.523587,73.900434,FALSE,FALSE,TRUE,TRUE,TRUE,FALSE,TRUE,FALSE,FALSE,Cardiologist,1,,2026-09-17 01:55:58,MATCHING
REQ-002641,PT-606280,Stroke,Moderate,68,18.648771,73.843386,FALSE,FALSE,FALSE,FALSE,FALSE,TRUE,FALSE,FALSE,FALSE,,1,AMB-029,2026-09-17 02:02:36,COMPLETED
REQ-002642,PT-719802,Road Accident,Critical,34,18.729469,73.665933,TRUE,TRUE,FALSE,TRUE,FALSE,TRUE,TRUE,TRUE,TRUE,Trauma Surgeon,1,AMB-093,2026-09-17 03:33:10,COMPLETED
REQ-002643,PT-484596,Burn,High,7,18.464804,73.840275,TRUE,TRUE,FALSE,FALSE,FALSE,FALSE,FALSE,FALSE,FALSE,General Surgeon,1,,2026-09-17 04:56:08,MATCHING
REQ-002644,PT-730298,Road Accident,Critical,31,18.503495,73.67504,TRUE,FALSE,FALSE,TRUE,FALSE,FALSE,TRUE,TRUE,FALSE,Trauma Surgeon,1,AMB-070,2026-09-17 06:00:39,COMPLETED
REQ-002645,PT-457150,Road Accident,Low,37,18.468244,73.794749,TRUE,FALSE,FALSE,TRUE,FALSE,FALSE,FALSE,TRUE,FALSE,Trauma Surgeon,1,,2026-09-17 06:12:54,MATCHING
REQ-002646,PT-220131,Respiratory,Moderate,87,18.568665,73.774289,FALSE,FALSE,TRUE,FALSE,FALSE,FALSE,FALSE,FALSE,FALSE,,1,,2026-09-17 06:23:16,MATCHING
REQ-002647,PT-655476,Cardiac,Critical,51,18.47476,73.904385,TRUE,TRUE,TRUE,FALSE,TRUE,FALSE,FALSE,TRUE,FALSE,Cardiologist,1,,2026-09-17 06:27:45,CREATED
REQ-002648,PT-723992,Road Accident,Moderate,16,18.593048,73.734918,FALSE,FALSE,FALSE,TRUE,FALSE,FALSE,FALSE,FALSE,FALSE,,1,,2026-09-17 07:01:17,CREATED
REQ-002649,PT-354301,Cardiac,Critical,40,18.500332,73.890522,TRUE,TRUE,TRUE,FALSE,TRUE,FALSE,FALSE,FALSE,TRUE,Cardiologist,1,,2026-09-17 07:04:10,CREATED
REQ-002650,PT-997972,Respiratory,Low,10,18.597002,73.777756,FALSE,FALSE,TRUE,FALSE,FALSE,FALSE,FALSE,FALSE,FALSE,,1,AMB-044,2026-09-17 07:07:51,COMPLETED
REQ-002651,PT-103759,Road Accident,High,15,18.588031,73.908447,TRUE,TRUE,FALSE,TRUE,FALSE,FALSE,TRUE,FALSE,FALSE,Trauma Surgeon,1,AMB-042,2026-09-17 07:20:02,COMPLETED
REQ-002652,PT-877979,Cardiac,Critical,62,18.459165,73.77617,TRUE,FALSE,TRUE,FALSE,TRUE,FALSE,TRUE,FALSE,FALSE,Cardiologist,1,,2026-09-17 07:29:22,MATCHING
REQ-002653,PT-334259,Stroke,Moderate,75,18.494907,73.917612,TRUE,FALSE,FALSE,FALSE,FALSE,TRUE,FALSE,FALSE,FALSE,Neurologist,1,,2026-09-17 07:33:26,MATCHING
REQ-002654,PT-577966,Road Accident,Low,51,18.586025,73.742353,FALSE,FALSE,FALSE,FALSE,FALSE,FALSE,FALSE,FALSE,FALSE,,1,,2026-09-17 07:39:45,MATCHING
REQ-002655,PT-340479,Road Accident,Moderate,44,18.602574,73.751199,FALSE,FALSE,FALSE,TRUE,FALSE,FALSE,TRUE,FALSE,FALSE,Trauma Surgeon,1,,2026-09-17 07:44:42,CREATED
REQ-002656,PT-325242,Cardiac,High,59,18.476511,73.871991,TRUE,FALSE,FALSE,FALSE,TRUE,FALSE,FALSE,TRUE,FALSE,,1,,2026-09-17 07:50:10,MATCHING
REQ-002657,PT-919666,Stroke,Moderate,81,18.521136,73.852257,TRUE,FALSE,FALSE,FALSE,FALSE,TRUE,FALSE,FALSE,FALSE,,1,,2026-09-17 07:50:42,MATCHING
REQ-002658,PT-776982,Road Accident,High,43,18.501126,73.682549,TRUE,FALSE,FALSE,TRUE,TRUE,FALSE,FALSE,TRUE,FALSE,General Surgeon,1,,2026-09-17 08:00:18,MATCHING
REQ-002659,PT-541367,Stroke,Low,68,18.523703,73.92912,FALSE,FALSE,FALSE,FALSE,FALSE,TRUE,FALSE,FALSE,FALSE,,1,,2026-09-17 08:10:35,CREATED
REQ-002660,PT-111443,Respiratory,Low,62,18.503226,73.872544,FALSE,FALSE,FALSE,FALSE,FALSE,FALSE,TRUE,FALSE,FALSE,,1,,2026-09-17 08:12:16,CREATED
REQ-002661,PT-414697,Respiratory,High,50,18.489118,73.884158,TRUE,FALSE,TRUE,FALSE,FALSE,FALSE,FALSE,FALSE,TRUE,Pulmonologist,1,,2026-09-17 08:16:13,CREATED
REQ-002662,PT-800791,Stroke,Critical,68,18.4699,73.838436,TRUE,TRUE,FALSE,FALSE,FALSE,TRUE,FALSE,FALSE,FALSE,,1,,2026-09-17 08:44:25,CREATED
REQ-002663,PT-748747,Cardiac,Critical,59,18.605731,73.729295,TRUE,FALSE,TRUE,TRUE,TRUE,FALSE,FALSE,TRUE,FALSE,,1,,2026-09-17 08:54:27,MATCHING
REQ-002664,PT-232590,Cardiac,Critical,36,18.586582,73.750341,TRUE,TRUE,TRUE,FALSE,TRUE,FALSE,FALSE,FALSE,FALSE,Cardiologist,1,,2026-09-17 09:11:18,MATCHING
REQ-002665,PT-314346,Respiratory,High,92,18.510287,73.694943,FALSE,FALSE,TRUE,FALSE,FALSE,FALSE,FALSE,FALSE,FALSE,,1,AMB-070,2026-09-17 09:14:06,COMPLETED
REQ-002666,PT-182037,Road Accident,Critical,18,18.503794,73.692263,TRUE,TRUE,TRUE,TRUE,TRUE,TRUE,TRUE,TRUE,FALSE,Neurologist,1,,2026-09-17 09:22:18,NO_MATCH
REQ-002667,PT-322630,Road Accident,High,35,18.530904,73.866629,TRUE,FALSE,FALSE,FALSE,FALSE,FALSE,FALSE,FALSE,FALSE,Trauma Surgeon,1,,2026-09-17 09:28:38,MATCHING
REQ-002668,PT-990413,Respiratory,Moderate,69,18.510607,73.827876,FALSE,FALSE,FALSE,FALSE,FALSE,FALSE,FALSE,FALSE,FALSE,,1,,2026-09-17 09:44:54,MATCHING
REQ-002669,PT-484617,Road Accident,Critical,37,18.524807,73.847989,TRUE,TRUE,TRUE,TRUE,FALSE,FALSE,TRUE,TRUE,FALSE,,1,AMB-073,2026-09-17 09:49:52,COMPLETED
REQ-002670,PT-535804,Cardiac,Critical,71,18.752371,73.852784,TRUE,FALSE,FALSE,FALSE,TRUE,FALSE,FALSE,FALSE,FALSE,Cardiologist,1,AMB-008,2026-09-17 09:54:17,NO_MATCH
REQ-002671,PT-875645,Cardiac,Critical,74,18.752348,73.859657,TRUE,FALSE,FALSE,FALSE,TRUE,FALSE,TRUE,FALSE,FALSE,Cardiologist,1,AMB-022,2026-09-17 09:54:37,COMPLETED
REQ-002672,PT-921828,Burn,Critical,17,18.542397,73.722583,TRUE,TRUE,TRUE,TRUE,FALSE,TRUE,TRUE,TRUE,FALSE,Neurologist,1,,2026-09-17 09:57:09,MATCHING
REQ-002673,PT-803524,Respiratory,Low,10,18.558627,73.779952,FALSE,FALSE,TRUE,FALSE,TRUE,FALSE,FALSE,FALSE,FALSE,,1,,2026-09-17 10:10:48,CREATED
REQ-002674,PT-661785,Burn,High,54,18.737889,73.653286,TRUE,TRUE,TRUE,TRUE,FALSE,FALSE,FALSE,FALSE,FALSE,,1,AMB-093,2026-09-17 10:14:15,COMPLETED
REQ-002675,PT-147624,Stroke,Low,61,18.657116,73.796504,FALSE,FALSE,TRUE,FALSE,FALSE,FALSE,FALSE,FALSE,FALSE,,1,,2026-09-17 10:15:45,CREATED
REQ-002676,PT-856864,Cardiac,High,64,18.498679,73.846667,TRUE,FALSE,FALSE,FALSE,TRUE,FALSE,FALSE,FALSE,FALSE,,1,AMB-003,2026-09-17 10:19:21,COMPLETED
REQ-002677,PT-218398,Cardiac,Moderate,73,18.453246,73.803117,FALSE,FALSE,TRUE,FALSE,TRUE,FALSE,TRUE,FALSE,FALSE,,1,,2026-09-17 10:25:31,CREATED
REQ-002678,PT-785307,Cardiac,High,69,18.546147,73.727263,TRUE,FALSE,TRUE,FALSE,TRUE,FALSE,FALSE,FALSE,FALSE,Cardiologist,1,,2026-09-17 10:26:20,CREATED
REQ-002679,PT-770609,Road Accident,Low,49,18.452613,73.908201,FALSE,FALSE,FALSE,TRUE,FALSE,FALSE,FALSE,FALSE,FALSE,Trauma Surgeon,1,,2026-09-17 10:29:51,CREATED
REQ-002680,PT-612721,Road Accident,Critical,19,18.449698,73.874481,TRUE,FALSE,TRUE,TRUE,FALSE,TRUE,FALSE,FALSE,FALSE,Trauma Surgeon,1,AMB-072,2026-09-17 10:42:43,COMPLETED
REQ-002681,PT-515426,Road Accident,Critical,38,18.446661,73.866271,TRUE,FALSE,TRUE,TRUE,FALSE,TRUE,TRUE,TRUE,FALSE,Trauma Surgeon,1,AMB-053,2026-09-17 10:43:10,NO_MATCH
REQ-002682,PT-347407,Road Accident,Critical,34,18.528987,73.723267,TRUE,FALSE,TRUE,TRUE,FALSE,FALSE,TRUE,TRUE,FALSE,Trauma Surgeon,1,AMB-076,2026-09-17 10:47:18,COMPLETED
REQ-002683,PT-671295,Respiratory,Low,93,18.52559,73.863043,FALSE,FALSE,TRUE,FALSE,FALSE,FALSE,FALSE,FALSE,FALSE,,1,,2026-09-17 10:48:01,CREATED
REQ-002684,PT-805911,Respiratory,Moderate,2,18.636799,73.784612,TRUE,TRUE,TRUE,FALSE,FALSE,FALSE,FALSE,FALSE,FALSE,,1,,2026-09-17 10:49:56,CREATED
REQ-002685,PT-422986,Respiratory,High,66,18.550436,73.88328,TRUE,TRUE,TRUE,FALSE,TRUE,TRUE,FALSE,FALSE,FALSE,Pulmonologist,1,,2026-09-17 10:57:25,CREATED
REQ-002686,PT-892655,Stroke,Moderate,62,18.63762,73.798757,FALSE,FALSE,FALSE,FALSE,FALSE,TRUE,TRUE,TRUE,FALSE,Neurologist,1,,2026-09-17 11:00:22,MATCHING
REQ-002687,PT-716340,Cardiac,High,67,18.530133,73.940663,TRUE,FALSE,TRUE,FALSE,TRUE,FALSE,FALSE,FALSE,FALSE,Cardiologist,1,,2026-09-17 11:09:26,CREATED
REQ-002688,PT-669350,Stroke,Critical,79,18.46147,73.802225,TRUE,TRUE,TRUE,FALSE,FALSE,TRUE,FALSE,TRUE,FALSE,Neurologist,1,,2026-09-17 11:10:03,MATCHING
REQ-002689,PT-485758,Other,Moderate,66,18.528216,73.922774,FALSE,FALSE,TRUE,FALSE,FALSE,FALSE,FALSE,FALSE,TRUE,,1,AMB-080,2026-09-17 11:16:28,COMPLETED
REQ-002690,PT-894091,Road Accident,Low,29,18.658448,73.802127,FALSE,FALSE,FALSE,TRUE,FALSE,FALSE,FALSE,FALSE,FALSE,,1,,2026-09-17 11:22:03,MATCHING
REQ-002691,PT-939672,Road Accident,Low,38,18.469974,73.883341,FALSE,FALSE,FALSE,TRUE,FALSE,FALSE,FALSE,FALSE,FALSE,,1,,2026-09-17 11:24:26,CREATED
REQ-002692,PT-954794,Cardiac,High,61,18.765805,73.863617,TRUE,FALSE,TRUE,FALSE,FALSE,FALSE,FALSE,TRUE,FALSE,Cardiologist,1,,2026-09-17 11:25:57,CREATED
REQ-002693,PT-886538,Other,Critical,86,18.527705,73.723613,TRUE,TRUE,FALSE,TRUE,FALSE,TRUE,TRUE,TRUE,FALSE,Neurologist,1,,2026-09-17 11:43:39,MATCHING
REQ-002694,PT-766251,Other,Low,65,18.57504,73.730574,FALSE,FALSE,FALSE,FALSE,FALSE,FALSE,FALSE,FALSE,FALSE,,1,AMB-002,2026-09-17 11:45:42,COMPLETED
REQ-002695,PT-192366,Road Accident,High,19,18.640763,73.823678,FALSE,FALSE,FALSE,TRUE,FALSE,FALSE,FALSE,FALSE,FALSE,,2,,2026-09-17 11:52:14,MATCHING
REQ-002696,PT-565961,Road Accident,Critical,29,18.581943,73.804808,TRUE,FALSE,TRUE,TRUE,FALSE,FALSE,TRUE,TRUE,FALSE,Trauma Surgeon,1,,2026-09-17 11:52:44,CREATED
REQ-002697,PT-155849,Road Accident,High,25,18.662676,73.768915,TRUE,TRUE,TRUE,TRUE,FALSE,TRUE,FALSE,TRUE,FALSE,Trauma Surgeon,1,,2026-09-17 12:09:58,CREATED
REQ-002698,PT-391244,Other,High,21,18.569426,73.779688,FALSE,FALSE,FALSE,FALSE,FALSE,FALSE,FALSE,FALSE,FALSE,Cardiologist,1,,2026-09-17 12:15:57,CREATED
REQ-002699,PT-627148,Road Accident,Critical,45,18.746142,73.686536,TRUE,FALSE,TRUE,TRUE,FALSE,FALSE,FALSE,FALSE,FALSE,General Surgeon,1,,2026-09-17 12:16:01,MATCHING
REQ-002700,PT-183363,Other,High,56,18.597019,73.743061,FALSE,FALSE,FALSE,FALSE,FALSE,FALSE,FALSE,TRUE,FALSE,General Surgeon,1,,2026-09-17 12:16:18,CREATED
REQ-002701,PT-508727,Road Accident,High,23,18.465174,73.911209,TRUE,TRUE,FALSE,TRUE,FALSE,FALSE,FALSE,TRUE,FALSE,,1,,2026-09-17 12:17:51,MATCHING
REQ-002702,PT-539936,Respiratory,High,62,18.543856,73.783821,FALSE,FALSE,TRUE,FALSE,FALSE,FALSE,FALSE,FALSE,TRUE,Pulmonologist,1,,2026-09-17 12:21:32,CREATED
REQ-002703,PT-882626,Stroke,High,84,18.545609,73.917391,FALSE,FALSE,FALSE,FALSE,FALSE,TRUE,FALSE,TRUE,FALSE,,1,,2026-09-17 12:34:31,CREATED
REQ-002704,PT-391035,Respiratory,High,7,18.552719,73.927917,FALSE,FALSE,TRUE,FALSE,FALSE,FALSE,FALSE,FALSE,FALSE,,1,AMB-014,2026-09-17 12:47:21,COMPLETED
REQ-002705,PT-791274,Stroke,Moderate,77,18.438273,73.933407,TRUE,TRUE,FALSE,FALSE,FALSE,TRUE,FALSE,FALSE,FALSE,Neurologist,1,,2026-09-17 12:50:00,MATCHING
REQ-002706,PT-537809,Cardiac,Critical,69,18.640802,73.824586,TRUE,FALSE,FALSE,FALSE,TRUE,FALSE,FALSE,FALSE,FALSE,,1,,2026-09-17 12:50:24,MATCHING
REQ-002707,PT-758983,Burn,High,30,18.573903,73.984096,TRUE,FALSE,TRUE,TRUE,FALSE,FALSE,TRUE,FALSE,FALSE,,2,,2026-09-17 13:05:36,MATCHING
REQ-002708,PT-819356,Burn,High,55,18.655568,73.79483,TRUE,TRUE,FALSE,FALSE,FALSE,FALSE,FALSE,TRUE,TRUE,,1,,2026-09-17 13:07:56,CREATED
REQ-002709,PT-685433,Road Accident,Moderate,35,18.513104,73.841627,FALSE,FALSE,TRUE,TRUE,FALSE,FALSE,FALSE,TRUE,FALSE,,1,AMB-064,2026-09-17 13:10:00,COMPLETED
REQ-002710,PT-317534,Burn,High,49,18.622102,73.75698,TRUE,FALSE,FALSE,TRUE,FALSE,FALSE,FALSE,TRUE,FALSE,General Surgeon,1,,2026-09-17 13:15:01,CREATED
REQ-002711,PT-452764,Road Accident,Critical,35,18.741282,73.67686,TRUE,FALSE,TRUE,TRUE,FALSE,TRUE,TRUE,TRUE,FALSE,Trauma Surgeon,1,,2026-09-17 13:41:12,CREATED
REQ-002712,PT-911067,Road Accident,Moderate,22,18.632529,73.839056,FALSE,FALSE,FALSE,TRUE,FALSE,FALSE,FALSE,FALSE,FALSE,,1,,2026-09-17 13:57:06,MATCHING
REQ-002713,PT-513430,Road Accident,Low,65,18.639219,73.791965,FALSE,FALSE,FALSE,TRUE,FALSE,FALSE,FALSE,FALSE,FALSE,,1,,2026-09-17 13:59:46,MATCHING
REQ-002714,PT-199015,Respiratory,High,65,18.633556,73.760803,TRUE,TRUE,TRUE,FALSE,FALSE,FALSE,FALSE,FALSE,FALSE,Pulmonologist,1,,2026-09-17 14:04:59,CREATED
REQ-002715,PT-840472,Road Accident,High,23,18.518214,73.861167,TRUE,FALSE,FALSE,TRUE,FALSE,TRUE,FALSE,TRUE,FALSE,Trauma Surgeon,1,AMB-003,2026-09-17 14:08:48,COMPLETED
REQ-002716,PT-498443,Road Accident,Low,22,18.640672,73.760756,FALSE,FALSE,FALSE,TRUE,FALSE,FALSE,FALSE,FALSE,FALSE,,1,,2026-09-17 14:14:27,CREATED
REQ-002717,PT-380819,Road Accident,Critical,23,18.499796,73.809146,TRUE,FALSE,TRUE,TRUE,TRUE,FALSE,FALSE,TRUE,FALSE,Trauma Surgeon,1,AMB-052,2026-09-17 14:16:51,COMPLETED
REQ-002718,PT-183806,Stroke,Moderate,82,18.561158,73.878546,TRUE,FALSE,FALSE,FALSE,FALSE,TRUE,FALSE,FALSE,FALSE,Neurologist,1,AMB-027,2026-09-17 14:17:40,COMPLETED
REQ-002719,PT-285189,Road Accident,Critical,31,18.559044,73.934183,TRUE,FALSE,FALSE,TRUE,FALSE,TRUE,TRUE,FALSE,FALSE,,1,,2026-09-17 14:20:59,CREATED
REQ-002720,PT-559892,Other,Moderate,32,18.642321,73.817186,TRUE,FALSE,FALSE,FALSE,FALSE,FALSE,FALSE,FALSE,FALSE,,1,,2026-09-17 14:35:01,CREATED
REQ-002721,PT-802660,Respiratory,Low,35,18.586028,73.751602,FALSE,FALSE,TRUE,FALSE,FALSE,FALSE,FALSE,FALSE,FALSE,,1,,2026-09-17 15:01:31,CREATED
REQ-002722,PT-741736,Respiratory,Moderate,8,18.632949,73.794042,FALSE,FALSE,TRUE,FALSE,FALSE,FALSE,FALSE,FALSE,FALSE,Pulmonologist,1,,2026-09-17 15:16:23,CREATED
REQ-002723,PT-965496,Road Accident,High,32,18.461489,73.861763,TRUE,FALSE,FALSE,FALSE,FALSE,FALSE,TRUE,TRUE,FALSE,,1,,2026-09-17 15:44:20,MATCHING
REQ-002724,PT-193254,Road Accident,Moderate,46,18.647178,73.800064,FALSE,FALSE,FALSE,FALSE,FALSE,FALSE,FALSE,FALSE,TRUE,,1,,2026-09-17 16:25:25,CREATED
REQ-002725,PT-747171,Burn,Moderate,20,18.654525,73.780489,FALSE,FALSE,FALSE,FALSE,FALSE,FALSE,FALSE,FALSE,FALSE,,1,,2026-09-17 16:27:59,CREATED
REQ-002726,PT-468920,Other,Low,18,18.580714,73.889625,TRUE,FALSE,FALSE,FALSE,FALSE,FALSE,FALSE,FALSE,FALSE,,1,,2026-09-17 16:35:23,MATCHING
REQ-002727,PT-585922,Road Accident,High,33,18.765211,73.857945,FALSE,FALSE,FALSE,TRUE,FALSE,FALSE,FALSE,TRUE,FALSE,Trauma Surgeon,1,,2026-09-17 16:36:21,MATCHING
REQ-002728,PT-326862,Stroke,High,52,18.630816,73.819211,TRUE,FALSE,FALSE,FALSE,FALSE,TRUE,FALSE,FALSE,FALSE,,1,,2026-09-17 16:38:25,CREATED
REQ-002729,PT-725778,Road Accident,High,54,18.462745,73.817317,TRUE,FALSE,TRUE,FALSE,FALSE,FALSE,TRUE,TRUE,FALSE,,1,,2026-09-17 16:59:55,MATCHING
REQ-002730,PT-100091,Respiratory,High,34,18.496271,73.923376,FALSE,FALSE,TRUE,FALSE,FALSE,FALSE,FALSE,FALSE,FALSE,Pulmonologist,1,AMB-091,2026-09-17 17:01:51,COMPLETED
REQ-002731,PT-409518,Respiratory,Moderate,2,18.622368,73.781994,FALSE,FALSE,FALSE,FALSE,FALSE,FALSE,FALSE,FALSE,FALSE,Pulmonologist,1,AMB-012,2026-09-17 17:03:57,COMPLETED
REQ-002732,PT-665473,Respiratory,Low,77,18.568076,73.776827,FALSE,FALSE,TRUE,FALSE,FALSE,FALSE,FALSE,FALSE,FALSE,,1,,2026-09-17 17:04:08,MATCHING
REQ-002733,PT-574014,Stroke,High,57,18.518747,73.823558,TRUE,TRUE,FALSE,FALSE,FALSE,TRUE,FALSE,FALSE,FALSE,Neurologist,1,AMB-055,2026-09-17 17:10:59,COMPLETED
REQ-002734,PT-340635,Cardiac,Moderate,48,18.514998,73.801106,FALSE,FALSE,FALSE,FALSE,TRUE,FALSE,FALSE,FALSE,FALSE,Cardiologist,1,,2026-09-17 17:21:52,MATCHING
REQ-002735,PT-869643,Road Accident,Low,40,18.506514,73.844551,FALSE,FALSE,FALSE,FALSE,FALSE,FALSE,FALSE,FALSE,FALSE,,1,,2026-09-17 17:24:39,CREATED
REQ-002736,PT-116360,Burn,Low,69,18.632867,73.815466,FALSE,FALSE,FALSE,TRUE,FALSE,FALSE,FALSE,FALSE,FALSE,,1,,2026-09-17 17:41:16,MATCHING
REQ-002737,PT-672060,Road Accident,Moderate,25,18.726028,73.67983,TRUE,TRUE,FALSE,TRUE,FALSE,FALSE,FALSE,FALSE,FALSE,General Surgeon,1,AMB-093,2026-09-17 17:52:24,COMPLETED
REQ-002738,PT-316356,Cardiac,High,59,18.513197,73.678861,TRUE,FALSE,TRUE,FALSE,TRUE,FALSE,FALSE,FALSE,FALSE,,1,,2026-09-17 17:59:24,MATCHING
REQ-002739,PT-798569,Road Accident,High,49,18.583895,73.986734,TRUE,TRUE,TRUE,FALSE,FALSE,FALSE,TRUE,TRUE,FALSE,Trauma Surgeon,1,AMB-043,2026-09-17 18:00:54,COMPLETED
REQ-002740,PT-399322,Cardiac,Low,49,18.563146,73.930997,FALSE,FALSE,FALSE,FALSE,TRUE,FALSE,FALSE,FALSE,FALSE,,1,,2026-09-17 18:02:10,MATCHING
REQ-002741,PT-250328,Stroke,Moderate,59,18.450711,73.863147,FALSE,FALSE,FALSE,FALSE,FALSE,TRUE,FALSE,FALSE,FALSE,Neurologist,1,,2026-09-17 18:25:02,MATCHING
REQ-002742,PT-686220,Road Accident,Low,49,18.490661,73.823957,FALSE,FALSE,FALSE,TRUE,FALSE,FALSE,FALSE,FALSE,FALSE,,1,,2026-09-17 18:32:08,MATCHING
REQ-002743,PT-546361,Cardiac,Low,82,18.512717,73.906185,FALSE,FALSE,FALSE,FALSE,TRUE,FALSE,FALSE,FALSE,FALSE,,1,,2026-09-17 18:36:38,CREATED
REQ-002744,PT-255554,Road Accident,High,16,18.503716,73.790223,FALSE,FALSE,FALSE,FALSE,FALSE,FALSE,TRUE,TRUE,FALSE,General Surgeon,1,,2026-09-17 18:39:58,MATCHING
REQ-002745,PT-618374,Respiratory,High,68,18.499611,73.892943,TRUE,TRUE,TRUE,FALSE,FALSE,FALSE,FALSE,FALSE,FALSE,Pulmonologist,1,,2026-09-17 18:40:21,CREATED
REQ-002746,PT-915971,Other,Low,25,18.467652,73.787621,FALSE,FALSE,FALSE,FALSE,FALSE,FALSE,FALSE,FALSE,FALSE,,1,AMB-057,2026-09-17 18:42:53,COMPLETED
REQ-002747,PT-346313,Respiratory,Low,61,18.527141,73.920274,FALSE,FALSE,TRUE,FALSE,FALSE,FALSE,FALSE,FALSE,FALSE,,1,AMB-080,2026-09-17 18:50:12,COMPLETED
REQ-002748,PT-278825,Respiratory,Moderate,64,18.596727,73.73773,FALSE,FALSE,FALSE,FALSE,FALSE,FALSE,FALSE,FALSE,FALSE,,1,AMB-028,2026-09-17 18:51:51,COMPLETED
REQ-002749,PT-998970,Road Accident,Low,36,18.593194,73.925158,FALSE,FALSE,FALSE,TRUE,FALSE,FALSE,FALSE,TRUE,FALSE,,1,,2026-09-17 18:58:53,CREATED
REQ-002750,PT-635479,Respiratory,Critical,54,18.625228,73.849638,TRUE,TRUE,TRUE,FALSE,FALSE,FALSE,FALSE,FALSE,TRUE,Pulmonologist,1,AMB-032,2026-09-17 19:01:03,COMPLETED
REQ-002751,PT-224551,Road Accident,High,34,18.508062,73.957952,FALSE,FALSE,TRUE,TRUE,FALSE,FALSE,FALSE,FALSE,FALSE,General Surgeon,1,AMB-013,2026-09-17 19:10:16,COMPLETED
REQ-002752,PT-420905,Cardiac,Moderate,68,18.454169,73.818408,TRUE,FALSE,FALSE,FALSE,FALSE,FALSE,FALSE,FALSE,FALSE,Cardiologist,1,,2026-09-17 19:12:55,MATCHING
REQ-002753,PT-435047,Road Accident,Low,36,18.486146,73.661245,FALSE,FALSE,FALSE,FALSE,FALSE,FALSE,FALSE,TRUE,TRUE,,1,,2026-09-17 19:17:19,CREATED
REQ-002754,PT-999277,Cardiac,High,78,18.542741,73.879601,TRUE,TRUE,FALSE,FALSE,TRUE,FALSE,FALSE,FALSE,FALSE,,1,,2026-09-17 19:17:49,MATCHING
REQ-002755,PT-665584,Respiratory,Low,7,18.611396,73.789061,TRUE,TRUE,TRUE,FALSE,TRUE,FALSE,FALSE,FALSE,FALSE,,1,,2026-09-17 19:26:21,CREATED
REQ-002756,PT-988935,Respiratory,Low,9,18.656439,73.783384,FALSE,FALSE,FALSE,FALSE,FALSE,FALSE,FALSE,FALSE,FALSE,Pulmonologist,1,AMB-006,2026-09-17 19:40:56,COMPLETED
REQ-002757,PT-408158,Other,High,63,18.603911,73.730919,FALSE,FALSE,FALSE,FALSE,FALSE,FALSE,FALSE,TRUE,FALSE,,1,,2026-09-17 19:42:17,MATCHING
REQ-002758,PT-998741,Stroke,Critical,72,18.74726,73.660181,TRUE,TRUE,FALSE,FALSE,FALSE,TRUE,FALSE,FALSE,TRUE,Neurologist,1,AMB-066,2026-09-17 19:51:31,COMPLETED
REQ-002759,PT-743415,Road Accident,Critical,35,18.731988,73.665354,TRUE,TRUE,FALSE,TRUE,FALSE,TRUE,TRUE,TRUE,FALSE,Trauma Surgeon,1,,2026-09-17 19:52:51,MATCHING
REQ-002760,PT-358046,Burn,Low,27,18.551218,73.922793,FALSE,FALSE,TRUE,TRUE,FALSE,FALSE,FALSE,FALSE,FALSE,,1,AMB-014,2026-09-17 20:11:22,COMPLETED
REQ-002761,PT-385158,Cardiac,High,63,18.634684,73.781218,TRUE,FALSE,TRUE,FALSE,TRUE,FALSE,FALSE,FALSE,FALSE,Cardiologist,1,AMB-035,2026-09-17 20:19:56,COMPLETED
REQ-002762,PT-160587,Other,Low,45,18.500634,73.858267,FALSE,FALSE,FALSE,FALSE,FALSE,FALSE,FALSE,FALSE,FALSE,,1,,2026-09-17 20:22:33,CREATED
REQ-002763,PT-987975,Respiratory,Low,78,18.493575,73.780924,FALSE,FALSE,TRUE,FALSE,FALSE,FALSE,FALSE,FALSE,FALSE,,1,,2026-09-17 20:23:45,MATCHING
REQ-002764,PT-894453,Burn,High,9,18.497988,73.659808,TRUE,FALSE,FALSE,FALSE,FALSE,FALSE,FALSE,FALSE,FALSE,General Surgeon,1,AMB-070,2026-09-17 20:28:18,COMPLETED
REQ-002765,PT-169361,Other,Low,75,18.581584,73.743812,FALSE,FALSE,FALSE,FALSE,FALSE,FALSE,FALSE,TRUE,FALSE,,1,AMB-002,2026-09-17 20:35:44,COMPLETED
REQ-002766,PT-214802,Road Accident,High,40,18.515198,73.815874,TRUE,FALSE,FALSE,TRUE,FALSE,TRUE,FALSE,TRUE,FALSE,Trauma Surgeon,1,AMB-055,2026-09-17 20:46:42,COMPLETED
REQ-002767,PT-404949,Stroke,High,63,18.49085,73.803548,FALSE,FALSE,TRUE,FALSE,FALSE,TRUE,FALSE,FALSE,FALSE,Neurologist,1,,2026-09-17 20:48:28,MATCHING
REQ-002768,PT-601605,Respiratory,High,67,18.498206,73.85524,TRUE,FALSE,TRUE,FALSE,FALSE,FALSE,FALSE,FALSE,FALSE,,1,,2026-09-17 20:49:40,CREATED
REQ-002769,PT-916118,Road Accident,Moderate,30,18.557992,73.898673,FALSE,FALSE,FALSE,TRUE,FALSE,FALSE,TRUE,FALSE,FALSE,,1,,2026-09-17 21:05:24,CREATED
REQ-002770,PT-868244,Stroke,Critical,72,18.475196,73.899251,TRUE,FALSE,TRUE,FALSE,FALSE,TRUE,FALSE,FALSE,FALSE,Neurologist,1,,2026-09-17 21:12:53,MATCHING
REQ-002771,PT-576498,Road Accident,Critical,52,18.750863,73.856873,TRUE,FALSE,FALSE,TRUE,FALSE,TRUE,FALSE,TRUE,FALSE,Trauma Surgeon,1,,2026-09-17 21:15:29,CREATED
REQ-002772,PT-154721,Other,Moderate,80,18.507328,73.786992,FALSE,FALSE,FALSE,FALSE,FALSE,FALSE,FALSE,FALSE,FALSE,,1,,2026-09-17 21:16:44,CREATED
REQ-002773,PT-679881,Cardiac,High,71,18.470309,73.831939,TRUE,TRUE,FALSE,FALSE,TRUE,FALSE,FALSE,FALSE,FALSE,,1,AMB-092,2026-09-17 21:27:10,COMPLETED
REQ-002774,PT-262123,Road Accident,Moderate,22,18.767258,73.856847,FALSE,FALSE,FALSE,TRUE,FALSE,FALSE,FALSE,FALSE,FALSE,Trauma Surgeon,1,AMB-022,2026-09-17 21:53:59,COMPLETED
REQ-002775,PT-361288,Respiratory,High,2,18.52458,73.88506,TRUE,FALSE,TRUE,FALSE,FALSE,FALSE,FALSE,FALSE,FALSE,Pulmonologist,1,,2026-09-17 22:12:41,MATCHING
REQ-002776,PT-164079,Road Accident,Critical,20,18.52064,73.676042,TRUE,TRUE,FALSE,TRUE,FALSE,TRUE,TRUE,TRUE,FALSE,General Surgeon,4,AMB-025,2026-09-17 22:24:44,COMPLETED
REQ-002777,PT-709897,Road Accident,Low,31,18.759934,73.830247,FALSE,FALSE,FALSE,TRUE,FALSE,FALSE,FALSE,FALSE,FALSE,,1,,2026-09-17 22:53:56,MATCHING
REQ-002778,PT-987609,Respiratory,Moderate,13,18.654241,73.779846,TRUE,TRUE,TRUE,FALSE,FALSE,FALSE,FALSE,FALSE,FALSE,,1,,2026-09-17 22:56:25,CREATED
REQ-002779,PT-934651,Cardiac,Low,44,18.529353,73.862711,FALSE,FALSE,FALSE,FALSE,TRUE,FALSE,FALSE,FALSE,FALSE,,1,,2026-09-17 22:57:24,MATCHING
REQ-002780,PT-904896,Road Accident,Critical,53,18.532216,73.941958,TRUE,FALSE,TRUE,TRUE,FALSE,TRUE,TRUE,TRUE,FALSE,Trauma Surgeon,1,,2026-09-17 23:07:56,MATCHING
REQ-002781,PT-742501,Road Accident,Moderate,31,18.561236,73.791202,TRUE,FALSE,FALSE,FALSE,FALSE,FALSE,FALSE,FALSE,FALSE,,1,,2026-09-17 23:11:28,MATCHING
REQ-002782,PT-163499,Burn,Critical,23,18.447699,73.861681,TRUE,FALSE,FALSE,TRUE,FALSE,FALSE,TRUE,FALSE,FALSE,,1,,2026-09-17 23:23:09,CREATED
REQ-002783,PT-296792,Respiratory,Moderate,6,18.523876,73.85946,TRUE,FALSE,TRUE,FALSE,FALSE,FALSE,FALSE,FALSE,FALSE,Pulmonologist,1,,2026-09-17 23:27:08,CREATED
REQ-002784,PT-514148,Road Accident,High,63,18.464812,73.940732,FALSE,FALSE,FALSE,TRUE,FALSE,TRUE,FALSE,TRUE,FALSE,Trauma Surgeon,1,,2026-09-17 23:28:12,CREATED
REQ-002785,PT-179871,Road Accident,High,15,18.528885,73.844033,TRUE,FALSE,FALSE,TRUE,FALSE,FALSE,TRUE,TRUE,FALSE,Trauma Surgeon,1,,2026-09-17 23:52:08,MATCHING
REQ-002786,PT-558621,Respiratory,Moderate,11,18.744418,73.863635,FALSE,FALSE,FALSE,FALSE,FALSE,FALSE,FALSE,FALSE,FALSE,,1,,2026-09-17 23:53:56,MATCHING
REQ-002787,PT-856218,Stroke,Critical,76,18.514987,73.693545,TRUE,FALSE,FALSE,FALSE,FALSE,TRUE,FALSE,TRUE,FALSE,Neurologist,1,,2026-09-18 00:11:57,MATCHING
REQ-002788,PT-417537,Respiratory,High,62,18.728261,73.648234,FALSE,FALSE,TRUE,FALSE,FALSE,FALSE,FALSE,FALSE,FALSE,Pulmonologist,1,,2026-09-18 00:23:02,CREATED
REQ-002789,PT-198057,Road Accident,Critical,15,18.604325,73.776959,TRUE,FALSE,TRUE,TRUE,FALSE,TRUE,FALSE,FALSE,FALSE,,1,,2026-09-18 00:56:51,CREATED
REQ-002790,PT-680007,Road Accident,Critical,44,18.503289,73.869686,TRUE,FALSE,TRUE,TRUE,FALSE,FALSE,TRUE,TRUE,FALSE,General Surgeon,1,,2026-09-18 01:15:19,CREATED
REQ-002791,PT-700732,Cardiac,Moderate,62,18.504399,73.929968,TRUE,TRUE,TRUE,FALSE,TRUE,FALSE,FALSE,FALSE,FALSE,,1,AMB-091,2026-09-18 01:28:25,COMPLETED
REQ-002792,PT-309179,Respiratory,High,9,18.481975,73.799266,TRUE,TRUE,TRUE,FALSE,TRUE,FALSE,FALSE,FALSE,FALSE,,1,,2026-09-18 01:42:48,CREATED
REQ-002793,PT-696947,Other,High,22,18.464827,73.864883,FALSE,FALSE,FALSE,FALSE,FALSE,FALSE,FALSE,FALSE,FALSE,,1,AMB-081,2026-09-18 02:09:58,COMPLETED
REQ-002794,PT-724657,Road Accident,High,18,18.537969,73.920291,FALSE,FALSE,TRUE,TRUE,FALSE,FALSE,TRUE,TRUE,FALSE,Trauma Surgeon,1,,2026-09-18 02:12:08,CREATED
REQ-002795,PT-395572,Other,Low,80,18.571321,73.913486,FALSE,FALSE,FALSE,FALSE,FALSE,FALSE,FALSE,FALSE,FALSE,,1,,2026-09-18 02:26:30,CREATED
REQ-002796,PT-401040,Burn,Critical,31,18.490661,73.814263,TRUE,FALSE,TRUE,TRUE,FALSE,FALSE,FALSE,FALSE,FALSE,General Surgeon,1,,2026-09-18 02:26:44,MATCHING
REQ-002797,PT-462939,Burn,Low,39,18.541462,73.93633,FALSE,FALSE,FALSE,FALSE,FALSE,FALSE,FALSE,FALSE,FALSE,,1,,2026-09-18 04:36:24,CREATED
REQ-002798,PT-209208,Road Accident,Moderate,13,18.664155,73.782026,TRUE,TRUE,FALSE,FALSE,FALSE,FALSE,FALSE,FALSE,FALSE,,1,,2026-09-18 04:59:30,CREATED
REQ-002799,PT-698718,Cardiac,Critical,38,18.450255,73.847727,TRUE,FALSE,TRUE,FALSE,TRUE,FALSE,FALSE,FALSE,FALSE,Cardiologist,1,AMB-072,2026-09-18 05:29:31,COMPLETED
REQ-002800,PT-191607,Cardiac,High,66,18.457459,73.847006,TRUE,FALSE,FALSE,FALSE,TRUE,FALSE,TRUE,TRUE,FALSE,,1,AMB-081,2026-09-18 05:30:11,COMPLETED
REQ-002801,PT-882286,Respiratory,Moderate,44,18.633719,73.785009,TRUE,FALSE,FALSE,FALSE,FALSE,FALSE,FALSE,FALSE,FALSE,,1,,2026-09-18 05:32:05,CREATED
REQ-002802,PT-117547,Other,Low,65,18.519743,73.907928,FALSE,FALSE,FALSE,FALSE,FALSE,FALSE,FALSE,FALSE,FALSE,,1,,2026-09-18 05:44:46,MATCHING
REQ-002803,PT-437851,Respiratory,Low,8,18.728368,73.687102,FALSE,FALSE,TRUE,FALSE,FALSE,FALSE,FALSE,FALSE,FALSE,,1,,2026-09-18 05:47:22,MATCHING
REQ-002804,PT-188657,Respiratory,Critical,70,18.570392,73.751136,TRUE,FALSE,TRUE,FALSE,FALSE,FALSE,FALSE,FALSE,FALSE,Pulmonologist,1,,2026-09-18 06:18:59,CREATED
REQ-002805,PT-307078,Cardiac,Critical,59,18.608079,73.747291,TRUE,TRUE,TRUE,FALSE,TRUE,FALSE,FALSE,FALSE,FALSE,Cardiologist,1,,2026-09-18 06:37:08,CREATED
REQ-002806,PT-469793,Stroke,High,50,18.52304,73.830622,TRUE,FALSE,FALSE,FALSE,FALSE,TRUE,FALSE,FALSE,FALSE,Neurologist,1,,2026-09-18 06:46:01,MATCHING
REQ-002807,PT-928826,Cardiac,Moderate,66,18.660961,73.771275,TRUE,FALSE,FALSE,FALSE,TRUE,FALSE,FALSE,FALSE,FALSE,,1,,2026-09-18 06:53:15,CREATED
REQ-002808,PT-477275,Other,Moderate,32,18.621369,73.723026,FALSE,FALSE,FALSE,FALSE,FALSE,FALSE,FALSE,TRUE,FALSE,,1,AMB-028,2026-09-18 07:06:19,COMPLETED
REQ-002809,PT-241103,Cardiac,Critical,56,18.549484,73.944783,TRUE,TRUE,TRUE,FALSE,TRUE,FALSE,FALSE,TRUE,FALSE,Cardiologist,1,,2026-09-18 07:13:19,CREATED
REQ-002810,PT-348259,Cardiac,High,40,18.503084,73.938948,TRUE,FALSE,TRUE,FALSE,TRUE,FALSE,FALSE,FALSE,FALSE,Cardiologist,1,,2026-09-18 07:33:53,CREATED
REQ-002811,PT-325399,Road Accident,High,42,18.65542,73.749158,FALSE,FALSE,FALSE,TRUE,FALSE,FALSE,FALSE,TRUE,FALSE,Trauma Surgeon,1,,2026-09-18 07:51:01,MATCHING
REQ-002812,PT-372677,Cardiac,High,45,18.612672,73.762849,FALSE,FALSE,TRUE,FALSE,TRUE,FALSE,FALSE,TRUE,FALSE,Cardiologist,1,,2026-09-18 07:57:05,MATCHING
REQ-002813,PT-905644,Other,Moderate,49,18.463225,73.807065,FALSE,FALSE,FALSE,FALSE,FALSE,FALSE,FALSE,FALSE,FALSE,Cardiologist,1,,2026-09-18 07:57:29,MATCHING
REQ-002814,PT-984530,Cardiac,Critical,64,18.490168,73.881563,TRUE,FALSE,TRUE,FALSE,TRUE,FALSE,FALSE,FALSE,FALSE,Cardiologist,1,,2026-09-18 07:59:19,MATCHING
REQ-002815,PT-816966,Cardiac,High,49,18.47121,73.794362,TRUE,FALSE,FALSE,FALSE,TRUE,FALSE,FALSE,TRUE,FALSE,,1,,2026-09-18 07:59:42,MATCHING
REQ-002816,PT-517180,Road Accident,Moderate,48,18.51193,73.889056,FALSE,FALSE,FALSE,TRUE,FALSE,TRUE,TRUE,FALSE,FALSE,,1,,2026-09-18 08:10:33,CREATED
REQ-002817,PT-741907,Cardiac,Critical,65,18.583684,73.960421,FALSE,FALSE,FALSE,FALSE,TRUE,FALSE,FALSE,FALSE,FALSE,Cardiologist,1,,2026-09-18 08:16:07,CREATED
REQ-002818,PT-536518,Respiratory,High,53,18.633934,73.80219,TRUE,FALSE,TRUE,FALSE,FALSE,FALSE,FALSE,FALSE,FALSE,,1,,2026-09-18 08:17:54,MATCHING
REQ-002819,PT-617340,Stroke,Moderate,85,18.481708,73.876487,FALSE,FALSE,FALSE,FALSE,FALSE,TRUE,FALSE,FALSE,FALSE,,1,,2026-09-18 08:29:10,MATCHING
REQ-002820,PT-280099,Road Accident,High,53,18.509866,73.924951,FALSE,FALSE,TRUE,TRUE,FALSE,TRUE,TRUE,FALSE,FALSE,Trauma Surgeon,1,,2026-09-18 08:38:51,CREATED
REQ-002821,PT-383301,Road Accident,Critical,36,18.625822,73.815913,TRUE,TRUE,FALSE,TRUE,FALSE,FALSE,TRUE,TRUE,FALSE,Trauma Surgeon,1,,2026-09-18 08:45:31,CREATED
REQ-002822,PT-413692,Other,Low,35,18.456021,73.869828,FALSE,FALSE,FALSE,FALSE,FALSE,FALSE,FALSE,FALSE,FALSE,,1,,2026-09-18 08:51:27,CREATED
REQ-002823,PT-760508,Road Accident,Critical,15,18.759746,73.865654,TRUE,TRUE,FALSE,TRUE,FALSE,TRUE,TRUE,TRUE,FALSE,Neurologist,1,,2026-09-18 08:55:18,MATCHING
REQ-002824,PT-857716,Stroke,Critical,52,18.50453,73.857372,TRUE,FALSE,FALSE,FALSE,FALSE,TRUE,FALSE,FALSE,FALSE,Neurologist,1,,2026-09-18 08:56:21,MATCHING
REQ-002825,PT-257752,Road Accident,Moderate,17,18.672171,73.768517,FALSE,FALSE,FALSE,TRUE,FALSE,FALSE,FALSE,FALSE,FALSE,,1,AMB-006,2026-09-18 09:02:22,COMPLETED
REQ-002826,PT-528576,Road Accident,Moderate,32,18.478499,73.873997,TRUE,FALSE,TRUE,TRUE,FALSE,FALSE,FALSE,FALSE,FALSE,,1,,2026-09-18 09:08:14,MATCHING
REQ-002827,PT-549280,Road Accident,High,20,18.722887,73.705319,TRUE,FALSE,TRUE,TRUE,FALSE,TRUE,TRUE,TRUE,FALSE,Trauma Surgeon,1,,2026-09-18 09:11:15,MATCHING
REQ-002828,PT-527401,Cardiac,Moderate,62,18.505439,73.937869,FALSE,FALSE,FALSE,FALSE,TRUE,FALSE,FALSE,FALSE,FALSE,,1,AMB-069,2026-09-18 09:25:25,COMPLETED
REQ-002829,PT-870506,Respiratory,Critical,80,18.744466,73.854688,TRUE,FALSE,TRUE,FALSE,FALSE,FALSE,FALSE,FALSE,FALSE,Pulmonologist,1,,2026-09-18 09:33:59,CREATED
REQ-002830,PT-787560,Road Accident,Low,45,18.551557,73.840161,FALSE,FALSE,FALSE,FALSE,FALSE,FALSE,FALSE,FALSE,FALSE,,1,,2026-09-18 09:35:00,MATCHING
REQ-002831,PT-536135,Other,Moderate,79,18.568487,73.824397,TRUE,FALSE,TRUE,TRUE,FALSE,FALSE,TRUE,FALSE,FALSE,,1,,2026-09-18 09:37:23,CREATED
REQ-002832,PT-269260,Stroke,High,73,18.502087,73.670922,TRUE,FALSE,FALSE,FALSE,FALSE,TRUE,FALSE,TRUE,FALSE,Neurologist,1,AMB-070,2026-09-18 09:40:10,COMPLETED
REQ-002833,PT-192315,Stroke,Low,68,18.55028,73.883318,FALSE,FALSE,FALSE,FALSE,FALSE,TRUE,FALSE,FALSE,FALSE,,1,,2026-09-18 09:41:20,MATCHING
REQ-002834,PT-401759,Stroke,High,39,18.650719,73.773508,TRUE,TRUE,FALSE,FALSE,TRUE,TRUE,FALSE,FALSE,FALSE,Neurologist,1,,2026-09-18 09:47:47,MATCHING
REQ-002835,PT-375948,Cardiac,Critical,61,18.513406,73.930473,TRUE,FALSE,FALSE,FALSE,TRUE,FALSE,FALSE,TRUE,FALSE,Cardiologist,1,AMB-087,2026-09-18 09:53:39,COMPLETED
REQ-002836,PT-302323,Stroke,High,71,18.565852,73.87732,TRUE,FALSE,FALSE,FALSE,FALSE,TRUE,FALSE,FALSE,FALSE,,1,AMB-061,2026-09-18 09:53:46,COMPLETED
REQ-002837,PT-817794,Cardiac,Critical,84,18.519777,73.92579,TRUE,FALSE,FALSE,FALSE,TRUE,TRUE,FALSE,FALSE,FALSE,,1,AMB-080,2026-09-18 09:53:52,COMPLETED
REQ-002838,PT-608621,Road Accident,Moderate,20,18.494308,73.868036,FALSE,FALSE,FALSE,FALSE,FALSE,TRUE,TRUE,FALSE,FALSE,,1,,2026-09-18 10:06:48,MATCHING
REQ-002839,PT-408030,Stroke,High,84,18.508302,73.667333,TRUE,FALSE,FALSE,FALSE,FALSE,TRUE,TRUE,FALSE,FALSE,,1,,2026-09-18 10:19:52,CREATED
REQ-002840,PT-783337,Respiratory,Critical,6,18.507014,73.812654,TRUE,TRUE,TRUE,FALSE,TRUE,FALSE,FALSE,FALSE,FALSE,Pulmonologist,1,,2026-09-18 10:33:35,CREATED
REQ-002841,PT-979437,Other,High,38,18.567327,73.911052,TRUE,FALSE,FALSE,FALSE,FALSE,FALSE,FALSE,FALSE,TRUE,,1,,2026-09-18 10:44:24,CREATED
REQ-002842,PT-404437,Other,Low,33,18.652494,73.797288,FALSE,FALSE,FALSE,FALSE,FALSE,FALSE,FALSE,FALSE,FALSE,,1,,2026-09-18 10:47:53,MATCHING
REQ-002843,PT-281390,Cardiac,Moderate,67,18.527566,73.841404,TRUE,FALSE,FALSE,FALSE,TRUE,FALSE,FALSE,FALSE,FALSE,,1,,2026-09-18 10:48:01,CREATED
REQ-002844,PT-515695,Cardiac,Moderate,66,18.487835,73.8043,TRUE,FALSE,FALSE,FALSE,TRUE,TRUE,FALSE,FALSE,FALSE,,1,AMB-057,2026-09-18 10:48:27,COMPLETED
REQ-002845,PT-997215,Respiratory,High,67,18.556925,73.915925,TRUE,FALSE,TRUE,FALSE,FALSE,FALSE,FALSE,FALSE,FALSE,,1,,2026-09-18 10:57:37,MATCHING
REQ-002846,PT-567237,Burn,Critical,16,18.534207,73.840012,TRUE,TRUE,TRUE,FALSE,FALSE,FALSE,TRUE,FALSE,FALSE,General Surgeon,1,,2026-09-18 11:05:46,MATCHING
REQ-002847,PT-922703,Cardiac,Low,62,18.470817,73.903695,FALSE,FALSE,FALSE,FALSE,TRUE,FALSE,FALSE,FALSE,FALSE,,1,,2026-09-18 11:05:52,CREATED
REQ-002848,PT-178020,Respiratory,High,59,18.5168,73.935766,TRUE,TRUE,TRUE,FALSE,FALSE,FALSE,FALSE,FALSE,FALSE,Pulmonologist,1,,2026-09-18 11:11:10,MATCHING
REQ-002849,PT-474426,Stroke,High,65,18.518148,73.779814,TRUE,TRUE,TRUE,FALSE,FALSE,TRUE,FALSE,FALSE,FALSE,Neurologist,1,,2026-09-18 11:28:03,MATCHING
REQ-002850,PT-991530,Respiratory,Low,50,18.506264,73.893575,FALSE,FALSE,FALSE,FALSE,FALSE,FALSE,FALSE,FALSE,FALSE,,1,,2026-09-18 11:35:00,CREATED
REQ-002851,PT-630206,Respiratory,High,76,18.462217,73.849366,FALSE,TRUE,TRUE,FALSE,FALSE,FALSE,FALSE,FALSE,FALSE,,1,,2026-09-18 11:46:42,MATCHING
REQ-002852,PT-414234,Road Accident,High,36,18.522738,73.687182,TRUE,FALSE,TRUE,TRUE,FALSE,FALSE,TRUE,FALSE,FALSE,General Surgeon,1,AMB-025,2026-09-18 11:49:21,COMPLETED
REQ-002853,PT-396934,Road Accident,High,21,18.582893,73.759536,TRUE,TRUE,FALSE,TRUE,FALSE,FALSE,FALSE,FALSE,FALSE,General Surgeon,1,AMB-007,2026-09-18 11:55:33,COMPLETED
REQ-002854,PT-301936,Respiratory,High,10,18.463488,73.805694,TRUE,FALSE,TRUE,FALSE,FALSE,FALSE,TRUE,FALSE,FALSE,,1,,2026-09-18 12:08:42,CREATED
REQ-002855,PT-140494,Burn,Moderate,14,18.545597,73.933884,FALSE,FALSE,FALSE,FALSE,FALSE,FALSE,FALSE,FALSE,FALSE,General Surgeon,1,AMB-098,2026-09-18 12:09:45,COMPLETED
REQ-002856,PT-244813,Cardiac,Moderate,55,18.716672,73.675191,TRUE,FALSE,FALSE,FALSE,TRUE,FALSE,FALSE,FALSE,FALSE,Cardiologist,1,,2026-09-18 12:10:04,CREATED
REQ-002857,PT-293662,Cardiac,High,65,18.643932,73.785549,TRUE,FALSE,FALSE,FALSE,TRUE,FALSE,FALSE,FALSE,FALSE,Cardiologist,1,,2026-09-18 12:18:35,MATCHING
REQ-002858,PT-789582,Stroke,High,68,18.48419,73.933203,FALSE,FALSE,FALSE,FALSE,FALSE,TRUE,FALSE,TRUE,FALSE,Neurologist,1,,2026-09-18 12:23:39,MATCHING
REQ-002859,PT-474237,Stroke,High,59,18.547244,73.907862,FALSE,FALSE,FALSE,FALSE,FALSE,TRUE,FALSE,TRUE,FALSE,,1,,2026-09-18 12:25:23,MATCHING
REQ-002860,PT-698045,Stroke,High,82,18.651253,73.76008,FALSE,TRUE,FALSE,FALSE,FALSE,TRUE,TRUE,FALSE,FALSE,Neurologist,1,,2026-09-18 12:46:40,CREATED
REQ-002861,PT-552425,Road Accident,Moderate,23,18.730393,73.66085,FALSE,FALSE,FALSE,FALSE,FALSE,FALSE,TRUE,FALSE,FALSE,,1,,2026-09-18 12:46:54,MATCHING
REQ-002862,PT-397455,Stroke,Moderate,62,18.647307,73.783252,FALSE,FALSE,TRUE,FALSE,FALSE,TRUE,FALSE,FALSE,FALSE,Neurologist,1,,2026-09-18 12:51:39,CREATED
REQ-002863,PT-353100,Road Accident,Low,44,18.510545,73.810695,FALSE,FALSE,FALSE,TRUE,FALSE,FALSE,FALSE,FALSE,FALSE,,1,AMB-055,2026-09-18 12:53:33,COMPLETED
REQ-002864,PT-802474,Road Accident,Critical,24,18.594825,73.777186,TRUE,FALSE,TRUE,TRUE,FALSE,FALSE,TRUE,FALSE,FALSE,Trauma Surgeon,1,AMB-044,2026-09-18 13:02:52,COMPLETED
REQ-002865,PT-932372,Road Accident,Critical,26,18.59861,73.779319,TRUE,FALSE,TRUE,TRUE,FALSE,FALSE,TRUE,TRUE,FALSE,,1,AMB-007,2026-09-18 13:02:56,COMPLETED
REQ-002866,PT-134758,Respiratory,Critical,54,18.663457,73.791537,TRUE,TRUE,TRUE,FALSE,FALSE,FALSE,FALSE,FALSE,FALSE,Pulmonologist,1,,2026-09-18 13:12:15,MATCHING
REQ-002867,PT-436690,Cardiac,High,52,18.61977,73.790957,TRUE,FALSE,TRUE,FALSE,TRUE,FALSE,FALSE,FALSE,FALSE,,1,,2026-09-18 13:17:46,MATCHING
REQ-002868,PT-106023,Stroke,Critical,104,18.648446,73.760767,TRUE,FALSE,FALSE,FALSE,FALSE,TRUE,FALSE,FALSE,FALSE,Neurologist,1,,2026-09-18 13:20:07,MATCHING
REQ-002869,PT-347056,Road Accident,Low,46,18.767147,73.85264,FALSE,FALSE,FALSE,TRUE,FALSE,FALSE,FALSE,FALSE,FALSE,,1,,2026-09-18 13:31:49,CREATED
REQ-002870,PT-806429,Respiratory,Moderate,78,18.522937,73.937096,FALSE,FALSE,TRUE,FALSE,FALSE,FALSE,FALSE,FALSE,FALSE,,1,,2026-09-18 13:37:27,CREATED
REQ-002871,PT-170696,Other,High,83,18.53132,73.883395,FALSE,FALSE,FALSE,FALSE,FALSE,FALSE,FALSE,FALSE,FALSE,Pulmonologist,1,,2026-09-18 13:44:54,MATCHING
REQ-002872,PT-804888,Stroke,High,63,18.559197,73.806027,TRUE,FALSE,FALSE,FALSE,FALSE,TRUE,TRUE,FALSE,FALSE,Neurologist,1,AMB-083,2026-09-18 13:45:26,NO_MATCH
REQ-002873,PT-885474,Stroke,Critical,77,18.488608,73.884194,TRUE,TRUE,FALSE,FALSE,FALSE,TRUE,FALSE,FALSE,FALSE,Neurologist,1,,2026-09-18 13:53:52,MATCHING
REQ-002874,PT-319402,Other,Critical,76,18.50469,73.802876,FALSE,FALSE,FALSE,FALSE,TRUE,FALSE,FALSE,FALSE,TRUE,Nephrologist,1,,2026-09-18 13:58:04,CREATED
REQ-002875,PT-170835,Road Accident,Moderate,32,18.561899,73.913265,TRUE,FALSE,FALSE,TRUE,FALSE,FALSE,FALSE,FALSE,FALSE,,1,,2026-09-18 13:59:45,CREATED
REQ-002876,PT-685878,Other,Moderate,62,18.50426,73.933406,TRUE,FALSE,FALSE,FALSE,FALSE,FALSE,FALSE,FALSE,TRUE,,1,AMB-091,2026-09-18 14:06:07,COMPLETED
REQ-002877,PT-118875,Stroke,High,57,18.510861,73.818207,TRUE,FALSE,FALSE,TRUE,FALSE,TRUE,FALSE,FALSE,FALSE,,1,,2026-09-18 14:07:59,CREATED
REQ-002878,PT-136835,Road Accident,High,37,18.514078,73.667175,TRUE,FALSE,FALSE,TRUE,FALSE,FALSE,TRUE,FALSE,FALSE,,1,AMB-025,2026-09-18 14:09:11,COMPLETED
REQ-002879,PT-878124,Burn,Critical,48,18.501178,73.844778,TRUE,FALSE,FALSE,FALSE,FALSE,FALSE,FALSE,TRUE,TRUE,General Surgeon,1,,2026-09-18 14:09:32,CREATED
REQ-002880,PT-769551,Road Accident,Low,36,18.570287,73.808763,TRUE,TRUE,FALSE,TRUE,FALSE,FALSE,FALSE,FALSE,FALSE,,1,AMB-083,2026-09-18 14:11:07,COMPLETED
REQ-002881,PT-696950,Road Accident,Moderate,31,18.537217,73.917129,FALSE,FALSE,FALSE,FALSE,FALSE,FALSE,FALSE,FALSE,FALSE,,1,,2026-09-18 14:18:41,MATCHING
REQ-002882,PT-219564,Road Accident,High,24,18.629946,73.796851,FALSE,FALSE,TRUE,TRUE,FALSE,FALSE,TRUE,FALSE,FALSE,General Surgeon,1,,2026-09-18 14:41:46,MATCHING
REQ-002883,PT-892472,Respiratory,High,0,18.472252,73.872178,TRUE,TRUE,FALSE,FALSE,FALSE,FALSE,TRUE,FALSE,FALSE,,1,,2026-09-18 14:45:05,CREATED
REQ-002884,PT-325233,Cardiac,Low,54,18.649896,73.762247,FALSE,FALSE,FALSE,FALSE,TRUE,FALSE,FALSE,FALSE,FALSE,,1,AMB-023,2026-09-18 14:47:30,COMPLETED
REQ-002885,PT-120441,Cardiac,Moderate,47,18.606385,73.771496,FALSE,FALSE,FALSE,FALSE,TRUE,FALSE,FALSE,FALSE,FALSE,Cardiologist,1,,2026-09-18 14:48:59,CREATED
REQ-002886,PT-792678,Road Accident,Low,35,18.730949,73.674698,FALSE,FALSE,FALSE,TRUE,FALSE,FALSE,FALSE,FALSE,FALSE,,1,,2026-09-18 14:52:18,MATCHING
REQ-002887,PT-157221,Cardiac,Low,58,18.55196,73.920406,FALSE,FALSE,FALSE,FALSE,TRUE,FALSE,FALSE,FALSE,FALSE,,1,,2026-09-18 14:57:51,CREATED
REQ-002888,PT-500182,Other,Low,30,18.488529,73.89132,FALSE,FALSE,FALSE,FALSE,FALSE,FALSE,FALSE,FALSE,FALSE,,1,,2026-09-18 14:59:42,MATCHING
REQ-002889,PT-140671,Road Accident,Critical,47,18.73818,73.684796,TRUE,TRUE,FALSE,TRUE,FALSE,FALSE,TRUE,TRUE,FALSE,,1,AMB-093,2026-09-18 15:00:21,COMPLETED
REQ-002890,PT-481110,Road Accident,High,20,18.734596,73.67999,TRUE,FALSE,TRUE,TRUE,TRUE,FALSE,TRUE,TRUE,FALSE,,1,,2026-09-18 15:00:30,NO_MATCH
REQ-002891,PT-464525,Cardiac,Critical,60,18.639983,73.820089,TRUE,TRUE,FALSE,TRUE,TRUE,FALSE,FALSE,TRUE,FALSE,Cardiologist,1,,2026-09-18 15:08:36,CREATED
REQ-002892,PT-144345,Cardiac,Critical,61,18.640773,73.761313,TRUE,TRUE,TRUE,FALSE,TRUE,FALSE,FALSE,TRUE,FALSE,,1,AMB-001,2026-09-18 15:11:08,COMPLETED
REQ-002893,PT-779307,Cardiac,Critical,42,18.638029,73.758079,TRUE,FALSE,TRUE,FALSE,TRUE,FALSE,FALSE,FALSE,FALSE,,1,AMB-007,2026-09-18 15:11:50,COMPLETED
REQ-002894,PT-691987,Burn,High,39,18.526465,73.834263,FALSE,FALSE,TRUE,TRUE,FALSE,FALSE,FALSE,TRUE,FALSE,General Surgeon,1,,2026-09-18 15:16:20,CREATED
REQ-002895,PT-244383,Road Accident,Moderate,48,18.465378,73.805491,FALSE,FALSE,TRUE,FALSE,FALSE,FALSE,FALSE,FALSE,TRUE,,1,AMB-037,2026-09-18 15:35:38,COMPLETED
REQ-002896,PT-460210,Cardiac,Low,61,18.51946,73.877082,FALSE,FALSE,FALSE,FALSE,TRUE,FALSE,FALSE,TRUE,FALSE,,1,,2026-09-18 15:37:04,CREATED
REQ-002897,PT-943672,Cardiac,Moderate,67,18.502902,73.931123,FALSE,FALSE,FALSE,FALSE,TRUE,FALSE,FALSE,TRUE,FALSE,,1,AMB-091,2026-09-18 15:40:28,COMPLETED
REQ-002898,PT-501723,Cardiac,Moderate,63,18.658209,73.773649,FALSE,FALSE,TRUE,FALSE,TRUE,FALSE,FALSE,FALSE,FALSE,Cardiologist,1,,2026-09-18 15:41:56,MATCHING
REQ-002899,PT-757912,Road Accident,Critical,13,18.422854,73.931725,TRUE,TRUE,FALSE,TRUE,FALSE,FALSE,FALSE,FALSE,FALSE,Trauma Surgeon,1,,2026-09-18 15:43:19,MATCHING
REQ-002900,PT-914581,Road Accident,High,31,18.564319,73.829821,TRUE,TRUE,TRUE,FALSE,FALSE,FALSE,FALSE,TRUE,FALSE,Trauma Surgeon,1,,2026-09-18 15:43:59,MATCHING
REQ-002901,PT-324551,Road Accident,Critical,25,18.517398,73.934053,TRUE,FALSE,FALSE,TRUE,FALSE,FALSE,FALSE,TRUE,FALSE,Trauma Surgeon,1,AMB-080,2026-09-18 15:44:52,COMPLETED
REQ-002902,PT-471856,Stroke,Critical,59,18.469314,73.800633,TRUE,TRUE,FALSE,FALSE,FALSE,TRUE,FALSE,FALSE,FALSE,Neurologist,1,AMB-092,2026-09-18 15:48:50,COMPLETED
REQ-002903,PT-662155,Respiratory,Moderate,47,18.644874,73.764386,FALSE,FALSE,TRUE,FALSE,FALSE,FALSE,FALSE,FALSE,FALSE,,1,,2026-09-18 15:55:09,MATCHING
REQ-002904,PT-983968,Road Accident,Critical,61,18.594547,73.739927,TRUE,FALSE,TRUE,TRUE,FALSE,FALSE,TRUE,TRUE,FALSE,General Surgeon,1,,2026-09-18 16:02:21,MATCHING
REQ-002905,PT-158361,Burn,Low,26,18.65122,73.772974,FALSE,FALSE,FALSE,TRUE,FALSE,FALSE,FALSE,FALSE,FALSE,,1,,2026-09-18 16:04:11,MATCHING
REQ-002906,PT-399445,Stroke,Moderate,46,18.567284,73.915332,TRUE,FALSE,FALSE,FALSE,FALSE,TRUE,FALSE,FALSE,FALSE,Neurologist,1,,2026-09-18 16:23:29,CREATED
REQ-002907,PT-909569,Road Accident,High,40,18.439475,73.867787,TRUE,FALSE,FALSE,TRUE,FALSE,FALSE,TRUE,TRUE,FALSE,General Surgeon,1,,2026-09-18 16:40:00,CREATED
REQ-002908,PT-669383,Stroke,Critical,70,18.559653,73.9326,TRUE,FALSE,FALSE,FALSE,FALSE,TRUE,FALSE,FALSE,FALSE,Neurologist,1,AMB-077,2026-09-18 16:48:29,COMPLETED
REQ-002909,PT-147158,Stroke,Critical,80,18.551555,73.932794,TRUE,FALSE,FALSE,FALSE,FALSE,TRUE,FALSE,TRUE,FALSE,Neurologist,1,AMB-014,2026-09-18 16:48:37,COMPLETED
REQ-002910,PT-654813,Respiratory,High,56,18.616646,73.811285,TRUE,FALSE,FALSE,FALSE,FALSE,FALSE,FALSE,FALSE,FALSE,,1,,2026-09-18 16:50:19,CREATED
REQ-002911,PT-970849,Road Accident,High,12,18.618622,73.813878,FALSE,FALSE,FALSE,TRUE,FALSE,FALSE,TRUE,TRUE,FALSE,Trauma Surgeon,1,AMB-035,2026-09-18 16:51:22,COMPLETED
REQ-002912,PT-410476,Cardiac,High,57,18.527336,73.675057,FALSE,FALSE,TRUE,FALSE,TRUE,FALSE,FALSE,FALSE,FALSE,Cardiologist,1,,2026-09-18 17:00:25,CREATED
REQ-002913,PT-784062,Road Accident,Critical,63,18.566057,73.778415,TRUE,FALSE,TRUE,TRUE,FALSE,FALSE,TRUE,TRUE,FALSE,Trauma Surgeon,3,,2026-09-18 17:14:42,MATCHING
REQ-002914,PT-762129,Respiratory,Moderate,44,18.570529,73.796457,TRUE,FALSE,TRUE,FALSE,FALSE,FALSE,FALSE,FALSE,FALSE,,1,,2026-09-18 17:28:20,MATCHING
REQ-002915,PT-567851,Road Accident,Critical,32,18.746171,73.862956,TRUE,TRUE,FALSE,TRUE,FALSE,FALSE,FALSE,TRUE,FALSE,,1,AMB-008,2026-09-18 17:35:42,COMPLETED
REQ-002916,PT-222640,Cardiac,Critical,77,18.509638,73.66659,TRUE,FALSE,FALSE,FALSE,TRUE,FALSE,TRUE,FALSE,FALSE,Cardiologist,1,,2026-09-18 17:36:01,CREATED
REQ-002917,PT-522733,Road Accident,Critical,29,18.739944,73.860397,TRUE,FALSE,TRUE,FALSE,FALSE,FALSE,TRUE,TRUE,FALSE,General Surgeon,1,AMB-022,2026-09-18 17:36:21,COMPLETED
REQ-002918,PT-717855,Stroke,Critical,47,18.623984,73.844883,TRUE,TRUE,TRUE,FALSE,FALSE,TRUE,FALSE,TRUE,FALSE,,1,AMB-032,2026-09-18 17:37:28,COMPLETED
REQ-002919,PT-519762,Cardiac,Critical,58,18.645941,73.812506,TRUE,FALSE,TRUE,FALSE,TRUE,FALSE,FALSE,FALSE,FALSE,Cardiologist,1,,2026-09-18 17:42:12,CREATED
REQ-002920,PT-935079,Stroke,High,87,18.442092,73.915569,TRUE,FALSE,TRUE,FALSE,FALSE,TRUE,FALSE,TRUE,FALSE,Neurologist,1,,2026-09-18 17:42:47,MATCHING
REQ-002921,PT-868431,Road Accident,Moderate,37,18.651122,73.844792,FALSE,FALSE,FALSE,TRUE,FALSE,FALSE,FALSE,FALSE,FALSE,,1,,2026-09-18 17:45:09,MATCHING
REQ-002922,PT-278387,Other,High,24,18.484037,73.808132,TRUE,FALSE,FALSE,FALSE,FALSE,FALSE,FALSE,TRUE,TRUE,General Surgeon,1,AMB-092,2026-09-18 17:46:27,COMPLETED
REQ-002923,PT-116556,Other,Moderate,73,18.513965,73.661096,FALSE,FALSE,FALSE,FALSE,FALSE,FALSE,FALSE,FALSE,FALSE,Pulmonologist,1,,2026-09-18 18:04:03,MATCHING
REQ-002924,PT-233067,Road Accident,Moderate,24,18.576564,73.738387,FALSE,FALSE,FALSE,TRUE,FALSE,FALSE,FALSE,TRUE,FALSE,,1,AMB-002,2026-09-18 18:08:42,COMPLETED
REQ-002925,PT-183135,Road Accident,High,51,18.589225,73.760271,TRUE,FALSE,FALSE,TRUE,FALSE,FALSE,TRUE,TRUE,TRUE,Trauma Surgeon,1,AMB-007,2026-09-18 18:09:19,COMPLETED
REQ-002926,PT-825757,Road Accident,Critical,15,18.558732,73.9698,TRUE,TRUE,FALSE,TRUE,FALSE,TRUE,TRUE,TRUE,FALSE,Neurologist,1,,2026-09-18 18:14:43,MATCHING
REQ-002927,PT-461601,Road Accident,Moderate,19,18.516068,73.678086,FALSE,FALSE,FALSE,FALSE,FALSE,FALSE,TRUE,FALSE,FALSE,Trauma Surgeon,1,,2026-09-18 18:20:44,MATCHING
REQ-002928,PT-614270,Other,Moderate,30,18.523675,73.896194,FALSE,FALSE,FALSE,FALSE,FALSE,FALSE,FALSE,TRUE,FALSE,Pulmonologist,1,AMB-088,2026-09-18 18:24:00,COMPLETED
REQ-002929,PT-937627,Road Accident,Critical,39,18.782024,73.85972,TRUE,TRUE,FALSE,TRUE,FALSE,TRUE,TRUE,TRUE,FALSE,Neurologist,1,AMB-094,2026-09-18 18:24:32,COMPLETED
REQ-002930,PT-149065,Other,Low,40,18.636386,73.794343,FALSE,FALSE,FALSE,FALSE,FALSE,FALSE,FALSE,TRUE,FALSE,,1,AMB-012,2026-09-18 18:30:47,COMPLETED
REQ-002931,PT-164618,Road Accident,High,35,18.567488,73.787287,TRUE,TRUE,TRUE,TRUE,FALSE,FALSE,FALSE,FALSE,FALSE,Trauma Surgeon,1,,2026-09-18 18:31:56,MATCHING
REQ-002932,PT-461602,Respiratory,Critical,48,18.601552,73.770193,TRUE,TRUE,TRUE,FALSE,FALSE,FALSE,FALSE,FALSE,FALSE,Pulmonologist,1,,2026-09-18 18:32:57,CREATED
REQ-002933,PT-978720,Road Accident,Moderate,28,18.627809,73.805286,TRUE,FALSE,FALSE,TRUE,FALSE,FALSE,FALSE,FALSE,FALSE,,1,AMB-035,2026-09-18 18:48:47,COMPLETED
REQ-002934,PT-365109,Respiratory,Low,58,18.47963,73.874492,FALSE,FALSE,TRUE,FALSE,FALSE,FALSE,FALSE,FALSE,FALSE,Pulmonologist,1,,2026-09-18 18:59:47,CREATED
REQ-002935,PT-916450,Respiratory,High,70,18.597833,73.981524,TRUE,TRUE,TRUE,FALSE,FALSE,FALSE,FALSE,FALSE,FALSE,,1,AMB-043,2026-09-18 19:05:35,COMPLETED
REQ-002936,PT-347597,Stroke,Critical,62,18.583871,73.772916,TRUE,TRUE,FALSE,FALSE,FALSE,TRUE,FALSE,FALSE,FALSE,Neurologist,1,AMB-044,2026-09-18 19:09:03,COMPLETED
REQ-002937,PT-107144,Road Accident,Moderate,93,18.481323,73.914007,TRUE,FALSE,FALSE,TRUE,FALSE,FALSE,FALSE,FALSE,FALSE,,1,,2026-09-18 19:16:55,MATCHING
REQ-002938,PT-482430,Cardiac,Critical,48,18.517663,73.871091,TRUE,FALSE,FALSE,FALSE,TRUE,FALSE,FALSE,TRUE,FALSE,,1,AMB-068,2026-09-18 19:17:48,COMPLETED
REQ-002939,PT-981929,Respiratory,Low,53,18.495043,73.869325,FALSE,TRUE,TRUE,FALSE,FALSE,FALSE,FALSE,FALSE,FALSE,,1,,2026-09-18 19:27:48,CREATED
REQ-002940,PT-308726,Road Accident,Critical,36,18.561938,73.826693,FALSE,FALSE,FALSE,TRUE,FALSE,FALSE,TRUE,TRUE,FALSE,Trauma Surgeon,1,,2026-09-18 19:28:47,CREATED
REQ-002941,PT-103784,Respiratory,High,45,18.534791,73.931632,TRUE,TRUE,TRUE,FALSE,FALSE,FALSE,FALSE,FALSE,FALSE,Pulmonologist,1,,2026-09-18 19:50:01,CREATED
REQ-002942,PT-813006,Respiratory,Low,79,18.62756,73.791685,FALSE,FALSE,TRUE,FALSE,FALSE,FALSE,FALSE,FALSE,FALSE,,1,,2026-09-18 20:03:37,CREATED
REQ-002943,PT-260163,Respiratory,High,5,18.548834,73.930884,TRUE,FALSE,TRUE,FALSE,FALSE,FALSE,FALSE,FALSE,FALSE,Pulmonologist,1,,2026-09-18 20:09:25,MATCHING
REQ-002944,PT-633873,Cardiac,Moderate,42,18.529947,73.847692,TRUE,TRUE,FALSE,FALSE,TRUE,FALSE,FALSE,FALSE,FALSE,Cardiologist,1,,2026-09-18 20:11:54,MATCHING
REQ-002945,PT-671888,Respiratory,Moderate,47,18.514946,73.828219,FALSE,FALSE,FALSE,FALSE,FALSE,FALSE,FALSE,FALSE,FALSE,Pulmonologist,1,,2026-09-18 20:18:27,MATCHING
REQ-002946,PT-635086,Respiratory,High,2,18.570726,73.869908,TRUE,FALSE,TRUE,FALSE,FALSE,FALSE,FALSE,FALSE,FALSE,Pulmonologist,1,,2026-09-18 20:26:24,MATCHING
REQ-002947,PT-473529,Other,Moderate,39,18.491596,73.861777,FALSE,FALSE,FALSE,FALSE,FALSE,FALSE,FALSE,FALSE,FALSE,,1,,2026-09-18 20:56:03,MATCHING
REQ-002948,PT-955158,Stroke,High,64,18.467594,73.823815,TRUE,FALSE,TRUE,FALSE,FALSE,TRUE,FALSE,FALSE,FALSE,Neurologist,1,AMB-092,2026-09-18 21:03:47,COMPLETED
REQ-002949,PT-486749,Respiratory,Moderate,66,18.49997,73.849299,FALSE,FALSE,TRUE,FALSE,TRUE,FALSE,FALSE,FALSE,FALSE,Pulmonologist,1,,2026-09-18 21:13:16,CREATED
REQ-002950,PT-720123,Road Accident,High,45,18.666185,73.777059,TRUE,TRUE,FALSE,TRUE,FALSE,FALSE,TRUE,TRUE,FALSE,Trauma Surgeon,1,,2026-09-18 21:19:25,CREATED
REQ-002951,PT-974793,Cardiac,Moderate,39,18.664402,73.77296,FALSE,FALSE,FALSE,FALSE,FALSE,FALSE,FALSE,FALSE,FALSE,,1,,2026-09-18 21:37:20,CREATED
REQ-002952,PT-455854,Other,Low,43,18.483616,73.791567,FALSE,FALSE,FALSE,FALSE,FALSE,FALSE,FALSE,FALSE,FALSE,,1,,2026-09-18 21:52:28,CREATED
REQ-002953,PT-783949,Road Accident,Moderate,49,18.602669,73.724271,FALSE,FALSE,FALSE,FALSE,FALSE,FALSE,TRUE,FALSE,FALSE,Trauma Surgeon,1,,2026-09-18 21:54:23,CREATED
REQ-002954,PT-737669,Respiratory,Moderate,2,18.567207,73.891952,TRUE,FALSE,TRUE,FALSE,FALSE,FALSE,FALSE,FALSE,FALSE,Pulmonologist,1,,2026-09-18 22:16:21,MATCHING
REQ-002955,PT-507160,Cardiac,Critical,66,18.450554,73.912639,TRUE,TRUE,FALSE,FALSE,TRUE,FALSE,FALSE,FALSE,FALSE,Cardiologist,1,,2026-09-18 22:23:01,CREATED
REQ-002956,PT-815934,Respiratory,Critical,37,18.576196,73.975986,TRUE,TRUE,TRUE,FALSE,FALSE,FALSE,FALSE,FALSE,FALSE,Pulmonologist,1,,2026-09-18 22:29:03,MATCHING
REQ-002957,PT-383774,Respiratory,Low,78,18.663856,73.775434,FALSE,FALSE,TRUE,FALSE,FALSE,FALSE,FALSE,FALSE,FALSE,Pulmonologist,1,,2026-09-18 22:29:37,MATCHING
REQ-002958,PT-152633,Cardiac,Moderate,68,18.511814,73.919093,FALSE,FALSE,TRUE,FALSE,TRUE,FALSE,FALSE,FALSE,FALSE,,1,AMB-097,2026-09-18 22:30:42,COMPLETED
REQ-002959,PT-809469,Cardiac,Low,54,18.466015,73.903574,FALSE,FALSE,FALSE,FALSE,FALSE,FALSE,FALSE,FALSE,FALSE,Cardiologist,1,,2026-09-18 22:35:30,MATCHING
REQ-002960,PT-288204,Stroke,Critical,72,18.500389,73.840801,TRUE,FALSE,TRUE,FALSE,FALSE,TRUE,FALSE,TRUE,FALSE,Neurologist,1,,2026-09-18 22:36:48,CREATED
REQ-002961,PT-268929,Cardiac,Low,38,18.50342,73.682608,FALSE,FALSE,FALSE,FALSE,TRUE,FALSE,FALSE,FALSE,FALSE,,1,AMB-070,2026-09-18 22:38:58,COMPLETED
REQ-002962,PT-434891,Road Accident,Low,28,18.607819,73.813355,FALSE,FALSE,FALSE,TRUE,FALSE,FALSE,FALSE,FALSE,FALSE,,1,,2026-09-18 22:43:46,MATCHING
REQ-002963,PT-823098,Road Accident,Moderate,27,18.546296,73.7986,FALSE,FALSE,FALSE,TRUE,FALSE,FALSE,FALSE,FALSE,FALSE,,1,,2026-09-18 22:58:21,MATCHING
REQ-002964,PT-873896,Cardiac,Moderate,62,18.546471,73.863519,FALSE,FALSE,FALSE,FALSE,TRUE,FALSE,FALSE,FALSE,FALSE,,1,,2026-09-18 22:59:58,CREATED
REQ-002965,PT-429191,Road Accident,Low,46,18.508172,73.913752,FALSE,FALSE,FALSE,TRUE,FALSE,FALSE,FALSE,FALSE,FALSE,,1,,2026-09-18 23:04:29,CREATED
REQ-002966,PT-278684,Respiratory,Low,75,18.454425,73.872463,FALSE,FALSE,TRUE,FALSE,FALSE,FALSE,FALSE,FALSE,FALSE,Pulmonologist,1,,2026-09-18 23:12:16,MATCHING
REQ-002967,PT-474515,Cardiac,Critical,62,18.630905,73.777701,TRUE,FALSE,TRUE,FALSE,TRUE,FALSE,FALSE,FALSE,FALSE,,1,,2026-09-18 23:14:22,MATCHING
REQ-002968,PT-938532,Respiratory,Moderate,7,18.623763,73.800261,FALSE,FALSE,TRUE,FALSE,FALSE,FALSE,FALSE,FALSE,FALSE,,1,,2026-09-18 23:16:28,CREATED
REQ-002969,PT-258351,Other,Moderate,80,18.595964,73.742166,FALSE,FALSE,FALSE,FALSE,FALSE,FALSE,FALSE,FALSE,FALSE,,1,,2026-09-18 23:19:20,MATCHING
REQ-002970,PT-923842,Cardiac,High,74,18.585423,73.79382,TRUE,TRUE,TRUE,FALSE,TRUE,FALSE,FALSE,FALSE,FALSE,,1,,2026-09-18 23:19:41,CREATED
REQ-002971,PT-113215,Other,Critical,104,18.760899,73.860496,TRUE,TRUE,TRUE,TRUE,FALSE,TRUE,TRUE,TRUE,TRUE,Neurologist,1,,2026-09-19 00:04:05,MATCHING
REQ-002972,PT-820341,Road Accident,Low,19,18.477547,73.830474,FALSE,FALSE,FALSE,TRUE,FALSE,FALSE,TRUE,FALSE,FALSE,Trauma Surgeon,1,,2026-09-19 00:10:20,MATCHING
REQ-002973,PT-548740,Stroke,Critical,52,18.53198,73.913242,TRUE,FALSE,TRUE,FALSE,FALSE,TRUE,FALSE,TRUE,FALSE,Neurologist,1,AMB-080,2026-09-19 00:14:18,COMPLETED
REQ-002974,PT-341883,Stroke,Moderate,53,18.727768,73.682009,FALSE,FALSE,TRUE,FALSE,FALSE,TRUE,FALSE,FALSE,FALSE,,1,,2026-09-19 00:22:20,CREATED
REQ-002975,PT-237522,Road Accident,Critical,53,18.594968,73.77057,TRUE,FALSE,TRUE,TRUE,TRUE,FALSE,TRUE,TRUE,FALSE,,2,,2026-09-19 00:23:50,MATCHING
REQ-002976,PT-168868,Burn,High,48,18.629949,73.793074,TRUE,TRUE,FALSE,FALSE,FALSE,FALSE,FALSE,FALSE,FALSE,General Surgeon,1,,2026-09-19 00:32:30,MATCHING
REQ-002977,PT-952342,Road Accident,High,12,18.479237,73.927921,FALSE,FALSE,FALSE,TRUE,FALSE,FALSE,FALSE,FALSE,FALSE,,1,,2026-09-19 00:51:10,MATCHING
REQ-002978,PT-878745,Cardiac,Low,60,18.525918,73.925355,FALSE,FALSE,FALSE,FALSE,TRUE,FALSE,FALSE,FALSE,FALSE,Cardiologist,1,,2026-09-19 00:55:19,CREATED
REQ-002979,PT-901059,Stroke,High,72,18.544168,73.875442,TRUE,FALSE,TRUE,FALSE,FALSE,TRUE,FALSE,FALSE,FALSE,,1,,2026-09-19 01:17:14,CREATED
REQ-002980,PT-446709,Road Accident,Moderate,25,18.555738,73.775169,TRUE,TRUE,FALSE,TRUE,FALSE,FALSE,FALSE,FALSE,FALSE,,1,,2026-09-19 01:29:42,CREATED
REQ-002981,PT-369025,Respiratory,Critical,6,18.572753,73.741543,TRUE,TRUE,TRUE,FALSE,FALSE,FALSE,TRUE,TRUE,FALSE,Pulmonologist,1,,2026-09-19 01:48:25,CREATED
REQ-002982,PT-943966,Road Accident,Low,21,18.65285,73.768538,FALSE,FALSE,FALSE,TRUE,FALSE,FALSE,FALSE,FALSE,FALSE,,1,,2026-09-19 02:18:43,CREATED
REQ-002983,PT-809428,Road Accident,High,41,18.54997,73.919805,TRUE,TRUE,FALSE,TRUE,FALSE,FALSE,TRUE,FALSE,FALSE,,1,,2026-09-19 02:23:25,MATCHING
REQ-002984,PT-708109,Other,Moderate,53,18.525789,73.929308,FALSE,FALSE,FALSE,FALSE,FALSE,FALSE,FALSE,TRUE,FALSE,General Surgeon,1,,2026-09-19 02:26:51,MATCHING
REQ-002985,PT-744641,Road Accident,High,34,18.589792,73.974211,FALSE,FALSE,TRUE,TRUE,FALSE,FALSE,TRUE,TRUE,FALSE,General Surgeon,1,AMB-043,2026-09-19 02:30:49,COMPLETED
REQ-002986,PT-111576,Cardiac,High,65,18.610863,73.743751,FALSE,FALSE,FALSE,FALSE,FALSE,FALSE,FALSE,TRUE,FALSE,Cardiologist,1,,2026-09-19 02:42:26,CREATED
REQ-002987,PT-595542,Cardiac,Low,49,18.503772,73.787018,FALSE,FALSE,FALSE,FALSE,TRUE,FALSE,FALSE,FALSE,FALSE,,1,,2026-09-19 03:13:52,MATCHING
REQ-002988,PT-109861,Cardiac,Moderate,77,18.746773,73.654151,TRUE,TRUE,FALSE,FALSE,TRUE,FALSE,FALSE,FALSE,FALSE,Cardiologist,1,AMB-066,2026-09-19 03:56:22,COMPLETED
REQ-002989,PT-939068,Cardiac,Moderate,44,18.51699,73.845167,TRUE,TRUE,FALSE,FALSE,TRUE,FALSE,FALSE,FALSE,FALSE,,1,,2026-09-19 04:29:12,MATCHING
REQ-002990,PT-404264,Cardiac,Critical,48,18.565845,73.894385,TRUE,FALSE,TRUE,FALSE,TRUE,FALSE,FALSE,TRUE,TRUE,Cardiologist,1,AMB-018,2026-09-19 04:42:22,COMPLETED
REQ-002991,PT-274959,Road Accident,Moderate,46,18.559118,73.892609,FALSE,FALSE,FALSE,FALSE,FALSE,FALSE,TRUE,FALSE,FALSE,Trauma Surgeon,1,,2026-09-19 04:46:09,CREATED
REQ-002992,PT-795067,Respiratory,Moderate,79,18.542767,73.875043,TRUE,FALSE,FALSE,FALSE,FALSE,FALSE,FALSE,TRUE,FALSE,,1,AMB-061,2026-09-19 05:10:41,COMPLETED
REQ-002993,PT-309948,Cardiac,High,48,18.472718,73.905132,FALSE,FALSE,FALSE,TRUE,FALSE,FALSE,TRUE,FALSE,FALSE,,1,,2026-09-19 05:19:33,MATCHING
REQ-002994,PT-479212,Cardiac,High,51,18.543662,73.932394,TRUE,FALSE,FALSE,TRUE,TRUE,FALSE,FALSE,FALSE,FALSE,,1,,2026-09-19 05:32:41,CREATED
REQ-002995,PT-915780,Stroke,Moderate,61,18.507197,73.84459,TRUE,TRUE,FALSE,FALSE,FALSE,TRUE,FALSE,FALSE,FALSE,Neurologist,1,AMB-060,2026-09-19 05:52:14,COMPLETED
REQ-002996,PT-907156,Respiratory,Low,37,18.512846,73.923301,TRUE,FALSE,TRUE,FALSE,FALSE,FALSE,FALSE,FALSE,FALSE,,1,AMB-097,2026-09-19 06:02:55,COMPLETED
REQ-002997,PT-914210,Other,Low,24,18.504086,73.812697,TRUE,FALSE,FALSE,FALSE,FALSE,FALSE,FALSE,FALSE,FALSE,,1,,2026-09-19 06:29:26,MATCHING
REQ-002998,PT-187142,Respiratory,High,1,18.485136,73.92242,FALSE,FALSE,TRUE,FALSE,FALSE,FALSE,FALSE,FALSE,FALSE,Pulmonologist,1,,2026-09-19 06:37:41,MATCHING
REQ-002999,PT-658983,Cardiac,Moderate,52,18.563639,73.799753,FALSE,FALSE,FALSE,FALSE,TRUE,FALSE,FALSE,TRUE,TRUE,,1,AMB-083,2026-09-19 07:08:48,COMPLETED
REQ-003000,PT-236148,Road Accident,Critical,60,18.543769,73.84236,TRUE,FALSE,FALSE,TRUE,FALSE,FALSE,TRUE,TRUE,FALSE,,1,,2026-09-19 07:20:26,CREATED
REQ-003001,PT-594038,Cardiac,Moderate,82,18.565005,73.931768,FALSE,FALSE,FALSE,FALSE,TRUE,FALSE,FALSE,FALSE,FALSE,,1,,2026-09-19 07:37:28,CREATED
REQ-003002,PT-760150,Stroke,High,69,18.615335,73.810958,FALSE,TRUE,FALSE,FALSE,FALSE,TRUE,TRUE,FALSE,FALSE,,1,,2026-09-19 07:57:03,MATCHING
REQ-003003,PT-225395,Other,Low,39,18.607395,73.784091,FALSE,FALSE,FALSE,FALSE,FALSE,FALSE,FALSE,FALSE,FALSE,,1,,2026-09-19 07:57:07,MATCHING
REQ-003004,PT-368455,Cardiac,Moderate,75,18.637376,73.769218,TRUE,FALSE,FALSE,FALSE,TRUE,FALSE,FALSE,FALSE,FALSE,,1,,2026-09-19 08:10:33,MATCHING
REQ-003005,PT-200723,Other,Low,70,18.517297,73.785064,FALSE,FALSE,FALSE,FALSE,FALSE,FALSE,FALSE,FALSE,FALSE,,1,,2026-09-19 08:26:22,MATCHING
REQ-003006,PT-107533,Cardiac,Moderate,55,18.540479,73.714901,FALSE,FALSE,FALSE,FALSE,TRUE,FALSE,FALSE,FALSE,FALSE,Cardiologist,1,,2026-09-19 08:28:08,CREATED
REQ-003007,PT-175673,Cardiac,Moderate,44,18.567118,73.769753,FALSE,FALSE,FALSE,FALSE,TRUE,FALSE,FALSE,FALSE,FALSE,,1,,2026-09-19 08:31:09,MATCHING
REQ-003008,PT-508177,Road Accident,High,42,18.760541,73.869576,TRUE,FALSE,TRUE,TRUE,FALSE,FALSE,TRUE,FALSE,FALSE,,2,,2026-09-19 08:34:36,MATCHING
REQ-003009,PT-828355,Respiratory,High,6,18.597151,73.968014,TRUE,TRUE,FALSE,FALSE,FALSE,FALSE,FALSE,FALSE,FALSE,Pulmonologist,1,,2026-09-19 08:49:42,CREATED
REQ-003010,PT-845821,Road Accident,Moderate,31,18.490884,73.882253,FALSE,FALSE,TRUE,TRUE,FALSE,FALSE,FALSE,FALSE,FALSE,,1,,2026-09-19 09:00:28,CREATED
REQ-003011,PT-762474,Burn,Low,52,18.587347,73.758737,FALSE,FALSE,FALSE,TRUE,FALSE,FALSE,FALSE,FALSE,FALSE,,1,,2026-09-19 09:06:45,CREATED
REQ-003012,PT-242180,Road Accident,Critical,30,18.733231,73.659829,TRUE,FALSE,FALSE,TRUE,FALSE,FALSE,TRUE,TRUE,FALSE,General Surgeon,1,,2026-09-19 09:22:16,MATCHING
REQ-003013,PT-437421,Burn,Critical,30,18.592595,73.976846,TRUE,TRUE,TRUE,TRUE,FALSE,TRUE,TRUE,TRUE,FALSE,Neurologist,1,,2026-09-19 09:45:29,MATCHING
REQ-003014,PT-601821,Other,Moderate,66,18.609832,73.752874,FALSE,FALSE,FALSE,FALSE,TRUE,FALSE,FALSE,TRUE,FALSE,,1,,2026-09-19 09:45:43,CREATED
REQ-003015,PT-125584,Road Accident,Moderate,34,18.563813,73.723131,TRUE,FALSE,FALSE,FALSE,TRUE,FALSE,TRUE,FALSE,TRUE,General Surgeon,1,,2026-09-19 10:18:24,MATCHING
REQ-003016,PT-949628,Stroke,Moderate,84,18.590632,73.752717,FALSE,FALSE,FALSE,FALSE,FALSE,TRUE,FALSE,FALSE,FALSE,,1,AMB-045,2026-09-19 10:30:49,COMPLETED
REQ-003017,PT-258608,Cardiac,Critical,68,18.542961,73.927331,TRUE,TRUE,TRUE,FALSE,TRUE,FALSE,TRUE,TRUE,FALSE,,1,,2026-09-19 10:46:00,MATCHING
REQ-003018,PT-917976,Stroke,Moderate,55,18.769771,73.858363,FALSE,FALSE,FALSE,FALSE,FALSE,TRUE,FALSE,FALSE,FALSE,,1,,2026-09-19 10:54:54,CREATED
REQ-003019,PT-512342,Other,Moderate,34,18.55414,73.872256,TRUE,FALSE,FALSE,FALSE,FALSE,FALSE,FALSE,FALSE,TRUE,,1,,2026-09-19 10:59:48,MATCHING
REQ-003020,PT-952036,Burn,Critical,38,18.51199,73.932116,TRUE,TRUE,TRUE,TRUE,FALSE,FALSE,TRUE,TRUE,FALSE,General Surgeon,1,,2026-09-19 11:02:52,CREATED
REQ-003021,PT-882192,Cardiac,Low,30,18.483712,73.814415,FALSE,FALSE,FALSE,FALSE,TRUE,FALSE,FALSE,FALSE,FALSE,Cardiologist,1,AMB-047,2026-09-19 11:10:32,COMPLETED
REQ-003022,PT-250084,Cardiac,High,42,18.635223,73.785249,TRUE,FALSE,TRUE,FALSE,TRUE,FALSE,FALSE,FALSE,FALSE,Cardiologist,1,AMB-049,2026-09-19 11:27:08,COMPLETED
REQ-003023,PT-500076,Road Accident,High,66,18.523917,73.918388,TRUE,FALSE,FALSE,TRUE,FALSE,FALSE,FALSE,FALSE,FALSE,,1,,2026-09-19 11:38:03,MATCHING
REQ-003024,PT-183308,Cardiac,Critical,69,18.590216,73.75518,TRUE,TRUE,TRUE,FALSE,TRUE,FALSE,FALSE,FALSE,FALSE,Cardiologist,1,,2026-09-19 11:40:09,CREATED
REQ-003025,PT-738724,Other,Low,30,18.495868,73.944626,TRUE,TRUE,FALSE,FALSE,FALSE,FALSE,FALSE,FALSE,FALSE,,1,,2026-09-19 11:57:29,CREATED
REQ-003026,PT-345602,Road Accident,High,39,18.555345,73.989271,TRUE,FALSE,TRUE,TRUE,FALSE,FALSE,TRUE,FALSE,FALSE,Trauma Surgeon,1,AMB-019,2026-09-19 12:16:28,COMPLETED
REQ-003027,PT-482511,Stroke,High,73,18.561439,73.7794,TRUE,FALSE,TRUE,FALSE,FALSE,TRUE,FALSE,FALSE,FALSE,Neurologist,1,,2026-09-19 12:18:05,CREATED
REQ-003028,PT-147874,Other,Low,22,18.560065,73.809348,FALSE,FALSE,FALSE,FALSE,FALSE,FALSE,FALSE,FALSE,FALSE,,1,,2026-09-19 12:19:38,CREATED
REQ-003029,PT-298629,Other,Low,104,18.478181,73.836568,FALSE,FALSE,FALSE,FALSE,FALSE,FALSE,FALSE,TRUE,FALSE,,1,,2026-09-19 12:20:50,CREATED
REQ-003030,PT-164340,Cardiac,High,63,18.566415,73.914699,TRUE,TRUE,FALSE,FALSE,TRUE,FALSE,TRUE,FALSE,FALSE,Cardiologist,1,AMB-018,2026-09-19 12:22:53,COMPLETED
REQ-003031,PT-615616,Cardiac,Moderate,18,18.618402,73.758547,FALSE,FALSE,FALSE,FALSE,TRUE,FALSE,FALSE,TRUE,FALSE,,1,,2026-09-19 12:26:13,MATCHING
REQ-003032,PT-739929,Stroke,Moderate,72,18.592657,73.758624,FALSE,FALSE,FALSE,FALSE,FALSE,TRUE,FALSE,FALSE,FALSE,,1,,2026-09-19 12:40:38,MATCHING
REQ-003033,PT-403706,Road Accident,Moderate,30,18.522149,73.724513,FALSE,TRUE,FALSE,TRUE,FALSE,FALSE,FALSE,FALSE,FALSE,,1,,2026-09-19 12:45:21,CREATED
REQ-003034,PT-418845,Respiratory,High,76,18.459186,73.880336,TRUE,TRUE,FALSE,FALSE,FALSE,FALSE,FALSE,FALSE,FALSE,Pulmonologist,1,AMB-053,2026-09-19 12:53:33,COMPLETED
REQ-003035,PT-930908,Stroke,Critical,54,18.508919,73.906593,TRUE,FALSE,TRUE,FALSE,FALSE,TRUE,FALSE,FALSE,FALSE,Neurologist,1,AMB-090,2026-09-19 13:09:25,COMPLETED
REQ-003036,PT-586688,Stroke,High,46,18.509027,73.909006,TRUE,FALSE,FALSE,FALSE,FALSE,TRUE,FALSE,FALSE,FALSE,,1,AMB-087,2026-09-19 13:10:00,NO_MATCH
REQ-003037,PT-786850,Other,Low,22,18.492494,73.885063,FALSE,FALSE,FALSE,FALSE,FALSE,FALSE,FALSE,FALSE,TRUE,Nephrologist,1,,2026-09-19 13:13:53,MATCHING
REQ-003038,PT-555198,Respiratory,High,6,18.552536,73.906722,TRUE,TRUE,TRUE,FALSE,FALSE,FALSE,FALSE,FALSE,FALSE,,1,AMB-014,2026-09-19 13:16:58,COMPLETED
REQ-003039,PT-633430,Road Accident,Critical,25,18.506351,73.874992,TRUE,FALSE,FALSE,FALSE,FALSE,TRUE,TRUE,TRUE,FALSE,Trauma Surgeon,1,AMB-068,2026-09-19 13:24:00,NO_MATCH
REQ-003040,PT-229579,Other,Moderate,104,18.64219,73.787372,TRUE,TRUE,FALSE,FALSE,FALSE,FALSE,TRUE,FALSE,TRUE,Nephrologist,1,,2026-09-19 13:28:45,CREATED
REQ-003041,PT-607077,Road Accident,High,44,18.499905,73.695699,TRUE,TRUE,TRUE,FALSE,FALSE,TRUE,TRUE,TRUE,FALSE,,1,,2026-09-19 13:41:21,MATCHING
REQ-003042,PT-193342,Cardiac,Moderate,54,18.62094,73.798989,FALSE,FALSE,FALSE,FALSE,TRUE,FALSE,FALSE,FALSE,FALSE,,1,,2026-09-19 13:46:50,MATCHING
REQ-003043,PT-768218,Road Accident,Moderate,12,18.601367,73.853049,FALSE,FALSE,FALSE,FALSE,FALSE,FALSE,FALSE,TRUE,FALSE,,1,,2026-09-19 13:48:56,MATCHING
REQ-003044,PT-955793,Road Accident,Moderate,47,18.665332,73.769734,TRUE,FALSE,FALSE,TRUE,FALSE,FALSE,FALSE,FALSE,FALSE,Trauma Surgeon,1,AMB-006,2026-09-19 13:49:49,COMPLETED
REQ-003045,PT-935565,Road Accident,Critical,24,18.554559,73.916535,TRUE,FALSE,FALSE,TRUE,FALSE,FALSE,TRUE,TRUE,FALSE,,3,,2026-09-19 13:51:32,CREATED
REQ-003046,PT-704911,Road Accident,Moderate,42,18.556513,73.727369,FALSE,FALSE,FALSE,TRUE,FALSE,FALSE,FALSE,TRUE,FALSE,,1,,2026-09-19 13:57:11,CREATED
REQ-003047,PT-372340,Road Accident,High,60,18.604326,73.772362,FALSE,FALSE,TRUE,TRUE,FALSE,FALSE,TRUE,TRUE,FALSE,,1,AMB-044,2026-09-19 14:04:32,COMPLETED
REQ-003048,PT-267248,Burn,Moderate,5,18.655235,73.773165,FALSE,FALSE,TRUE,TRUE,FALSE,FALSE,FALSE,FALSE,FALSE,,2,,2026-09-19 14:21:45,MATCHING
REQ-003049,PT-366008,Stroke,Critical,80,18.525561,73.923798,TRUE,FALSE,TRUE,FALSE,FALSE,TRUE,FALSE,FALSE,FALSE,,1,AMB-080,2026-09-19 14:22:15,COMPLETED
REQ-003050,PT-125664,Other,High,74,18.634849,73.842474,TRUE,FALSE,FALSE,FALSE,FALSE,FALSE,FALSE,FALSE,FALSE,,1,,2026-09-19 14:25:43,CREATED
REQ-003051,PT-374784,Stroke,Moderate,79,18.50623,73.86053,FALSE,FALSE,FALSE,FALSE,FALSE,TRUE,FALSE,FALSE,FALSE,Neurologist,1,,2026-09-19 14:27:21,MATCHING
REQ-003052,PT-328443,Road Accident,Moderate,21,18.733477,73.705473,TRUE,FALSE,FALSE,TRUE,FALSE,FALSE,FALSE,FALSE,FALSE,General Surgeon,1,AMB-093,2026-09-19 14:31:46,COMPLETED
REQ-003053,PT-278632,Respiratory,Moderate,63,18.646485,73.754974,TRUE,TRUE,TRUE,FALSE,FALSE,FALSE,FALSE,FALSE,FALSE,Pulmonologist,1,,2026-09-19 14:35:42,MATCHING
REQ-003054,PT-107378,Other,Low,50,18.540839,73.829008,FALSE,FALSE,FALSE,FALSE,FALSE,FALSE,FALSE,FALSE,FALSE,,1,AMB-021,2026-09-19 14:45:45,COMPLETED
REQ-003055,PT-887014,Cardiac,Critical,60,18.522579,73.941679,TRUE,FALSE,FALSE,FALSE,TRUE,FALSE,FALSE,FALSE,FALSE,,1,AMB-090,2026-09-19 14:49:38,COMPLETED
REQ-003056,PT-655221,Road Accident,Moderate,65,18.505494,73.786933,TRUE,FALSE,FALSE,TRUE,FALSE,TRUE,TRUE,TRUE,FALSE,Trauma Surgeon,1,AMB-058,2026-09-19 14:55:02,COMPLETED
REQ-003057,PT-439644,Cardiac,High,62,18.505099,73.810553,TRUE,TRUE,FALSE,FALSE,TRUE,FALSE,FALSE,TRUE,FALSE,Cardiologist,1,AMB-052,2026-09-19 15:10:51,COMPLETED
REQ-003058,PT-545981,Road Accident,Moderate,52,18.49494,73.784773,TRUE,FALSE,FALSE,FALSE,FALSE,FALSE,FALSE,FALSE,FALSE,,1,AMB-057,2026-09-19 15:11:39,COMPLETED
REQ-003059,PT-927090,Road Accident,High,10,18.506041,73.918075,TRUE,FALSE,FALSE,TRUE,FALSE,FALSE,FALSE,FALSE,FALSE,Trauma Surgeon,1,,2026-09-19 15:17:05,CREATED
REQ-003060,PT-140430,Stroke,Critical,63,18.603933,73.815901,TRUE,FALSE,TRUE,FALSE,FALSE,TRUE,FALSE,FALSE,FALSE,Neurologist,1,AMB-035,2026-09-19 15:24:49,COMPLETED
REQ-003061,PT-905287,Stroke,High,78,18.605787,73.816787,TRUE,FALSE,FALSE,FALSE,FALSE,TRUE,FALSE,TRUE,FALSE,Neurologist,1,AMB-049,2026-09-19 15:25:29,COMPLETED
REQ-003062,PT-570286,Road Accident,Critical,39,18.53689,73.736278,TRUE,TRUE,FALSE,TRUE,FALSE,TRUE,TRUE,TRUE,FALSE,Neurologist,1,,2026-09-19 15:29:04,MATCHING
REQ-003063,PT-277837,Other,Critical,57,18.757821,73.873741,TRUE,FALSE,TRUE,FALSE,FALSE,FALSE,TRUE,FALSE,FALSE,General Surgeon,1,AMB-022,2026-09-19 15:30:32,COMPLETED
REQ-003064,PT-912125,Other,Moderate,28,18.583739,73.97547,FALSE,FALSE,FALSE,FALSE,FALSE,FALSE,TRUE,FALSE,TRUE,Nephrologist,1,,2026-09-19 15:31:05,CREATED
REQ-003065,PT-923642,Road Accident,Critical,21,18.57636,73.725078,TRUE,TRUE,TRUE,TRUE,FALSE,TRUE,TRUE,TRUE,TRUE,Trauma Surgeon,1,,2026-09-19 15:31:16,CREATED
REQ-003066,PT-524600,Stroke,Critical,64,18.654855,73.802459,TRUE,FALSE,TRUE,FALSE,FALSE,TRUE,FALSE,FALSE,FALSE,Neurologist,1,AMB-032,2026-09-19 15:34:57,COMPLETED
REQ-003067,PT-324274,Stroke,High,76,18.656179,73.799983,TRUE,TRUE,FALSE,FALSE,FALSE,TRUE,FALSE,FALSE,FALSE,,1,AMB-006,2026-09-19 15:35:22,COMPLETED
REQ-003068,PT-894049,Road Accident,High,33,18.532927,73.866381,FALSE,FALSE,FALSE,TRUE,FALSE,FALSE,TRUE,TRUE,FALSE,,1,AMB-068,2026-09-19 15:37:15,COMPLETED
REQ-003069,PT-896464,Road Accident,High,21,18.546819,73.794133,FALSE,FALSE,FALSE,TRUE,FALSE,FALSE,TRUE,FALSE,FALSE,,1,,2026-09-19 15:41:34,MATCHING
REQ-003070,PT-643189,Cardiac,Low,75,18.651665,73.784788,FALSE,FALSE,TRUE,FALSE,TRUE,FALSE,FALSE,FALSE,FALSE,,1,,2026-09-19 15:45:28,MATCHING
REQ-003071,PT-690966,Stroke,High,63,18.634211,73.855484,FALSE,TRUE,TRUE,FALSE,FALSE,TRUE,FALSE,TRUE,FALSE,,1,AMB-024,2026-09-19 15:49:49,COMPLETED
REQ-003072,PT-269562,Burn,Moderate,69,18.454089,73.828453,FALSE,FALSE,FALSE,TRUE,FALSE,FALSE,FALSE,TRUE,FALSE,General Surgeon,1,,2026-09-19 15:50:52,MATCHING
REQ-003073,PT-364730,Cardiac,High,62,18.562016,73.785156,TRUE,FALSE,TRUE,FALSE,TRUE,FALSE,FALSE,FALSE,FALSE,Cardiologist,1,,2026-09-19 15:58:16,MATCHING
REQ-003074,PT-792058,Respiratory,Moderate,11,18.625084,73.820317,TRUE,FALSE,FALSE,FALSE,FALSE,FALSE,FALSE,FALSE,FALSE,,1,,2026-09-19 16:06:21,CREATED
REQ-003075,PT-510472,Other,Low,63,18.544647,73.811877,FALSE,FALSE,FALSE,FALSE,FALSE,FALSE,FALSE,FALSE,FALSE,,1,,2026-09-19 16:06:40,CREATED
REQ-003076,PT-306657,Stroke,High,69,18.457639,73.808937,TRUE,FALSE,FALSE,FALSE,FALSE,TRUE,FALSE,FALSE,FALSE,Neurologist,1,,2026-09-19 16:12:41,CREATED
REQ-003077,PT-625873,Cardiac,Critical,60,18.580446,73.77489,TRUE,TRUE,FALSE,FALSE,TRUE,FALSE,FALSE,TRUE,FALSE,,1,,2026-09-19 16:14:19,MATCHING
REQ-003078,PT-648599,Stroke,Low,76,18.540159,73.808243,FALSE,FALSE,FALSE,FALSE,FALSE,TRUE,FALSE,FALSE,FALSE,,1,,2026-09-19 16:17:11,CREATED
REQ-003079,PT-737162,Stroke,High,83,18.652141,73.781954,FALSE,FALSE,TRUE,FALSE,FALSE,TRUE,FALSE,FALSE,FALSE,Neurologist,1,AMB-001,2026-09-19 16:19:06,COMPLETED
REQ-003080,PT-139460,Respiratory,Moderate,65,18.555685,73.801444,FALSE,TRUE,TRUE,FALSE,FALSE,FALSE,FALSE,FALSE,FALSE,Pulmonologist,1,,2026-09-19 16:19:08,MATCHING
REQ-003081,PT-762022,Burn,High,33,18.652141,73.793502,TRUE,TRUE,FALSE,TRUE,FALSE,FALSE,FALSE,FALSE,TRUE,General Surgeon,1,AMB-012,2026-09-19 16:24:53,COMPLETED
REQ-003082,PT-753622,Burn,High,16,18.524414,73.889913,FALSE,TRUE,FALSE,FALSE,FALSE,FALSE,FALSE,TRUE,FALSE,,1,AMB-088,2026-09-19 16:28:51,COMPLETED
REQ-003083,PT-647130,Cardiac,Low,73,18.636155,73.76584,FALSE,FALSE,FALSE,FALSE,FALSE,FALSE,FALSE,FALSE,FALSE,,1,AMB-023,2026-09-19 16:29:30,COMPLETED
REQ-003084,PT-640159,Cardiac,Moderate,62,18.470056,73.897333,TRUE,FALSE,FALSE,FALSE,TRUE,TRUE,FALSE,FALSE,FALSE,Cardiologist,1,,2026-09-19 16:43:31,CREATED
REQ-003085,PT-960399,Stroke,Low,69,18.606161,73.730432,FALSE,FALSE,FALSE,FALSE,FALSE,TRUE,FALSE,FALSE,FALSE,,1,,2026-09-19 16:57:45,CREATED
REQ-003086,PT-813128,Respiratory,Moderate,64,18.528092,73.752999,FALSE,FALSE,TRUE,FALSE,FALSE,FALSE,FALSE,FALSE,FALSE,Pulmonologist,1,,2026-09-19 17:02:00,CREATED
REQ-003087,PT-484571,Other,Low,20,18.638152,73.802849,FALSE,FALSE,FALSE,FALSE,FALSE,FALSE,FALSE,FALSE,FALSE,,1,,2026-09-19 17:07:21,CREATED
REQ-003088,PT-444791,Cardiac,Critical,63,18.474895,73.893659,TRUE,FALSE,TRUE,FALSE,TRUE,FALSE,FALSE,FALSE,FALSE,,1,,2026-09-19 17:07:22,MATCHING
REQ-003089,PT-788125,Cardiac,Moderate,91,18.568906,73.910066,TRUE,FALSE,TRUE,FALSE,TRUE,FALSE,FALSE,FALSE,FALSE,,1,,2026-09-19 17:08:32,MATCHING
REQ-003090,PT-849556,Stroke,High,61,18.551247,73.95855,FALSE,FALSE,TRUE,FALSE,FALSE,TRUE,FALSE,FALSE,FALSE,Neurologist,1,,2026-09-19 17:08:59,MATCHING
REQ-003091,PT-808530,Stroke,Critical,57,18.549413,73.8693,TRUE,FALSE,FALSE,FALSE,FALSE,TRUE,FALSE,TRUE,FALSE,Neurologist,1,,2026-09-19 17:12:36,MATCHING
REQ-003092,PT-759978,Stroke,High,56,18.625857,73.774317,TRUE,FALSE,FALSE,FALSE,FALSE,FALSE,FALSE,FALSE,FALSE,Neurologist,1,,2026-09-19 17:12:40,MATCHING
REQ-003093,PT-483802,Stroke,Moderate,66,18.497937,73.931299,TRUE,FALSE,FALSE,FALSE,FALSE,TRUE,FALSE,FALSE,FALSE,,1,,2026-09-19 17:15:59,MATCHING
REQ-003094,PT-690989,Road Accident,Low,31,18.589684,73.973519,FALSE,FALSE,FALSE,FALSE,FALSE,FALSE,FALSE,FALSE,FALSE,,1,,2026-09-19 17:20:57,MATCHING
REQ-003095,PT-999357,Cardiac,High,53,18.607652,73.770263,TRUE,FALSE,FALSE,TRUE,TRUE,FALSE,FALSE,FALSE,FALSE,Cardiologist,1,,2026-09-19 17:23:07,CREATED
REQ-003096,PT-343644,Road Accident,Moderate,53,18.507349,73.918529,TRUE,FALSE,FALSE,FALSE,FALSE,TRUE,TRUE,FALSE,FALSE,,1,,2026-09-19 17:24:25,CREATED
REQ-003097,PT-896571,Stroke,Moderate,63,18.589203,73.999789,FALSE,FALSE,FALSE,FALSE,FALSE,TRUE,FALSE,FALSE,FALSE,Neurologist,1,,2026-09-19 17:30:39,MATCHING
REQ-003098,PT-303811,Cardiac,Moderate,56,18.495806,73.798555,FALSE,FALSE,FALSE,FALSE,TRUE,FALSE,FALSE,TRUE,FALSE,,1,,2026-09-19 17:31:31,CREATED
REQ-003099,PT-486471,Respiratory,Moderate,64,18.590334,73.915791,FALSE,FALSE,TRUE,FALSE,FALSE,FALSE,FALSE,FALSE,FALSE,,1,,2026-09-19 17:32:41,MATCHING
REQ-003100,PT-798177,Road Accident,Moderate,37,18.736666,73.671577,TRUE,FALSE,FALSE,TRUE,FALSE,FALSE,FALSE,TRUE,FALSE,,1,,2026-09-19 17:35:45,CREATED
REQ-003101,PT-418785,Other,Moderate,46,18.630474,73.798893,FALSE,FALSE,TRUE,FALSE,FALSE,FALSE,FALSE,TRUE,FALSE,,1,,2026-09-19 17:45:58,MATCHING
REQ-003102,PT-134672,Respiratory,High,10,18.498772,73.937063,TRUE,FALSE,TRUE,FALSE,FALSE,FALSE,FALSE,FALSE,FALSE,,1,,2026-09-19 17:47:34,MATCHING
REQ-003103,PT-839775,Road Accident,Low,38,18.664857,73.766445,FALSE,FALSE,FALSE,FALSE,FALSE,FALSE,FALSE,FALSE,FALSE,,1,,2026-09-19 18:05:51,CREATED
REQ-003104,PT-650551,Cardiac,Critical,66,18.515519,73.799962,TRUE,TRUE,FALSE,FALSE,TRUE,FALSE,FALSE,FALSE,FALSE,,1,AMB-055,2026-09-19 18:08:47,COMPLETED
REQ-003105,PT-945086,Cardiac,Moderate,53,18.657696,73.764465,FALSE,FALSE,TRUE,FALSE,TRUE,FALSE,FALSE,FALSE,FALSE,,1,,2026-09-19 18:10:49,MATCHING
REQ-003106,PT-869189,Cardiac,Moderate,62,18.439743,73.895054,FALSE,FALSE,TRUE,FALSE,TRUE,FALSE,FALSE,FALSE,FALSE,Cardiologist,1,AMB-072,2026-09-19 18:18:10,COMPLETED
REQ-003107,PT-555928,Respiratory,Critical,71,18.758392,73.872965,FALSE,FALSE,TRUE,FALSE,FALSE,FALSE,FALSE,FALSE,FALSE,Pulmonologist,1,AMB-022,2026-09-19 18:25:27,COMPLETED
REQ-003108,PT-225112,Burn,High,14,18.619078,73.793695,TRUE,FALSE,FALSE,TRUE,FALSE,FALSE,TRUE,FALSE,FALSE,,1,,2026-09-19 18:30:10,MATCHING
REQ-003109,PT-691074,Stroke,High,75,18.490689,73.809446,TRUE,FALSE,FALSE,FALSE,FALSE,TRUE,TRUE,FALSE,FALSE,,1,AMB-052,2026-09-19 18:31:35,COMPLETED
REQ-003110,PT-419695,Road Accident,High,23,18.500918,73.932331,TRUE,FALSE,TRUE,TRUE,FALSE,FALSE,FALSE,TRUE,FALSE,Trauma Surgeon,1,AMB-091,2026-09-19 18:34:05,COMPLETED
REQ-003111,PT-145441,Burn,High,18,18.583921,73.998026,TRUE,FALSE,TRUE,TRUE,FALSE,FALSE,TRUE,FALSE,FALSE,General Surgeon,1,,2026-09-19 18:36:58,MATCHING
REQ-003112,PT-433632,Respiratory,High,69,18.468433,73.842413,TRUE,FALSE,TRUE,FALSE,FALSE,FALSE,FALSE,FALSE,FALSE,Pulmonologist,1,AMB-081,2026-09-19 18:38:47,COMPLETED
REQ-003113,PT-424711,Burn,High,31,18.630803,73.784978,TRUE,FALSE,FALSE,FALSE,FALSE,FALSE,TRUE,FALSE,FALSE,General Surgeon,2,,2026-09-19 18:41:56,CREATED
REQ-003114,PT-671659,Other,High,75,18.650997,73.777291,TRUE,TRUE,FALSE,FALSE,FALSE,FALSE,FALSE,TRUE,TRUE,,1,AMB-049,2026-09-19 18:42:44,COMPLETED
REQ-003115,PT-136891,Road Accident,Critical,25,18.571158,73.781772,TRUE,TRUE,TRUE,TRUE,FALSE,FALSE,TRUE,TRUE,FALSE,General Surgeon,1,,2026-09-19 18:47:22,CREATED
REQ-003116,PT-728939,Stroke,Low,69,18.756951,73.876478,FALSE,FALSE,FALSE,FALSE,FALSE,TRUE,TRUE,FALSE,FALSE,,1,,2026-09-19 18:57:37,MATCHING
REQ-003117,PT-883551,Road Accident,Critical,17,18.493483,73.883114,TRUE,FALSE,FALSE,TRUE,FALSE,FALSE,TRUE,TRUE,FALSE,Trauma Surgeon,1,,2026-09-19 19:09:25,MATCHING
REQ-003118,PT-622131,Cardiac,Moderate,40,18.534575,73.818911,FALSE,FALSE,TRUE,FALSE,TRUE,FALSE,FALSE,FALSE,FALSE,,1,,2026-09-19 19:12:26,MATCHING
REQ-003119,PT-597127,Road Accident,Moderate,25,18.735804,73.693812,FALSE,FALSE,FALSE,TRUE,FALSE,FALSE,FALSE,FALSE,FALSE,,1,AMB-093,2026-09-19 19:29:26,COMPLETED
REQ-003120,PT-429578,Cardiac,High,68,18.46875,73.873382,FALSE,FALSE,FALSE,FALSE,TRUE,FALSE,FALSE,TRUE,FALSE,Cardiologist,1,AMB-053,2026-09-19 19:30:33,COMPLETED
REQ-003121,PT-853403,Burn,Moderate,14,18.518972,73.932179,TRUE,FALSE,TRUE,TRUE,FALSE,FALSE,TRUE,FALSE,FALSE,,1,AMB-080,2026-09-19 19:36:19,COMPLETED
REQ-003122,PT-953910,Stroke,Critical,68,18.517896,73.830063,TRUE,FALSE,TRUE,FALSE,TRUE,TRUE,FALSE,FALSE,FALSE,,1,AMB-073,2026-09-19 19:43:02,COMPLETED
REQ-003123,PT-614891,Respiratory,Low,11,18.549726,73.877213,FALSE,FALSE,TRUE,FALSE,FALSE,FALSE,FALSE,FALSE,FALSE,,1,AMB-061,2026-09-19 19:47:46,COMPLETED
REQ-003124,PT-279479,Stroke,Low,68,18.458391,73.867155,TRUE,FALSE,FALSE,FALSE,FALSE,TRUE,FALSE,FALSE,FALSE,,1,,2026-09-19 19:59:44,CREATED
REQ-003125,PT-491184,Road Accident,Critical,20,18.558625,73.904937,FALSE,FALSE,TRUE,FALSE,FALSE,FALSE,FALSE,TRUE,FALSE,Trauma Surgeon,1,AMB-018,2026-09-19 20:03:47,COMPLETED
REQ-003126,PT-751961,Road Accident,Moderate,24,18.565652,73.969142,FALSE,FALSE,FALSE,TRUE,FALSE,FALSE,TRUE,FALSE,FALSE,,1,,2026-09-19 20:08:21,CREATED
REQ-003127,PT-445859,Road Accident,Critical,68,18.489069,73.686813,TRUE,FALSE,FALSE,TRUE,FALSE,TRUE,TRUE,TRUE,TRUE,,1,AMB-070,2026-09-19 20:15:01,COMPLETED
REQ-003128,PT-975384,Road Accident,High,46,18.490389,73.685111,TRUE,FALSE,FALSE,TRUE,TRUE,FALSE,FALSE,FALSE,FALSE,Trauma Surgeon,1,,2026-09-19 20:15:34,NO_MATCH
REQ-003129,PT-144533,Other,Moderate,31,18.58365,73.734156,FALSE,FALSE,FALSE,FALSE,FALSE,TRUE,TRUE,FALSE,FALSE,,1,AMB-075,2026-09-19 20:35:53,NO_MATCH
REQ-003130,PT-651068,Road Accident,Critical,26,18.566839,73.78348,TRUE,FALSE,FALSE,TRUE,FALSE,FALSE,FALSE,TRUE,FALSE,,1,AMB-051,2026-09-19 20:48:57,COMPLETED
REQ-003131,PT-273320,Respiratory,Low,38,18.448374,73.859271,FALSE,FALSE,TRUE,FALSE,FALSE,FALSE,FALSE,FALSE,FALSE,,1,,2026-09-19 20:51:05,CREATED
REQ-003132,PT-668250,Burn,Moderate,25,18.523125,73.80051,FALSE,TRUE,TRUE,TRUE,FALSE,FALSE,FALSE,FALSE,FALSE,General Surgeon,1,,2026-09-19 20:57:38,MATCHING
REQ-003133,PT-296481,Other,Low,86,18.763227,73.85836,FALSE,FALSE,FALSE,FALSE,FALSE,FALSE,FALSE,TRUE,FALSE,Pulmonologist,1,AMB-022,2026-09-19 21:01:37,COMPLETED
REQ-003134,PT-407621,Respiratory,Moderate,8,18.618796,73.767727,FALSE,FALSE,FALSE,FALSE,FALSE,FALSE,FALSE,FALSE,FALSE,,1,AMB-007,2026-09-19 21:05:10,COMPLETED
REQ-003135,PT-119613,Stroke,Critical,78,18.532741,73.848486,TRUE,FALSE,FALSE,FALSE,TRUE,TRUE,FALSE,TRUE,FALSE,Neurologist,1,,2026-09-19 21:19:01,MATCHING
REQ-003136,PT-100043,Burn,Critical,56,18.586137,73.971597,TRUE,FALSE,FALSE,FALSE,FALSE,FALSE,FALSE,TRUE,TRUE,General Surgeon,1,AMB-043,2026-09-19 21:21:24,COMPLETED
REQ-003137,PT-459365,Road Accident,Critical,46,18.642981,73.85594,TRUE,FALSE,FALSE,TRUE,FALSE,FALSE,TRUE,TRUE,FALSE,General Surgeon,1,AMB-024,2026-09-19 21:33:53,COMPLETED
REQ-003138,PT-562792,Stroke,High,78,18.551194,73.922594,FALSE,FALSE,FALSE,FALSE,FALSE,TRUE,FALSE,FALSE,FALSE,Neurologist,1,,2026-09-19 21:38:38,CREATED
REQ-003139,PT-170327,Other,Low,5,18.769835,73.868583,FALSE,FALSE,FALSE,FALSE,FALSE,FALSE,FALSE,FALSE,FALSE,,1,,2026-09-19 21:50:35,CREATED
REQ-003140,PT-480862,Road Accident,Low,27,18.731113,73.686711,FALSE,FALSE,FALSE,TRUE,FALSE,FALSE,TRUE,FALSE,FALSE,,1,AMB-093,2026-09-19 22:12:09,COMPLETED
REQ-003141,PT-143275,Stroke,Moderate,77,18.479861,73.818787,FALSE,FALSE,FALSE,FALSE,FALSE,TRUE,FALSE,FALSE,FALSE,Neurologist,1,,2026-09-19 22:30:53,CREATED
REQ-003142,PT-450943,Cardiac,Moderate,65,18.56944,73.935172,FALSE,FALSE,FALSE,FALSE,TRUE,FALSE,FALSE,FALSE,FALSE,Cardiologist,1,,2026-09-19 22:36:05,MATCHING
REQ-003143,PT-560040,Respiratory,High,12,18.59722,73.736337,TRUE,TRUE,TRUE,FALSE,FALSE,FALSE,FALSE,FALSE,FALSE,Pulmonologist,1,,2026-09-19 22:44:58,CREATED
REQ-003144,PT-391748,Respiratory,Moderate,51,18.526714,73.753915,FALSE,FALSE,TRUE,FALSE,FALSE,FALSE,FALSE,FALSE,FALSE,,1,,2026-09-19 22:46:26,CREATED
REQ-003145,PT-361289,Burn,Moderate,19,18.601325,73.797301,FALSE,FALSE,FALSE,FALSE,FALSE,FALSE,FALSE,FALSE,FALSE,,2,,2026-09-19 22:55:42,MATCHING
REQ-003146,PT-507324,Other,Moderate,33,18.451499,73.897915,TRUE,TRUE,FALSE,FALSE,FALSE,FALSE,TRUE,FALSE,FALSE,,1,,2026-09-19 22:59:58,CREATED
REQ-003147,PT-926424,Stroke,High,73,18.651435,73.8062,FALSE,FALSE,FALSE,FALSE,FALSE,TRUE,FALSE,FALSE,FALSE,Neurologist,1,,2026-09-19 23:03:53,CREATED
REQ-003148,PT-271637,Cardiac,Critical,77,18.553005,73.917949,TRUE,FALSE,FALSE,FALSE,TRUE,FALSE,FALSE,FALSE,FALSE,Cardiologist,1,,2026-09-19 23:23:42,CREATED
REQ-003149,PT-389394,Burn,Low,58,18.526832,73.847657,FALSE,FALSE,FALSE,TRUE,FALSE,FALSE,FALSE,FALSE,FALSE,General Surgeon,1,,2026-09-19 23:26:22,CREATED
REQ-003150,PT-931986,Other,Moderate,75,18.477335,73.783058,TRUE,FALSE,FALSE,FALSE,FALSE,FALSE,FALSE,FALSE,FALSE,,1,,2026-09-19 23:32:08,CREATED
REQ-003151,PT-885906,Respiratory,Critical,6,18.605675,73.762592,TRUE,TRUE,TRUE,FALSE,FALSE,FALSE,FALSE,FALSE,FALSE,,1,AMB-007,2026-09-19 23:43:25,COMPLETED
REQ-003152,PT-730149,Cardiac,High,41,18.547643,73.854376,FALSE,FALSE,FALSE,FALSE,FALSE,TRUE,FALSE,FALSE,FALSE,,1,,2026-09-19 23:46:10,CREATED
REQ-003153,PT-225858,Road Accident,Low,31,18.633752,73.764891,FALSE,FALSE,FALSE,TRUE,FALSE,FALSE,FALSE,FALSE,FALSE,,1,,2026-09-19 23:54:36,CREATED
REQ-003154,PT-909774,Other,Moderate,52,18.515639,73.867249,TRUE,FALSE,FALSE,FALSE,FALSE,FALSE,FALSE,FALSE,FALSE,General Surgeon,1,,2026-09-19 23:56:21,MATCHING
REQ-003155,PT-495591,Cardiac,Moderate,56,18.589395,73.765186,FALSE,FALSE,FALSE,FALSE,TRUE,FALSE,FALSE,TRUE,FALSE,,1,,2026-09-20 00:06:01,MATCHING
REQ-003156,PT-942132,Other,Critical,35,18.508028,73.92554,FALSE,FALSE,FALSE,FALSE,FALSE,FALSE,TRUE,TRUE,FALSE,Cardiologist,1,,2026-09-20 00:36:16,CREATED
REQ-003157,PT-938013,Respiratory,Critical,81,18.606843,73.858114,TRUE,TRUE,TRUE,FALSE,TRUE,FALSE,FALSE,FALSE,FALSE,,1,,2026-09-20 00:42:40,CREATED
REQ-003158,PT-851386,Respiratory,Low,33,18.591833,73.739268,FALSE,FALSE,FALSE,FALSE,FALSE,FALSE,FALSE,FALSE,FALSE,,1,,2026-09-20 01:25:50,MATCHING
REQ-003159,PT-901496,Road Accident,High,86,18.619064,73.793151,TRUE,FALSE,FALSE,TRUE,FALSE,FALSE,TRUE,TRUE,FALSE,Trauma Surgeon,1,,2026-09-20 01:36:13,MATCHING
REQ-003160,PT-613581,Respiratory,High,9,18.564165,73.954667,TRUE,FALSE,TRUE,FALSE,FALSE,FALSE,FALSE,TRUE,FALSE,Pulmonologist,1,,2026-09-20 01:55:12,MATCHING
REQ-003161,PT-686964,Road Accident,Critical,36,18.564759,73.860475,TRUE,FALSE,TRUE,TRUE,FALSE,FALSE,TRUE,TRUE,FALSE,Trauma Surgeon,2,AMB-061,2026-09-20 02:26:52,NO_MATCH
REQ-003162,PT-152574,Other,Moderate,66,18.583616,73.91601,TRUE,FALSE,FALSE,FALSE,FALSE,FALSE,FALSE,FALSE,FALSE,Pulmonologist,1,,2026-09-20 03:14:13,CREATED
REQ-003163,PT-704170,Cardiac,Moderate,60,18.519696,73.931473,FALSE,FALSE,FALSE,FALSE,TRUE,FALSE,FALSE,FALSE,FALSE,Cardiologist,1,,2026-09-20 03:21:45,MATCHING
REQ-003164,PT-542240,Road Accident,Critical,24,18.592668,73.985179,TRUE,TRUE,FALSE,TRUE,FALSE,TRUE,TRUE,TRUE,FALSE,Neurologist,2,AMB-043,2026-09-20 03:30:13,COMPLETED
REQ-003165,PT-530365,Other,Critical,18,18.763029,73.840151,TRUE,FALSE,FALSE,FALSE,FALSE,FALSE,FALSE,FALSE,TRUE,Nephrologist,1,,2026-09-20 03:41:59,CREATED
REQ-003166,PT-439023,Cardiac,High,64,18.638435,73.839785,TRUE,FALSE,TRUE,FALSE,TRUE,FALSE,FALSE,FALSE,FALSE,,1,,2026-09-20 03:49:23,MATCHING
REQ-003167,PT-626859,Road Accident,Critical,35,18.514053,73.932862,FALSE,FALSE,TRUE,FALSE,FALSE,TRUE,TRUE,TRUE,FALSE,Trauma Surgeon,1,AMB-087,2026-09-20 04:01:16,COMPLETED
REQ-003168,PT-395649,Cardiac,Low,75,18.55211,73.89293,TRUE,TRUE,FALSE,FALSE,TRUE,FALSE,FALSE,FALSE,FALSE,,1,AMB-096,2026-09-20 04:02:43,COMPLETED
REQ-003169,PT-125060,Road Accident,Moderate,28,18.548569,73.880509,FALSE,FALSE,FALSE,TRUE,FALSE,FALSE,TRUE,FALSE,FALSE,,1,,2026-09-20 04:23:49,CREATED
REQ-003170,PT-704903,Cardiac,Low,51,18.498348,73.821153,FALSE,FALSE,FALSE,FALSE,TRUE,FALSE,FALSE,FALSE,FALSE,,1,AMB-052,2026-09-20 04:31:18,COMPLETED
REQ-003171,PT-165430,Road Accident,High,10,18.490614,73.819423,FALSE,FALSE,TRUE,TRUE,FALSE,FALSE,FALSE,TRUE,FALSE,Trauma Surgeon,1,,2026-09-20 04:41:48,CREATED
REQ-003172,PT-498108,Road Accident,High,33,18.509782,73.695391,TRUE,FALSE,TRUE,TRUE,FALSE,TRUE,FALSE,FALSE,FALSE,,1,,2026-09-20 05:21:35,CREATED
REQ-003173,PT-189708,Road Accident,Moderate,26,18.528284,73.703295,FALSE,FALSE,FALSE,FALSE,FALSE,FALSE,FALSE,FALSE,FALSE,,1,,2026-09-20 05:23:04,CREATED
REQ-003174,PT-635160,Road Accident,Low,45,18.600007,73.765789,FALSE,FALSE,FALSE,TRUE,FALSE,FALSE,FALSE,FALSE,FALSE,,1,,2026-09-20 05:30:05,MATCHING
REQ-003175,PT-529576,Burn,High,58,18.63537,73.846103,FALSE,FALSE,TRUE,TRUE,FALSE,FALSE,FALSE,TRUE,FALSE,,1,,2026-09-20 05:31:43,CREATED
REQ-003176,PT-757863,Other,Low,49,18.49394,73.814707,FALSE,FALSE,FALSE,FALSE,FALSE,FALSE,FALSE,FALSE,TRUE,Nephrologist,1,,2026-09-20 06:05:51,CREATED
REQ-003177,PT-266049,Stroke,High,56,18.640125,73.793624,TRUE,FALSE,TRUE,FALSE,FALSE,TRUE,FALSE,TRUE,FALSE,,1,,2026-09-20 06:21:25,CREATED
REQ-003178,PT-986216,Respiratory,Low,73,18.45035,73.864127,TRUE,TRUE,TRUE,FALSE,FALSE,FALSE,FALSE,FALSE,FALSE,,1,,2026-09-20 06:32:00,CREATED
REQ-003179,PT-412775,Other,Low,59,18.618976,73.794535,FALSE,FALSE,FALSE,FALSE,FALSE,FALSE,FALSE,FALSE,FALSE,,1,,2026-09-20 06:33:44,MATCHING
REQ-003180,PT-640351,Stroke,High,70,18.56928,73.770325,TRUE,TRUE,FALSE,FALSE,FALSE,TRUE,FALSE,FALSE,FALSE,Neurologist,1,,2026-09-20 06:39:17,MATCHING
REQ-003181,PT-451508,Road Accident,Low,38,18.58288,73.734141,TRUE,FALSE,FALSE,TRUE,FALSE,FALSE,FALSE,FALSE,FALSE,,1,AMB-075,2026-09-20 06:52:43,COMPLETED
REQ-003182,PT-223925,Respiratory,Critical,37,18.530239,73.918574,TRUE,TRUE,FALSE,FALSE,FALSE,FALSE,FALSE,FALSE,FALSE,Pulmonologist,1,,2026-09-20 07:03:03,CREATED
REQ-003183,PT-350295,Respiratory,High,53,18.64182,73.795403,TRUE,FALSE,FALSE,FALSE,FALSE,FALSE,FALSE,FALSE,FALSE,Pulmonologist,1,,2026-09-20 07:14:39,CREATED
REQ-003184,PT-694449,Respiratory,Critical,89,18.592605,73.739725,FALSE,FALSE,TRUE,FALSE,TRUE,FALSE,FALSE,FALSE,FALSE,Pulmonologist,1,,2026-09-20 07:18:52,CREATED
REQ-003185,PT-242104,Burn,Moderate,27,18.474983,73.828908,FALSE,FALSE,FALSE,FALSE,FALSE,FALSE,FALSE,FALSE,FALSE,General Surgeon,1,,2026-09-20 07:19:03,CREATED
REQ-003186,PT-259301,Respiratory,High,68,18.466878,73.821377,TRUE,FALSE,TRUE,FALSE,FALSE,FALSE,FALSE,FALSE,FALSE,,1,AMB-092,2026-09-20 07:33:42,COMPLETED
REQ-003187,PT-101184,Stroke,High,62,18.651219,73.782973,FALSE,FALSE,FALSE,FALSE,FALSE,TRUE,FALSE,FALSE,FALSE,,1,,2026-09-20 07:39:00,MATCHING
REQ-003188,PT-673690,Road Accident,Moderate,39,18.494396,73.811835,TRUE,TRUE,FALSE,FALSE,FALSE,FALSE,FALSE,FALSE,TRUE,,1,,2026-09-20 07:40:12,CREATED
REQ-003189,PT-322814,Burn,Moderate,11,18.598263,73.726227,FALSE,FALSE,TRUE,TRUE,FALSE,FALSE,FALSE,FALSE,FALSE,General Surgeon,1,,2026-09-20 07:51:34,MATCHING
REQ-003190,PT-339663,Cardiac,Critical,58,18.458089,73.876138,TRUE,TRUE,TRUE,FALSE,TRUE,FALSE,FALSE,TRUE,FALSE,Cardiologist,1,,2026-09-20 08:21:54,MATCHING
REQ-003191,PT-576864,Cardiac,Moderate,71,18.622999,73.852832,FALSE,FALSE,FALSE,FALSE,TRUE,FALSE,FALSE,FALSE,FALSE,,1,,2026-09-20 08:29:44,CREATED
REQ-003192,PT-515985,Road Accident,Moderate,18,18.453509,73.854684,FALSE,FALSE,TRUE,FALSE,FALSE,FALSE,FALSE,FALSE,FALSE,,1,,2026-09-20 08:31:19,CREATED
REQ-003193,PT-272184,Stroke,High,70,18.604605,73.780225,FALSE,FALSE,FALSE,FALSE,FALSE,TRUE,FALSE,FALSE,TRUE,,1,,2026-09-20 08:43:43,CREATED
REQ-003194,PT-922198,Cardiac,Critical,73,18.531364,73.869681,TRUE,TRUE,TRUE,FALSE,TRUE,FALSE,FALSE,FALSE,FALSE,Cardiologist,1,,2026-09-20 08:46:46,MATCHING
REQ-003195,PT-718013,Stroke,High,79,18.532161,73.80998,TRUE,FALSE,FALSE,FALSE,FALSE,TRUE,FALSE,FALSE,FALSE,Neurologist,1,AMB-055,2026-09-20 09:01:06,COMPLETED
REQ-003196,PT-504395,Stroke,High,66,18.506829,73.903424,TRUE,FALSE,FALSE,FALSE,FALSE,TRUE,FALSE,FALSE,FALSE,Neurologist,1,,2026-09-20 09:03:43,CREATED
REQ-003197,PT-277486,Other,Low,74,18.46393,73.869971,FALSE,FALSE,TRUE,FALSE,FALSE,FALSE,FALSE,FALSE,FALSE,,1,,2026-09-20 09:09:50,MATCHING
REQ-003198,PT-717088,Stroke,High,45,18.510714,73.941887,TRUE,FALSE,FALSE,FALSE,TRUE,TRUE,TRUE,FALSE,FALSE,Neurologist,1,,2026-09-20 09:10:28,MATCHING
REQ-003199,PT-857476,Respiratory,Moderate,5,18.725024,73.684431,FALSE,TRUE,TRUE,FALSE,FALSE,FALSE,FALSE,FALSE,FALSE,,1,,2026-09-20 09:15:13,CREATED
REQ-003200,PT-481185,Road Accident,High,43,18.493423,73.885817,TRUE,FALSE,TRUE,TRUE,FALSE,TRUE,FALSE,TRUE,FALSE,,1,,2026-09-20 09:17:49,CREATED
REQ-003201,PT-360112,Stroke,Moderate,61,18.509871,73.807718,TRUE,TRUE,FALSE,FALSE,FALSE,TRUE,FALSE,FALSE,FALSE,,1,,2026-09-20 09:24:02,MATCHING
REQ-003202,PT-238681,Stroke,High,60,18.517497,73.734156,TRUE,FALSE,FALSE,FALSE,FALSE,TRUE,FALSE,FALSE,FALSE,,1,,2026-09-20 09:24:51,MATCHING
REQ-003203,PT-803804,Road Accident,High,56,18.473486,73.858378,FALSE,FALSE,TRUE,TRUE,TRUE,TRUE,TRUE,TRUE,FALSE,Trauma Surgeon,1,,2026-09-20 09:25:01,CREATED
REQ-003204,PT-698901,Respiratory,Moderate,81,18.514642,73.854677,FALSE,FALSE,TRUE,FALSE,FALSE,FALSE,FALSE,FALSE,FALSE,,1,AMB-060,2026-09-20 09:34:02,COMPLETED
REQ-003205,PT-476979,Road Accident,High,12,18.743222,73.671952,TRUE,FALSE,FALSE,TRUE,FALSE,FALSE,TRUE,FALSE,FALSE,,1,,2026-09-20 09:34:29,MATCHING
REQ-003206,PT-260772,Respiratory,Low,56,18.52253,73.886574,FALSE,FALSE,TRUE,FALSE,FALSE,FALSE,FALSE,FALSE,FALSE,,1,,2026-09-20 09:45:20,CREATED
REQ-003207,PT-847792,Cardiac,High,66,18.73136,73.676732,FALSE,FALSE,TRUE,TRUE,TRUE,FALSE,FALSE,TRUE,FALSE,,1,,2026-09-20 09:53:34,NO_MATCH
REQ-003208,PT-315411,Cardiac,High,60,18.771619,73.848312,FALSE,FALSE,FALSE,FALSE,TRUE,FALSE,FALSE,FALSE,FALSE,Cardiologist,1,,2026-09-20 09:58:37,MATCHING
REQ-003209,PT-766550,Stroke,Critical,89,18.524866,73.859128,TRUE,TRUE,FALSE,FALSE,FALSE,TRUE,FALSE,TRUE,TRUE,Neurologist,1,,2026-09-20 10:11:57,MATCHING
REQ-003210,PT-152726,Road Accident,Low,20,18.498687,73.909207,FALSE,FALSE,FALSE,TRUE,FALSE,FALSE,FALSE,FALSE,FALSE,,1,AMB-099,2026-09-20 10:12:02,COMPLETED
REQ-003211,PT-316910,Respiratory,Moderate,8,18.523622,73.942764,FALSE,FALSE,TRUE,FALSE,FALSE,FALSE,FALSE,FALSE,FALSE,Pulmonologist,1,AMB-080,2026-09-20 10:25:15,NO_MATCH
REQ-003212,PT-109669,Respiratory,Moderate,0,18.590447,73.898856,FALSE,FALSE,FALSE,FALSE,FALSE,TRUE,FALSE,FALSE,FALSE,,1,AMB-009,2026-09-20 10:31:48,COMPLETED
REQ-003213,PT-746943,Cardiac,Critical,56,18.610765,73.764234,TRUE,TRUE,FALSE,FALSE,TRUE,TRUE,FALSE,FALSE,FALSE,Cardiologist,1,,2026-09-20 10:32:21,NO_MATCH
REQ-003214,PT-171510,Cardiac,Low,55,18.515936,73.695327,FALSE,FALSE,FALSE,FALSE,FALSE,FALSE,FALSE,FALSE,FALSE,,1,,2026-09-20 10:39:23,CREATED
REQ-003215,PT-591178,Stroke,Critical,62,18.522488,73.858443,TRUE,FALSE,TRUE,FALSE,FALSE,TRUE,TRUE,FALSE,FALSE,Neurologist,1,,2026-09-20 10:40:16,CREATED
REQ-003216,PT-459360,Respiratory,High,8,18.556399,73.921061,FALSE,FALSE,FALSE,FALSE,FALSE,FALSE,FALSE,FALSE,FALSE,Pulmonologist,1,,2026-09-20 11:05:25,CREATED
REQ-003217,PT-483303,Burn,High,33,18.550339,73.915492,TRUE,FALSE,FALSE,TRUE,FALSE,FALSE,TRUE,TRUE,FALSE,General Surgeon,1,,2026-09-20 11:05:34,MATCHING
REQ-003218,PT-871565,Stroke,High,52,18.503075,73.916802,FALSE,FALSE,FALSE,FALSE,FALSE,TRUE,FALSE,FALSE,FALSE,,1,AMB-087,2026-09-20 11:14:09,COMPLETED
REQ-003219,PT-764494,Cardiac,Critical,41,18.626282,73.847244,TRUE,FALSE,TRUE,FALSE,TRUE,FALSE,FALSE,FALSE,FALSE,Cardiologist,1,,2026-09-20 11:15:54,CREATED
REQ-003220,PT-159543,Road Accident,Critical,25,18.566561,73.980413,TRUE,TRUE,TRUE,TRUE,FALSE,FALSE,TRUE,TRUE,FALSE,Trauma Surgeon,1,AMB-019,2026-09-20 11:31:15,COMPLETED
REQ-003221,PT-369632,Road Accident,Low,40,18.495441,73.821219,FALSE,FALSE,FALSE,TRUE,FALSE,FALSE,FALSE,FALSE,FALSE,Trauma Surgeon,1,AMB-052,2026-09-20 11:31:37,COMPLETED
REQ-003222,PT-491594,Other,Low,71,18.762252,73.862019,FALSE,FALSE,TRUE,FALSE,FALSE,FALSE,FALSE,FALSE,FALSE,,1,,2026-09-20 11:35:15,MATCHING
REQ-003223,PT-682147,Stroke,Moderate,67,18.518736,73.945017,FALSE,FALSE,TRUE,FALSE,FALSE,FALSE,FALSE,FALSE,FALSE,,1,,2026-09-20 11:47:10,MATCHING
REQ-003224,PT-859929,Stroke,Moderate,72,18.616117,73.78057,TRUE,TRUE,FALSE,FALSE,FALSE,TRUE,FALSE,FALSE,FALSE,,1,AMB-012,2026-09-20 11:51:47,COMPLETED
REQ-003225,PT-649234,Road Accident,Critical,60,18.484208,73.808141,TRUE,FALSE,TRUE,TRUE,FALSE,FALSE,TRUE,FALSE,FALSE,General Surgeon,1,,2026-09-20 11:51:58,MATCHING
REQ-003226,PT-155907,Road Accident,Moderate,13,18.586405,73.972511,FALSE,FALSE,FALSE,TRUE,FALSE,FALSE,FALSE,FALSE,FALSE,,1,AMB-017,2026-09-20 12:00:38,COMPLETED
REQ-003227,PT-943545,Cardiac,High,40,18.505742,73.791466,FALSE,FALSE,FALSE,FALSE,FALSE,FALSE,FALSE,FALSE,FALSE,,1,,2026-09-20 12:01:58,CREATED
REQ-003228,PT-517698,Stroke,High,93,18.587584,73.962952,FALSE,FALSE,FALSE,FALSE,FALSE,TRUE,FALSE,FALSE,FALSE,,1,,2026-09-20 12:06:47,MATCHING
REQ-003229,PT-563724,Cardiac,High,86,18.534446,73.836259,FALSE,FALSE,FALSE,FALSE,TRUE,FALSE,FALSE,FALSE,FALSE,Cardiologist,1,AMB-073,2026-09-20 12:06:50,COMPLETED
REQ-003230,PT-778528,Respiratory,Low,43,18.562196,73.895118,FALSE,FALSE,TRUE,FALSE,FALSE,FALSE,FALSE,FALSE,FALSE,,1,,2026-09-20 12:08:56,MATCHING
REQ-003231,PT-652757,Burn,High,16,18.733085,73.669665,TRUE,FALSE,TRUE,TRUE,FALSE,FALSE,FALSE,TRUE,TRUE,General Surgeon,1,,2026-09-20 12:11:34,CREATED
REQ-003232,PT-537018,Road Accident,Critical,34,18.57074,73.99184,TRUE,TRUE,FALSE,TRUE,FALSE,FALSE,TRUE,TRUE,FALSE,Trauma Surgeon,1,AMB-043,2026-09-20 12:53:31,COMPLETED
REQ-003233,PT-429048,Road Accident,Critical,20,18.767123,73.864654,TRUE,TRUE,TRUE,TRUE,FALSE,TRUE,TRUE,TRUE,FALSE,Neurologist,1,AMB-022,2026-09-20 12:55:05,COMPLETED
REQ-003234,PT-807792,Cardiac,Critical,65,18.626313,73.788792,FALSE,FALSE,FALSE,FALSE,TRUE,FALSE,TRUE,FALSE,FALSE,Cardiologist,1,AMB-035,2026-09-20 13:01:17,COMPLETED
REQ-003235,PT-613911,Cardiac,High,41,18.64453,73.760263,TRUE,FALSE,FALSE,FALSE,FALSE,FALSE,FALSE,TRUE,FALSE,,1,,2026-09-20 13:07:11,MATCHING
REQ-003236,PT-814830,Burn,Moderate,43,18.558228,73.875159,FALSE,FALSE,FALSE,FALSE,FALSE,FALSE,FALSE,FALSE,FALSE,,1,,2026-09-20 13:18:25,MATCHING
REQ-003237,PT-482014,Cardiac,High,87,18.619415,73.801152,TRUE,FALSE,FALSE,FALSE,TRUE,FALSE,FALSE,FALSE,FALSE,Cardiologist,1,,2026-09-20 13:25:10,CREATED
REQ-003238,PT-479645,Cardiac,Moderate,66,18.513919,73.840761,TRUE,FALSE,FALSE,FALSE,TRUE,FALSE,FALSE,FALSE,FALSE,,1,,2026-09-20 13:33:52,CREATED
REQ-003239,PT-410368,Road Accident,High,22,18.581991,73.714818,TRUE,FALSE,FALSE,TRUE,FALSE,FALSE,FALSE,TRUE,FALSE,,1,,2026-09-20 13:35:37,MATCHING
REQ-003240,PT-951577,Stroke,High,88,18.568562,73.945634,FALSE,FALSE,TRUE,FALSE,FALSE,TRUE,FALSE,FALSE,FALSE,,1,,2026-09-20 13:42:47,CREATED
REQ-003241,PT-787025,Respiratory,Low,58,18.572733,73.937426,FALSE,FALSE,TRUE,FALSE,FALSE,FALSE,FALSE,FALSE,FALSE,,1,,2026-09-20 13:43:59,CREATED
REQ-003242,PT-995201,Respiratory,Moderate,53,18.505225,73.87332,FALSE,FALSE,FALSE,FALSE,FALSE,FALSE,FALSE,FALSE,FALSE,Pulmonologist,1,,2026-09-20 13:58:40,MATCHING
REQ-003243,PT-970227,Road Accident,Low,33,18.510254,73.933768,FALSE,FALSE,FALSE,TRUE,FALSE,FALSE,FALSE,FALSE,FALSE,Trauma Surgeon,1,AMB-087,2026-09-20 14:03:13,COMPLETED
REQ-003244,PT-332973,Road Accident,High,51,18.499879,73.904128,TRUE,FALSE,TRUE,TRUE,FALSE,TRUE,FALSE,FALSE,TRUE,Trauma Surgeon,1,AMB-088,2026-09-20 14:06:12,COMPLETED
REQ-003245,PT-283531,Cardiac,Low,46,18.532727,73.849446,FALSE,FALSE,FALSE,FALSE,TRUE,FALSE,FALSE,FALSE,FALSE,Cardiologist,1,,2026-09-20 14:11:47,CREATED
REQ-003246,PT-373912,Cardiac,Low,57,18.640264,73.844968,FALSE,FALSE,FALSE,FALSE,TRUE,FALSE,FALSE,FALSE,FALSE,,1,,2026-09-20 14:20:32,MATCHING
REQ-003247,PT-385716,Respiratory,Critical,45,18.637434,73.829343,FALSE,TRUE,TRUE,FALSE,TRUE,FALSE,FALSE,FALSE,FALSE,Pulmonologist,1,,2026-09-20 14:22:52,CREATED
REQ-003248,PT-579951,Cardiac,Low,55,18.620015,73.810056,FALSE,FALSE,FALSE,FALSE,TRUE,FALSE,FALSE,FALSE,FALSE,,1,AMB-048,2026-09-20 14:27:23,COMPLETED
REQ-003249,PT-569731,Road Accident,Moderate,47,18.564492,73.761437,FALSE,FALSE,TRUE,TRUE,FALSE,FALSE,FALSE,FALSE,FALSE,,1,AMB-002,2026-09-20 14:29:34,COMPLETED
REQ-003250,PT-831554,Cardiac,High,75,18.574087,73.89421,TRUE,TRUE,TRUE,FALSE,TRUE,FALSE,FALSE,FALSE,FALSE,,1,AMB-018,2026-09-20 14:36:15,COMPLETED
REQ-003251,PT-448411,Stroke,High,58,18.462393,73.922433,TRUE,FALSE,TRUE,FALSE,FALSE,TRUE,FALSE,FALSE,FALSE,,1,,2026-09-20 14:38:57,CREATED
REQ-003252,PT-373195,Road Accident,Moderate,56,18.730788,73.676918,FALSE,FALSE,FALSE,TRUE,FALSE,FALSE,TRUE,FALSE,FALSE,,1,AMB-093,2026-09-20 14:39:21,COMPLETED
REQ-003253,PT-847032,Cardiac,Moderate,62,18.541765,73.779575,TRUE,TRUE,FALSE,FALSE,TRUE,FALSE,FALSE,FALSE,FALSE,,1,,2026-09-20 14:41:01,CREATED
REQ-003254,PT-839872,Respiratory,Critical,47,18.566287,73.917123,TRUE,TRUE,TRUE,FALSE,TRUE,FALSE,FALSE,FALSE,FALSE,Pulmonologist,1,,2026-09-20 15:03:17,CREATED
REQ-003255,PT-122472,Stroke,High,75,18.742745,73.662554,FALSE,TRUE,FALSE,FALSE,FALSE,TRUE,FALSE,FALSE,FALSE,Neurologist,1,AMB-082,2026-09-20 15:06:27,COMPLETED
REQ-003256,PT-143389,Stroke,Critical,70,18.470005,73.790882,TRUE,FALSE,TRUE,FALSE,FALSE,TRUE,FALSE,FALSE,FALSE,Neurologist,1,,2026-09-20 15:08:40,CREATED
REQ-003257,PT-251068,Road Accident,Critical,43,18.527932,73.853359,TRUE,FALSE,TRUE,TRUE,TRUE,FALSE,TRUE,FALSE,FALSE,Trauma Surgeon,1,AMB-073,2026-09-20 15:15:18,COMPLETED
REQ-003258,PT-489810,Road Accident,High,62,18.526109,73.855209,TRUE,FALSE,FALSE,TRUE,FALSE,FALSE,TRUE,FALSE,FALSE,Trauma Surgeon,1,AMB-003,2026-09-20 15:15:44,NO_MATCH
REQ-003259,PT-741948,Burn,High,23,18.598737,73.966467,TRUE,FALSE,TRUE,FALSE,FALSE,FALSE,TRUE,FALSE,FALSE,General Surgeon,1,,2026-09-20 15:16:03,CREATED
REQ-003260,PT-712678,Road Accident,Moderate,33,18.594068,73.719001,FALSE,FALSE,FALSE,TRUE,FALSE,FALSE,FALSE,FALSE,FALSE,,1,AMB-075,2026-09-20 15:46:55,COMPLETED
REQ-003261,PT-425341,Cardiac,Critical,63,18.519565,73.843742,FALSE,FALSE,FALSE,FALSE,TRUE,TRUE,FALSE,TRUE,FALSE,Cardiologist,1,AMB-003,2026-09-20 15:56:18,COMPLETED
REQ-003262,PT-460166,Respiratory,Critical,69,18.53663,73.887317,TRUE,TRUE,TRUE,FALSE,FALSE,FALSE,FALSE,FALSE,FALSE,Pulmonologist,1,,2026-09-20 16:12:30,CREATED
REQ-003263,PT-510305,Other,Low,33,18.572672,73.744192,FALSE,FALSE,FALSE,FALSE,FALSE,FALSE,FALSE,FALSE,FALSE,,1,,2026-09-20 16:20:40,MATCHING
REQ-003264,PT-394848,Cardiac,Critical,32,18.510306,73.890623,TRUE,FALSE,TRUE,FALSE,TRUE,FALSE,FALSE,FALSE,FALSE,Cardiologist,1,,2026-09-20 16:20:59,CREATED
REQ-003265,PT-713215,Respiratory,Moderate,0,18.628601,73.789147,FALSE,FALSE,TRUE,FALSE,FALSE,FALSE,FALSE,FALSE,FALSE,,1,,2026-09-20 16:24:43,MATCHING
REQ-003266,PT-259181,Respiratory,Low,74,18.746381,73.850325,FALSE,FALSE,TRUE,FALSE,FALSE,FALSE,FALSE,FALSE,FALSE,,1,,2026-09-20 17:03:41,CREATED
REQ-003267,PT-419140,Cardiac,High,64,18.557082,73.925598,TRUE,TRUE,FALSE,FALSE,TRUE,FALSE,FALSE,FALSE,FALSE,Cardiologist,1,,2026-09-20 17:26:17,MATCHING
REQ-003268,PT-124129,Stroke,Critical,71,18.509892,73.701021,TRUE,FALSE,FALSE,FALSE,FALSE,TRUE,FALSE,FALSE,FALSE,Neurologist,1,AMB-070,2026-09-20 17:31:05,COMPLETED
REQ-003269,PT-273386,Respiratory,Moderate,53,18.504131,73.816326,TRUE,FALSE,TRUE,FALSE,FALSE,FALSE,FALSE,FALSE,FALSE,,1,,2026-09-20 17:33:09,CREATED
REQ-003270,PT-202043,Road Accident,Low,63,18.515719,73.656038,TRUE,FALSE,FALSE,TRUE,FALSE,FALSE,FALSE,FALSE,FALSE,,1,,2026-09-20 17:47:47,CREATED
REQ-003271,PT-229871,Road Accident,High,34,18.511067,73.660524,FALSE,TRUE,TRUE,FALSE,FALSE,FALSE,TRUE,TRUE,FALSE,,2,,2026-09-20 17:53:01,MATCHING
REQ-003272,PT-783292,Cardiac,Low,76,18.59771,73.975573,FALSE,FALSE,FALSE,FALSE,TRUE,FALSE,FALSE,FALSE,FALSE,Cardiologist,1,AMB-017,2026-09-20 18:10:52,COMPLETED
REQ-003273,PT-647681,Burn,Moderate,18,18.626301,73.827118,FALSE,FALSE,FALSE,FALSE,FALSE,FALSE,TRUE,TRUE,FALSE,General Surgeon,1,,2026-09-20 18:13:41,MATCHING
REQ-003274,PT-662331,Cardiac,High,53,18.44668,73.891846,FALSE,FALSE,TRUE,FALSE,FALSE,FALSE,FALSE,FALSE,FALSE,Cardiologist,1,,2026-09-20 18:14:59,CREATED
REQ-003275,PT-179170,Burn,Moderate,10,18.636309,73.790265,FALSE,FALSE,FALSE,TRUE,FALSE,FALSE,FALSE,FALSE,FALSE,,1,,2026-09-20 18:18:12,MATCHING
REQ-003276,PT-412028,Cardiac,Moderate,74,18.557911,73.879537,TRUE,FALSE,FALSE,FALSE,TRUE,FALSE,FALSE,FALSE,FALSE,Cardiologist,1,,2026-09-20 18:31:51,CREATED
REQ-003277,PT-502218,Stroke,High,80,18.505732,73.911987,TRUE,TRUE,FALSE,FALSE,FALSE,TRUE,FALSE,FALSE,FALSE,Neurologist,1,AMB-090,2026-09-20 18:35:40,COMPLETED
REQ-003278,PT-455437,Road Accident,Low,47,18.553836,73.883841,FALSE,FALSE,FALSE,TRUE,FALSE,FALSE,FALSE,FALSE,FALSE,,1,AMB-096,2026-09-20 18:35:56,COMPLETED
REQ-003279,PT-262561,Cardiac,High,61,18.56076,73.866088,FALSE,FALSE,TRUE,FALSE,TRUE,TRUE,FALSE,FALSE,FALSE,Cardiologist,1,,2026-09-20 18:37:53,CREATED
REQ-003280,PT-345649,Road Accident,Moderate,27,18.499901,73.693928,TRUE,FALSE,FALSE,TRUE,FALSE,FALSE,FALSE,FALSE,FALSE,,1,AMB-025,2026-09-20 18:37:55,COMPLETED
REQ-003281,PT-757007,Road Accident,Moderate,45,18.560419,73.788217,TRUE,FALSE,FALSE,TRUE,FALSE,FALSE,TRUE,FALSE,FALSE,,1,,2026-09-20 18:43:22,MATCHING
REQ-003282,PT-909006,Stroke,Low,71,18.559714,73.98224,TRUE,FALSE,FALSE,FALSE,FALSE,TRUE,FALSE,FALSE,FALSE,,1,,2026-09-20 18:45:05,CREATED
REQ-003283,PT-532627,Cardiac,Moderate,45,18.66503,73.769152,FALSE,FALSE,FALSE,FALSE,FALSE,FALSE,FALSE,FALSE,FALSE,,1,,2026-09-20 18:56:34,MATCHING
REQ-003284,PT-728353,Road Accident,Moderate,39,18.595545,73.903572,TRUE,TRUE,FALSE,TRUE,FALSE,FALSE,FALSE,FALSE,FALSE,,1,,2026-09-20 18:57:22,CREATED
REQ-003285,PT-371024,Respiratory,High,7,18.436402,73.881187,TRUE,TRUE,TRUE,FALSE,FALSE,FALSE,FALSE,FALSE,FALSE,Pulmonologist,1,,2026-09-20 18:59:54,CREATED
REQ-003286,PT-504134,Burn,Low,25,18.522704,73.908076,FALSE,FALSE,FALSE,TRUE,FALSE,FALSE,FALSE,FALSE,FALSE,,1,,2026-09-20 19:02:02,MATCHING
REQ-003287,PT-842810,Respiratory,Low,67,18.502607,73.855944,TRUE,TRUE,FALSE,FALSE,FALSE,TRUE,FALSE,FALSE,FALSE,,1,,2026-09-20 19:07:00,MATCHING
REQ-003288,PT-841577,Road Accident,High,32,18.502658,73.871766,FALSE,FALSE,TRUE,FALSE,FALSE,FALSE,FALSE,FALSE,FALSE,,1,AMB-003,2026-09-20 19:11:42,COMPLETED
REQ-003289,PT-828901,Road Accident,High,41,18.632602,73.762136,TRUE,TRUE,FALSE,FALSE,FALSE,FALSE,FALSE,TRUE,FALSE,Trauma Surgeon,1,,2026-09-20 19:14:57,CREATED
REQ-003290,PT-917357,Other,Low,14,18.58318,73.723446,FALSE,FALSE,FALSE,FALSE,FALSE,FALSE,FALSE,FALSE,FALSE,,1,,2026-09-20 19:15:11,CREATED
REQ-003291,PT-553470,Cardiac,Critical,78,18.505906,73.693947,TRUE,TRUE,TRUE,FALSE,TRUE,FALSE,FALSE,FALSE,FALSE,,1,AMB-076,2026-09-20 19:16:36,COMPLETED
REQ-003292,PT-434339,Cardiac,High,64,18.629498,73.78831,TRUE,TRUE,TRUE,FALSE,TRUE,FALSE,FALSE,FALSE,FALSE,,1,,2026-09-20 19:22:42,CREATED
REQ-003293,PT-976047,Cardiac,Moderate,85,18.642145,73.789489,FALSE,FALSE,TRUE,FALSE,TRUE,FALSE,FALSE,FALSE,FALSE,,1,,2026-09-20 19:25:00,CREATED
REQ-003294,PT-919087,Road Accident,Low,27,18.521567,73.817701,FALSE,FALSE,FALSE,TRUE,FALSE,FALSE,FALSE,FALSE,FALSE,,1,,2026-09-20 19:29:59,MATCHING
REQ-003295,PT-724622,Cardiac,Moderate,57,18.61275,73.782575,FALSE,FALSE,FALSE,FALSE,TRUE,FALSE,FALSE,FALSE,FALSE,Cardiologist,1,AMB-044,2026-09-20 19:47:37,COMPLETED
REQ-003296,PT-408750,Stroke,Moderate,67,18.584505,73.734108,FALSE,FALSE,FALSE,FALSE,FALSE,TRUE,FALSE,FALSE,FALSE,,1,AMB-075,2026-09-20 19:51:10,COMPLETED
REQ-003297,PT-228664,Other,Moderate,38,18.761554,73.860816,FALSE,FALSE,FALSE,FALSE,FALSE,FALSE,FALSE,FALSE,FALSE,,1,AMB-022,2026-09-20 19:54:31,COMPLETED
REQ-003298,PT-928737,Road Accident,Critical,34,18.458066,73.901311,TRUE,TRUE,FALSE,TRUE,FALSE,TRUE,TRUE,TRUE,FALSE,Neurologist,1,AMB-085,2026-09-20 19:55:36,COMPLETED
REQ-003299,PT-703448,Road Accident,High,56,18.490951,73.68373,TRUE,TRUE,FALSE,FALSE,FALSE,FALSE,TRUE,FALSE,FALSE,Trauma Surgeon,4,,2026-09-20 19:55:38,CREATED
REQ-003300,PT-227223,Stroke,Critical,73,18.581412,73.73199,TRUE,FALSE,TRUE,FALSE,FALSE,TRUE,FALSE,FALSE,FALSE,,1,AMB-007,2026-09-20 20:26:02,COMPLETED
REQ-003301,PT-517284,Stroke,High,60,18.498932,73.901723,TRUE,FALSE,TRUE,FALSE,TRUE,TRUE,FALSE,TRUE,FALSE,Neurologist,1,,2026-09-20 20:34:25,MATCHING
REQ-003302,PT-214767,Road Accident,Moderate,72,18.508325,73.792274,FALSE,FALSE,FALSE,TRUE,FALSE,FALSE,FALSE,FALSE,FALSE,Trauma Surgeon,1,,2026-09-20 20:44:01,CREATED
REQ-003303,PT-546397,Other,Moderate,82,18.509669,73.868485,TRUE,TRUE,FALSE,FALSE,FALSE,FALSE,FALSE,FALSE,FALSE,,1,,2026-09-20 20:44:20,CREATED
REQ-003304,PT-696031,Other,High,64,18.560018,73.941955,FALSE,FALSE,TRUE,FALSE,FALSE,FALSE,FALSE,TRUE,FALSE,Cardiologist,1,AMB-059,2026-09-20 20:58:23,COMPLETED
REQ-003305,PT-703824,Cardiac,Low,57,18.633306,73.790362,FALSE,FALSE,FALSE,FALSE,TRUE,FALSE,FALSE,FALSE,FALSE,,1,AMB-012,2026-09-20 20:59:06,COMPLETED
REQ-003306,PT-261974,Cardiac,High,79,18.628263,73.758852,FALSE,FALSE,TRUE,FALSE,TRUE,FALSE,FALSE,FALSE,FALSE,,1,AMB-035,2026-09-20 21:00:56,COMPLETED
REQ-003307,PT-765547,Respiratory,Moderate,54,18.593522,73.744186,TRUE,FALSE,TRUE,FALSE,FALSE,FALSE,FALSE,FALSE,FALSE,Pulmonologist,1,,2026-09-20 21:01:26,MATCHING
REQ-003308,PT-404009,Cardiac,High,38,18.64006,73.804608,TRUE,TRUE,FALSE,FALSE,TRUE,FALSE,FALSE,TRUE,FALSE,Cardiologist,1,,2026-09-20 21:03:05,CREATED
REQ-003309,PT-556728,Road Accident,Low,29,18.769986,73.879576,FALSE,FALSE,FALSE,TRUE,FALSE,FALSE,FALSE,FALSE,FALSE,,1,,2026-09-20 21:08:58,MATCHING
REQ-003310,PT-651043,Other,Low,54,18.77063,73.861475,FALSE,FALSE,FALSE,FALSE,FALSE,FALSE,FALSE,FALSE,FALSE,,1,,2026-09-20 21:18:24,CREATED
REQ-003311,PT-603437,Road Accident,Moderate,29,18.552235,73.874471,FALSE,FALSE,FALSE,TRUE,FALSE,FALSE,FALSE,FALSE,FALSE,,1,,2026-09-20 21:25:17,CREATED
REQ-003312,PT-876239,Respiratory,Moderate,93,18.547158,73.83137,FALSE,FALSE,FALSE,FALSE,FALSE,FALSE,FALSE,FALSE,FALSE,,1,,2026-09-20 21:25:42,MATCHING
REQ-003313,PT-381354,Road Accident,Low,20,18.738715,73.671358,FALSE,FALSE,FALSE,FALSE,FALSE,FALSE,FALSE,TRUE,FALSE,,1,AMB-082,2026-09-20 21:35:04,COMPLETED
REQ-003314,PT-261576,Stroke,Critical,68,18.599431,73.997764,TRUE,FALSE,FALSE,FALSE,TRUE,TRUE,FALSE,TRUE,FALSE,Neurologist,1,,2026-09-20 21:38:18,CREATED
REQ-003315,PT-837900,Road Accident,Critical,23,18.470288,73.800816,TRUE,TRUE,TRUE,TRUE,FALSE,TRUE,TRUE,FALSE,FALSE,Trauma Surgeon,1,,2026-09-20 21:44:57,MATCHING
REQ-003316,PT-793737,Cardiac,Moderate,77,18.623782,73.852381,TRUE,TRUE,FALSE,FALSE,TRUE,FALSE,FALSE,FALSE,FALSE,,1,,2026-09-20 21:50:07,CREATED
REQ-003317,PT-857133,Cardiac,High,60,18.536459,73.870199,FALSE,TRUE,FALSE,FALSE,FALSE,FALSE,FALSE,FALSE,FALSE,Cardiologist,1,AMB-061,2026-09-20 21:50:55,COMPLETED
REQ-003318,PT-807064,Road Accident,Critical,72,18.544468,73.81503,TRUE,FALSE,FALSE,TRUE,FALSE,FALSE,TRUE,FALSE,FALSE,General Surgeon,1,,2026-09-20 22:00:05,MATCHING
REQ-003319,PT-123764,Road Accident,Moderate,30,18.450681,73.856742,FALSE,FALSE,TRUE,FALSE,FALSE,TRUE,FALSE,FALSE,FALSE,,1,AMB-033,2026-09-20 22:17:31,COMPLETED
REQ-003320,PT-774994,Cardiac,Low,51,18.495969,73.78966,FALSE,FALSE,TRUE,FALSE,TRUE,FALSE,FALSE,FALSE,FALSE,,1,,2026-09-20 22:18:20,CREATED
REQ-003321,PT-887699,Other,Low,70,18.664967,73.75927,FALSE,FALSE,FALSE,FALSE,FALSE,FALSE,FALSE,FALSE,FALSE,,1,,2026-09-20 22:48:33,CREATED
REQ-003322,PT-497146,Road Accident,High,75,18.652464,73.766932,TRUE,FALSE,FALSE,FALSE,FALSE,TRUE,FALSE,FALSE,FALSE,,1,,2026-09-20 22:48:51,CREATED
REQ-003323,PT-824756,Burn,Critical,26,18.559803,73.880834,TRUE,FALSE,TRUE,TRUE,FALSE,FALSE,FALSE,TRUE,FALSE,General Surgeon,1,,2026-09-20 22:56:33,CREATED
REQ-003324,PT-313729,Respiratory,Low,79,18.584227,73.739603,FALSE,FALSE,TRUE,FALSE,FALSE,FALSE,FALSE,FALSE,FALSE,,1,AMB-075,2026-09-20 22:59:44,COMPLETED
REQ-003325,PT-442210,Other,Moderate,12,18.555496,73.795207,FALSE,FALSE,FALSE,FALSE,FALSE,FALSE,FALSE,FALSE,FALSE,Cardiologist,1,,2026-09-20 23:37:42,MATCHING
REQ-003326,PT-592163,Burn,High,38,18.557903,73.987201,FALSE,FALSE,TRUE,TRUE,FALSE,FALSE,FALSE,TRUE,FALSE,General Surgeon,1,,2026-09-21 00:15:27,MATCHING
REQ-003327,PT-262845,Stroke,Critical,79,18.538511,73.859965,TRUE,TRUE,TRUE,FALSE,FALSE,TRUE,FALSE,FALSE,TRUE,Neurologist,1,AMB-061,2026-09-21 00:25:30,NO_MATCH
REQ-003328,PT-673780,Cardiac,Critical,64,18.532666,73.783862,TRUE,TRUE,FALSE,FALSE,TRUE,FALSE,FALSE,TRUE,FALSE,,1,,2026-09-21 00:30:15,MATCHING
REQ-003329,PT-496131,Other,High,66,18.533934,73.728553,FALSE,FALSE,FALSE,FALSE,TRUE,FALSE,FALSE,FALSE,FALSE,,1,,2026-09-21 00:34:51,MATCHING
REQ-003330,PT-718933,Road Accident,Critical,48,18.520359,73.923407,TRUE,TRUE,FALSE,TRUE,FALSE,TRUE,TRUE,FALSE,FALSE,General Surgeon,1,,2026-09-21 00:35:55,MATCHING
REQ-003331,PT-919409,Road Accident,Low,44,18.738238,73.677826,FALSE,FALSE,FALSE,TRUE,FALSE,FALSE,FALSE,FALSE,FALSE,,1,,2026-09-21 00:40:21,CREATED
REQ-003332,PT-811592,Respiratory,Moderate,9,18.497371,73.935625,TRUE,TRUE,TRUE,FALSE,FALSE,FALSE,TRUE,FALSE,FALSE,Pulmonologist,1,,2026-09-21 00:44:12,CREATED
REQ-003333,PT-524605,Road Accident,Moderate,43,18.550288,73.926298,FALSE,FALSE,FALSE,TRUE,FALSE,FALSE,FALSE,TRUE,FALSE,,1,,2026-09-21 01:54:07,MATCHING
REQ-003334,PT-834768,Cardiac,High,59,18.519944,73.817076,TRUE,FALSE,FALSE,FALSE,FALSE,FALSE,FALSE,FALSE,FALSE,,1,,2026-09-21 02:47:05,MATCHING
REQ-003335,PT-404642,Road Accident,Low,64,18.500252,73.688585,FALSE,FALSE,FALSE,TRUE,FALSE,FALSE,FALSE,FALSE,FALSE,,1,AMB-070,2026-09-21 04:11:50,COMPLETED
REQ-003336,PT-805902,Road Accident,Critical,31,18.464959,73.864377,FALSE,FALSE,TRUE,TRUE,FALSE,FALSE,TRUE,TRUE,TRUE,Trauma Surgeon,1,,2026-09-21 04:18:44,MATCHING
REQ-003337,PT-793121,Respiratory,Low,6,18.541288,73.88032,FALSE,FALSE,TRUE,FALSE,FALSE,FALSE,TRUE,FALSE,FALSE,,1,AMB-061,2026-09-21 05:43:31,COMPLETED
REQ-003338,PT-912575,Cardiac,Critical,60,18.609115,73.75914,TRUE,FALSE,TRUE,FALSE,TRUE,FALSE,FALSE,TRUE,FALSE,,1,,2026-09-21 06:00:50,MATCHING
REQ-003339,PT-473645,Other,Moderate,16,18.49819,73.93038,FALSE,FALSE,FALSE,FALSE,FALSE,FALSE,FALSE,FALSE,FALSE,,1,AMB-091,2026-09-21 06:30:31,COMPLETED
REQ-003340,PT-254250,Other,Critical,62,18.595649,73.760034,FALSE,FALSE,FALSE,FALSE,FALSE,FALSE,FALSE,FALSE,FALSE,,1,AMB-007,2026-09-21 06:45:13,COMPLETED
REQ-003341,PT-122639,Road Accident,Moderate,39,18.481505,73.935618,FALSE,FALSE,FALSE,TRUE,FALSE,FALSE,TRUE,FALSE,FALSE,,1,,2026-09-21 07:13:40,CREATED
REQ-003342,PT-524718,Respiratory,Low,30,18.584444,73.730796,FALSE,FALSE,TRUE,FALSE,FALSE,FALSE,FALSE,FALSE,FALSE,,1,,2026-09-21 07:29:32,MATCHING
REQ-003343,PT-784691,Road Accident,Critical,34,18.551066,73.896507,TRUE,FALSE,FALSE,TRUE,FALSE,FALSE,TRUE,TRUE,FALSE,Trauma Surgeon,1,,2026-09-21 07:37:37,MATCHING
REQ-003344,PT-958021,Road Accident,High,22,18.472192,73.856126,TRUE,TRUE,TRUE,TRUE,FALSE,FALSE,FALSE,TRUE,FALSE,General Surgeon,1,,2026-09-21 07:40:34,MATCHING
REQ-003345,PT-415361,Cardiac,High,65,18.620226,73.794638,TRUE,TRUE,FALSE,FALSE,TRUE,FALSE,TRUE,FALSE,FALSE,,1,,2026-09-21 07:41:54,MATCHING
REQ-003346,PT-102921,Other,Low,23,18.480258,73.850921,FALSE,FALSE,FALSE,FALSE,FALSE,FALSE,FALSE,FALSE,FALSE,,1,,2026-09-21 07:50:37,MATCHING
REQ-003347,PT-649792,Stroke,Critical,81,18.532918,73.874461,TRUE,FALSE,TRUE,FALSE,FALSE,TRUE,FALSE,FALSE,FALSE,Neurologist,1,,2026-09-21 07:56:15,CREATED
REQ-003348,PT-105632,Other,Moderate,84,18.565596,73.791514,FALSE,FALSE,FALSE,FALSE,FALSE,FALSE,FALSE,FALSE,FALSE,,1,,2026-09-21 07:59:42,MATCHING
REQ-003349,PT-457487,Cardiac,High,51,18.484337,73.799677,TRUE,FALSE,FALSE,FALSE,TRUE,FALSE,FALSE,TRUE,TRUE,,1,AMB-052,2026-09-21 08:14:01,COMPLETED
REQ-003350,PT-853342,Cardiac,High,54,18.441318,73.921844,TRUE,TRUE,FALSE,FALSE,TRUE,FALSE,FALSE,FALSE,FALSE,,1,,2026-09-21 08:14:28,CREATED
REQ-003351,PT-743882,Road Accident,Critical,13,18.744372,73.857635,TRUE,FALSE,TRUE,TRUE,FALSE,FALSE,TRUE,TRUE,FALSE,General Surgeon,1,,2026-09-21 08:18:57,CREATED
REQ-003352,PT-539487,Cardiac,Moderate,77,18.628756,73.780128,FALSE,FALSE,FALSE,FALSE,TRUE,FALSE,FALSE,FALSE,FALSE,Cardiologist,1,,2026-09-21 08:21:59,MATCHING
REQ-003353,PT-397108,Respiratory,Low,84,18.507938,73.689962,FALSE,FALSE,FALSE,FALSE,FALSE,FALSE,FALSE,FALSE,FALSE,,1,,2026-09-21 08:23:07,MATCHING
REQ-003354,PT-125376,Respiratory,High,71,18.58326,73.919414,FALSE,FALSE,TRUE,FALSE,FALSE,FALSE,FALSE,FALSE,FALSE,Pulmonologist,1,,2026-09-21 08:35:50,CREATED
REQ-003355,PT-970886,Stroke,High,57,18.640943,73.778978,TRUE,FALSE,TRUE,FALSE,FALSE,TRUE,FALSE,FALSE,FALSE,Neurologist,1,,2026-09-21 08:39:39,MATCHING
REQ-003356,PT-998242,Road Accident,Moderate,36,18.510412,73.908032,TRUE,FALSE,FALSE,FALSE,FALSE,FALSE,FALSE,FALSE,FALSE,,1,AMB-097,2026-09-21 08:42:01,COMPLETED
REQ-003357,PT-488028,Road Accident,Critical,57,18.50482,73.67046,TRUE,FALSE,TRUE,TRUE,FALSE,FALSE,FALSE,FALSE,FALSE,,1,AMB-070,2026-09-21 08:42:20,COMPLETED
REQ-003358,PT-876872,Stroke,Moderate,37,18.60321,73.780259,FALSE,FALSE,FALSE,FALSE,FALSE,TRUE,TRUE,FALSE,FALSE,,1,AMB-044,2026-09-21 08:49:11,COMPLETED
REQ-003359,PT-852408,Burn,Low,44,18.617266,73.808562,FALSE,FALSE,FALSE,TRUE,FALSE,FALSE,FALSE,FALSE,FALSE,General Surgeon,1,,2026-09-21 09:24:50,CREATED
REQ-003360,PT-933754,Road Accident,High,54,18.487603,73.876685,TRUE,FALSE,FALSE,TRUE,FALSE,TRUE,FALSE,TRUE,FALSE,,4,,2026-09-21 09:41:10,MATCHING
REQ-003361,PT-193575,Burn,Moderate,60,18.7582,73.852222,TRUE,TRUE,FALSE,TRUE,FALSE,FALSE,TRUE,FALSE,FALSE,,1,,2026-09-21 09:47:26,CREATED
REQ-003362,PT-110392,Cardiac,Low,42,18.598729,73.767602,FALSE,FALSE,FALSE,FALSE,TRUE,FALSE,FALSE,FALSE,FALSE,,1,AMB-007,2026-09-21 09:55:13,COMPLETED
REQ-003363,PT-476337,Other,Critical,6,18.536973,73.685001,TRUE,TRUE,FALSE,TRUE,FALSE,TRUE,TRUE,TRUE,FALSE,Neurologist,1,AMB-025,2026-09-21 09:57:13,COMPLETED
REQ-003364,PT-885987,Road Accident,Moderate,23,18.475213,73.817423,TRUE,TRUE,FALSE,TRUE,FALSE,FALSE,FALSE,FALSE,TRUE,,1,,2026-09-21 10:07:01,MATCHING
REQ-003365,PT-663231,Stroke,Moderate,69,18.521004,73.945172,FALSE,FALSE,FALSE,FALSE,FALSE,TRUE,FALSE,FALSE,FALSE,Neurologist,1,,2026-09-21 10:16:03,CREATED
REQ-003366,PT-384898,Road Accident,Moderate,51,18.599929,73.754351,FALSE,FALSE,FALSE,TRUE,FALSE,FALSE,FALSE,TRUE,FALSE,Trauma Surgeon,1,,2026-09-21 10:23:20,MATCHING
REQ-003367,PT-109021,Cardiac,Moderate,76,18.567823,73.87716,TRUE,TRUE,TRUE,FALSE,TRUE,FALSE,TRUE,TRUE,FALSE,,1,,2026-09-21 10:47:11,CREATED
REQ-003368,PT-714329,Other,Moderate,42,18.507663,73.858313,TRUE,FALSE,FALSE,FALSE,FALSE,FALSE,FALSE,TRUE,FALSE,,1,AMB-003,2026-09-21 10:47:48,COMPLETED
REQ-003369,PT-544559,Road Accident,Low,59,18.523642,73.86385,FALSE,FALSE,FALSE,TRUE,FALSE,FALSE,FALSE,FALSE,FALSE,,1,,2026-09-21 10:52:38,CREATED
REQ-003370,PT-422750,Respiratory,High,65,18.629268,73.867988,TRUE,TRUE,TRUE,FALSE,FALSE,FALSE,FALSE,FALSE,FALSE,,1,,2026-09-21 10:59:29,CREATED
REQ-003371,PT-183793,Road Accident,Moderate,26,18.639481,73.777328,TRUE,FALSE,TRUE,TRUE,TRUE,FALSE,TRUE,FALSE,FALSE,,1,,2026-09-21 10:59:50,MATCHING
REQ-003372,PT-139256,Cardiac,High,74,18.482,73.906232,TRUE,TRUE,TRUE,FALSE,TRUE,FALSE,FALSE,FALSE,FALSE,Cardiologist,1,,2026-09-21 11:01:49,MATCHING
REQ-003373,PT-922300,Respiratory,High,3,18.507965,73.950009,FALSE,FALSE,FALSE,FALSE,FALSE,FALSE,FALSE,FALSE,FALSE,Pulmonologist,1,,2026-09-21 11:02:58,CREATED
REQ-003374,PT-364559,Other,Moderate,29,18.76217,73.831515,FALSE,FALSE,FALSE,FALSE,FALSE,FALSE,FALSE,FALSE,FALSE,,1,AMB-022,2026-09-21 11:05:19,COMPLETED
REQ-003375,PT-572486,Respiratory,Critical,74,18.552793,73.814474,TRUE,TRUE,TRUE,FALSE,FALSE,FALSE,FALSE,FALSE,FALSE,Pulmonologist,1,,2026-09-21 11:07:13,MATCHING
REQ-003376,PT-258312,Road Accident,High,42,18.597385,73.961469,TRUE,TRUE,FALSE,TRUE,FALSE,TRUE,TRUE,TRUE,FALSE,Trauma Surgeon,1,,2026-09-21 11:09:04,MATCHING
REQ-003377,PT-583524,Stroke,High,83,18.55126,73.780252,TRUE,FALSE,TRUE,FALSE,FALSE,TRUE,FALSE,FALSE,FALSE,,1,,2026-09-21 11:18:04,CREATED
REQ-003378,PT-856491,Other,High,71,18.442927,73.845011,FALSE,FALSE,FALSE,FALSE,TRUE,FALSE,FALSE,FALSE,FALSE,General Surgeon,1,,2026-09-21 11:24:33,CREATED
REQ-003379,PT-441213,Respiratory,Low,40,18.586606,73.990958,FALSE,FALSE,TRUE,FALSE,FALSE,FALSE,FALSE,FALSE,FALSE,,1,,2026-09-21 11:25:00,CREATED
REQ-003380,PT-782793,Other,High,30,18.506286,73.919389,FALSE,FALSE,FALSE,FALSE,FALSE,FALSE,FALSE,FALSE,FALSE,,1,,2026-09-21 11:27:23,CREATED
REQ-003381,PT-570604,Respiratory,Critical,3,18.589545,73.761739,TRUE,TRUE,TRUE,FALSE,FALSE,FALSE,FALSE,FALSE,FALSE,Pulmonologist,1,,2026-09-21 11:27:42,CREATED
REQ-003382,PT-103171,Stroke,Moderate,73,18.585817,73.739757,FALSE,FALSE,FALSE,FALSE,TRUE,TRUE,FALSE,FALSE,FALSE,,1,AMB-075,2026-09-21 11:32:11,COMPLETED
REQ-003383,PT-326500,Stroke,Critical,68,18.556546,73.871824,TRUE,FALSE,TRUE,FALSE,TRUE,TRUE,FALSE,FALSE,FALSE,Neurologist,1,AMB-061,2026-09-21 11:34:47,COMPLETED
REQ-003384,PT-134123,Road Accident,Low,26,18.647655,73.764038,FALSE,FALSE,FALSE,TRUE,FALSE,FALSE,FALSE,TRUE,FALSE,,1,AMB-023,2026-09-21 11:54:44,COMPLETED
REQ-003385,PT-859909,Cardiac,High,57,18.744829,73.668579,TRUE,FALSE,FALSE,FALSE,FALSE,FALSE,FALSE,FALSE,FALSE,Cardiologist,1,,2026-09-21 11:55:07,CREATED
REQ-003386,PT-661610,Respiratory,Moderate,37,18.500549,73.893201,FALSE,FALSE,FALSE,FALSE,FALSE,FALSE,FALSE,FALSE,FALSE,,1,AMB-088,2026-09-21 11:57:58,COMPLETED
REQ-003387,PT-560172,Stroke,Low,56,18.531398,73.923655,FALSE,FALSE,FALSE,FALSE,FALSE,FALSE,FALSE,FALSE,FALSE,,1,,2026-09-21 12:01:59,MATCHING
REQ-003388,PT-983303,Respiratory,Critical,73,18.646368,73.796289,FALSE,TRUE,TRUE,FALSE,FALSE,FALSE,FALSE,FALSE,FALSE,Pulmonologist,1,,2026-09-21 12:03:26,CREATED
REQ-003389,PT-401112,Road Accident,Low,25,18.598759,73.978503,FALSE,FALSE,FALSE,FALSE,FALSE,FALSE,FALSE,FALSE,FALSE,,1,,2026-09-21 12:07:08,MATCHING
REQ-003390,PT-138343,Road Accident,Critical,52,18.553959,73.918713,TRUE,TRUE,FALSE,TRUE,TRUE,FALSE,FALSE,TRUE,FALSE,Trauma Surgeon,1,AMB-014,2026-09-21 12:09:57,COMPLETED
REQ-003391,PT-431165,Road Accident,Critical,39,18.552805,73.913474,TRUE,FALSE,FALSE,TRUE,FALSE,FALSE,FALSE,TRUE,FALSE,,1,AMB-018,2026-09-21 12:10:26,NO_MATCH
REQ-003392,PT-507947,Respiratory,Moderate,63,18.505442,73.851352,TRUE,FALSE,TRUE,FALSE,FALSE,FALSE,FALSE,FALSE,FALSE,Pulmonologist,1,,2026-09-21 12:20:05,MATCHING
REQ-003393,PT-551573,Burn,Critical,66,18.529389,73.724677,TRUE,TRUE,TRUE,TRUE,FALSE,TRUE,TRUE,TRUE,FALSE,Neurologist,1,AMB-076,2026-09-21 12:29:37,COMPLETED
REQ-003394,PT-771137,Cardiac,Critical,77,18.641312,73.803518,TRUE,FALSE,TRUE,FALSE,TRUE,TRUE,FALSE,TRUE,FALSE,Cardiologist,1,,2026-09-21 12:32:45,MATCHING
REQ-003395,PT-560641,Respiratory,High,6,18.527322,73.872667,TRUE,TRUE,TRUE,FALSE,FALSE,FALSE,FALSE,FALSE,FALSE,Pulmonologist,1,,2026-09-21 12:36:26,MATCHING
REQ-003396,PT-993252,Cardiac,Low,50,18.461009,73.841923,FALSE,FALSE,FALSE,FALSE,TRUE,FALSE,FALSE,FALSE,FALSE,,1,,2026-09-21 12:46:10,CREATED
REQ-003397,PT-893849,Road Accident,Critical,20,18.58163,73.987737,TRUE,FALSE,TRUE,TRUE,FALSE,FALSE,TRUE,TRUE,FALSE,Trauma Surgeon,1,,2026-09-21 12:51:59,MATCHING
REQ-003398,PT-567615,Cardiac,High,61,18.546887,73.74526,TRUE,FALSE,TRUE,FALSE,TRUE,FALSE,FALSE,TRUE,FALSE,Cardiologist,1,,2026-09-21 12:59:38,CREATED
REQ-003399,PT-375763,Cardiac,Moderate,55,18.578386,73.76777,TRUE,FALSE,FALSE,FALSE,TRUE,FALSE,FALSE,FALSE,FALSE,,1,,2026-09-21 13:12:39,MATCHING
REQ-003400,PT-592239,Cardiac,High,53,18.643575,73.803363,FALSE,FALSE,FALSE,FALSE,TRUE,FALSE,FALSE,FALSE,FALSE,Cardiologist,1,,2026-09-21 13:25:14,MATCHING
REQ-003401,PT-985465,Other,Critical,22,18.506992,73.825109,TRUE,FALSE,FALSE,FALSE,FALSE,FALSE,FALSE,FALSE,TRUE,Cardiologist,1,,2026-09-21 13:40:33,MATCHING
REQ-003402,PT-171694,Cardiac,High,60,18.580011,74.010826,TRUE,FALSE,TRUE,FALSE,TRUE,FALSE,FALSE,TRUE,FALSE,,1,,2026-09-21 13:42:26,CREATED
REQ-003403,PT-979373,Cardiac,High,46,18.508576,73.806761,TRUE,FALSE,FALSE,FALSE,TRUE,FALSE,FALSE,TRUE,FALSE,Cardiologist,1,AMB-055,2026-09-21 13:59:18,COMPLETED
REQ-003404,PT-590249,Other,Moderate,29,18.532726,73.872931,FALSE,FALSE,FALSE,FALSE,FALSE,FALSE,FALSE,TRUE,FALSE,,1,AMB-068,2026-09-21 14:17:53,COMPLETED
REQ-003405,PT-319626,Road Accident,Critical,37,18.771894,73.847654,TRUE,TRUE,FALSE,TRUE,FALSE,FALSE,TRUE,TRUE,FALSE,Trauma Surgeon,1,,2026-09-21 14:21:17,CREATED
REQ-003406,PT-293843,Stroke,Moderate,75,18.624672,73.818147,FALSE,FALSE,TRUE,FALSE,FALSE,TRUE,FALSE,FALSE,FALSE,Neurologist,1,,2026-09-21 14:33:51,CREATED
REQ-003407,PT-894295,Respiratory,Low,48,18.556758,73.865776,FALSE,FALSE,TRUE,FALSE,FALSE,FALSE,FALSE,FALSE,FALSE,,1,,2026-09-21 14:39:40,CREATED
REQ-003408,PT-534854,Road Accident,Moderate,41,18.546869,73.926939,TRUE,FALSE,TRUE,TRUE,FALSE,FALSE,TRUE,FALSE,FALSE,,1,,2026-09-21 14:40:46,CREATED
REQ-003409,PT-601932,Road Accident,High,42,18.447749,73.91793,TRUE,TRUE,TRUE,TRUE,FALSE,FALSE,FALSE,FALSE,FALSE,,3,,2026-09-21 14:41:32,MATCHING
REQ-003410,PT-839566,Road Accident,Moderate,35,18.529853,73.794558,FALSE,FALSE,TRUE,TRUE,FALSE,FALSE,FALSE,FALSE,FALSE,Trauma Surgeon,1,AMB-011,2026-09-21 14:46:47,COMPLETED
REQ-003411,PT-649060,Stroke,High,72,18.526661,73.924896,FALSE,FALSE,TRUE,FALSE,FALSE,TRUE,FALSE,FALSE,FALSE,Neurologist,1,,2026-09-21 14:53:46,MATCHING
REQ-003412,PT-178894,Respiratory,High,65,18.653257,73.779503,FALSE,FALSE,TRUE,FALSE,FALSE,FALSE,FALSE,FALSE,TRUE,,1,,2026-09-21 15:03:35,CREATED
REQ-003413,PT-524152,Respiratory,Moderate,63,18.556917,73.793303,TRUE,FALSE,FALSE,FALSE,FALSE,FALSE,FALSE,FALSE,FALSE,,1,,2026-09-21 15:07:43,CREATED
REQ-003414,PT-229601,Other,Low,51,18.501586,73.849806,FALSE,FALSE,FALSE,FALSE,FALSE,TRUE,FALSE,FALSE,FALSE,,1,,2026-09-21 15:10:21,MATCHING
REQ-003415,PT-640981,Cardiac,Moderate,71,18.47454,73.858893,FALSE,FALSE,FALSE,FALSE,TRUE,FALSE,FALSE,FALSE,FALSE,Cardiologist,1,,2026-09-21 15:15:32,CREATED
REQ-003416,PT-449264,Stroke,Critical,63,18.603075,73.778665,TRUE,FALSE,TRUE,FALSE,TRUE,TRUE,FALSE,TRUE,FALSE,,1,,2026-09-21 15:40:09,CREATED
REQ-003417,PT-910463,Respiratory,Low,1,18.58508,73.723626,FALSE,FALSE,TRUE,FALSE,FALSE,FALSE,FALSE,FALSE,FALSE,,1,,2026-09-21 15:42:31,MATCHING
REQ-003418,PT-255343,Cardiac,Critical,55,18.492441,73.812269,TRUE,FALSE,FALSE,FALSE,TRUE,FALSE,FALSE,FALSE,FALSE,Cardiologist,1,,2026-09-21 15:48:36,MATCHING
REQ-003419,PT-906107,Burn,High,40,18.528139,73.828839,FALSE,FALSE,FALSE,TRUE,FALSE,FALSE,TRUE,FALSE,FALSE,,1,,2026-09-21 16:02:07,MATCHING
REQ-003420,PT-298860,Respiratory,Moderate,10,18.481468,73.815146,TRUE,TRUE,TRUE,FALSE,FALSE,FALSE,FALSE,FALSE,FALSE,,1,AMB-047,2026-09-21 16:04:29,COMPLETED
REQ-003421,PT-788004,Road Accident,Low,47,18.53245,73.810592,FALSE,FALSE,TRUE,TRUE,FALSE,FALSE,TRUE,FALSE,FALSE,,1,,2026-09-21 16:06:16,CREATED
REQ-003422,PT-301037,Respiratory,Moderate,57,18.48034,73.80073,FALSE,FALSE,TRUE,FALSE,FALSE,FALSE,FALSE,FALSE,FALSE,,1,,2026-09-21 16:29:45,CREATED
REQ-003423,PT-993174,Stroke,High,74,18.544678,73.778273,TRUE,FALSE,TRUE,FALSE,FALSE,TRUE,FALSE,TRUE,FALSE,,1,,2026-09-21 16:45:42,CREATED
REQ-003424,PT-958796,Road Accident,Moderate,38,18.752893,73.653462,FALSE,FALSE,FALSE,FALSE,FALSE,FALSE,TRUE,FALSE,FALSE,Trauma Surgeon,1,,2026-09-21 17:00:02,CREATED
REQ-003425,PT-114125,Respiratory,Moderate,10,18.641673,73.787864,TRUE,TRUE,FALSE,FALSE,FALSE,FALSE,FALSE,FALSE,FALSE,,1,,2026-09-21 17:03:46,CREATED
REQ-003426,PT-606930,Cardiac,High,54,18.544946,73.867325,TRUE,FALSE,TRUE,FALSE,TRUE,FALSE,FALSE,FALSE,FALSE,Cardiologist,1,AMB-061,2026-09-21 17:08:07,COMPLETED
REQ-003427,PT-384310,Cardiac,High,62,18.58876,73.776685,TRUE,FALSE,TRUE,FALSE,TRUE,FALSE,FALSE,FALSE,FALSE,Cardiologist,1,,2026-09-21 17:12:09,CREATED
REQ-003428,PT-872656,Road Accident,Low,33,18.593919,73.712302,FALSE,FALSE,FALSE,TRUE,FALSE,FALSE,FALSE,FALSE,FALSE,,1,,2026-09-21 17:41:58,MATCHING
REQ-003429,PT-208823,Respiratory,Moderate,5,18.632219,73.779542,TRUE,FALSE,TRUE,FALSE,FALSE,FALSE,FALSE,FALSE,FALSE,Pulmonologist,1,,2026-09-21 18:02:37,MATCHING
REQ-003430,PT-776577,Other,High,43,18.470915,73.891271,TRUE,FALSE,FALSE,FALSE,FALSE,FALSE,FALSE,FALSE,FALSE,General Surgeon,1,AMB-085,2026-09-21 18:09:15,COMPLETED
REQ-003431,PT-304450,Other,Low,89,18.64678,73.790561,FALSE,FALSE,FALSE,FALSE,FALSE,FALSE,FALSE,FALSE,FALSE,Cardiologist,1,AMB-001,2026-09-21 18:11:33,COMPLETED
REQ-003432,PT-198234,Road Accident,High,30,18.643383,73.76483,FALSE,TRUE,FALSE,TRUE,FALSE,TRUE,FALSE,TRUE,FALSE,Trauma Surgeon,1,,2026-09-21 18:29:22,CREATED
REQ-003433,PT-144890,Stroke,High,52,18.639841,73.792358,FALSE,FALSE,FALSE,FALSE,FALSE,TRUE,FALSE,FALSE,FALSE,Neurologist,1,,2026-09-21 18:31:25,MATCHING
REQ-003434,PT-391696,Road Accident,High,20,18.60459,73.977741,TRUE,FALSE,FALSE,TRUE,FALSE,FALSE,FALSE,FALSE,FALSE,Trauma Surgeon,1,,2026-09-21 18:44:09,MATCHING
REQ-003435,PT-229324,Burn,Moderate,63,18.574409,73.80812,FALSE,FALSE,FALSE,TRUE,FALSE,FALSE,FALSE,FALSE,FALSE,,1,,2026-09-21 18:52:03,MATCHING
REQ-003436,PT-607008,Stroke,High,59,18.483332,73.88806,FALSE,FALSE,FALSE,FALSE,FALSE,TRUE,FALSE,TRUE,FALSE,Neurologist,1,AMB-065,2026-09-21 19:04:25,COMPLETED
REQ-003437,PT-523966,Respiratory,Critical,47,18.464546,73.911883,TRUE,TRUE,TRUE,FALSE,FALSE,FALSE,FALSE,FALSE,FALSE,Pulmonologist,1,,2026-09-21 19:11:24,MATCHING
REQ-003438,PT-332378,Road Accident,High,21,18.52471,73.741921,FALSE,FALSE,FALSE,FALSE,FALSE,FALSE,TRUE,TRUE,FALSE,Trauma Surgeon,1,,2026-09-21 19:14:19,MATCHING
REQ-003439,PT-117478,Road Accident,Low,38,18.616538,73.751702,TRUE,FALSE,FALSE,TRUE,FALSE,FALSE,FALSE,FALSE,FALSE,,1,AMB-007,2026-09-21 19:15:05,COMPLETED
REQ-003440,PT-177553,Cardiac,High,73,18.437023,73.830848,TRUE,FALSE,FALSE,FALSE,TRUE,FALSE,TRUE,FALSE,FALSE,Cardiologist,1,AMB-037,2026-09-21 19:17:40,COMPLETED
REQ-003441,PT-206304,Road Accident,Critical,70,18.671583,73.792291,TRUE,FALSE,TRUE,TRUE,FALSE,FALSE,TRUE,TRUE,TRUE,Trauma Surgeon,1,,2026-09-21 19:22:11,CREATED
REQ-003442,PT-913797,Stroke,Moderate,72,18.501138,73.913852,FALSE,FALSE,FALSE,FALSE,FALSE,TRUE,FALSE,FALSE,FALSE,Neurologist,1,,2026-09-21 19:28:04,CREATED
REQ-003443,PT-636389,Cardiac,High,59,18.515908,73.875676,TRUE,FALSE,TRUE,FALSE,TRUE,FALSE,FALSE,FALSE,FALSE,,1,,2026-09-21 19:30:52,MATCHING
REQ-003444,PT-810023,Other,Moderate,33,18.648548,73.794155,FALSE,FALSE,FALSE,FALSE,FALSE,FALSE,FALSE,TRUE,FALSE,Cardiologist,1,,2026-09-21 19:33:12,CREATED
REQ-003445,PT-423743,Cardiac,Critical,64,18.62468,73.855381,TRUE,TRUE,FALSE,FALSE,TRUE,FALSE,FALSE,FALSE,FALSE,Cardiologist,1,,2026-09-21 19:33:38,CREATED
REQ-003446,PT-663919,Other,Low,31,18.562807,73.884439,FALSE,FALSE,FALSE,FALSE,FALSE,FALSE,FALSE,FALSE,FALSE,,1,AMB-096,2026-09-21 19:39:14,COMPLETED
REQ-003447,PT-819788,Road Accident,High,38,18.511175,73.684386,TRUE,FALSE,FALSE,TRUE,FALSE,TRUE,TRUE,TRUE,FALSE,General Surgeon,1,,2026-09-21 19:39:46,CREATED
REQ-003448,PT-623195,Burn,High,44,18.648845,73.778578,TRUE,FALSE,TRUE,TRUE,FALSE,FALSE,FALSE,TRUE,FALSE,General Surgeon,1,,2026-09-21 19:54:33,MATCHING
REQ-003449,PT-760579,Other,Low,85,18.656872,73.807043,FALSE,FALSE,FALSE,FALSE,FALSE,FALSE,FALSE,FALSE,FALSE,,1,,2026-09-21 19:56:15,CREATED
REQ-003450,PT-544009,Respiratory,Low,5,18.569748,73.925495,FALSE,FALSE,TRUE,FALSE,FALSE,FALSE,FALSE,FALSE,FALSE,,1,,2026-09-21 19:58:03,MATCHING
REQ-003451,PT-208542,Road Accident,High,15,18.443038,73.878241,TRUE,FALSE,TRUE,FALSE,FALSE,FALSE,FALSE,TRUE,FALSE,Trauma Surgeon,1,AMB-072,2026-09-21 20:06:03,COMPLETED
REQ-003452,PT-384273,Road Accident,Moderate,23,18.587891,73.975696,FALSE,FALSE,TRUE,TRUE,FALSE,FALSE,FALSE,FALSE,FALSE,,1,,2026-09-21 20:12:37,MATCHING
REQ-003453,PT-613263,Respiratory,Moderate,81,18.65175,73.769638,FALSE,FALSE,TRUE,FALSE,FALSE,FALSE,FALSE,FALSE,FALSE,,1,,2026-09-21 20:14:32,CREATED
REQ-003454,PT-722870,Respiratory,Low,50,18.521175,73.781082,FALSE,FALSE,TRUE,FALSE,FALSE,FALSE,FALSE,FALSE,FALSE,,1,,2026-09-21 20:31:43,MATCHING
REQ-003455,PT-639130,Road Accident,Critical,43,18.458508,73.926632,TRUE,TRUE,TRUE,TRUE,FALSE,TRUE,TRUE,TRUE,FALSE,Neurologist,1,,2026-09-21 20:41:27,MATCHING
REQ-003456,PT-870088,Road Accident,Moderate,29,18.550928,73.830035,FALSE,FALSE,FALSE,TRUE,FALSE,FALSE,FALSE,FALSE,FALSE,,1,,2026-09-21 21:25:39,MATCHING
REQ-003457,PT-605486,Burn,High,22,18.603621,73.759029,TRUE,TRUE,FALSE,FALSE,FALSE,FALSE,FALSE,FALSE,FALSE,General Surgeon,1,,2026-09-21 21:26:05,CREATED
REQ-003458,PT-577034,Road Accident,High,38,18.524154,73.843342,TRUE,FALSE,FALSE,TRUE,FALSE,FALSE,FALSE,TRUE,FALSE,Trauma Surgeon,1,,2026-09-21 21:28:09,MATCHING
REQ-003459,PT-785643,Road Accident,Low,50,18.484905,73.814088,FALSE,FALSE,FALSE,TRUE,FALSE,FALSE,FALSE,FALSE,FALSE,,1,,2026-09-21 21:45:43,CREATED
REQ-003460,PT-860316,Road Accident,Moderate,69,18.608064,73.745314,TRUE,TRUE,FALSE,TRUE,FALSE,FALSE,TRUE,FALSE,FALSE,,1,,2026-09-21 21:51:40,CREATED
REQ-003461,PT-339253,Respiratory,Critical,1,18.474979,73.937271,TRUE,TRUE,TRUE,FALSE,FALSE,FALSE,FALSE,FALSE,FALSE,,1,AMB-013,2026-09-21 21:59:17,COMPLETED
REQ-003462,PT-563733,Respiratory,Moderate,6,18.496137,73.799604,TRUE,TRUE,TRUE,FALSE,FALSE,FALSE,FALSE,FALSE,FALSE,Pulmonologist,1,,2026-09-21 22:00:03,MATCHING
REQ-003463,PT-494385,Cardiac,Critical,61,18.636248,73.761544,TRUE,TRUE,TRUE,FALSE,TRUE,FALSE,FALSE,FALSE,FALSE,Cardiologist,1,,2026-09-21 22:05:50,CREATED
REQ-003464,PT-482191,Road Accident,Moderate,29,18.5009,73.804389,FALSE,FALSE,FALSE,FALSE,FALSE,FALSE,FALSE,TRUE,FALSE,,1,AMB-058,2026-09-21 22:28:25,COMPLETED
REQ-003465,PT-776247,Respiratory,Moderate,73,18.487549,73.886294,FALSE,FALSE,TRUE,FALSE,FALSE,FALSE,FALSE,FALSE,FALSE,Pulmonologist,1,,2026-09-21 22:32:27,MATCHING
REQ-003466,PT-535748,Road Accident,Critical,58,18.509868,73.938202,TRUE,FALSE,FALSE,TRUE,TRUE,FALSE,FALSE,TRUE,FALSE,Trauma Surgeon,1,,2026-09-21 22:40:25,CREATED
REQ-003467,PT-794687,Road Accident,Critical,43,18.670956,73.761978,FALSE,FALSE,TRUE,TRUE,FALSE,TRUE,TRUE,TRUE,FALSE,,1,,2026-09-21 22:53:50,CREATED
REQ-003468,PT-532040,Cardiac,Low,56,18.506824,73.686984,FALSE,FALSE,TRUE,FALSE,TRUE,FALSE,FALSE,FALSE,FALSE,,1,,2026-09-21 23:00:23,MATCHING
REQ-003469,PT-902042,Respiratory,Critical,7,18.460374,73.870387,FALSE,FALSE,TRUE,FALSE,FALSE,FALSE,FALSE,FALSE,TRUE,,1,AMB-053,2026-09-21 23:04:21,COMPLETED
REQ-003470,PT-375970,Stroke,Critical,52,18.594701,73.752423,TRUE,FALSE,TRUE,FALSE,FALSE,TRUE,FALSE,TRUE,FALSE,Neurologist,1,,2026-09-21 23:34:56,MATCHING
REQ-003471,PT-885960,Respiratory,Low,61,18.452033,73.923815,FALSE,FALSE,TRUE,FALSE,FALSE,FALSE,FALSE,FALSE,FALSE,Pulmonologist,1,,2026-09-21 23:41:37,CREATED
REQ-003472,PT-185893,Other,High,21,18.651476,73.787133,FALSE,FALSE,FALSE,FALSE,FALSE,FALSE,FALSE,FALSE,TRUE,Nephrologist,1,,2026-09-21 23:46:12,MATCHING
REQ-003473,PT-551479,Other,Low,56,18.525211,73.847461,FALSE,FALSE,FALSE,FALSE,FALSE,FALSE,FALSE,FALSE,FALSE,,1,AMB-016,2026-09-22 00:01:53,COMPLETED
REQ-003474,PT-830535,Road Accident,Critical,25,18.56345,73.932659,TRUE,FALSE,FALSE,TRUE,FALSE,FALSE,TRUE,TRUE,FALSE,Trauma Surgeon,1,AMB-077,2026-09-22 00:56:49,COMPLETED
REQ-003475,PT-748927,Cardiac,Critical,73,18.512981,73.868858,TRUE,FALSE,TRUE,FALSE,TRUE,FALSE,FALSE,TRUE,FALSE,Cardiologist,1,,2026-09-22 01:44:09,MATCHING
REQ-003476,PT-819891,Cardiac,High,63,18.574271,73.776597,FALSE,FALSE,TRUE,FALSE,FALSE,FALSE,FALSE,FALSE,FALSE,,1,,2026-09-22 01:49:51,CREATED
REQ-003477,PT-387069,Other,Critical,42,18.753166,73.848401,TRUE,TRUE,TRUE,TRUE,FALSE,TRUE,TRUE,TRUE,FALSE,Neurologist,1,AMB-008,2026-09-22 01:59:29,COMPLETED
REQ-003478,PT-582494,Burn,Low,26,18.568986,73.736399,FALSE,FALSE,FALSE,TRUE,FALSE,FALSE,FALSE,FALSE,FALSE,,1,,2026-09-22 02:20:36,CREATED
REQ-003479,PT-978305,Road Accident,Critical,24,18.57481,73.980676,TRUE,TRUE,TRUE,TRUE,FALSE,TRUE,TRUE,TRUE,FALSE,Neurologist,1,AMB-043,2026-09-22 02:31:00,COMPLETED
REQ-003480,PT-304013,Stroke,Critical,73,18.493448,73.834288,TRUE,FALSE,FALSE,FALSE,FALSE,TRUE,FALSE,TRUE,FALSE,Neurologist,1,,2026-09-22 02:32:16,CREATED
REQ-003481,PT-265934,Respiratory,Low,1,18.533641,73.714422,TRUE,FALSE,TRUE,FALSE,FALSE,FALSE,FALSE,FALSE,FALSE,,1,,2026-09-22 02:36:21,CREATED
REQ-003482,PT-418965,Cardiac,High,57,18.504791,73.826708,TRUE,FALSE,FALSE,FALSE,TRUE,FALSE,FALSE,TRUE,FALSE,Cardiologist,1,AMB-052,2026-09-22 02:51:02,COMPLETED
REQ-003483,PT-581304,Burn,High,24,18.51907,73.86673,TRUE,FALSE,FALSE,FALSE,FALSE,FALSE,FALSE,FALSE,FALSE,,1,AMB-068,2026-09-22 04:13:36,COMPLETED
REQ-003484,PT-468689,Road Accident,Moderate,57,18.559202,73.786028,FALSE,TRUE,FALSE,TRUE,FALSE,FALSE,TRUE,TRUE,FALSE,General Surgeon,1,,2026-09-22 04:25:20,MATCHING
REQ-003485,PT-316761,Burn,Critical,27,18.488832,73.667063,TRUE,TRUE,TRUE,TRUE,FALSE,TRUE,TRUE,TRUE,FALSE,Neurologist,1,AMB-070,2026-09-22 05:37:31,COMPLETED
REQ-003486,PT-472571,Cardiac,Low,49,18.775838,73.861256,FALSE,FALSE,FALSE,FALSE,TRUE,FALSE,FALSE,FALSE,FALSE,,1,AMB-022,2026-09-22 06:08:20,NO_MATCH
REQ-003487,PT-680138,Burn,Critical,8,18.538573,73.740309,TRUE,TRUE,FALSE,TRUE,FALSE,TRUE,TRUE,TRUE,FALSE,Neurologist,1,AMB-062,2026-09-22 06:27:55,COMPLETED
REQ-003488,PT-779615,Cardiac,Moderate,70,18.45097,73.86806,FALSE,FALSE,FALSE,FALSE,TRUE,FALSE,FALSE,FALSE,FALSE,,1,AMB-100,2026-09-22 06:44:46,COMPLETED
REQ-003489,PT-404215,Cardiac,Moderate,56,18.769473,73.878995,FALSE,FALSE,FALSE,FALSE,TRUE,FALSE,FALSE,TRUE,FALSE,Cardiologist,1,,2026-09-22 06:47:25,MATCHING
REQ-003490,PT-227620,Burn,Low,11,18.480918,73.88977,TRUE,FALSE,FALSE,TRUE,FALSE,FALSE,FALSE,FALSE,FALSE,,1,,2026-09-22 07:00:46,CREATED
REQ-003491,PT-886044,Road Accident,Critical,56,18.50915,73.662217,TRUE,TRUE,FALSE,TRUE,FALSE,TRUE,TRUE,TRUE,FALSE,General Surgeon,1,AMB-025,2026-09-22 07:09:10,COMPLETED
REQ-003492,PT-957502,Road Accident,Low,21,18.593369,73.730145,FALSE,TRUE,FALSE,FALSE,FALSE,FALSE,FALSE,FALSE,FALSE,Trauma Surgeon,1,AMB-075,2026-09-22 07:09:36,COMPLETED
REQ-003493,PT-687142,Respiratory,Moderate,4,18.491188,73.810066,FALSE,FALSE,TRUE,FALSE,FALSE,FALSE,FALSE,FALSE,FALSE,Pulmonologist,1,AMB-057,2026-09-22 07:17:20,COMPLETED
REQ-003494,PT-698351,Stroke,Critical,82,18.591965,73.767286,TRUE,TRUE,TRUE,FALSE,FALSE,TRUE,FALSE,FALSE,FALSE,Neurologist,1,,2026-09-22 07:18:12,CREATED
REQ-003495,PT-892780,Cardiac,Low,69,18.441293,73.876351,TRUE,TRUE,FALSE,FALSE,TRUE,FALSE,FALSE,FALSE,FALSE,,1,,2026-09-22 07:18:56,CREATED
REQ-003496,PT-110503,Cardiac,Moderate,93,18.447719,73.794303,TRUE,TRUE,FALSE,FALSE,TRUE,FALSE,TRUE,FALSE,FALSE,,1,AMB-037,2026-09-22 07:19:16,COMPLETED
REQ-003497,PT-549704,Respiratory,Low,78,18.480555,73.796935,FALSE,FALSE,TRUE,FALSE,FALSE,FALSE,FALSE,FALSE,FALSE,,1,,2026-09-22 07:23:13,CREATED
REQ-003498,PT-162267,Road Accident,Moderate,30,18.555618,73.931678,FALSE,FALSE,FALSE,TRUE,FALSE,FALSE,TRUE,FALSE,FALSE,,1,,2026-09-22 07:40:42,MATCHING
REQ-003499,PT-382077,Cardiac,High,32,18.531651,73.87084,FALSE,FALSE,TRUE,FALSE,TRUE,FALSE,TRUE,FALSE,FALSE,Cardiologist,1,AMB-068,2026-09-22 07:42:25,COMPLETED
REQ-003500,PT-646255,Road Accident,Critical,22,18.559465,73.795219,TRUE,FALSE,TRUE,TRUE,FALSE,TRUE,FALSE,TRUE,FALSE,Trauma Surgeon,4,,2026-09-22 07:50:05,CREATED
REQ-003501,PT-845478,Road Accident,High,44,18.634281,73.831569,TRUE,FALSE,FALSE,TRUE,FALSE,FALSE,FALSE,TRUE,FALSE,Trauma Surgeon,1,,2026-09-22 07:58:41,CREATED
REQ-003502,PT-456568,Respiratory,High,10,18.559277,73.785889,TRUE,FALSE,TRUE,FALSE,FALSE,FALSE,FALSE,FALSE,FALSE,Pulmonologist,1,,2026-09-22 08:01:39,MATCHING
REQ-003503,PT-637492,Road Accident,Moderate,30,18.747579,73.859855,FALSE,FALSE,FALSE,TRUE,FALSE,FALSE,TRUE,FALSE,FALSE,Trauma Surgeon,1,,2026-09-22 08:10:16,MATCHING
REQ-003504,PT-271207,Road Accident,High,24,18.456552,73.90903,TRUE,FALSE,TRUE,FALSE,FALSE,FALSE,FALSE,TRUE,FALSE,Trauma Surgeon,1,,2026-09-22 08:30:14,CREATED
REQ-003505,PT-952039,Respiratory,High,67,18.561883,73.85917,TRUE,TRUE,FALSE,FALSE,FALSE,FALSE,FALSE,FALSE,TRUE,Pulmonologist,1,,2026-09-22 08:40:03,MATCHING
REQ-003506,PT-532927,Burn,Moderate,34,18.55242,73.801148,FALSE,FALSE,TRUE,TRUE,FALSE,FALSE,FALSE,FALSE,FALSE,,1,,2026-09-22 09:17:09,MATCHING
REQ-003507,PT-491134,Road Accident,Critical,37,18.467018,73.855317,TRUE,FALSE,FALSE,TRUE,FALSE,FALSE,TRUE,TRUE,FALSE,,1,,2026-09-22 09:20:32,MATCHING
REQ-003508,PT-492229,Road Accident,High,30,18.556561,73.853232,TRUE,FALSE,TRUE,TRUE,FALSE,FALSE,TRUE,TRUE,FALSE,Trauma Surgeon,1,,2026-09-22 09:23:26,MATCHING
REQ-003509,PT-372269,Cardiac,High,48,18.468738,73.794733,TRUE,FALSE,TRUE,FALSE,TRUE,FALSE,FALSE,FALSE,FALSE,,1,AMB-037,2026-09-22 09:24:39,COMPLETED
REQ-003510,PT-554997,Cardiac,High,52,18.522492,73.803215,FALSE,FALSE,TRUE,FALSE,TRUE,FALSE,FALSE,FALSE,FALSE,,1,AMB-055,2026-09-22 09:27:02,COMPLETED
REQ-003511,PT-447805,Road Accident,Moderate,31,18.525689,73.684923,FALSE,FALSE,FALSE,TRUE,FALSE,FALSE,TRUE,FALSE,FALSE,,1,AMB-025,2026-09-22 09:33:39,COMPLETED
REQ-003512,PT-388627,Respiratory,Moderate,67,18.525107,73.920843,FALSE,FALSE,FALSE,FALSE,FALSE,FALSE,FALSE,FALSE,FALSE,Pulmonologist,1,,2026-09-22 09:36:26,MATCHING
REQ-003513,PT-327840,Stroke,High,44,18.74936,73.664819,TRUE,FALSE,FALSE,FALSE,FALSE,TRUE,FALSE,FALSE,FALSE,Neurologist,1,,2026-09-22 09:39:43,MATCHING
REQ-003514,PT-949805,Stroke,Critical,53,18.49541,73.931822,FALSE,FALSE,FALSE,FALSE,FALSE,TRUE,FALSE,FALSE,FALSE,Neurologist,1,,2026-09-22 09:41:13,MATCHING
REQ-003515,PT-928477,Road Accident,Critical,22,18.444033,73.893833,TRUE,FALSE,TRUE,TRUE,FALSE,FALSE,TRUE,TRUE,FALSE,Trauma Surgeon,1,,2026-09-22 09:54:55,CREATED
REQ-003516,PT-949387,Road Accident,Moderate,42,18.665976,73.775589,TRUE,FALSE,FALSE,TRUE,FALSE,FALSE,FALSE,FALSE,FALSE,,1,,2026-09-22 09:54:57,MATCHING
REQ-003517,PT-352547,Cardiac,High,76,18.538308,73.867594,TRUE,TRUE,FALSE,FALSE,FALSE,FALSE,FALSE,FALSE,FALSE,,1,,2026-09-22 10:14:46,CREATED
REQ-003518,PT-406028,Respiratory,High,71,18.512566,73.840066,TRUE,FALSE,TRUE,FALSE,FALSE,FALSE,FALSE,FALSE,FALSE,Pulmonologist,1,,2026-09-22 10:17:25,CREATED
REQ-003519,PT-402413,Other,Low,92,18.540213,73.875019,FALSE,FALSE,FALSE,FALSE,FALSE,FALSE,TRUE,TRUE,FALSE,,1,,2026-09-22 10:23:19,CREATED
REQ-003520,PT-104141,Road Accident,High,34,18.499584,73.670696,TRUE,TRUE,TRUE,TRUE,FALSE,FALSE,FALSE,TRUE,FALSE,Trauma Surgeon,1,,2026-09-22 10:39:35,CREATED
REQ-003521,PT-642119,Respiratory,High,53,18.503672,73.928291,TRUE,TRUE,FALSE,FALSE,FALSE,FALSE,FALSE,FALSE,FALSE,,1,AMB-091,2026-09-22 10:50:17,COMPLETED
REQ-003522,PT-718054,Road Accident,Low,36,18.663378,73.774553,FALSE,FALSE,FALSE,TRUE,FALSE,FALSE,FALSE,FALSE,FALSE,,1,,2026-09-22 10:57:53,CREATED
REQ-003523,PT-399632,Cardiac,Moderate,69,18.568667,73.975063,FALSE,FALSE,FALSE,FALSE,TRUE,FALSE,FALSE,FALSE,FALSE,,1,,2026-09-22 10:59:05,CREATED
REQ-003524,PT-422103,Road Accident,Moderate,39,18.50982,73.871446,TRUE,FALSE,FALSE,TRUE,FALSE,FALSE,TRUE,FALSE,FALSE,General Surgeon,1,AMB-036,2026-09-22 11:01:02,COMPLETED
REQ-003525,PT-142043,Respiratory,Moderate,75,18.648416,73.782896,FALSE,FALSE,TRUE,FALSE,FALSE,FALSE,FALSE,FALSE,FALSE,,1,,2026-09-22 11:09:58,CREATED
REQ-003526,PT-633370,Burn,Moderate,20,18.662947,73.84987,FALSE,FALSE,TRUE,TRUE,FALSE,FALSE,FALSE,FALSE,FALSE,,1,AMB-029,2026-09-22 11:25:42,COMPLETED
REQ-003527,PT-759348,Stroke,Moderate,63,18.471696,73.895406,TRUE,FALSE,FALSE,FALSE,FALSE,FALSE,FALSE,FALSE,FALSE,,1,,2026-09-22 11:26:15,CREATED
REQ-003528,PT-385628,Respiratory,Moderate,24,18.507158,73.789658,FALSE,FALSE,TRUE,FALSE,FALSE,FALSE,FALSE,FALSE,FALSE,,1,AMB-011,2026-09-22 11:36:20,COMPLETED
REQ-003529,PT-664871,Cardiac,Critical,66,18.529047,73.888949,TRUE,FALSE,FALSE,FALSE,TRUE,FALSE,FALSE,FALSE,FALSE,Cardiologist,1,AMB-088,2026-09-22 11:41:57,COMPLETED
REQ-003530,PT-240587,Cardiac,Low,64,18.515727,73.947642,FALSE,FALSE,FALSE,FALSE,TRUE,FALSE,FALSE,FALSE,TRUE,,1,,2026-09-22 11:48:29,CREATED
REQ-003531,PT-311332,Stroke,High,66,18.746396,73.841264,FALSE,FALSE,TRUE,FALSE,TRUE,TRUE,FALSE,FALSE,FALSE,,1,,2026-09-22 12:10:03,MATCHING
REQ-003532,PT-203245,Respiratory,High,67,18.597605,73.968757,FALSE,FALSE,FALSE,FALSE,FALSE,FALSE,FALSE,FALSE,FALSE,,1,,2026-09-22 12:17:56,CREATED
REQ-003533,PT-553410,Road Accident,High,31,18.664085,73.812696,TRUE,FALSE,FALSE,TRUE,FALSE,FALSE,TRUE,TRUE,FALSE,Trauma Surgeon,1,,2026-09-22 12:20:31,CREATED
REQ-003534,PT-542043,Burn,Moderate,26,18.457703,73.817809,FALSE,FALSE,FALSE,TRUE,FALSE,FALSE,FALSE,FALSE,FALSE,,1,AMB-004,2026-09-22 12:23:08,COMPLETED
REQ-003535,PT-928676,Burn,High,31,18.60204,73.850656,FALSE,FALSE,TRUE,TRUE,FALSE,FALSE,TRUE,FALSE,FALSE,,1,AMB-024,2026-09-22 12:40:26,COMPLETED
REQ-003536,PT-678987,Road Accident,High,12,18.455488,73.890144,TRUE,FALSE,TRUE,TRUE,FALSE,TRUE,FALSE,TRUE,FALSE,,1,,2026-09-22 12:44:17,MATCHING
REQ-003537,PT-552364,Cardiac,Moderate,63,18.486314,73.861119,TRUE,FALSE,FALSE,FALSE,TRUE,FALSE,FALSE,TRUE,FALSE,,1,,2026-09-22 12:44:56,CREATED
REQ-003538,PT-853866,Stroke,High,96,18.542838,73.802444,TRUE,FALSE,TRUE,FALSE,FALSE,TRUE,FALSE,FALSE,FALSE,,1,,2026-09-22 12:46:43,MATCHING
REQ-003539,PT-614113,Burn,Low,30,18.535014,73.852845,FALSE,FALSE,FALSE,TRUE,FALSE,FALSE,FALSE,FALSE,FALSE,General Surgeon,1,,2026-09-22 12:46:45,MATCHING
REQ-003540,PT-918249,Respiratory,High,41,18.582238,73.986568,FALSE,FALSE,TRUE,FALSE,FALSE,FALSE,FALSE,FALSE,FALSE,Pulmonologist,1,,2026-09-22 12:57:24,MATCHING
REQ-003541,PT-374627,Road Accident,Critical,57,18.652766,73.795039,TRUE,FALSE,TRUE,TRUE,FALSE,FALSE,TRUE,FALSE,FALSE,Trauma Surgeon,3,,2026-09-22 12:59:11,CREATED
REQ-003542,PT-506606,Road Accident,Moderate,34,18.674386,73.779611,FALSE,FALSE,FALSE,FALSE,FALSE,FALSE,TRUE,FALSE,FALSE,Trauma Surgeon,1,,2026-09-22 13:43:42,CREATED
REQ-003543,PT-286408,Burn,High,53,18.646118,73.844292,TRUE,FALSE,FALSE,TRUE,FALSE,FALSE,FALSE,TRUE,FALSE,General Surgeon,1,,2026-09-22 13:43:43,MATCHING
REQ-003544,PT-935420,Respiratory,Moderate,76,18.584762,73.903915,FALSE,FALSE,TRUE,FALSE,FALSE,FALSE,FALSE,FALSE,FALSE,,1,,2026-09-22 13:51:48,CREATED
REQ-003545,PT-394241,Stroke,High,59,18.494004,73.867942,TRUE,TRUE,TRUE,FALSE,FALSE,TRUE,FALSE,FALSE,FALSE,Neurologist,1,,2026-09-22 13:58:21,CREATED
REQ-003546,PT-770654,Road Accident,Critical,65,18.587888,73.977759,TRUE,TRUE,TRUE,TRUE,FALSE,TRUE,TRUE,TRUE,FALSE,Neurologist,1,AMB-043,2026-09-22 14:03:08,COMPLETED
REQ-003547,PT-580809,Road Accident,Critical,37,18.627374,73.771623,TRUE,FALSE,TRUE,TRUE,FALSE,FALSE,TRUE,FALSE,FALSE,,1,,2026-09-22 14:03:39,CREATED
REQ-003548,PT-365846,Road Accident,High,62,18.634005,73.777336,TRUE,TRUE,FALSE,TRUE,FALSE,FALSE,FALSE,TRUE,FALSE,,1,,2026-09-22 14:12:42,CREATED
REQ-003549,PT-133518,Cardiac,High,49,18.650585,73.793814,TRUE,FALSE,FALSE,FALSE,TRUE,TRUE,TRUE,FALSE,FALSE,Cardiologist,1,AMB-049,2026-09-22 14:27:26,COMPLETED
REQ-003550,PT-444518,Road Accident,High,27,18.60347,73.783041,FALSE,FALSE,FALSE,TRUE,FALSE,FALSE,FALSE,TRUE,FALSE,,1,,2026-09-22 14:29:33,CREATED
REQ-003551,PT-296144,Road Accident,Moderate,43,18.643715,73.855486,TRUE,FALSE,FALSE,TRUE,FALSE,FALSE,FALSE,FALSE,FALSE,,1,,2026-09-22 14:33:35,CREATED
REQ-003552,PT-633754,Road Accident,Moderate,19,18.534387,73.855116,FALSE,FALSE,FALSE,TRUE,FALSE,FALSE,FALSE,FALSE,FALSE,,1,,2026-09-22 14:36:48,CREATED
REQ-003553,PT-506265,Stroke,Critical,69,18.576404,73.826774,TRUE,TRUE,TRUE,FALSE,FALSE,TRUE,FALSE,FALSE,FALSE,,1,,2026-09-22 14:57:58,MATCHING
REQ-003554,PT-957784,Road Accident,Moderate,39,18.590727,73.992107,TRUE,TRUE,FALSE,TRUE,FALSE,TRUE,FALSE,TRUE,FALSE,,1,AMB-017,2026-09-22 15:01:02,COMPLETED
REQ-003555,PT-260162,Stroke,High,63,18.645129,73.800046,TRUE,TRUE,FALSE,FALSE,FALSE,TRUE,FALSE,TRUE,FALSE,Neurologist,1,,2026-09-22 15:06:21,MATCHING
REQ-003556,PT-578733,Burn,High,23,18.632044,73.80831,TRUE,FALSE,TRUE,TRUE,FALSE,FALSE,FALSE,TRUE,FALSE,,1,,2026-09-22 15:15:21,CREATED
REQ-003557,PT-486660,Burn,Critical,34,18.577269,73.744457,TRUE,TRUE,TRUE,TRUE,FALSE,FALSE,TRUE,TRUE,FALSE,General Surgeon,2,AMB-007,2026-09-22 15:42:05,COMPLETED
REQ-003558,PT-175082,Stroke,Critical,66,18.643394,73.767668,TRUE,TRUE,TRUE,FALSE,FALSE,TRUE,FALSE,FALSE,TRUE,Neurologist,1,,2026-09-22 15:49:00,MATCHING
REQ-003559,PT-654054,Cardiac,Moderate,64,18.466651,73.795409,FALSE,FALSE,FALSE,FALSE,TRUE,FALSE,FALSE,FALSE,FALSE,,1,,2026-09-22 16:19:32,CREATED
REQ-003560,PT-140751,Road Accident,High,59,18.497118,73.861864,TRUE,FALSE,TRUE,TRUE,FALSE,FALSE,TRUE,FALSE,TRUE,General Surgeon,1,,2026-09-22 16:36:37,MATCHING
REQ-003561,PT-199225,Other,Moderate,26,18.489197,73.940779,FALSE,FALSE,FALSE,FALSE,TRUE,FALSE,FALSE,FALSE,FALSE,,1,,2026-09-22 16:41:56,MATCHING
REQ-003562,PT-825625,Road Accident,High,38,18.44419,73.921954,TRUE,FALSE,TRUE,TRUE,FALSE,FALSE,TRUE,FALSE,FALSE,Trauma Surgeon,1,,2026-09-22 16:45:26,MATCHING
REQ-003563,PT-645839,Cardiac,Low,42,18.582792,73.723502,FALSE,FALSE,FALSE,FALSE,TRUE,FALSE,FALSE,FALSE,FALSE,,1,,2026-09-22 17:16:32,MATCHING
REQ-003564,PT-409078,Respiratory,Critical,68,18.717324,73.675861,TRUE,TRUE,TRUE,FALSE,FALSE,FALSE,FALSE,FALSE,FALSE,,1,,2026-09-22 17:20:01,MATCHING
REQ-003565,PT-681438,Road Accident,Moderate,16,18.490429,73.814497,FALSE,FALSE,FALSE,FALSE,FALSE,FALSE,FALSE,FALSE,FALSE,,1,,2026-09-22 17:26:58,CREATED
REQ-003566,PT-993432,Respiratory,Moderate,53,18.751334,73.84757,FALSE,FALSE,TRUE,FALSE,FALSE,FALSE,FALSE,FALSE,FALSE,,1,,2026-09-22 17:29:24,CREATED
REQ-003567,PT-370026,Stroke,Moderate,58,18.647735,73.853652,TRUE,FALSE,FALSE,FALSE,FALSE,TRUE,FALSE,FALSE,FALSE,Neurologist,1,AMB-024,2026-09-22 17:36:10,COMPLETED
REQ-003568,PT-763823,Respiratory,Low,11,18.646499,73.795671,FALSE,FALSE,TRUE,FALSE,FALSE,FALSE,FALSE,FALSE,FALSE,,1,,2026-09-22 17:37:17,CREATED
REQ-003569,PT-638858,Other,Moderate,36,18.743372,73.868948,TRUE,TRUE,FALSE,FALSE,FALSE,FALSE,FALSE,FALSE,FALSE,,1,,2026-09-22 17:42:42,MATCHING
REQ-003570,PT-595888,Road Accident,Moderate,35,18.57824,73.753262,TRUE,FALSE,FALSE,TRUE,FALSE,FALSE,FALSE,FALSE,FALSE,General Surgeon,1,,2026-09-22 17:48:49,CREATED
REQ-003571,PT-250513,Cardiac,Moderate,62,18.633788,73.800436,FALSE,FALSE,FALSE,FALSE,TRUE,FALSE,FALSE,FALSE,FALSE,,1,,2026-09-22 17:51:43,CREATED
REQ-003572,PT-725170,Cardiac,Low,46,18.642808,73.842894,FALSE,FALSE,FALSE,FALSE,TRUE,FALSE,FALSE,FALSE,FALSE,,1,,2026-09-22 17:52:19,CREATED
REQ-003573,PT-808241,Respiratory,Moderate,2,18.537896,73.949906,FALSE,FALSE,FALSE,FALSE,FALSE,FALSE,FALSE,FALSE,FALSE,,1,,2026-09-22 17:53:54,CREATED
REQ-003574,PT-526028,Road Accident,Critical,38,18.523176,73.87674,TRUE,FALSE,TRUE,TRUE,FALSE,FALSE,FALSE,TRUE,FALSE,Trauma Surgeon,1,,2026-09-22 17:57:43,CREATED
REQ-003575,PT-573341,Cardiac,High,51,18.567015,73.94715,TRUE,TRUE,FALSE,FALSE,TRUE,FALSE,TRUE,FALSE,FALSE,,1,,2026-09-22 18:16:46,CREATED
REQ-003576,PT-561891,Burn,High,30,18.542457,73.908045,TRUE,TRUE,TRUE,TRUE,FALSE,FALSE,FALSE,FALSE,FALSE,General Surgeon,1,,2026-09-22 18:46:19,CREATED
REQ-003577,PT-105531,Road Accident,Low,63,18.525642,73.909544,FALSE,FALSE,FALSE,FALSE,FALSE,FALSE,FALSE,FALSE,FALSE,,1,,2026-09-22 18:50:40,MATCHING
REQ-003578,PT-329944,Other,Low,47,18.555437,73.939199,FALSE,FALSE,FALSE,FALSE,FALSE,FALSE,FALSE,FALSE,FALSE,,1,,2026-09-22 18:51:35,MATCHING
REQ-003579,PT-850192,Respiratory,High,56,18.549802,73.827026,TRUE,TRUE,FALSE,FALSE,FALSE,FALSE,FALSE,FALSE,FALSE,,1,,2026-09-22 18:53:01,CREATED
REQ-003580,PT-556969,Other,Moderate,53,18.582815,73.761602,FALSE,FALSE,FALSE,FALSE,FALSE,FALSE,FALSE,FALSE,FALSE,,1,AMB-045,2026-09-22 18:55:03,COMPLETED
REQ-003581,PT-760414,Stroke,High,84,18.635296,73.800515,TRUE,FALSE,TRUE,FALSE,FALSE,TRUE,FALSE,FALSE,FALSE,Neurologist,1,AMB-049,2026-09-22 18:56:03,COMPLETED
REQ-003582,PT-823577,Road Accident,High,23,18.534885,73.851043,FALSE,FALSE,FALSE,FALSE,FALSE,FALSE,TRUE,FALSE,FALSE,,1,,2026-09-22 18:56:09,CREATED
REQ-003583,PT-154274,Other,Moderate,29,18.595754,73.773878,FALSE,FALSE,FALSE,FALSE,FALSE,FALSE,FALSE,FALSE,FALSE,,1,AMB-044,2026-09-22 18:56:47,COMPLETED
REQ-003584,PT-201753,Burn,Critical,32,18.560798,73.970856,TRUE,TRUE,FALSE,TRUE,FALSE,FALSE,TRUE,FALSE,TRUE,General Surgeon,1,AMB-019,2026-09-22 19:03:40,NO_MATCH
REQ-003585,PT-252854,Cardiac,High,56,18.527829,73.838136,TRUE,FALSE,TRUE,FALSE,TRUE,FALSE,TRUE,FALSE,FALSE,Cardiologist,1,,2026-09-22 19:10:21,CREATED
REQ-003586,PT-195317,Road Accident,Moderate,41,18.543427,73.926395,TRUE,FALSE,FALSE,FALSE,FALSE,FALSE,FALSE,FALSE,FALSE,,1,,2026-09-22 19:31:25,CREATED
REQ-003587,PT-434603,Other,Moderate,26,18.540419,73.901674,FALSE,FALSE,FALSE,FALSE,FALSE,FALSE,FALSE,FALSE,FALSE,,1,,2026-09-22 19:35:56,CREATED
REQ-003588,PT-703622,Road Accident,Critical,38,18.537203,73.727655,TRUE,TRUE,TRUE,TRUE,FALSE,TRUE,TRUE,TRUE,FALSE,Trauma Surgeon,1,,2026-09-22 19:43:21,MATCHING
REQ-003589,PT-300085,Burn,Moderate,17,18.546575,73.78688,TRUE,FALSE,FALSE,TRUE,FALSE,FALSE,TRUE,FALSE,FALSE,,2,,2026-09-22 19:44:41,CREATED
REQ-003590,PT-616175,Road Accident,Critical,47,18.467795,73.871898,TRUE,TRUE,FALSE,TRUE,FALSE,FALSE,TRUE,TRUE,FALSE,Trauma Surgeon,1,AMB-053,2026-09-22 19:46:57,COMPLETED
REQ-003591,PT-128241,Road Accident,Critical,31,18.468544,73.876377,TRUE,TRUE,FALSE,TRUE,FALSE,FALSE,TRUE,TRUE,FALSE,Trauma Surgeon,1,AMB-065,2026-09-22 19:47:31,COMPLETED
REQ-003592,PT-399044,Road Accident,High,44,18.445684,73.857478,TRUE,FALSE,FALSE,FALSE,FALSE,FALSE,FALSE,TRUE,FALSE,,1,,2026-09-22 19:47:59,MATCHING
REQ-003593,PT-439275,Cardiac,Critical,102,18.634249,73.757136,TRUE,FALSE,TRUE,FALSE,TRUE,FALSE,FALSE,FALSE,FALSE,Cardiologist,1,AMB-007,2026-09-22 20:20:24,COMPLETED
REQ-003594,PT-439804,Cardiac,High,57,18.642219,73.751634,TRUE,FALSE,TRUE,FALSE,TRUE,FALSE,FALSE,TRUE,FALSE,,1,AMB-023,2026-09-22 20:20:54,NO_MATCH
REQ-003595,PT-596249,Stroke,Moderate,69,18.591512,73.77141,FALSE,FALSE,FALSE,FALSE,FALSE,TRUE,FALSE,FALSE,FALSE,,1,AMB-044,2026-09-22 20:21:50,COMPLETED
REQ-003596,PT-254103,Respiratory,Low,6,18.646641,73.797624,TRUE,TRUE,TRUE,FALSE,FALSE,FALSE,FALSE,FALSE,FALSE,,1,,2026-09-22 20:25:20,CREATED
REQ-003597,PT-662755,Respiratory,Moderate,72,18.46682,73.789469,FALSE,TRUE,TRUE,FALSE,FALSE,FALSE,FALSE,FALSE,FALSE,Pulmonologist,1,AMB-057,2026-09-22 20:36:24,COMPLETED
REQ-003598,PT-847592,Respiratory,Low,73,18.631393,73.827966,FALSE,FALSE,TRUE,FALSE,FALSE,FALSE,FALSE,FALSE,FALSE,Pulmonologist,1,,2026-09-22 20:38:08,CREATED
REQ-003599,PT-922457,Stroke,Moderate,57,18.524722,73.673334,TRUE,FALSE,FALSE,FALSE,FALSE,TRUE,FALSE,FALSE,FALSE,,1,,2026-09-22 20:41:41,MATCHING
REQ-003600,PT-350678,Other,High,54,18.596422,73.726616,TRUE,FALSE,FALSE,FALSE,FALSE,FALSE,FALSE,FALSE,FALSE,,1,,2026-09-22 20:55:43,CREATED
REQ-003601,PT-505698,Road Accident,High,19,18.578488,73.840027,TRUE,FALSE,TRUE,TRUE,FALSE,FALSE,TRUE,TRUE,FALSE,,1,,2026-09-22 21:10:23,CREATED
REQ-003602,PT-927378,Respiratory,Moderate,69,18.549942,73.795596,FALSE,FALSE,TRUE,FALSE,FALSE,FALSE,FALSE,FALSE,FALSE,,1,,2026-09-22 21:16:33,CREATED
REQ-003603,PT-796253,Cardiac,Moderate,50,18.630734,73.861007,TRUE,TRUE,FALSE,FALSE,TRUE,FALSE,FALSE,FALSE,FALSE,,1,,2026-09-22 21:26:39,MATCHING
REQ-003604,PT-411745,Respiratory,High,3,18.612311,73.866534,TRUE,TRUE,TRUE,FALSE,FALSE,FALSE,FALSE,FALSE,FALSE,Pulmonologist,1,AMB-024,2026-09-22 21:27:38,COMPLETED
REQ-003605,PT-311354,Cardiac,Moderate,79,18.628191,73.81286,FALSE,FALSE,FALSE,FALSE,TRUE,FALSE,FALSE,FALSE,FALSE,,1,AMB-048,2026-09-22 21:29:20,COMPLETED
REQ-003606,PT-523289,Respiratory,Moderate,72,18.548893,73.804501,TRUE,TRUE,TRUE,FALSE,FALSE,FALSE,TRUE,FALSE,FALSE,Pulmonologist,1,,2026-09-22 21:34:44,CREATED
REQ-003607,PT-462095,Respiratory,Low,79,18.522329,73.925346,FALSE,FALSE,TRUE,FALSE,FALSE,FALSE,TRUE,FALSE,FALSE,,1,,2026-09-22 21:44:21,CREATED
REQ-003608,PT-306901,Other,High,33,18.55466,73.812796,TRUE,FALSE,FALSE,FALSE,TRUE,FALSE,FALSE,TRUE,TRUE,Nephrologist,1,AMB-083,2026-09-22 21:48:42,COMPLETED
REQ-003609,PT-545776,Burn,Moderate,15,18.4891,73.872547,TRUE,TRUE,FALSE,TRUE,FALSE,FALSE,FALSE,FALSE,FALSE,,1,,2026-09-22 21:54:12,CREATED
REQ-003610,PT-253156,Burn,Moderate,48,18.560199,73.806746,FALSE,FALSE,FALSE,TRUE,FALSE,FALSE,FALSE,TRUE,FALSE,,2,AMB-026,2026-09-22 21:58:05,COMPLETED
REQ-003611,PT-930006,Cardiac,High,41,18.60151,73.74873,TRUE,TRUE,TRUE,FALSE,TRUE,FALSE,FALSE,FALSE,FALSE,,1,,2026-09-22 21:58:30,CREATED
REQ-003612,PT-460118,Respiratory,Low,59,18.634179,73.833703,FALSE,FALSE,TRUE,FALSE,FALSE,FALSE,FALSE,FALSE,FALSE,,1,,2026-09-22 22:07:15,CREATED
REQ-003613,PT-153340,Respiratory,Low,69,18.50965,73.820558,FALSE,FALSE,TRUE,FALSE,FALSE,FALSE,FALSE,FALSE,FALSE,Pulmonologist,1,AMB-055,2026-09-22 22:20:08,COMPLETED
REQ-003614,PT-741068,Other,Moderate,37,18.445689,73.865728,FALSE,FALSE,FALSE,FALSE,FALSE,FALSE,FALSE,FALSE,FALSE,,1,,2026-09-22 22:35:40,MATCHING
REQ-003615,PT-671358,Respiratory,Moderate,7,18.49992,73.933931,TRUE,TRUE,TRUE,FALSE,FALSE,FALSE,FALSE,TRUE,FALSE,,1,,2026-09-22 22:39:55,MATCHING
REQ-003616,PT-656384,Burn,Low,44,18.52558,73.72931,FALSE,FALSE,FALSE,FALSE,FALSE,FALSE,FALSE,FALSE,FALSE,,1,,2026-09-22 22:55:39,CREATED
REQ-003617,PT-888504,Road Accident,High,30,18.579224,73.976804,FALSE,FALSE,FALSE,TRUE,FALSE,FALSE,TRUE,TRUE,FALSE,,1,,2026-09-22 23:26:06,MATCHING
REQ-003618,PT-597235,Burn,Low,22,18.617268,73.735221,FALSE,FALSE,FALSE,FALSE,FALSE,FALSE,FALSE,FALSE,FALSE,,1,AMB-028,2026-09-22 23:27:32,COMPLETED
REQ-003619,PT-604542,Other,Low,25,18.507807,73.929882,FALSE,FALSE,FALSE,FALSE,FALSE,FALSE,FALSE,FALSE,FALSE,Pulmonologist,1,,2026-09-22 23:36:28,MATCHING
REQ-003620,PT-706758,Cardiac,Critical,55,18.446598,73.92567,TRUE,TRUE,FALSE,FALSE,TRUE,FALSE,FALSE,FALSE,FALSE,Cardiologist,1,AMB-085,2026-09-22 23:46:13,COMPLETED
REQ-003621,PT-535308,Respiratory,Moderate,0,18.495603,73.857564,FALSE,FALSE,TRUE,FALSE,FALSE,FALSE,FALSE,FALSE,FALSE,,1,,2026-09-22 23:48:55,MATCHING
REQ-003622,PT-618311,Road Accident,Critical,31,18.572244,73.986518,TRUE,TRUE,FALSE,TRUE,FALSE,TRUE,TRUE,TRUE,FALSE,Neurologist,1,AMB-043,2026-09-22 23:50:09,COMPLETED
REQ-003623,PT-200530,Burn,High,48,18.493633,73.825283,FALSE,FALSE,TRUE,TRUE,FALSE,FALSE,FALSE,FALSE,FALSE,General Surgeon,1,,2026-09-22 23:52:42,CREATED
REQ-003624,PT-263172,Road Accident,High,41,18.643642,73.765745,TRUE,FALSE,FALSE,TRUE,FALSE,FALSE,FALSE,FALSE,FALSE,General Surgeon,1,AMB-023,2026-09-23 00:00:19,COMPLETED
REQ-003625,PT-341073,Cardiac,High,33,18.52334,73.873122,TRUE,FALSE,TRUE,FALSE,TRUE,FALSE,FALSE,FALSE,FALSE,,1,,2026-09-23 00:23:57,CREATED
REQ-003626,PT-883924,Road Accident,Moderate,50,18.574306,73.969851,FALSE,FALSE,FALSE,TRUE,FALSE,FALSE,TRUE,FALSE,FALSE,Trauma Surgeon,1,AMB-019,2026-09-23 00:45:29,COMPLETED
REQ-003627,PT-593731,Respiratory,Moderate,6,18.509616,73.82343,TRUE,FALSE,TRUE,FALSE,FALSE,FALSE,FALSE,FALSE,FALSE,Pulmonologist,1,,2026-09-23 00:50:51,CREATED
REQ-003628,PT-972074,Road Accident,Moderate,49,18.567783,73.871898,FALSE,FALSE,TRUE,TRUE,FALSE,FALSE,FALSE,FALSE,FALSE,,1,,2026-09-23 00:55:30,CREATED
REQ-003629,PT-791140,Burn,Critical,23,18.54511,73.880599,TRUE,TRUE,FALSE,TRUE,FALSE,FALSE,TRUE,FALSE,FALSE,General Surgeon,1,,2026-09-23 00:59:45,CREATED
REQ-003630,PT-138937,Respiratory,Moderate,104,18.506479,73.794773,FALSE,FALSE,TRUE,FALSE,FALSE,FALSE,FALSE,FALSE,FALSE,Pulmonologist,1,AMB-058,2026-09-23 01:02:38,NO_MATCH
REQ-003631,PT-525261,Cardiac,Moderate,53,18.552119,73.941184,FALSE,FALSE,FALSE,FALSE,FALSE,FALSE,FALSE,FALSE,FALSE,,1,,2026-09-23 01:25:11,CREATED
REQ-003632,PT-909900,Road Accident,High,46,18.584265,73.744386,TRUE,FALSE,FALSE,TRUE,FALSE,FALSE,FALSE,FALSE,FALSE,Trauma Surgeon,1,,2026-09-23 01:56:48,MATCHING
REQ-003633,PT-929639,Road Accident,High,18,18.573608,73.923945,TRUE,FALSE,FALSE,TRUE,FALSE,FALSE,TRUE,TRUE,FALSE,Trauma Surgeon,2,,2026-09-23 02:22:21,CREATED
REQ-003634,PT-997243,Respiratory,Moderate,96,18.568087,73.891177,FALSE,FALSE,FALSE,FALSE,FALSE,FALSE,TRUE,FALSE,FALSE,Pulmonologist,1,,2026-09-23 02:32:19,CREATED
REQ-003635,PT-547086,Road Accident,High,34,18.762292,73.843072,FALSE,FALSE,FALSE,TRUE,FALSE,FALSE,TRUE,FALSE,FALSE,,1,,2026-09-23 03:17:01,MATCHING
REQ-003636,PT-611033,Road Accident,High,58,18.627326,73.783967,FALSE,FALSE,TRUE,TRUE,FALSE,FALSE,TRUE,TRUE,FALSE,Trauma Surgeon,1,,2026-09-23 04:29:26,CREATED
REQ-003637,PT-197504,Road Accident,High,57,18.573209,73.967913,TRUE,FALSE,TRUE,FALSE,FALSE,FALSE,TRUE,TRUE,FALSE,Trauma Surgeon,1,,2026-09-23 04:35:29,MATCHING
REQ-003638,PT-721691,Cardiac,High,50,18.463748,73.902386,TRUE,FALSE,TRUE,FALSE,TRUE,FALSE,FALSE,FALSE,FALSE,Cardiologist,1,AMB-085,2026-09-23 05:27:41,COMPLETED
REQ-003639,PT-323581,Cardiac,Low,63,18.611643,73.815156,FALSE,FALSE,FALSE,FALSE,TRUE,FALSE,FALSE,FALSE,FALSE,,1,,2026-09-23 06:02:02,CREATED
REQ-003640,PT-176642,Other,Moderate,49,18.580211,73.77812,FALSE,TRUE,TRUE,FALSE,FALSE,FALSE,FALSE,TRUE,FALSE,,1,AMB-044,2026-09-23 06:07:35,COMPLETED
REQ-003641,PT-725860,Respiratory,Moderate,63,18.591232,73.750649,TRUE,FALSE,TRUE,FALSE,FALSE,FALSE,FALSE,FALSE,FALSE,,1,,2026-09-23 06:07:59,CREATED
REQ-003642,PT-694904,Cardiac,Low,50,18.514915,73.857244,FALSE,FALSE,FALSE,FALSE,TRUE,FALSE,FALSE,FALSE,FALSE,,1,,2026-09-23 06:31:27,MATCHING
REQ-003643,PT-287099,Road Accident,Moderate,37,18.630938,73.801688,TRUE,FALSE,FALSE,TRUE,FALSE,FALSE,FALSE,FALSE,FALSE,Trauma Surgeon,1,AMB-012,2026-09-23 07:01:06,COMPLETED
REQ-003644,PT-206641,Respiratory,Low,38,18.583639,73.73624,FALSE,FALSE,TRUE,FALSE,FALSE,FALSE,FALSE,FALSE,FALSE,,1,AMB-075,2026-09-23 07:06:12,COMPLETED
REQ-003645,PT-696657,Respiratory,Moderate,3,18.462981,73.926046,FALSE,FALSE,TRUE,FALSE,FALSE,FALSE,FALSE,FALSE,FALSE,Pulmonologist,1,,2026-09-23 07:06:30,MATCHING
REQ-003646,PT-245126,Cardiac,Critical,94,18.631387,73.85078,TRUE,FALSE,TRUE,FALSE,TRUE,FALSE,FALSE,FALSE,FALSE,,1,,2026-09-23 07:12:55,CREATED
REQ-003647,PT-452544,Stroke,Critical,64,18.480745,73.874217,TRUE,FALSE,FALSE,FALSE,FALSE,TRUE,FALSE,TRUE,FALSE,Neurologist,1,,2026-09-23 07:28:01,CREATED
REQ-003648,PT-881095,Road Accident,Low,25,18.502757,73.681956,FALSE,FALSE,FALSE,TRUE,FALSE,FALSE,FALSE,FALSE,FALSE,,1,,2026-09-23 08:26:28,MATCHING
REQ-003649,PT-880538,Road Accident,High,81,18.488943,73.80896,TRUE,FALSE,TRUE,FALSE,FALSE,FALSE,FALSE,FALSE,FALSE,Trauma Surgeon,1,,2026-09-23 08:28:34,MATCHING
REQ-003650,PT-405008,Road Accident,Moderate,24,18.569658,73.986373,TRUE,FALSE,TRUE,TRUE,FALSE,FALSE,FALSE,FALSE,FALSE,,1,,2026-09-23 08:29:05,MATCHING
REQ-003651,PT-569983,Road Accident,Low,31,18.545188,73.734125,FALSE,FALSE,FALSE,FALSE,FALSE,FALSE,FALSE,FALSE,FALSE,,1,,2026-09-23 08:38:52,CREATED
REQ-003652,PT-417044,Road Accident,Critical,26,18.585295,73.752821,TRUE,FALSE,TRUE,TRUE,FALSE,FALSE,TRUE,TRUE,FALSE,,1,,2026-09-23 08:41:07,CREATED
REQ-003653,PT-582263,Road Accident,Critical,24,18.546111,73.742661,TRUE,TRUE,FALSE,TRUE,FALSE,TRUE,TRUE,TRUE,FALSE,Neurologist,1,AMB-062,2026-09-23 09:16:24,COMPLETED
REQ-003654,PT-288927,Cardiac,Critical,60,18.588011,73.716481,TRUE,FALSE,FALSE,FALSE,TRUE,FALSE,FALSE,TRUE,FALSE,Cardiologist,1,,2026-09-23 09:21:18,MATCHING
REQ-003655,PT-860434,Other,Critical,65,18.656462,73.790492,TRUE,TRUE,FALSE,FALSE,FALSE,FALSE,FALSE,FALSE,FALSE,Cardiologist,1,,2026-09-23 09:27:36,MATCHING
REQ-003656,PT-580267,Stroke,Critical,72,18.620608,73.791436,TRUE,TRUE,FALSE,FALSE,FALSE,TRUE,FALSE,FALSE,FALSE,Neurologist,1,,2026-09-23 09:30:16,CREATED
REQ-003657,PT-354678,Other,Moderate,49,18.447046,73.926415,FALSE,FALSE,FALSE,FALSE,FALSE,FALSE,FALSE,FALSE,FALSE,Cardiologist,1,AMB-085,2026-09-23 09:33:05,COMPLETED
REQ-003658,PT-646713,Stroke,Moderate,59,18.506336,73.835178,TRUE,FALSE,FALSE,FALSE,FALSE,TRUE,FALSE,FALSE,FALSE,,1,,2026-09-23 09:35:37,MATCHING
REQ-003659,PT-542031,Road Accident,High,17,18.495035,73.798282,TRUE,FALSE,FALSE,FALSE,FALSE,FALSE,FALSE,TRUE,FALSE,,1,,2026-09-23 09:41:43,MATCHING
REQ-003660,PT-691964,Respiratory,Critical,35,18.500576,73.676841,TRUE,FALSE,TRUE,FALSE,FALSE,FALSE,FALSE,FALSE,FALSE,Pulmonologist,1,,2026-09-23 09:43:05,CREATED
REQ-003661,PT-802536,Road Accident,High,48,18.641986,73.856094,FALSE,FALSE,FALSE,TRUE,FALSE,FALSE,TRUE,FALSE,FALSE,,1,AMB-024,2026-09-23 09:44:06,COMPLETED
REQ-003662,PT-429065,Road Accident,Low,34,18.581652,73.996604,FALSE,FALSE,FALSE,TRUE,FALSE,FALSE,FALSE,FALSE,FALSE,,1,,2026-09-23 09:45:45,MATCHING
REQ-003663,PT-653062,Burn,High,14,18.650335,73.765588,FALSE,FALSE,FALSE,FALSE,FALSE,FALSE,FALSE,FALSE,FALSE,General Surgeon,1,,2026-09-23 09:59:41,MATCHING
REQ-003664,PT-164825,Road Accident,Critical,31,18.441603,73.904022,TRUE,TRUE,FALSE,TRUE,FALSE,TRUE,TRUE,TRUE,FALSE,Neurologist,1,AMB-072,2026-09-23 10:02:19,COMPLETED
REQ-003665,PT-441227,Respiratory,High,71,18.642868,73.786637,TRUE,FALSE,FALSE,FALSE,FALSE,FALSE,FALSE,FALSE,FALSE,,1,,2026-09-23 10:07:24,CREATED
REQ-003666,PT-817977,Respiratory,Low,60,18.484315,73.806316,FALSE,FALSE,TRUE,FALSE,FALSE,FALSE,FALSE,FALSE,FALSE,,1,,2026-09-23 10:13:16,CREATED
REQ-003667,PT-620342,Road Accident,Low,24,18.481998,73.884681,FALSE,FALSE,TRUE,TRUE,FALSE,FALSE,FALSE,FALSE,FALSE,,1,,2026-09-23 10:13:17,MATCHING
REQ-003668,PT-831871,Stroke,High,58,18.435073,73.873752,TRUE,FALSE,FALSE,FALSE,FALSE,TRUE,FALSE,FALSE,FALSE,,1,,2026-09-23 10:23:15,CREATED
REQ-003669,PT-129655,Road Accident,High,20,18.466944,73.81589,TRUE,TRUE,TRUE,TRUE,FALSE,FALSE,TRUE,FALSE,FALSE,Trauma Surgeon,1,,2026-09-23 10:26:23,CREATED
REQ-003670,PT-307563,Stroke,High,77,18.504864,73.937084,TRUE,FALSE,FALSE,FALSE,FALSE,TRUE,FALSE,FALSE,FALSE,Neurologist,1,AMB-013,2026-09-23 10:41:16,COMPLETED
REQ-003671,PT-178890,Cardiac,Moderate,59,18.504403,73.921727,FALSE,FALSE,FALSE,FALSE,FALSE,FALSE,FALSE,FALSE,FALSE,Cardiologist,1,AMB-099,2026-09-23 10:45:13,COMPLETED
REQ-003672,PT-347562,Road Accident,Moderate,47,18.568784,73.941011,FALSE,FALSE,TRUE,TRUE,FALSE,FALSE,FALSE,TRUE,FALSE,Trauma Surgeon,1,,2026-09-23 10:46:04,MATCHING
REQ-003673,PT-537285,Road Accident,High,43,18.585938,73.912461,FALSE,TRUE,FALSE,TRUE,FALSE,FALSE,TRUE,FALSE,FALSE,General Surgeon,1,,2026-09-23 10:48:24,CREATED
REQ-003674,PT-858071,Road Accident,Moderate,39,18.635776,73.843568,FALSE,FALSE,FALSE,TRUE,FALSE,FALSE,FALSE,FALSE,FALSE,,1,,2026-09-23 10:54:39,CREATED
REQ-003675,PT-317826,Road Accident,Critical,29,18.670404,73.809245,TRUE,FALSE,TRUE,TRUE,FALSE,FALSE,FALSE,TRUE,FALSE,General Surgeon,1,,2026-09-23 10:56:49,CREATED
REQ-003676,PT-333059,Other,Low,26,18.575949,73.772958,FALSE,FALSE,FALSE,TRUE,FALSE,FALSE,FALSE,FALSE,FALSE,,1,,2026-09-23 10:59:03,CREATED
REQ-003677,PT-897594,Road Accident,Moderate,15,18.510118,73.858683,FALSE,FALSE,FALSE,FALSE,FALSE,FALSE,FALSE,FALSE,FALSE,,1,AMB-003,2026-09-23 11:01:10,COMPLETED
REQ-003678,PT-811391,Other,Low,99,18.474676,73.917202,FALSE,FALSE,FALSE,FALSE,FALSE,FALSE,FALSE,FALSE,FALSE,,1,AMB-085,2026-09-23 11:04:03,COMPLETED
REQ-003679,PT-794236,Road Accident,Moderate,33,18.442618,73.846423,FALSE,FALSE,TRUE,TRUE,FALSE,FALSE,TRUE,FALSE,FALSE,Trauma Surgeon,1,,2026-09-23 11:11:14,CREATED
REQ-003680,PT-954382,Cardiac,Critical,37,18.501996,73.840999,TRUE,TRUE,TRUE,FALSE,TRUE,FALSE,TRUE,FALSE,FALSE,Cardiologist,1,,2026-09-23 11:16:20,MATCHING
REQ-003681,PT-257060,Other,Moderate,50,18.61495,73.798968,FALSE,FALSE,FALSE,FALSE,FALSE,FALSE,FALSE,TRUE,FALSE,,1,AMB-035,2026-09-23 11:16:22,COMPLETED
REQ-003682,PT-622008,Respiratory,High,7,18.747582,73.855568,TRUE,TRUE,TRUE,FALSE,FALSE,FALSE,FALSE,FALSE,FALSE,Pulmonologist,1,,2026-09-23 11:19:45,CREATED
REQ-003683,PT-633884,Burn,Low,9,18.594561,73.990018,FALSE,FALSE,FALSE,TRUE,FALSE,TRUE,FALSE,TRUE,FALSE,General Surgeon,1,,2026-09-23 11:35:44,CREATED
REQ-003684,PT-687622,Cardiac,Moderate,42,18.495696,73.78617,TRUE,FALSE,FALSE,FALSE,TRUE,FALSE,FALSE,FALSE,FALSE,Cardiologist,1,,2026-09-23 11:50:07,MATCHING
REQ-003685,PT-799911,Respiratory,High,42,18.558069,73.804724,FALSE,FALSE,TRUE,FALSE,TRUE,FALSE,FALSE,FALSE,FALSE,Pulmonologist,1,,2026-09-23 12:05:57,CREATED
REQ-003686,PT-294611,Other,Critical,17,18.73606,73.884431,TRUE,TRUE,FALSE,TRUE,FALSE,TRUE,TRUE,TRUE,FALSE,Neurologist,1,AMB-008,2026-09-23 12:06:09,COMPLETED
REQ-003687,PT-517216,Other,Moderate,64,18.590189,73.984851,FALSE,FALSE,FALSE,FALSE,FALSE,FALSE,FALSE,FALSE,FALSE,,1,,2026-09-23 12:19:07,CREATED
REQ-003688,PT-311862,Burn,Critical,45,18.524943,73.844004,TRUE,FALSE,FALSE,TRUE,FALSE,FALSE,TRUE,TRUE,FALSE,,1,AMB-073,2026-09-23 12:40:35,COMPLETED
REQ-003689,PT-443543,Road Accident,Low,38,18.523921,73.928382,FALSE,FALSE,FALSE,FALSE,TRUE,FALSE,FALSE,FALSE,FALSE,Trauma Surgeon,1,,2026-09-23 12:46:09,MATCHING
REQ-003690,PT-176743,Stroke,Critical,61,18.5469,73.82484,TRUE,FALSE,FALSE,FALSE,FALSE,TRUE,FALSE,FALSE,FALSE,Neurologist,1,,2026-09-23 12:46:18,MATCHING
REQ-003691,PT-238884,Other,High,52,18.558394,73.914406,FALSE,FALSE,TRUE,FALSE,FALSE,TRUE,FALSE,TRUE,FALSE,,1,,2026-09-23 12:54:53,MATCHING
REQ-003692,PT-590164,Cardiac,High,54,18.668784,73.783039,TRUE,FALSE,TRUE,FALSE,TRUE,FALSE,FALSE,FALSE,FALSE,,1,,2026-09-23 13:05:43,CREATED
REQ-003693,PT-811885,Stroke,Critical,87,18.559407,73.919608,TRUE,FALSE,TRUE,FALSE,FALSE,TRUE,FALSE,FALSE,FALSE,Neurologist,1,AMB-018,2026-09-23 13:07:44,COMPLETED
REQ-003694,PT-955535,Respiratory,Low,6,18.471066,73.873513,FALSE,FALSE,TRUE,FALSE,FALSE,FALSE,FALSE,FALSE,FALSE,,1,,2026-09-23 13:32:26,MATCHING
REQ-003695,PT-436003,Road Accident,Critical,43,18.784148,73.864641,TRUE,FALSE,TRUE,TRUE,FALSE,FALSE,TRUE,TRUE,FALSE,Trauma Surgeon,1,,2026-09-23 13:38:44,CREATED
REQ-003696,PT-959097,Respiratory,High,85,18.61303,73.798698,TRUE,TRUE,TRUE,FALSE,FALSE,FALSE,FALSE,FALSE,FALSE,Pulmonologist,1,,2026-09-23 13:40:31,CREATED
REQ-003697,PT-318973,Road Accident,Critical,36,18.496831,73.904625,TRUE,TRUE,TRUE,TRUE,FALSE,TRUE,TRUE,TRUE,FALSE,,1,,2026-09-23 13:57:07,CREATED
REQ-003698,PT-473939,Respiratory,Moderate,20,18.499933,73.800901,FALSE,FALSE,TRUE,FALSE,FALSE,FALSE,FALSE,FALSE,FALSE,,1,,2026-09-23 14:03:13,MATCHING
REQ-003699,PT-196414,Road Accident,High,30,18.622539,73.806487,FALSE,FALSE,TRUE,TRUE,FALSE,FALSE,TRUE,TRUE,FALSE,General Surgeon,1,,2026-09-23 14:07:56,CREATED
REQ-003700,PT-328817,Road Accident,High,37,18.715614,73.683642,TRUE,FALSE,FALSE,TRUE,FALSE,FALSE,TRUE,TRUE,FALSE,Trauma Surgeon,1,,2026-09-23 14:10:48,CREATED
REQ-003701,PT-209455,Cardiac,Moderate,58,18.46474,73.857696,FALSE,FALSE,FALSE,FALSE,TRUE,FALSE,FALSE,FALSE,FALSE,Cardiologist,1,,2026-09-23 14:12:49,CREATED
REQ-003702,PT-873114,Cardiac,High,78,18.545394,73.849665,FALSE,FALSE,FALSE,FALSE,TRUE,FALSE,FALSE,FALSE,TRUE,Cardiologist,1,,2026-09-23 14:17:40,CREATED
REQ-003703,PT-284039,Other,Critical,50,18.523705,73.86905,FALSE,FALSE,FALSE,FALSE,FALSE,FALSE,FALSE,FALSE,TRUE,Nephrologist,1,,2026-09-23 14:27:41,CREATED
REQ-003704,PT-288743,Road Accident,Low,27,18.486602,73.90894,FALSE,FALSE,FALSE,TRUE,FALSE,FALSE,FALSE,TRUE,FALSE,,1,AMB-085,2026-09-23 14:39:12,COMPLETED
REQ-003705,PT-478340,Other,Low,94,18.486912,73.820122,FALSE,FALSE,FALSE,FALSE,FALSE,FALSE,TRUE,FALSE,FALSE,,1,,2026-09-23 14:51:21,CREATED
REQ-003706,PT-632793,Cardiac,High,78,18.509659,73.812206,FALSE,FALSE,TRUE,FALSE,TRUE,FALSE,FALSE,FALSE,FALSE,Cardiologist,1,AMB-055,2026-09-23 14:52:45,COMPLETED
REQ-003707,PT-350752,Stroke,High,72,18.567516,73.904169,TRUE,FALSE,FALSE,FALSE,FALSE,TRUE,FALSE,FALSE,FALSE,,1,,2026-09-23 14:53:11,CREATED
REQ-003708,PT-386499,Road Accident,High,20,18.581914,73.994774,TRUE,FALSE,FALSE,TRUE,FALSE,FALSE,TRUE,FALSE,FALSE,Trauma Surgeon,1,AMB-043,2026-09-23 15:06:40,COMPLETED
REQ-003709,PT-973764,Cardiac,High,69,18.573328,73.96615,TRUE,TRUE,TRUE,FALSE,TRUE,FALSE,FALSE,FALSE,FALSE,Cardiologist,1,AMB-019,2026-09-23 15:11:59,COMPLETED
REQ-003710,PT-471508,Road Accident,High,24,18.519309,73.825201,TRUE,FALSE,FALSE,TRUE,FALSE,TRUE,TRUE,TRUE,FALSE,Trauma Surgeon,1,,2026-09-23 15:19:25,MATCHING
REQ-003711,PT-108511,Other,Moderate,44,18.502333,73.821999,FALSE,FALSE,TRUE,TRUE,FALSE,FALSE,FALSE,FALSE,FALSE,,1,,2026-09-23 15:40:35,CREATED
REQ-003712,PT-376525,Respiratory,Moderate,75,18.4963,73.89335,TRUE,TRUE,FALSE,FALSE,FALSE,FALSE,FALSE,FALSE,FALSE,,1,,2026-09-23 15:44:21,CREATED
REQ-003713,PT-732420,Road Accident,Moderate,47,18.456163,73.860969,FALSE,FALSE,FALSE,TRUE,FALSE,FALSE,FALSE,FALSE,FALSE,,1,,2026-09-23 15:47:27,CREATED
REQ-003714,PT-388848,Cardiac,High,84,18.501325,73.863235,TRUE,FALSE,TRUE,FALSE,TRUE,FALSE,FALSE,FALSE,FALSE,Cardiologist,1,AMB-003,2026-09-23 15:53:09,COMPLETED
REQ-003715,PT-989266,Respiratory,Critical,89,18.525815,73.854274,TRUE,FALSE,TRUE,FALSE,FALSE,FALSE,FALSE,FALSE,FALSE,Pulmonologist,1,,2026-09-23 15:58:46,CREATED
REQ-003716,PT-161704,Other,Moderate,41,18.552898,73.814433,TRUE,FALSE,TRUE,FALSE,FALSE,FALSE,FALSE,FALSE,TRUE,Nephrologist,1,,2026-09-23 16:00:26,MATCHING
REQ-003717,PT-711544,Stroke,High,62,18.458467,73.904728,TRUE,FALSE,FALSE,FALSE,FALSE,TRUE,FALSE,FALSE,FALSE,,1,,2026-09-23 16:03:30,MATCHING
REQ-003718,PT-707459,Respiratory,High,0,18.514184,73.931261,TRUE,TRUE,TRUE,FALSE,FALSE,FALSE,FALSE,FALSE,FALSE,,1,,2026-09-23 16:03:46,CREATED
REQ-003719,PT-100314,Road Accident,High,30,18.49379,73.682852,FALSE,FALSE,FALSE,TRUE,FALSE,FALSE,FALSE,FALSE,FALSE,,1,,2026-09-23 16:06:22,MATCHING
REQ-003720,PT-445917,Road Accident,Critical,15,18.611799,73.808461,TRUE,FALSE,TRUE,TRUE,FALSE,FALSE,FALSE,TRUE,FALSE,,1,,2026-09-23 16:08:20,MATCHING
REQ-003721,PT-583264,Cardiac,Critical,47,18.523842,73.837019,TRUE,FALSE,TRUE,FALSE,TRUE,FALSE,TRUE,TRUE,FALSE,,1,AMB-073,2026-09-23 16:19:14,COMPLETED
REQ-003722,PT-802259,Cardiac,High,65,18.517054,73.837405,TRUE,FALSE,FALSE,FALSE,TRUE,FALSE,TRUE,FALSE,FALSE,Cardiologist,1,AMB-055,2026-09-23 16:19:28,COMPLETED
REQ-003723,PT-555508,Stroke,Critical,56,18.565163,73.885898,TRUE,FALSE,TRUE,FALSE,FALSE,TRUE,FALSE,FALSE,FALSE,Neurologist,1,,2026-09-23 16:19:56,MATCHING
REQ-003724,PT-143688,Stroke,High,57,18.571234,73.976641,TRUE,FALSE,TRUE,FALSE,FALSE,TRUE,FALSE,TRUE,FALSE,,1,,2026-09-23 16:20:21,MATCHING
REQ-003725,PT-548609,Respiratory,Moderate,75,18.51791,73.854074,TRUE,TRUE,TRUE,FALSE,FALSE,FALSE,FALSE,FALSE,FALSE,Pulmonologist,1,,2026-09-23 16:23:45,MATCHING
REQ-003726,PT-820469,Road Accident,High,28,18.526565,73.826493,TRUE,TRUE,FALSE,TRUE,FALSE,FALSE,TRUE,FALSE,FALSE,,1,,2026-09-23 16:33:58,MATCHING
REQ-003727,PT-189856,Road Accident,High,13,18.466109,73.90133,TRUE,TRUE,TRUE,TRUE,FALSE,FALSE,TRUE,TRUE,FALSE,Trauma Surgeon,1,,2026-09-23 16:45:36,CREATED
REQ-003728,PT-198612,Cardiac,High,57,18.487574,73.879259,TRUE,FALSE,TRUE,FALSE,TRUE,FALSE,FALSE,TRUE,FALSE,,1,,2026-09-23 16:50:34,CREATED
REQ-003729,PT-746562,Stroke,Critical,74,18.600079,73.738625,TRUE,FALSE,TRUE,FALSE,FALSE,TRUE,FALSE,FALSE,FALSE,Neurologist,1,,2026-09-23 16:52:30,CREATED
REQ-003730,PT-763394,Cardiac,High,68,18.442933,73.923665,TRUE,FALSE,TRUE,FALSE,TRUE,FALSE,TRUE,FALSE,TRUE,,1,,2026-09-23 17:11:43,MATCHING
REQ-003731,PT-769604,Road Accident,Moderate,27,18.748403,73.684034,FALSE,FALSE,FALSE,TRUE,FALSE,FALSE,FALSE,TRUE,FALSE,Trauma Surgeon,1,,2026-09-23 17:16:40,CREATED
REQ-003732,PT-627182,Other,Moderate,15,18.578609,73.755347,TRUE,TRUE,FALSE,FALSE,FALSE,FALSE,FALSE,FALSE,FALSE,,1,,2026-09-23 17:24:27,MATCHING
REQ-003733,PT-757432,Cardiac,High,63,18.51722,73.81955,TRUE,TRUE,FALSE,FALSE,TRUE,FALSE,FALSE,FALSE,FALSE,,1,,2026-09-23 17:37:12,MATCHING
REQ-003734,PT-393204,Other,Moderate,43,18.55247,73.871022,TRUE,FALSE,FALSE,FALSE,FALSE,FALSE,FALSE,FALSE,TRUE,Nephrologist,1,AMB-061,2026-09-23 17:41:41,COMPLETED
REQ-003735,PT-719512,Respiratory,Moderate,75,18.559093,73.758759,FALSE,TRUE,TRUE,FALSE,FALSE,FALSE,FALSE,FALSE,FALSE,,1,,2026-09-23 18:03:34,CREATED
REQ-003736,PT-897797,Road Accident,High,16,18.448133,73.912288,TRUE,FALSE,TRUE,TRUE,FALSE,FALSE,FALSE,FALSE,TRUE,General Surgeon,1,,2026-09-23 18:32:35,CREATED
REQ-003737,PT-556760,Road Accident,Moderate,46,18.604103,73.741781,TRUE,TRUE,FALSE,TRUE,FALSE,FALSE,FALSE,TRUE,FALSE,,1,AMB-028,2026-09-23 18:34:31,COMPLETED
REQ-003738,PT-844759,Road Accident,Moderate,57,18.477592,73.857367,FALSE,FALSE,FALSE,TRUE,FALSE,FALSE,FALSE,FALSE,FALSE,,1,,2026-09-23 18:45:53,CREATED
REQ-003739,PT-656103,Other,Low,20,18.495782,73.838595,FALSE,FALSE,FALSE,FALSE,FALSE,FALSE,FALSE,FALSE,FALSE,,1,,2026-09-23 18:50:14,MATCHING
REQ-003740,PT-251139,Road Accident,Moderate,50,18.632105,73.766112,TRUE,FALSE,FALSE,TRUE,FALSE,FALSE,FALSE,FALSE,FALSE,,1,,2026-09-23 18:57:47,MATCHING
REQ-003741,PT-538789,Road Accident,Moderate,26,18.562066,73.771133,FALSE,FALSE,FALSE,FALSE,FALSE,FALSE,TRUE,TRUE,FALSE,,1,,2026-09-23 19:02:02,CREATED
REQ-003742,PT-986450,Road Accident,Moderate,29,18.743486,73.677202,TRUE,FALSE,FALSE,TRUE,FALSE,FALSE,FALSE,FALSE,FALSE,,1,,2026-09-23 19:13:05,CREATED
REQ-003743,PT-135789,Cardiac,High,49,18.634092,73.798319,TRUE,FALSE,FALSE,FALSE,TRUE,FALSE,FALSE,TRUE,FALSE,,1,,2026-09-23 19:13:20,MATCHING
REQ-003744,PT-635540,Burn,High,36,18.756518,73.836322,FALSE,FALSE,TRUE,TRUE,FALSE,FALSE,FALSE,TRUE,TRUE,,1,,2026-09-23 19:14:17,CREATED
REQ-003745,PT-390081,Other,Moderate,39,18.766955,73.867484,FALSE,FALSE,FALSE,FALSE,FALSE,FALSE,FALSE,FALSE,FALSE,Pulmonologist,1,,2026-09-23 19:28:16,CREATED
REQ-003746,PT-149957,Cardiac,Moderate,58,18.499576,73.9347,FALSE,FALSE,FALSE,FALSE,TRUE,FALSE,FALSE,FALSE,FALSE,,1,AMB-091,2026-09-23 19:29:05,COMPLETED
REQ-003747,PT-954503,Burn,Moderate,46,18.526767,73.811744,FALSE,FALSE,FALSE,FALSE,FALSE,FALSE,FALSE,FALSE,FALSE,,1,AMB-011,2026-09-23 19:34:17,COMPLETED
REQ-003748,PT-205215,Road Accident,High,28,18.571213,73.801985,FALSE,FALSE,TRUE,TRUE,FALSE,FALSE,TRUE,FALSE,FALSE,,1,,2026-09-23 19:38:40,CREATED
REQ-003749,PT-234721,Road Accident,Moderate,17,18.496327,73.813811,FALSE,FALSE,FALSE,TRUE,FALSE,FALSE,FALSE,TRUE,FALSE,,1,AMB-052,2026-09-23 19:38:45,COMPLETED
REQ-003750,PT-395198,Road Accident,High,66,18.569743,73.789677,TRUE,TRUE,FALSE,FALSE,FALSE,FALSE,FALSE,FALSE,FALSE,,1,,2026-09-23 19:39:46,CREATED
REQ-003751,PT-314460,Road Accident,Low,40,18.651716,73.860498,FALSE,FALSE,FALSE,TRUE,FALSE,FALSE,FALSE,FALSE,FALSE,,1,,2026-09-23 19:42:52,CREATED
REQ-003752,PT-342745,Cardiac,High,75,18.559235,73.919852,TRUE,FALSE,FALSE,FALSE,TRUE,FALSE,FALSE,TRUE,TRUE,Cardiologist,1,,2026-09-23 19:55:36,CREATED
REQ-003753,PT-377648,Road Accident,Critical,85,18.480328,73.861348,TRUE,FALSE,FALSE,TRUE,FALSE,TRUE,TRUE,TRUE,FALSE,Trauma Surgeon,1,,2026-09-23 20:01:33,MATCHING
REQ-003754,PT-422150,Respiratory,High,8,18.478598,73.929066,TRUE,FALSE,FALSE,FALSE,FALSE,FALSE,FALSE,FALSE,FALSE,Pulmonologist,1,AMB-013,2026-09-23 20:04:03,COMPLETED
REQ-003755,PT-978802,Cardiac,Critical,57,18.524272,73.749239,TRUE,TRUE,TRUE,FALSE,TRUE,FALSE,TRUE,FALSE,FALSE,,1,AMB-076,2026-09-23 20:05:35,COMPLETED
REQ-003756,PT-570389,Other,Low,72,18.496639,73.808066,FALSE,FALSE,FALSE,FALSE,FALSE,FALSE,FALSE,FALSE,FALSE,Pulmonologist,1,,2026-09-23 20:07:15,CREATED
REQ-003757,PT-257780,Road Accident,High,38,18.564744,73.789737,FALSE,FALSE,FALSE,TRUE,FALSE,FALSE,TRUE,FALSE,FALSE,General Surgeon,1,AMB-040,2026-09-23 20:22:48,COMPLETED
REQ-003758,PT-859678,Other,Moderate,93,18.520774,73.941409,FALSE,FALSE,FALSE,FALSE,FALSE,FALSE,FALSE,FALSE,FALSE,,1,AMB-069,2026-09-23 21:02:33,COMPLETED
REQ-003759,PT-900257,Cardiac,Critical,78,18.503526,73.907599,TRUE,TRUE,TRUE,FALSE,TRUE,FALSE,TRUE,TRUE,FALSE,Cardiologist,1,AMB-090,2026-09-23 21:12:45,COMPLETED
REQ-003760,PT-574741,Burn,High,18,18.633629,73.760061,TRUE,TRUE,TRUE,TRUE,FALSE,FALSE,FALSE,FALSE,FALSE,General Surgeon,1,,2026-09-23 21:22:44,CREATED
REQ-003761,PT-110725,Stroke,Critical,77,18.517096,73.799894,TRUE,TRUE,TRUE,FALSE,FALSE,TRUE,FALSE,FALSE,FALSE,Neurologist,1,,2026-09-23 21:29:24,MATCHING
REQ-003762,PT-276938,Respiratory,Low,98,18.506027,73.878906,FALSE,FALSE,TRUE,FALSE,FALSE,FALSE,FALSE,FALSE,FALSE,,1,,2026-09-23 21:30:35,CREATED
REQ-003763,PT-924799,Road Accident,Moderate,51,18.573935,73.910563,FALSE,FALSE,FALSE,TRUE,FALSE,FALSE,TRUE,FALSE,FALSE,,1,AMB-046,2026-09-23 21:35:10,COMPLETED
REQ-003764,PT-667862,Burn,Critical,30,18.446133,73.869059,TRUE,FALSE,TRUE,TRUE,FALSE,FALSE,TRUE,TRUE,FALSE,General Surgeon,1,,2026-09-23 21:50:16,CREATED
REQ-003765,PT-515625,Cardiac,High,70,18.602691,73.767608,TRUE,FALSE,TRUE,FALSE,TRUE,FALSE,FALSE,TRUE,FALSE,Cardiologist,1,AMB-007,2026-09-23 21:52:03,COMPLETED
REQ-003766,PT-562637,Stroke,High,73,18.641631,73.787136,TRUE,FALSE,TRUE,FALSE,FALSE,TRUE,FALSE,TRUE,FALSE,Neurologist,1,AMB-049,2026-09-23 21:55:53,COMPLETED
REQ-003767,PT-901774,Cardiac,Moderate,70,18.477595,73.802532,FALSE,FALSE,FALSE,FALSE,FALSE,FALSE,FALSE,FALSE,FALSE,,1,,2026-09-23 21:56:07,MATCHING
REQ-003768,PT-431946,Cardiac,High,50,18.646047,73.781532,TRUE,FALSE,TRUE,FALSE,TRUE,FALSE,FALSE,TRUE,FALSE,,1,,2026-09-23 22:02:55,CREATED
REQ-003769,PT-278887,Other,Low,21,18.458336,73.912495,FALSE,FALSE,TRUE,FALSE,FALSE,FALSE,FALSE,FALSE,FALSE,,1,,2026-09-23 22:04:51,MATCHING
REQ-003770,PT-526611,Stroke,Critical,88,18.563512,73.945013,TRUE,FALSE,TRUE,FALSE,FALSE,TRUE,FALSE,TRUE,FALSE,Neurologist,1,,2026-09-23 22:09:00,CREATED
REQ-003771,PT-870292,Road Accident,Critical,40,18.489958,73.693299,TRUE,FALSE,FALSE,TRUE,FALSE,TRUE,TRUE,TRUE,FALSE,General Surgeon,1,,2026-09-23 22:19:14,CREATED
REQ-003772,PT-201587,Other,Moderate,42,18.54231,73.787256,FALSE,FALSE,FALSE,FALSE,FALSE,FALSE,FALSE,FALSE,FALSE,,1,AMB-015,2026-09-23 22:21:56,COMPLETED
REQ-003773,PT-614254,Road Accident,Moderate,19,18.571738,73.970859,TRUE,FALSE,FALSE,TRUE,FALSE,FALSE,FALSE,FALSE,FALSE,,1,AMB-019,2026-09-23 22:26:38,COMPLETED
REQ-003774,PT-562523,Road Accident,Critical,34,18.765924,73.872271,TRUE,FALSE,TRUE,TRUE,FALSE,FALSE,FALSE,TRUE,FALSE,,1,,2026-09-23 22:41:32,MATCHING
REQ-003775,PT-220909,Road Accident,Critical,47,18.575367,73.970673,TRUE,TRUE,FALSE,TRUE,FALSE,TRUE,TRUE,TRUE,FALSE,Neurologist,1,AMB-043,2026-09-23 22:41:44,COMPLETED
REQ-003776,PT-851865,Road Accident,Critical,33,18.730065,73.67103,TRUE,FALSE,TRUE,TRUE,FALSE,FALSE,TRUE,FALSE,FALSE,Trauma Surgeon,1,AMB-093,2026-09-23 22:48:46,COMPLETED
REQ-003777,PT-900239,Cardiac,High,44,18.454702,73.824477,TRUE,FALSE,FALSE,FALSE,TRUE,FALSE,TRUE,FALSE,FALSE,Cardiologist,1,,2026-09-23 23:15:58,CREATED
REQ-003778,PT-728577,Other,Low,25,18.461271,73.904257,FALSE,FALSE,FALSE,FALSE,FALSE,FALSE,FALSE,FALSE,FALSE,,1,AMB-085,2026-09-23 23:16:46,COMPLETED
REQ-003779,PT-936490,Road Accident,Low,37,18.599844,73.764752,FALSE,FALSE,FALSE,TRUE,FALSE,FALSE,TRUE,TRUE,TRUE,,1,,2026-09-23 23:18:37,MATCHING
REQ-003780,PT-735025,Cardiac,Low,75,18.469579,73.914426,FALSE,FALSE,FALSE,TRUE,TRUE,FALSE,FALSE,FALSE,FALSE,,1,,2026-09-23 23:23:09,CREATED
REQ-003781,PT-483612,Stroke,High,75,18.543984,73.807695,TRUE,FALSE,FALSE,FALSE,FALSE,TRUE,FALSE,FALSE,FALSE,Neurologist,1,,2026-09-23 23:27:27,CREATED
REQ-003782,PT-760776,Other,High,14,18.640572,73.806456,TRUE,TRUE,FALSE,FALSE,FALSE,FALSE,FALSE,FALSE,TRUE,Nephrologist,1,,2026-09-23 23:34:34,CREATED
REQ-003783,PT-208212,Respiratory,Moderate,2,18.463789,73.867181,TRUE,TRUE,TRUE,FALSE,FALSE,FALSE,FALSE,FALSE,FALSE,Pulmonologist,1,,2026-09-23 23:43:13,MATCHING
REQ-003784,PT-707604,Other,Moderate,10,18.504593,73.85623,FALSE,FALSE,FALSE,FALSE,FALSE,FALSE,FALSE,FALSE,FALSE,,1,,2026-09-23 23:48:02,CREATED
REQ-003785,PT-775538,Respiratory,Moderate,4,18.536753,73.92714,TRUE,FALSE,TRUE,FALSE,FALSE,FALSE,FALSE,FALSE,FALSE,,1,,2026-09-23 23:57:13,CREATED
REQ-003786,PT-742330,Stroke,Critical,71,18.553543,73.831969,FALSE,FALSE,TRUE,FALSE,FALSE,TRUE,FALSE,FALSE,FALSE,Neurologist,1,,2026-09-23 23:58:00,MATCHING
REQ-003787,PT-287057,Cardiac,Moderate,67,18.536235,73.720979,TRUE,TRUE,FALSE,FALSE,TRUE,FALSE,FALSE,FALSE,FALSE,,1,,2026-09-24 00:40:47,MATCHING
REQ-003788,PT-236998,Road Accident,Moderate,45,18.584102,74.008673,TRUE,FALSE,TRUE,TRUE,FALSE,FALSE,FALSE,FALSE,FALSE,,1,,2026-09-24 00:40:58,MATCHING
REQ-003789,PT-347448,Other,Low,49,18.581896,73.71783,FALSE,FALSE,FALSE,FALSE,FALSE,FALSE,FALSE,FALSE,FALSE,,1,,2026-09-24 00:44:12,MATCHING
REQ-003790,PT-929933,Cardiac,High,70,18.4863,73.825584,TRUE,TRUE,FALSE,FALSE,TRUE,FALSE,FALSE,FALSE,FALSE,Cardiologist,1,,2026-09-24 00:55:31,MATCHING
REQ-003791,PT-194211,Respiratory,Moderate,63,18.598669,73.727569,TRUE,TRUE,TRUE,FALSE,FALSE,FALSE,FALSE,FALSE,FALSE,,1,,2026-09-24 01:48:29,MATCHING
REQ-003792,PT-718670,Road Accident,Critical,34,18.524327,73.7352,TRUE,TRUE,TRUE,FALSE,FALSE,FALSE,FALSE,TRUE,FALSE,Trauma Surgeon,1,AMB-076,2026-09-24 02:13:12,COMPLETED
REQ-003793,PT-676539,Road Accident,High,34,18.518148,73.729109,TRUE,TRUE,TRUE,FALSE,FALSE,FALSE,TRUE,TRUE,FALSE,Trauma Surgeon,1,AMB-062,2026-09-24 02:13:45,COMPLETED
REQ-003794,PT-793593,Stroke,High,63,18.741544,73.867817,FALSE,FALSE,FALSE,FALSE,FALSE,FALSE,FALSE,FALSE,FALSE,Neurologist,1,,2026-09-24 04:16:01,MATCHING
REQ-003795,PT-394998,Other,Low,31,18.458669,73.877208,FALSE,FALSE,FALSE,FALSE,FALSE,FALSE,FALSE,FALSE,FALSE,Pulmonologist,1,AMB-053,2026-09-24 04:44:59,COMPLETED
REQ-003796,PT-694124,Cardiac,Critical,74,18.459061,73.885835,TRUE,FALSE,FALSE,FALSE,TRUE,FALSE,FALSE,TRUE,FALSE,Cardiologist,1,,2026-09-24 04:49:34,CREATED
REQ-003797,PT-894052,Respiratory,Moderate,75,18.466332,73.827701,TRUE,TRUE,FALSE,FALSE,FALSE,FALSE,TRUE,FALSE,FALSE,,1,,2026-09-24 05:21:29,MATCHING
REQ-003798,PT-932209,Road Accident,Moderate,30,18.502855,73.69314,FALSE,FALSE,FALSE,TRUE,FALSE,FALSE,FALSE,FALSE,FALSE,,1,,2026-09-24 06:08:08,MATCHING
REQ-003799,PT-479175,Cardiac,High,90,18.520021,73.858496,TRUE,FALSE,TRUE,FALSE,FALSE,FALSE,FALSE,FALSE,FALSE,,1,AMB-003,2026-09-24 06:11:58,COMPLETED
REQ-003800,PT-933384,Road Accident,High,30,18.644865,73.768563,TRUE,FALSE,FALSE,TRUE,FALSE,FALSE,FALSE,FALSE,FALSE,Trauma Surgeon,1,,2026-09-24 06:13:51,MATCHING
REQ-003801,PT-432611,Other,Low,43,18.507277,73.813701,FALSE,FALSE,FALSE,FALSE,FALSE,FALSE,FALSE,FALSE,FALSE,,1,,2026-09-24 06:47:59,CREATED
REQ-003802,PT-416451,Road Accident,High,41,18.574818,73.978234,TRUE,FALSE,FALSE,FALSE,FALSE,FALSE,TRUE,FALSE,FALSE,General Surgeon,1,,2026-09-24 07:23:49,CREATED
REQ-003803,PT-376838,Respiratory,High,32,18.568407,73.943013,TRUE,FALSE,FALSE,FALSE,FALSE,FALSE,FALSE,FALSE,TRUE,Pulmonologist,1,AMB-042,2026-09-24 07:26:22,COMPLETED
REQ-003804,PT-987187,Cardiac,Low,55,18.636559,73.80352,FALSE,FALSE,FALSE,FALSE,TRUE,FALSE,FALSE,FALSE,FALSE,Cardiologist,1,,2026-09-24 07:36:10,MATCHING
REQ-003805,PT-157994,Road Accident,Critical,29,18.491188,73.917275,FALSE,FALSE,TRUE,TRUE,FALSE,FALSE,TRUE,TRUE,TRUE,Trauma Surgeon,1,,2026-09-24 07:43:44,CREATED
REQ-003806,PT-840812,Cardiac,High,72,18.562301,73.80256,TRUE,FALSE,FALSE,FALSE,TRUE,FALSE,FALSE,FALSE,FALSE,,1,,2026-09-24 07:53:35,MATCHING
REQ-003807,PT-147186,Respiratory,High,13,18.751424,73.851987,TRUE,TRUE,TRUE,FALSE,FALSE,FALSE,FALSE,FALSE,FALSE,Pulmonologist,1,,2026-09-24 07:54:54,MATCHING
REQ-003808,PT-509951,Cardiac,Low,73,18.664318,73.775169,FALSE,FALSE,FALSE,FALSE,TRUE,FALSE,FALSE,FALSE,FALSE,,1,,2026-09-24 08:18:22,CREATED
REQ-003809,PT-902872,Cardiac,Moderate,77,18.549185,73.826416,TRUE,TRUE,FALSE,FALSE,TRUE,FALSE,FALSE,FALSE,FALSE,,1,,2026-09-24 08:33:11,CREATED
REQ-003810,PT-582470,Respiratory,Moderate,70,18.522546,73.710144,FALSE,FALSE,TRUE,FALSE,FALSE,FALSE,FALSE,FALSE,FALSE,,1,,2026-09-24 08:44:39,MATCHING
REQ-003811,PT-192517,Cardiac,High,42,18.645535,73.779323,FALSE,FALSE,TRUE,FALSE,TRUE,FALSE,FALSE,FALSE,FALSE,,1,,2026-09-24 08:44:54,MATCHING
REQ-003812,PT-158098,Burn,Critical,29,18.771431,73.835527,TRUE,TRUE,TRUE,TRUE,FALSE,TRUE,TRUE,TRUE,FALSE,Neurologist,1,AMB-022,2026-09-24 08:58:02,COMPLETED
REQ-003813,PT-592270,Stroke,Moderate,73,18.483573,73.811637,TRUE,FALSE,FALSE,FALSE,FALSE,TRUE,FALSE,FALSE,FALSE,,1,AMB-057,2026-09-24 08:59:56,COMPLETED
REQ-003814,PT-402433,Road Accident,Moderate,55,18.590354,73.967341,TRUE,TRUE,FALSE,TRUE,FALSE,FALSE,FALSE,FALSE,FALSE,,1,,2026-09-24 09:18:08,CREATED
REQ-003815,PT-982043,Respiratory,Low,66,18.443395,73.885632,TRUE,FALSE,TRUE,FALSE,FALSE,FALSE,FALSE,FALSE,FALSE,,1,,2026-09-24 09:27:01,CREATED
REQ-003816,PT-848197,Respiratory,High,44,18.587294,73.754352,TRUE,FALSE,TRUE,FALSE,FALSE,FALSE,FALSE,FALSE,FALSE,Pulmonologist,1,AMB-007,2026-09-24 09:33:15,COMPLETED
REQ-003817,PT-464804,Cardiac,Moderate,35,18.478217,73.835084,FALSE,FALSE,TRUE,FALSE,TRUE,FALSE,FALSE,FALSE,FALSE,,1,,2026-09-24 09:38:24,MATCHING
REQ-003818,PT-208896,Road Accident,Moderate,19,18.501426,73.876549,FALSE,FALSE,FALSE,FALSE,FALSE,FALSE,FALSE,FALSE,FALSE,,1,,2026-09-24 10:14:54,MATCHING
REQ-003819,PT-900503,Road Accident,Moderate,28,18.511954,73.85823,FALSE,FALSE,FALSE,TRUE,FALSE,FALSE,TRUE,FALSE,FALSE,,1,,2026-09-24 10:28:21,CREATED
REQ-003820,PT-813076,Burn,High,13,18.604222,73.738602,TRUE,FALSE,FALSE,TRUE,FALSE,FALSE,FALSE,FALSE,FALSE,,1,,2026-09-24 10:34:02,MATCHING
REQ-003821,PT-872392,Stroke,Moderate,71,18.496494,73.858854,FALSE,FALSE,FALSE,FALSE,FALSE,TRUE,FALSE,FALSE,FALSE,,1,,2026-09-24 10:47:13,CREATED
REQ-003822,PT-499913,Other,Moderate,40,18.578597,73.999097,TRUE,FALSE,FALSE,FALSE,FALSE,FALSE,FALSE,FALSE,TRUE,Nephrologist,1,,2026-09-24 10:50:03,CREATED
REQ-003823,PT-211900,Cardiac,High,45,18.585454,73.715812,TRUE,FALSE,FALSE,FALSE,FALSE,FALSE,FALSE,FALSE,FALSE,Cardiologist,1,,2026-09-24 11:00:16,MATCHING
REQ-003824,PT-119723,Stroke,Moderate,88,18.553929,73.827213,FALSE,FALSE,FALSE,FALSE,FALSE,FALSE,FALSE,FALSE,FALSE,,1,,2026-09-24 11:01:35,CREATED
REQ-003825,PT-626948,Cardiac,Low,49,18.566137,73.985942,FALSE,FALSE,FALSE,FALSE,FALSE,FALSE,FALSE,FALSE,FALSE,Cardiologist,1,AMB-019,2026-09-24 11:19:29,COMPLETED
REQ-003826,PT-755330,Respiratory,High,69,18.443628,73.889332,TRUE,FALSE,TRUE,FALSE,FALSE,FALSE,FALSE,TRUE,FALSE,Pulmonologist,1,,2026-09-24 11:22:47,CREATED
REQ-003827,PT-312701,Stroke,Critical,50,18.542619,73.940148,TRUE,TRUE,FALSE,FALSE,FALSE,TRUE,FALSE,FALSE,FALSE,Neurologist,1,AMB-059,2026-09-24 11:32:22,COMPLETED
REQ-003828,PT-722531,Other,Moderate,57,18.657762,73.780096,TRUE,FALSE,FALSE,FALSE,FALSE,FALSE,FALSE,FALSE,FALSE,,1,AMB-006,2026-09-24 11:34:41,COMPLETED
REQ-003829,PT-384168,Other,Moderate,23,18.500798,73.831305,FALSE,FALSE,FALSE,FALSE,FALSE,FALSE,FALSE,FALSE,TRUE,Nephrologist,1,,2026-09-24 11:43:58,MATCHING
REQ-003830,PT-706354,Other,Low,62,18.486663,73.807643,FALSE,FALSE,FALSE,FALSE,FALSE,FALSE,FALSE,FALSE,FALSE,,1,,2026-09-24 11:57:47,CREATED
REQ-003831,PT-491243,Respiratory,Moderate,4,18.481373,73.798111,FALSE,FALSE,TRUE,FALSE,FALSE,FALSE,FALSE,FALSE,FALSE,,1,,2026-09-24 12:04:07,CREATED
REQ-003832,PT-436940,Respiratory,Critical,62,18.597427,73.984686,TRUE,TRUE,TRUE,FALSE,FALSE,FALSE,FALSE,FALSE,FALSE,Pulmonologist,1,,2026-09-24 12:33:52,CREATED
REQ-003833,PT-784489,Cardiac,High,87,18.492067,73.929341,FALSE,FALSE,TRUE,FALSE,TRUE,FALSE,FALSE,FALSE,FALSE,Cardiologist,1,,2026-09-24 12:35:29,CREATED
REQ-003834,PT-183113,Stroke,Critical,40,18.610827,73.754552,TRUE,TRUE,TRUE,FALSE,FALSE,TRUE,FALSE,FALSE,FALSE,,1,,2026-09-24 12:37:16,MATCHING
REQ-003835,PT-391971,Respiratory,Critical,50,18.647293,73.778598,FALSE,TRUE,TRUE,FALSE,TRUE,FALSE,FALSE,FALSE,FALSE,Pulmonologist,1,,2026-09-24 12:57:53,CREATED
REQ-003836,PT-465867,Road Accident,Moderate,50,18.5071,73.930764,TRUE,TRUE,FALSE,TRUE,FALSE,FALSE,FALSE,FALSE,FALSE,Trauma Surgeon,1,AMB-087,2026-09-24 12:59:51,COMPLETED
REQ-003837,PT-507545,Road Accident,Moderate,22,18.530952,73.848715,FALSE,FALSE,FALSE,FALSE,FALSE,FALSE,TRUE,FALSE,FALSE,Trauma Surgeon,1,,2026-09-24 13:01:12,MATCHING
REQ-003838,PT-240272,Burn,High,16,18.563852,73.916361,TRUE,TRUE,FALSE,TRUE,FALSE,FALSE,FALSE,FALSE,FALSE,,1,,2026-09-24 13:02:18,MATCHING
REQ-003839,PT-316968,Cardiac,Moderate,62,18.596407,73.969572,FALSE,FALSE,TRUE,FALSE,TRUE,FALSE,FALSE,FALSE,FALSE,,1,,2026-09-24 13:12:49,MATCHING
REQ-003840,PT-569292,Road Accident,High,53,18.727747,73.690457,TRUE,TRUE,FALSE,FALSE,FALSE,FALSE,TRUE,TRUE,FALSE,General Surgeon,1,,2026-09-24 13:13:19,CREATED
REQ-003841,PT-300193,Respiratory,High,12,18.597069,73.774775,FALSE,FALSE,TRUE,FALSE,FALSE,FALSE,FALSE,FALSE,FALSE,Pulmonologist,1,,2026-09-24 13:16:20,CREATED
REQ-003842,PT-377536,Stroke,High,87,18.622716,73.855423,FALSE,FALSE,TRUE,FALSE,FALSE,TRUE,FALSE,FALSE,FALSE,Neurologist,1,,2026-09-24 13:21:59,CREATED
REQ-003843,PT-871593,Other,Moderate,19,18.635557,73.804619,FALSE,FALSE,FALSE,FALSE,FALSE,FALSE,FALSE,TRUE,FALSE,Pulmonologist,1,,2026-09-24 13:29:08,MATCHING
REQ-003844,PT-453737,Road Accident,Critical,24,18.459164,73.932737,TRUE,FALSE,FALSE,TRUE,FALSE,TRUE,TRUE,TRUE,FALSE,Trauma Surgeon,1,,2026-09-24 13:31:33,CREATED
REQ-003845,PT-538396,Burn,Moderate,5,18.534099,73.688582,FALSE,FALSE,FALSE,FALSE,FALSE,FALSE,FALSE,TRUE,FALSE,General Surgeon,2,,2026-09-24 13:35:52,MATCHING
REQ-003846,PT-226372,Cardiac,Critical,48,18.51849,73.928199,TRUE,FALSE,TRUE,FALSE,TRUE,FALSE,FALSE,TRUE,FALSE,Cardiologist,1,AMB-080,2026-09-24 13:43:15,COMPLETED
REQ-003847,PT-432596,Cardiac,High,78,18.521624,73.930645,TRUE,FALSE,TRUE,FALSE,FALSE,FALSE,FALSE,FALSE,FALSE,Cardiologist,1,AMB-090,2026-09-24 13:43:35,COMPLETED
REQ-003848,PT-798381,Cardiac,Low,76,18.607802,73.983091,FALSE,FALSE,FALSE,FALSE,TRUE,FALSE,FALSE,FALSE,FALSE,,1,,2026-09-24 13:52:33,CREATED
REQ-003849,PT-273683,Road Accident,Moderate,58,18.546577,73.899747,FALSE,FALSE,FALSE,TRUE,FALSE,FALSE,FALSE,TRUE,FALSE,,1,,2026-09-24 13:53:19,MATCHING
REQ-003850,PT-842173,Cardiac,High,64,18.625587,73.798123,FALSE,FALSE,FALSE,FALSE,TRUE,FALSE,FALSE,TRUE,FALSE,,1,AMB-035,2026-09-24 13:58:48,COMPLETED
REQ-003851,PT-134231,Road Accident,Moderate,25,18.464915,73.872738,FALSE,FALSE,FALSE,TRUE,FALSE,FALSE,FALSE,FALSE,FALSE,,1,AMB-053,2026-09-24 14:00:29,COMPLETED
REQ-003852,PT-701383,Cardiac,High,75,18.478866,73.81493,TRUE,TRUE,FALSE,FALSE,FALSE,FALSE,TRUE,FALSE,FALSE,,1,,2026-09-24 14:16:05,CREATED
REQ-003853,PT-628360,Cardiac,Moderate,26,18.546955,73.768833,TRUE,TRUE,FALSE,FALSE,TRUE,FALSE,FALSE,FALSE,FALSE,,1,AMB-015,2026-09-24 14:22:38,COMPLETED
REQ-003854,PT-599137,Respiratory,High,6,18.515075,73.910116,TRUE,FALSE,TRUE,FALSE,FALSE,FALSE,FALSE,FALSE,FALSE,,1,,2026-09-24 14:24:39,CREATED
REQ-003855,PT-845615,Road Accident,High,22,18.735145,73.67062,TRUE,FALSE,TRUE,FALSE,FALSE,FALSE,FALSE,TRUE,FALSE,Trauma Surgeon,2,,2026-09-24 14:34:16,CREATED
REQ-003856,PT-210453,Other,Critical,25,18.629271,73.835022,FALSE,FALSE,FALSE,FALSE,FALSE,FALSE,FALSE,FALSE,TRUE,Cardiologist,1,,2026-09-24 14:42:05,MATCHING
REQ-003857,PT-260105,Burn,High,51,18.474914,73.825336,TRUE,FALSE,TRUE,TRUE,FALSE,FALSE,FALSE,TRUE,FALSE,General Surgeon,1,,2026-09-24 14:43:25,MATCHING
REQ-003858,PT-109130,Cardiac,Low,66,18.524309,73.687356,FALSE,FALSE,FALSE,FALSE,TRUE,TRUE,FALSE,FALSE,FALSE,,1,,2026-09-24 14:50:43,NO_MATCH
REQ-003859,PT-356757,Cardiac,Moderate,85,18.46871,73.796572,FALSE,FALSE,TRUE,FALSE,FALSE,FALSE,FALSE,TRUE,FALSE,Cardiologist,1,,2026-09-24 15:10:02,CREATED
REQ-003860,PT-618657,Road Accident,Low,40,18.497836,73.695781,FALSE,FALSE,FALSE,TRUE,FALSE,FALSE,FALSE,FALSE,FALSE,Trauma Surgeon,1,,2026-09-24 15:10:26,CREATED
REQ-003861,PT-681272,Road Accident,Low,16,18.456048,73.919828,TRUE,FALSE,TRUE,TRUE,FALSE,FALSE,FALSE,FALSE,FALSE,,1,,2026-09-24 15:14:42,CREATED
REQ-003862,PT-626712,Road Accident,High,40,18.777782,73.867964,TRUE,FALSE,TRUE,TRUE,FALSE,FALSE,TRUE,TRUE,FALSE,Trauma Surgeon,1,,2026-09-24 15:32:26,MATCHING
REQ-003863,PT-189061,Stroke,Moderate,54,18.520661,73.879779,TRUE,FALSE,FALSE,FALSE,FALSE,TRUE,FALSE,FALSE,FALSE,,1,,2026-09-24 15:36:36,CREATED
REQ-003864,PT-785013,Road Accident,Critical,55,18.563635,73.960502,TRUE,FALSE,TRUE,TRUE,FALSE,FALSE,FALSE,TRUE,FALSE,General Surgeon,1,AMB-019,2026-09-24 15:46:39,COMPLETED
REQ-003865,PT-261351,Road Accident,High,92,18.560747,73.959013,TRUE,FALSE,TRUE,TRUE,FALSE,FALSE,FALSE,FALSE,FALSE,,1,AMB-059,2026-09-24 15:47:02,COMPLETED
REQ-003866,PT-181529,Road Accident,High,25,18.640977,73.805823,TRUE,TRUE,TRUE,FALSE,FALSE,FALSE,FALSE,FALSE,FALSE,Trauma Surgeon,1,,2026-09-24 15:51:44,CREATED
REQ-003867,PT-665027,Stroke,High,51,18.605676,73.735871,FALSE,FALSE,FALSE,FALSE,FALSE,TRUE,FALSE,FALSE,FALSE,Neurologist,1,,2026-09-24 15:57:03,MATCHING
REQ-003868,PT-548614,Respiratory,Moderate,56,18.472875,73.891146,TRUE,FALSE,TRUE,FALSE,FALSE,FALSE,FALSE,FALSE,FALSE,,1,AMB-067,2026-09-24 16:29:41,COMPLETED
REQ-003869,PT-323728,Road Accident,High,39,18.515459,73.916679,FALSE,FALSE,FALSE,FALSE,FALSE,FALSE,TRUE,TRUE,FALSE,Trauma Surgeon,1,,2026-09-24 16:41:46,MATCHING
REQ-003870,PT-522088,Road Accident,Critical,26,18.506907,73.690467,TRUE,TRUE,TRUE,TRUE,FALSE,FALSE,FALSE,TRUE,FALSE,,1,AMB-070,2026-09-24 16:42:59,COMPLETED
REQ-003871,PT-992176,Stroke,High,28,18.510773,73.863171,FALSE,FALSE,TRUE,FALSE,FALSE,TRUE,FALSE,FALSE,FALSE,,1,,2026-09-24 16:44:31,CREATED
REQ-003872,PT-841270,Cardiac,High,50,18.631106,73.83648,TRUE,FALSE,FALSE,FALSE,TRUE,FALSE,FALSE,FALSE,FALSE,,1,,2026-09-24 16:50:35,MATCHING
REQ-003873,PT-840605,Burn,High,50,18.576413,73.968127,FALSE,FALSE,FALSE,FALSE,FALSE,FALSE,FALSE,FALSE,FALSE,General Surgeon,2,,2026-09-24 16:52:04,MATCHING
REQ-003874,PT-477711,Respiratory,Moderate,63,18.653308,73.756324,FALSE,FALSE,TRUE,FALSE,FALSE,FALSE,FALSE,FALSE,FALSE,Pulmonologist,1,,2026-09-24 16:57:29,MATCHING
REQ-003875,PT-462406,Burn,High,72,18.444503,73.863739,FALSE,FALSE,TRUE,TRUE,FALSE,FALSE,FALSE,FALSE,TRUE,,1,,2026-09-24 16:59:18,CREATED
REQ-003876,PT-418814,Respiratory,High,0,18.550375,73.823064,TRUE,FALSE,TRUE,FALSE,FALSE,FALSE,FALSE,FALSE,FALSE,,1,,2026-09-24 17:11:43,CREATED
REQ-003877,PT-539743,Respiratory,High,7,18.589179,73.96885,TRUE,FALSE,TRUE,TRUE,FALSE,FALSE,FALSE,FALSE,FALSE,Pulmonologist,1,AMB-043,2026-09-24 17:12:08,COMPLETED
REQ-003878,PT-681823,Respiratory,Low,55,18.601062,73.768032,FALSE,FALSE,FALSE,FALSE,FALSE,FALSE,FALSE,FALSE,FALSE,,1,,2026-09-24 17:16:36,CREATED
REQ-003879,PT-985210,Other,Low,57,18.525475,73.946119,FALSE,FALSE,FALSE,FALSE,FALSE,FALSE,FALSE,FALSE,FALSE,,1,,2026-09-24 17:20:28,CREATED
REQ-003880,PT-533656,Respiratory,High,53,18.53697,73.856259,TRUE,TRUE,TRUE,FALSE,FALSE,FALSE,FALSE,FALSE,FALSE,Pulmonologist,1,,2026-09-24 17:35:44,CREATED
REQ-003881,PT-945112,Stroke,Moderate,57,18.500158,73.89303,TRUE,FALSE,FALSE,FALSE,FALSE,TRUE,FALSE,FALSE,FALSE,,1,,2026-09-24 17:35:51,MATCHING
REQ-003882,PT-218720,Respiratory,Moderate,71,18.459251,73.852823,TRUE,TRUE,TRUE,FALSE,FALSE,FALSE,FALSE,FALSE,FALSE,Pulmonologist,1,AMB-074,2026-09-24 17:36:23,COMPLETED
REQ-003883,PT-738595,Respiratory,Moderate,62,18.766581,73.862256,TRUE,FALSE,FALSE,FALSE,FALSE,FALSE,FALSE,FALSE,FALSE,Pulmonologist,1,,2026-09-24 17:38:15,CREATED
REQ-003884,PT-895416,Road Accident,Moderate,24,18.506218,73.816023,FALSE,FALSE,FALSE,TRUE,FALSE,FALSE,FALSE,FALSE,FALSE,Trauma Surgeon,1,AMB-052,2026-09-24 17:52:12,COMPLETED
REQ-003885,PT-773097,Burn,High,36,18.50695,73.855198,TRUE,FALSE,TRUE,TRUE,FALSE,FALSE,TRUE,FALSE,FALSE,General Surgeon,1,AMB-003,2026-09-24 17:57:18,COMPLETED
REQ-003886,PT-735985,Stroke,Critical,72,18.762727,73.876475,TRUE,TRUE,FALSE,FALSE,FALSE,TRUE,FALSE,TRUE,FALSE,Neurologist,1,AMB-022,2026-09-24 18:09:09,COMPLETED
REQ-003887,PT-529741,Stroke,High,69,18.569168,73.742227,FALSE,FALSE,TRUE,FALSE,FALSE,TRUE,FALSE,TRUE,FALSE,Neurologist,1,AMB-062,2026-09-24 18:13:00,COMPLETED
REQ-003888,PT-173641,Burn,High,70,18.614688,73.764107,TRUE,FALSE,FALSE,TRUE,FALSE,FALSE,TRUE,TRUE,FALSE,General Surgeon,1,AMB-007,2026-09-24 18:14:04,COMPLETED
REQ-003889,PT-897912,Cardiac,High,61,18.453744,73.857468,TRUE,FALSE,FALSE,FALSE,FALSE,FALSE,FALSE,FALSE,FALSE,Cardiologist,1,,2026-09-24 18:15:57,CREATED
REQ-003890,PT-679857,Stroke,Low,59,18.582957,73.939407,FALSE,FALSE,FALSE,FALSE,FALSE,TRUE,FALSE,FALSE,FALSE,,1,,2026-09-24 18:16:51,MATCHING
REQ-003891,PT-115451,Stroke,Moderate,77,18.500993,73.872485,FALSE,FALSE,FALSE,FALSE,FALSE,TRUE,FALSE,FALSE,FALSE,Neurologist,1,,2026-09-24 18:21:04,CREATED
REQ-003892,PT-470283,Respiratory,Moderate,6,18.51965,73.849822,FALSE,FALSE,TRUE,FALSE,FALSE,FALSE,FALSE,FALSE,FALSE,,1,AMB-073,2026-09-24 18:24:20,COMPLETED
REQ-003893,PT-185684,Road Accident,Critical,22,18.463492,73.86446,TRUE,TRUE,TRUE,TRUE,FALSE,FALSE,TRUE,TRUE,FALSE,Trauma Surgeon,1,AMB-081,2026-09-24 18:25:12,COMPLETED
REQ-003894,PT-942624,Road Accident,High,30,18.593245,73.723318,TRUE,TRUE,TRUE,TRUE,FALSE,FALSE,TRUE,FALSE,FALSE,,1,,2026-09-24 18:35:48,MATCHING
REQ-003895,PT-850102,Burn,Moderate,57,18.448966,73.92673,FALSE,FALSE,FALSE,TRUE,FALSE,FALSE,FALSE,FALSE,FALSE,,1,,2026-09-24 18:38:50,CREATED
REQ-003896,PT-229699,Other,High,52,18.545334,73.945177,FALSE,FALSE,FALSE,FALSE,FALSE,TRUE,FALSE,FALSE,FALSE,,1,,2026-09-24 18:47:53,CREATED
REQ-003897,PT-858294,Cardiac,High,62,18.483907,73.789186,TRUE,FALSE,FALSE,FALSE,TRUE,FALSE,FALSE,FALSE,FALSE,,1,,2026-09-24 18:52:32,MATCHING
REQ-003898,PT-586778,Other,Low,53,18.513789,73.839207,FALSE,FALSE,FALSE,FALSE,TRUE,FALSE,FALSE,FALSE,FALSE,,1,,2026-09-24 18:56:30,CREATED
REQ-003899,PT-566100,Other,Moderate,48,18.554948,73.934233,FALSE,FALSE,FALSE,FALSE,FALSE,FALSE,FALSE,FALSE,FALSE,,1,AMB-054,2026-09-24 18:57:13,COMPLETED
REQ-003900,PT-495471,Stroke,Critical,42,18.589457,73.785385,TRUE,TRUE,FALSE,TRUE,TRUE,TRUE,FALSE,FALSE,TRUE,,1,,2026-09-24 18:59:16,NO_MATCH
REQ-003901,PT-817789,Stroke,Critical,64,18.584978,73.778811,TRUE,FALSE,TRUE,FALSE,FALSE,TRUE,FALSE,FALSE,FALSE,Neurologist,1,AMB-044,2026-09-24 18:59:57,COMPLETED
REQ-003902,PT-608586,Road Accident,Moderate,27,18.763072,73.842361,FALSE,FALSE,FALSE,TRUE,FALSE,FALSE,FALSE,FALSE,FALSE,,1,,2026-09-24 19:16:26,MATCHING
REQ-003903,PT-306860,Cardiac,High,65,18.563853,73.801248,TRUE,FALSE,FALSE,FALSE,TRUE,FALSE,FALSE,FALSE,FALSE,Cardiologist,1,,2026-09-24 19:18:23,CREATED
REQ-003904,PT-204847,Respiratory,Critical,66,18.505919,73.773119,TRUE,TRUE,TRUE,FALSE,FALSE,FALSE,FALSE,FALSE,FALSE,Pulmonologist,1,,2026-09-24 19:18:32,MATCHING
REQ-003905,PT-431977,Cardiac,Moderate,51,18.672735,73.763362,FALSE,FALSE,FALSE,FALSE,TRUE,FALSE,FALSE,FALSE,FALSE,,1,,2026-09-24 19:40:28,CREATED
REQ-003906,PT-787262,Cardiac,Moderate,57,18.596763,73.76878,TRUE,TRUE,FALSE,FALSE,TRUE,FALSE,FALSE,FALSE,FALSE,,1,,2026-09-24 19:41:06,MATCHING
REQ-003907,PT-991522,Road Accident,Critical,39,18.566302,73.7952,TRUE,TRUE,FALSE,TRUE,FALSE,FALSE,FALSE,TRUE,FALSE,Trauma Surgeon,1,,2026-09-24 19:42:49,MATCHING
REQ-003908,PT-713551,Stroke,High,67,18.544268,73.938937,TRUE,FALSE,FALSE,FALSE,FALSE,TRUE,FALSE,TRUE,FALSE,,1,,2026-09-24 19:43:49,CREATED
REQ-003909,PT-941569,Respiratory,Critical,71,18.64888,73.762087,FALSE,FALSE,TRUE,FALSE,FALSE,FALSE,FALSE,FALSE,FALSE,Pulmonologist,1,AMB-023,2026-09-24 19:52:08,COMPLETED
REQ-003910,PT-623317,Road Accident,Critical,40,18.64971,73.769989,TRUE,FALSE,FALSE,TRUE,FALSE,FALSE,FALSE,TRUE,FALSE,Trauma Surgeon,1,,2026-09-24 20:01:42,CREATED
REQ-003911,PT-237568,Respiratory,Moderate,3,18.597252,73.750498,TRUE,FALSE,TRUE,FALSE,FALSE,FALSE,FALSE,FALSE,FALSE,Pulmonologist,1,,2026-09-24 20:09:20,MATCHING
REQ-003912,PT-519661,Cardiac,Low,66,18.577657,73.912377,FALSE,FALSE,FALSE,FALSE,TRUE,FALSE,FALSE,FALSE,FALSE,,1,,2026-09-24 20:11:47,CREATED
REQ-003913,PT-190589,Respiratory,High,47,18.493059,73.787908,FALSE,TRUE,TRUE,FALSE,TRUE,FALSE,FALSE,FALSE,FALSE,Pulmonologist,1,AMB-052,2026-09-24 20:18:20,COMPLETED
REQ-003914,PT-252288,Road Accident,Moderate,37,18.577863,73.963116,FALSE,FALSE,FALSE,FALSE,FALSE,FALSE,FALSE,FALSE,FALSE,Trauma Surgeon,1,,2026-09-24 20:20:30,MATCHING
REQ-003915,PT-622901,Burn,Moderate,6,18.459749,73.914004,FALSE,TRUE,FALSE,TRUE,FALSE,FALSE,FALSE,TRUE,FALSE,General Surgeon,1,,2026-09-24 20:20:32,MATCHING
REQ-003916,PT-232852,Respiratory,Moderate,11,18.56336,73.777067,FALSE,FALSE,FALSE,FALSE,FALSE,FALSE,FALSE,FALSE,FALSE,,1,AMB-051,2026-09-24 20:21:45,COMPLETED
REQ-003917,PT-329914,Cardiac,Low,48,18.558408,73.915266,FALSE,FALSE,FALSE,FALSE,TRUE,FALSE,FALSE,FALSE,FALSE,,1,,2026-09-24 20:41:37,CREATED
REQ-003918,PT-603592,Road Accident,Low,42,18.505636,73.918484,FALSE,FALSE,FALSE,TRUE,FALSE,FALSE,FALSE,FALSE,FALSE,,1,,2026-09-24 20:42:25,CREATED
REQ-003919,PT-712181,Respiratory,High,36,18.560996,73.946626,FALSE,FALSE,TRUE,FALSE,FALSE,FALSE,FALSE,FALSE,FALSE,Pulmonologist,1,,2026-09-24 20:44:13,MATCHING
REQ-003920,PT-643230,Road Accident,High,47,18.628834,73.847383,TRUE,FALSE,TRUE,TRUE,FALSE,FALSE,FALSE,TRUE,FALSE,General Surgeon,1,,2026-09-24 20:47:27,MATCHING
REQ-003921,PT-344240,Respiratory,Moderate,54,18.589981,73.758984,FALSE,FALSE,TRUE,FALSE,FALSE,FALSE,FALSE,FALSE,FALSE,,1,,2026-09-24 20:56:23,CREATED
REQ-003922,PT-625571,Cardiac,Low,55,18.517323,73.783712,TRUE,FALSE,FALSE,FALSE,TRUE,FALSE,FALSE,FALSE,FALSE,,1,,2026-09-24 21:06:30,MATCHING
REQ-003923,PT-570258,Road Accident,High,28,18.554999,73.936741,FALSE,FALSE,TRUE,TRUE,FALSE,TRUE,FALSE,TRUE,FALSE,,1,,2026-09-24 21:07:00,CREATED
REQ-003924,PT-384319,Road Accident,High,21,18.565679,73.934903,TRUE,FALSE,TRUE,FALSE,FALSE,FALSE,TRUE,TRUE,FALSE,,1,,2026-09-24 21:14:52,MATCHING
REQ-003925,PT-641323,Respiratory,High,45,18.538162,73.864734,TRUE,FALSE,FALSE,FALSE,FALSE,FALSE,FALSE,FALSE,FALSE,Pulmonologist,1,,2026-09-24 21:16:39,MATCHING
REQ-003926,PT-951519,Stroke,High,47,18.563612,73.798355,FALSE,FALSE,FALSE,FALSE,FALSE,TRUE,FALSE,FALSE,FALSE,,1,,2026-09-24 21:29:21,CREATED
REQ-003927,PT-251529,Other,High,36,18.590668,73.729728,TRUE,FALSE,TRUE,FALSE,FALSE,FALSE,FALSE,FALSE,TRUE,General Surgeon,1,,2026-09-24 21:34:56,CREATED
REQ-003928,PT-875342,Cardiac,High,85,18.65546,73.799434,FALSE,FALSE,FALSE,FALSE,FALSE,FALSE,FALSE,FALSE,FALSE,,1,,2026-09-24 21:37:58,CREATED
REQ-003929,PT-373341,Road Accident,High,33,18.647599,73.773921,TRUE,TRUE,TRUE,TRUE,FALSE,TRUE,TRUE,FALSE,FALSE,,4,,2026-09-24 21:47:02,CREATED
REQ-003930,PT-384404,Cardiac,Critical,52,18.563161,73.900753,TRUE,FALSE,FALSE,FALSE,TRUE,FALSE,FALSE,TRUE,FALSE,,1,AMB-018,2026-09-24 21:50:41,COMPLETED
REQ-003931,PT-876244,Cardiac,Moderate,62,18.630938,73.788612,FALSE,FALSE,FALSE,FALSE,TRUE,FALSE,FALSE,TRUE,FALSE,,1,,2026-09-24 22:07:09,MATCHING
REQ-003932,PT-866968,Cardiac,Critical,61,18.607231,73.764889,TRUE,FALSE,TRUE,FALSE,FALSE,FALSE,FALSE,FALSE,TRUE,Cardiologist,1,,2026-09-24 22:28:16,MATCHING
REQ-003933,PT-316013,Respiratory,Moderate,3,18.548543,73.886919,TRUE,TRUE,TRUE,FALSE,FALSE,FALSE,FALSE,FALSE,FALSE,Pulmonologist,1,,2026-09-24 22:37:56,CREATED
REQ-003934,PT-199540,Burn,Moderate,3,18.599427,73.764154,TRUE,FALSE,FALSE,FALSE,FALSE,FALSE,FALSE,FALSE,FALSE,,1,,2026-09-24 22:39:57,MATCHING
REQ-003935,PT-262130,Cardiac,Critical,70,18.581191,73.898645,TRUE,FALSE,FALSE,FALSE,TRUE,FALSE,FALSE,FALSE,FALSE,Cardiologist,1,,2026-09-24 22:42:06,CREATED
REQ-003936,PT-641666,Cardiac,Moderate,50,18.460739,73.834792,FALSE,FALSE,FALSE,FALSE,TRUE,FALSE,FALSE,FALSE,FALSE,Cardiologist,1,,2026-09-24 22:47:43,MATCHING
REQ-003937,PT-864054,Cardiac,High,60,18.514781,73.924856,TRUE,FALSE,FALSE,FALSE,TRUE,FALSE,FALSE,FALSE,FALSE,Cardiologist,1,AMB-090,2026-09-24 22:52:32,COMPLETED
REQ-003938,PT-615503,Road Accident,High,9,18.467406,73.806974,FALSE,FALSE,TRUE,TRUE,FALSE,FALSE,FALSE,FALSE,FALSE,General Surgeon,1,,2026-09-24 22:53:10,MATCHING
REQ-003939,PT-429502,Other,High,38,18.735924,73.686639,TRUE,TRUE,FALSE,FALSE,FALSE,FALSE,FALSE,FALSE,FALSE,Cardiologist,1,AMB-093,2026-09-24 23:09:57,COMPLETED
REQ-003940,PT-383787,Road Accident,Low,27,18.537195,73.852139,FALSE,FALSE,TRUE,TRUE,FALSE,FALSE,FALSE,FALSE,FALSE,,1,,2026-09-24 23:26:58,MATCHING
REQ-003941,PT-532701,Burn,Moderate,13,18.571412,73.737496,FALSE,FALSE,TRUE,TRUE,FALSE,FALSE,FALSE,FALSE,FALSE,General Surgeon,2,,2026-09-25 00:00:21,CREATED
REQ-003942,PT-784876,Road Accident,Moderate,29,18.739216,73.678786,TRUE,FALSE,FALSE,TRUE,FALSE,FALSE,FALSE,FALSE,FALSE,,1,AMB-041,2026-09-25 00:07:31,COMPLETED
REQ-003943,PT-533906,Road Accident,Critical,48,18.543862,73.951263,TRUE,TRUE,FALSE,TRUE,FALSE,TRUE,TRUE,FALSE,FALSE,General Surgeon,1,,2026-09-25 00:22:58,MATCHING
REQ-003944,PT-548369,Stroke,Critical,42,18.523101,73.852727,FALSE,FALSE,FALSE,FALSE,FALSE,FALSE,TRUE,TRUE,FALSE,Neurologist,1,,2026-09-25 00:38:25,MATCHING
REQ-003945,PT-365882,Stroke,Moderate,68,18.722552,73.838225,FALSE,FALSE,FALSE,FALSE,FALSE,TRUE,FALSE,FALSE,FALSE,,1,AMB-079,2026-09-25 00:47:44,COMPLETED
REQ-003946,PT-625021,Road Accident,Low,25,18.578843,73.771747,FALSE,FALSE,FALSE,FALSE,FALSE,FALSE,FALSE,FALSE,FALSE,,1,,2026-09-25 00:51:19,MATCHING
REQ-003947,PT-257791,Cardiac,High,72,18.478484,73.799028,TRUE,TRUE,TRUE,FALSE,TRUE,FALSE,FALSE,FALSE,FALSE,Cardiologist,1,,2026-09-25 00:55:15,CREATED
REQ-003948,PT-151328,Road Accident,Critical,30,18.465819,73.845776,TRUE,FALSE,TRUE,TRUE,FALSE,FALSE,FALSE,TRUE,FALSE,General Surgeon,1,,2026-09-25 01:29:54,MATCHING
REQ-003949,PT-813177,Respiratory,Critical,35,18.478594,73.865331,TRUE,TRUE,TRUE,FALSE,FALSE,FALSE,FALSE,FALSE,FALSE,Pulmonologist,1,,2026-09-25 02:03:39,MATCHING
REQ-003950,PT-121869,Cardiac,Low,55,18.49664,73.789265,FALSE,FALSE,FALSE,FALSE,FALSE,FALSE,FALSE,FALSE,FALSE,,1,,2026-09-25 02:09:40,CREATED
REQ-003951,PT-439973,Road Accident,High,18,18.476348,73.78619,FALSE,FALSE,FALSE,TRUE,FALSE,TRUE,FALSE,FALSE,FALSE,Trauma Surgeon,1,,2026-09-25 02:46:12,CREATED
REQ-003952,PT-115956,Other,Low,65,18.557731,73.929245,FALSE,FALSE,FALSE,FALSE,FALSE,FALSE,FALSE,FALSE,FALSE,,1,,2026-09-25 02:53:36,CREATED
REQ-003953,PT-235812,Road Accident,Moderate,39,18.508248,73.803705,TRUE,FALSE,FALSE,FALSE,FALSE,FALSE,FALSE,TRUE,FALSE,,1,,2026-09-25 03:43:22,CREATED
REQ-003954,PT-412613,Respiratory,Moderate,88,18.594302,73.754347,TRUE,TRUE,TRUE,FALSE,FALSE,FALSE,FALSE,FALSE,FALSE,,1,,2026-09-25 04:10:13,MATCHING
REQ-003955,PT-421577,Cardiac,Moderate,53,18.621825,73.839184,TRUE,FALSE,TRUE,TRUE,TRUE,TRUE,FALSE,FALSE,FALSE,,1,,2026-09-25 04:35:22,CREATED
REQ-003956,PT-176586,Cardiac,High,68,18.448065,73.873766,TRUE,TRUE,FALSE,FALSE,TRUE,FALSE,TRUE,FALSE,FALSE,Cardiologist,1,,2026-09-25 04:35:55,CREATED
REQ-003957,PT-168896,Other,Moderate,14,18.462401,73.823799,FALSE,FALSE,TRUE,FALSE,FALSE,FALSE,FALSE,FALSE,TRUE,,1,,2026-09-25 04:45:53,MATCHING
REQ-003958,PT-899848,Cardiac,Moderate,58,18.605994,73.743616,FALSE,FALSE,FALSE,FALSE,TRUE,FALSE,FALSE,FALSE,FALSE,Cardiologist,1,,2026-09-25 05:41:55,CREATED
REQ-003959,PT-400514,Cardiac,High,65,18.524883,73.949471,TRUE,FALSE,FALSE,FALSE,TRUE,FALSE,FALSE,FALSE,FALSE,,1,,2026-09-25 05:52:37,CREATED
REQ-003960,PT-607272,Respiratory,High,56,18.658454,73.771351,TRUE,TRUE,TRUE,FALSE,FALSE,FALSE,FALSE,FALSE,FALSE,Pulmonologist,1,,2026-09-25 05:52:51,CREATED
REQ-003961,PT-937220,Road Accident,Moderate,30,18.628482,73.850775,TRUE,FALSE,FALSE,TRUE,FALSE,FALSE,FALSE,FALSE,FALSE,Trauma Surgeon,1,,2026-09-25 05:56:15,CREATED
REQ-003962,PT-776448,Stroke,High,78,18.558535,73.802289,TRUE,FALSE,TRUE,FALSE,FALSE,FALSE,FALSE,FALSE,FALSE,,1,,2026-09-25 05:58:22,MATCHING
REQ-003963,PT-242139,Road Accident,High,52,18.563169,73.987088,FALSE,FALSE,TRUE,FALSE,FALSE,FALSE,TRUE,FALSE,FALSE,,1,,2026-09-25 06:05:14,CREATED
REQ-003964,PT-113288,Other,Moderate,7,18.458559,73.800733,TRUE,FALSE,FALSE,FALSE,FALSE,FALSE,FALSE,FALSE,TRUE,Nephrologist,1,AMB-037,2026-09-25 06:27:20,COMPLETED
REQ-003965,PT-724798,Stroke,Moderate,65,18.559272,73.822507,TRUE,FALSE,FALSE,FALSE,FALSE,FALSE,FALSE,FALSE,FALSE,,1,AMB-005,2026-09-25 06:30:50,COMPLETED
REQ-003966,PT-917750,Respiratory,Moderate,61,18.518267,73.735994,FALSE,FALSE,FALSE,FALSE,FALSE,FALSE,FALSE,FALSE,FALSE,,1,,2026-09-25 06:45:56,CREATED
REQ-003967,PT-176355,Road Accident,Moderate,33,18.490016,73.846292,TRUE,FALSE,FALSE,TRUE,FALSE,FALSE,FALSE,FALSE,FALSE,,1,AMB-086,2026-09-25 06:47:53,COMPLETED
REQ-003968,PT-651409,Road Accident,High,49,18.647937,73.773833,FALSE,FALSE,FALSE,TRUE,FALSE,FALSE,FALSE,TRUE,FALSE,,1,AMB-023,2026-09-25 06:50:01,COMPLETED
REQ-003969,PT-824403,Road Accident,Moderate,35,18.527824,73.922631,FALSE,FALSE,FALSE,TRUE,FALSE,FALSE,FALSE,FALSE,FALSE,Trauma Surgeon,1,,2026-09-25 07:08:05,MATCHING
REQ-003970,PT-105776,Road Accident,Moderate,26,18.748929,73.857835,FALSE,FALSE,FALSE,TRUE,FALSE,FALSE,FALSE,FALSE,FALSE,Trauma Surgeon,1,,2026-09-25 07:12:13,MATCHING
REQ-003971,PT-983762,Road Accident,High,28,18.55243,73.780184,TRUE,TRUE,FALSE,TRUE,FALSE,FALSE,TRUE,TRUE,FALSE,Trauma Surgeon,2,,2026-09-25 07:13:27,CREATED
REQ-003972,PT-666191,Cardiac,Moderate,66,18.499541,73.938408,TRUE,FALSE,TRUE,FALSE,TRUE,FALSE,FALSE,FALSE,FALSE,,1,AMB-013,2026-09-25 07:23:27,COMPLETED
REQ-003973,PT-408849,Road Accident,Critical,18,18.47523,73.9186,TRUE,TRUE,FALSE,TRUE,FALSE,TRUE,TRUE,TRUE,FALSE,Trauma Surgeon,1,,2026-09-25 07:32:40,CREATED
REQ-003974,PT-295398,Cardiac,Low,67,18.611222,73.789318,FALSE,FALSE,FALSE,FALSE,TRUE,FALSE,FALSE,FALSE,TRUE,,1,,2026-09-25 07:35:50,CREATED
REQ-003975,PT-714422,Stroke,Critical,46,18.752684,73.854552,TRUE,FALSE,TRUE,FALSE,FALSE,TRUE,FALSE,FALSE,FALSE,Neurologist,1,,2026-09-25 07:54:00,CREATED
REQ-003976,PT-738408,Road Accident,Low,41,18.747686,73.884822,FALSE,FALSE,FALSE,FALSE,FALSE,FALSE,FALSE,FALSE,FALSE,,1,,2026-09-25 07:58:06,MATCHING
REQ-003977,PT-709052,Burn,High,32,18.584439,73.926196,FALSE,FALSE,TRUE,FALSE,FALSE,FALSE,TRUE,FALSE,FALSE,,1,,2026-09-25 08:05:26,MATCHING
REQ-003978,PT-423881,Cardiac,Critical,62,18.582537,73.709414,TRUE,FALSE,FALSE,FALSE,TRUE,FALSE,FALSE,FALSE,FALSE,Cardiologist,1,,2026-09-25 08:07:54,CREATED
REQ-003979,PT-848421,Respiratory,High,69,18.526586,73.918828,TRUE,TRUE,TRUE,FALSE,FALSE,FALSE,FALSE,FALSE,FALSE,,1,AMB-080,2026-09-25 08:16:58,COMPLETED
REQ-003980,PT-572887,Road Accident,Low,24,18.496451,73.93777,FALSE,FALSE,FALSE,TRUE,FALSE,FALSE,FALSE,FALSE,FALSE,Trauma Surgeon,1,,2026-09-25 08:36:43,MATCHING
REQ-003981,PT-351545,Road Accident,Moderate,38,18.512309,73.825321,FALSE,FALSE,TRUE,TRUE,FALSE,FALSE,TRUE,FALSE,FALSE,General Surgeon,1,,2026-09-25 08:40:35,CREATED
REQ-003982,PT-820107,Respiratory,High,62,18.541401,73.730866,FALSE,TRUE,FALSE,FALSE,FALSE,FALSE,FALSE,FALSE,FALSE,Pulmonologist,1,,2026-09-25 08:41:54,MATCHING
REQ-003983,PT-386588,Cardiac,Critical,61,18.487944,73.800113,TRUE,FALSE,TRUE,FALSE,TRUE,FALSE,FALSE,FALSE,FALSE,Cardiologist,1,,2026-09-25 08:51:48,MATCHING
REQ-003984,PT-371755,Respiratory,Low,67,18.616458,73.818723,FALSE,FALSE,TRUE,FALSE,FALSE,FALSE,FALSE,FALSE,FALSE,,1,,2026-09-25 08:57:19,CREATED
REQ-003985,PT-625774,Cardiac,Critical,64,18.593497,73.977806,TRUE,FALSE,TRUE,TRUE,TRUE,FALSE,FALSE,FALSE,FALSE,Cardiologist,1,,2026-09-25 08:59:26,MATCHING
REQ-003986,PT-395664,Respiratory,Moderate,40,18.588088,73.707114,FALSE,TRUE,TRUE,FALSE,FALSE,FALSE,FALSE,FALSE,FALSE,,1,AMB-075,2026-09-25 09:14:26,COMPLETED
REQ-003987,PT-491372,Other,Moderate,17,18.757855,73.860892,TRUE,FALSE,FALSE,FALSE,FALSE,TRUE,FALSE,FALSE,FALSE,,1,,2026-09-25 09:15:09,MATCHING
REQ-003988,PT-396060,Road Accident,Critical,76,18.504215,73.681883,FALSE,FALSE,TRUE,TRUE,FALSE,FALSE,TRUE,TRUE,FALSE,Trauma Surgeon,1,,2026-09-25 09:15:45,MATCHING
REQ-003989,PT-569503,Cardiac,High,77,18.614741,73.744612,TRUE,FALSE,FALSE,FALSE,TRUE,FALSE,FALSE,FALSE,FALSE,Cardiologist,1,,2026-09-25 09:18:19,CREATED
REQ-003990,PT-887693,Road Accident,Moderate,25,18.653446,73.775666,FALSE,FALSE,TRUE,TRUE,FALSE,FALSE,TRUE,FALSE,FALSE,,1,,2026-09-25 09:20:48,CREATED
REQ-003991,PT-854629,Respiratory,Moderate,69,18.591717,73.734672,FALSE,FALSE,TRUE,FALSE,FALSE,FALSE,FALSE,FALSE,FALSE,,1,,2026-09-25 09:33:08,CREATED
REQ-003992,PT-465127,Stroke,Critical,78,18.527651,73.944087,TRUE,TRUE,TRUE,FALSE,FALSE,TRUE,FALSE,FALSE,FALSE,Neurologist,1,,2026-09-25 10:00:43,CREATED
REQ-003993,PT-525408,Respiratory,Critical,10,18.551428,73.938993,TRUE,FALSE,TRUE,FALSE,FALSE,FALSE,FALSE,FALSE,FALSE,Pulmonologist,1,AMB-059,2026-09-25 10:06:14,COMPLETED
REQ-003994,PT-662677,Other,Moderate,18,18.520361,73.949889,FALSE,FALSE,FALSE,FALSE,FALSE,FALSE,FALSE,FALSE,FALSE,,1,AMB-069,2026-09-25 10:06:25,COMPLETED
REQ-003995,PT-920583,Road Accident,Critical,31,18.63714,73.768521,TRUE,TRUE,TRUE,TRUE,FALSE,FALSE,TRUE,TRUE,FALSE,Trauma Surgeon,1,,2026-09-25 10:18:45,CREATED
REQ-003996,PT-388505,Burn,High,28,18.49013,73.675076,TRUE,FALSE,TRUE,TRUE,FALSE,FALSE,FALSE,FALSE,FALSE,,1,,2026-09-25 10:22:36,MATCHING
REQ-003997,PT-858829,Road Accident,High,79,18.740673,73.685056,FALSE,FALSE,FALSE,FALSE,FALSE,TRUE,FALSE,TRUE,FALSE,Trauma Surgeon,1,AMB-093,2026-09-25 10:24:52,COMPLETED
REQ-003998,PT-878790,Cardiac,High,56,18.490803,73.822836,TRUE,FALSE,TRUE,FALSE,FALSE,FALSE,FALSE,TRUE,FALSE,Cardiologist,1,,2026-09-25 10:39:44,CREATED
REQ-003999,PT-101540,Stroke,Critical,62,18.52314,73.835362,TRUE,TRUE,TRUE,FALSE,FALSE,TRUE,FALSE,FALSE,FALSE,Neurologist,1,,2026-09-25 10:47:28,MATCHING
REQ-004000,PT-443253,Stroke,High,50,18.509596,73.814782,FALSE,FALSE,FALSE,FALSE,FALSE,TRUE,FALSE,FALSE,FALSE,,1,,2026-09-25 10:50:01,MATCHING
REQ-004001,PT-414244,Cardiac,Critical,61,18.511413,73.668177,TRUE,FALSE,TRUE,FALSE,TRUE,FALSE,FALSE,TRUE,FALSE,Cardiologist,1,AMB-025,2026-09-25 10:50:04,COMPLETED
REQ-004002,PT-692678,Road Accident,Critical,59,18.524139,73.867411,TRUE,TRUE,FALSE,TRUE,FALSE,TRUE,TRUE,TRUE,FALSE,Trauma Surgeon,1,,2026-09-25 10:50:27,MATCHING
REQ-004003,PT-534360,Other,Moderate,43,18.719992,73.674772,FALSE,FALSE,TRUE,FALSE,FALSE,FALSE,FALSE,FALSE,FALSE,,1,AMB-020,2026-09-25 10:51:45,COMPLETED
REQ-004004,PT-180758,Road Accident,Critical,41,18.654265,73.804345,TRUE,FALSE,TRUE,TRUE,FALSE,TRUE,TRUE,TRUE,FALSE,,1,AMB-049,2026-09-25 10:52:56,COMPLETED
REQ-004005,PT-504608,Other,Moderate,42,18.492444,73.857442,FALSE,FALSE,FALSE,FALSE,FALSE,FALSE,FALSE,FALSE,FALSE,,1,AMB-039,2026-09-25 11:02:15,COMPLETED
REQ-004006,PT-862009,Other,Critical,66,18.533843,73.725914,TRUE,FALSE,TRUE,FALSE,FALSE,FALSE,TRUE,FALSE,TRUE,Nephrologist,1,,2026-09-25 11:05:54,CREATED
REQ-004007,PT-878577,Respiratory,High,8,18.640152,73.784266,TRUE,TRUE,FALSE,FALSE,FALSE,FALSE,FALSE,FALSE,FALSE,Pulmonologist,1,AMB-035,2026-09-25 11:10:00,COMPLETED
REQ-004008,PT-215977,Road Accident,Critical,19,18.54764,73.851828,TRUE,TRUE,TRUE,TRUE,FALSE,TRUE,FALSE,TRUE,FALSE,,1,AMB-061,2026-09-25 11:12:00,COMPLETED
REQ-004009,PT-431335,Road Accident,High,50,18.545734,73.858011,TRUE,FALSE,FALSE,FALSE,FALSE,TRUE,FALSE,TRUE,FALSE,Trauma Surgeon,4,AMB-073,2026-09-25 11:12:30,NO_MATCH
REQ-004010,PT-591629,Other,Moderate,48,18.529258,73.890244,FALSE,FALSE,FALSE,FALSE,FALSE,FALSE,FALSE,FALSE,TRUE,Nephrologist,1,,2026-09-25 11:13:22,CREATED
REQ-004011,PT-532979,Respiratory,Moderate,55,18.636348,73.788792,FALSE,FALSE,TRUE,FALSE,FALSE,FALSE,TRUE,FALSE,FALSE,,1,,2026-09-25 11:19:05,CREATED
REQ-004012,PT-832243,Stroke,Critical,55,18.486787,73.926774,FALSE,FALSE,FALSE,FALSE,FALSE,TRUE,FALSE,FALSE,FALSE,Neurologist,1,,2026-09-25 11:28:39,CREATED
REQ-004013,PT-684042,Road Accident,Low,92,18.733214,73.6808,FALSE,FALSE,FALSE,TRUE,FALSE,FALSE,FALSE,FALSE,FALSE,,1,AMB-041,2026-09-25 11:40:34,COMPLETED
REQ-004014,PT-180706,Respiratory,Low,31,18.652354,73.8595,FALSE,FALSE,FALSE,FALSE,FALSE,FALSE,FALSE,FALSE,FALSE,,1,,2026-09-25 11:42:54,MATCHING
REQ-004015,PT-867994,Burn,Moderate,11,18.53482,73.822799,FALSE,FALSE,FALSE,FALSE,FALSE,FALSE,FALSE,TRUE,FALSE,,1,,2026-09-25 11:44:24,MATCHING
REQ-004016,PT-419951,Stroke,Low,57,18.476207,73.891965,FALSE,FALSE,FALSE,FALSE,FALSE,TRUE,FALSE,FALSE,FALSE,,1,,2026-09-25 11:48:47,MATCHING
REQ-004017,PT-983014,Road Accident,Critical,21,18.517648,73.834791,TRUE,FALSE,TRUE,TRUE,FALSE,FALSE,TRUE,TRUE,FALSE,,1,,2026-09-25 11:50:04,MATCHING
REQ-004018,PT-399667,Burn,Moderate,20,18.5162,73.789247,TRUE,FALSE,FALSE,FALSE,FALSE,FALSE,TRUE,FALSE,FALSE,,1,,2026-09-25 11:51:00,MATCHING
REQ-004019,PT-885553,Road Accident,Moderate,83,18.563274,73.814625,TRUE,TRUE,FALSE,TRUE,FALSE,FALSE,TRUE,FALSE,FALSE,,1,,2026-09-25 11:56:33,MATCHING
REQ-004020,PT-736513,Respiratory,Critical,82,18.513856,73.9034,TRUE,TRUE,TRUE,FALSE,FALSE,FALSE,FALSE,FALSE,FALSE,Pulmonologist,1,,2026-09-25 11:59:03,MATCHING
REQ-004021,PT-743950,Cardiac,Low,48,18.451531,73.848423,FALSE,FALSE,FALSE,FALSE,TRUE,FALSE,FALSE,FALSE,FALSE,,1,,2026-09-25 12:02:58,MATCHING
REQ-004022,PT-224702,Road Accident,Moderate,37,18.458259,73.85312,TRUE,FALSE,FALSE,FALSE,FALSE,FALSE,FALSE,FALSE,FALSE,,1,,2026-09-25 12:05:03,MATCHING
REQ-004023,PT-870480,Other,High,31,18.465904,73.932004,TRUE,FALSE,FALSE,TRUE,TRUE,FALSE,FALSE,FALSE,FALSE,General Surgeon,1,AMB-085,2026-09-25 12:05:12,COMPLETED
REQ-004024,PT-126371,Burn,High,10,18.440155,73.857042,TRUE,FALSE,FALSE,TRUE,FALSE,TRUE,TRUE,FALSE,FALSE,,1,AMB-072,2026-09-25 12:06:44,COMPLETED
REQ-004025,PT-129804,Cardiac,Moderate,69,18.528832,73.847159,FALSE,FALSE,FALSE,FALSE,FALSE,FALSE,FALSE,FALSE,FALSE,,1,,2026-09-25 12:07:01,CREATED
REQ-004026,PT-596920,Stroke,Critical,58,18.559697,73.858598,FALSE,FALSE,FALSE,FALSE,FALSE,TRUE,FALSE,TRUE,FALSE,Neurologist,1,,2026-09-25 12:07:15,CREATED
REQ-004027,PT-481851,Burn,Moderate,13,18.458968,73.897882,FALSE,FALSE,TRUE,TRUE,FALSE,FALSE,TRUE,FALSE,FALSE,,1,,2026-09-25 12:07:30,CREATED
REQ-004028,PT-896011,Road Accident,Moderate,18,18.526555,73.923945,FALSE,FALSE,FALSE,TRUE,FALSE,FALSE,FALSE,FALSE,FALSE,,1,AMB-080,2026-09-25 12:12:02,COMPLETED
REQ-004029,PT-112543,Stroke,Critical,79,18.457725,73.847288,TRUE,FALSE,FALSE,FALSE,FALSE,TRUE,FALSE,FALSE,FALSE,Neurologist,1,,2026-09-25 12:13:38,CREATED
REQ-004030,PT-693148,Road Accident,Critical,41,18.45022,73.899022,TRUE,TRUE,FALSE,TRUE,FALSE,TRUE,TRUE,TRUE,FALSE,Neurologist,1,AMB-053,2026-09-25 12:20:15,NO_MATCH
REQ-004031,PT-424950,Burn,Critical,80,18.543908,73.817159,TRUE,FALSE,TRUE,TRUE,FALSE,FALSE,FALSE,TRUE,FALSE,General Surgeon,1,AMB-083,2026-09-25 12:20:47,COMPLETED
REQ-004032,PT-280956,Road Accident,Moderate,76,18.57012,73.974872,FALSE,FALSE,TRUE,TRUE,FALSE,FALSE,FALSE,TRUE,FALSE,General Surgeon,1,,2026-09-25 12:40:34,CREATED
REQ-004033,PT-792405,Cardiac,High,63,18.547044,73.81769,FALSE,FALSE,FALSE,FALSE,TRUE,FALSE,FALSE,TRUE,FALSE,,1,,2026-09-25 12:42:17,CREATED
REQ-004034,PT-206250,Stroke,High,57,18.546445,73.815166,TRUE,FALSE,TRUE,FALSE,FALSE,TRUE,FALSE,FALSE,FALSE,Neurologist,1,,2026-09-25 13:04:53,CREATED
REQ-004035,PT-115090,Burn,Critical,36,18.508593,73.692447,TRUE,TRUE,TRUE,TRUE,FALSE,TRUE,TRUE,TRUE,FALSE,Neurologist,1,AMB-070,2026-09-25 13:05:56,COMPLETED
REQ-004036,PT-589650,Road Accident,Moderate,61,18.588302,73.995489,TRUE,TRUE,FALSE,TRUE,FALSE,FALSE,FALSE,TRUE,TRUE,Trauma Surgeon,1,,2026-09-25 13:06:51,MATCHING
REQ-004037,PT-909616,Road Accident,High,66,18.511031,73.671225,TRUE,FALSE,FALSE,TRUE,FALSE,FALSE,TRUE,TRUE,FALSE,,1,,2026-09-25 13:10:58,MATCHING
REQ-004038,PT-690038,Burn,Low,24,18.748035,73.845132,FALSE,FALSE,FALSE,TRUE,FALSE,FALSE,FALSE,FALSE,FALSE,,1,,2026-09-25 13:36:54,MATCHING
REQ-004039,PT-178722,Stroke,High,59,18.560635,73.854849,TRUE,FALSE,FALSE,FALSE,FALSE,TRUE,FALSE,TRUE,FALSE,,1,,2026-09-25 13:40:27,MATCHING
REQ-004040,PT-691250,Other,Low,28,18.481705,73.897702,FALSE,FALSE,FALSE,FALSE,FALSE,FALSE,FALSE,FALSE,FALSE,,1,,2026-09-25 13:41:57,CREATED
REQ-004041,PT-211608,Respiratory,Moderate,57,18.621265,73.867078,FALSE,FALSE,TRUE,FALSE,FALSE,FALSE,FALSE,FALSE,FALSE,,1,,2026-09-25 13:57:14,MATCHING
REQ-004042,PT-676332,Cardiac,Critical,72,18.552117,73.913403,TRUE,TRUE,FALSE,FALSE,TRUE,FALSE,FALSE,TRUE,FALSE,,1,,2026-09-25 14:12:10,MATCHING
REQ-004043,PT-913820,Cardiac,Low,67,18.584756,73.735961,FALSE,FALSE,FALSE,FALSE,TRUE,FALSE,FALSE,FALSE,FALSE,,1,,2026-09-25 14:24:59,MATCHING
REQ-004044,PT-621902,Cardiac,High,85,18.626614,73.846856,TRUE,FALSE,FALSE,TRUE,TRUE,FALSE,FALSE,FALSE,FALSE,Cardiologist,1,,2026-09-25 14:29:42,CREATED
REQ-004045,PT-311978,Road Accident,High,59,18.594044,73.748972,FALSE,FALSE,FALSE,FALSE,TRUE,FALSE,TRUE,FALSE,FALSE,,1,,2026-09-25 14:44:07,CREATED
REQ-004046,PT-356850,Cardiac,High,68,18.748744,73.856422,TRUE,FALSE,TRUE,FALSE,FALSE,FALSE,FALSE,TRUE,FALSE,,1,,2026-09-25 14:51:57,CREATED
REQ-004047,PT-696687,Respiratory,High,57,18.514027,73.854568,FALSE,FALSE,TRUE,FALSE,FALSE,FALSE,FALSE,FALSE,FALSE,,1,AMB-003,2026-09-25 14:52:13,COMPLETED
REQ-004048,PT-350287,Respiratory,Low,5,18.591085,73.738276,FALSE,FALSE,TRUE,FALSE,FALSE,FALSE,FALSE,FALSE,FALSE,,1,AMB-075,2026-09-25 14:54:43,COMPLETED
REQ-004049,PT-850626,Other,High,18,18.746676,73.86722,TRUE,FALSE,FALSE,FALSE,FALSE,FALSE,FALSE,FALSE,FALSE,,1,,2026-09-25 14:57:59,CREATED
REQ-004050,PT-344421,Road Accident,Critical,18,18.51951,73.836667,TRUE,FALSE,TRUE,TRUE,FALSE,FALSE,TRUE,TRUE,FALSE,,1,,2026-09-25 15:08:50,CREATED
REQ-004051,PT-525643,Stroke,Low,60,18.539848,73.760397,FALSE,FALSE,FALSE,FALSE,FALSE,TRUE,FALSE,FALSE,FALSE,Neurologist,1,,2026-09-25 15:13:11,MATCHING
REQ-004052,PT-956534,Respiratory,Low,72,18.531144,73.750661,FALSE,FALSE,TRUE,FALSE,FALSE,FALSE,FALSE,FALSE,FALSE,,1,,2026-09-25 15:50:46,MATCHING
REQ-004053,PT-425832,Stroke,High,67,18.727752,73.681407,TRUE,FALSE,FALSE,FALSE,FALSE,TRUE,TRUE,TRUE,FALSE,,1,,2026-09-25 16:08:16,CREATED
REQ-004054,PT-830475,Respiratory,Low,43,18.633699,73.832184,FALSE,FALSE,FALSE,FALSE,FALSE,FALSE,FALSE,FALSE,FALSE,,1,,2026-09-25 16:32:49,CREATED
REQ-004055,PT-378521,Respiratory,High,55,18.58001,73.779743,TRUE,FALSE,TRUE,FALSE,FALSE,FALSE,FALSE,FALSE,FALSE,,1,,2026-09-25 16:33:38,CREATED
REQ-004056,PT-202805,Cardiac,Low,55,18.510923,73.868094,FALSE,FALSE,FALSE,FALSE,TRUE,FALSE,FALSE,FALSE,FALSE,,1,,2026-09-25 16:35:27,CREATED
REQ-004057,PT-882215,Cardiac,Moderate,54,18.571722,73.8689,TRUE,TRUE,FALSE,FALSE,TRUE,FALSE,FALSE,FALSE,FALSE,,1,,2026-09-25 17:00:11,MATCHING
REQ-004058,PT-168735,Other,Low,29,18.550733,73.72141,TRUE,FALSE,FALSE,FALSE,FALSE,FALSE,FALSE,FALSE,FALSE,Cardiologist,1,,2026-09-25 17:08:49,CREATED
REQ-004059,PT-915896,Road Accident,Moderate,56,18.612955,73.761383,FALSE,FALSE,FALSE,TRUE,FALSE,FALSE,TRUE,TRUE,FALSE,Trauma Surgeon,1,,2026-09-25 17:15:53,CREATED
REQ-004060,PT-783599,Respiratory,Critical,58,18.595305,73.758159,TRUE,TRUE,TRUE,FALSE,FALSE,FALSE,TRUE,FALSE,FALSE,Pulmonologist,1,AMB-007,2026-09-25 17:16:59,COMPLETED
REQ-004061,PT-187403,Respiratory,Low,70,18.515696,73.88525,FALSE,FALSE,TRUE,FALSE,FALSE,FALSE,FALSE,FALSE,FALSE,,1,AMB-088,2026-09-25 17:23:37,COMPLETED
REQ-004062,PT-531344,Stroke,Moderate,93,18.563867,73.775681,TRUE,FALSE,FALSE,FALSE,FALSE,TRUE,FALSE,FALSE,FALSE,,1,,2026-09-25 17:23:58,CREATED
REQ-004063,PT-182965,Road Accident,High,23,18.653864,73.789482,FALSE,FALSE,FALSE,TRUE,FALSE,FALSE,TRUE,TRUE,FALSE,Trauma Surgeon,1,,2026-09-25 17:30:37,MATCHING
REQ-004064,PT-613493,Respiratory,Moderate,37,18.555712,73.84928,TRUE,TRUE,TRUE,FALSE,TRUE,FALSE,FALSE,FALSE,FALSE,,1,,2026-09-25 17:40:01,MATCHING
REQ-004065,PT-526955,Respiratory,High,56,18.515833,73.850565,TRUE,TRUE,TRUE,FALSE,FALSE,FALSE,FALSE,FALSE,FALSE,Pulmonologist,1,AMB-073,2026-09-25 17:40:36,COMPLETED
REQ-004066,PT-444239,Road Accident,High,29,18.535118,73.67702,FALSE,FALSE,FALSE,TRUE,FALSE,FALSE,FALSE,TRUE,FALSE,Trauma Surgeon,3,,2026-09-25 17:41:10,CREATED
REQ-004067,PT-798661,Burn,Moderate,60,18.581304,73.710386,TRUE,TRUE,FALSE,TRUE,FALSE,FALSE,FALSE,FALSE,TRUE,,1,,2026-09-25 17:53:45,CREATED
REQ-004068,PT-374608,Stroke,Low,64,18.62771,73.810341,FALSE,FALSE,FALSE,FALSE,FALSE,TRUE,FALSE,FALSE,FALSE,Neurologist,1,,2026-09-25 17:56:36,CREATED
REQ-004069,PT-933232,Road Accident,High,37,18.63247,73.862974,TRUE,FALSE,FALSE,TRUE,FALSE,FALSE,TRUE,TRUE,FALSE,,1,,2026-09-25 18:00:09,CREATED
REQ-004070,PT-627953,Respiratory,High,9,18.528832,73.837924,TRUE,FALSE,FALSE,FALSE,FALSE,FALSE,FALSE,FALSE,TRUE,,1,,2026-09-25 18:04:40,MATCHING
REQ-004071,PT-950232,Burn,Moderate,24,18.563341,73.831155,FALSE,FALSE,FALSE,FALSE,FALSE,FALSE,TRUE,FALSE,FALSE,,1,,2026-09-25 18:07:52,MATCHING
REQ-004072,PT-426566,Cardiac,Moderate,64,18.646615,73.784672,FALSE,FALSE,FALSE,FALSE,FALSE,FALSE,FALSE,FALSE,TRUE,Cardiologist,1,,2026-09-25 18:12:16,MATCHING
REQ-004073,PT-631625,Road Accident,Moderate,76,18.497942,73.679279,FALSE,FALSE,FALSE,TRUE,FALSE,FALSE,FALSE,TRUE,FALSE,,1,,2026-09-25 18:18:08,MATCHING
REQ-004074,PT-671553,Road Accident,High,35,18.544714,73.864088,TRUE,FALSE,TRUE,TRUE,TRUE,FALSE,TRUE,FALSE,FALSE,,1,,2026-09-25 18:20:57,MATCHING
REQ-004075,PT-567954,Road Accident,Critical,20,18.614769,73.755524,TRUE,FALSE,TRUE,TRUE,FALSE,TRUE,TRUE,TRUE,FALSE,Trauma Surgeon,1,,2026-09-25 18:26:48,CREATED
REQ-004076,PT-882873,Cardiac,Low,61,18.530721,73.856148,FALSE,FALSE,FALSE,FALSE,TRUE,FALSE,FALSE,FALSE,FALSE,,1,,2026-09-25 18:29:37,CREATED
REQ-004077,PT-239967,Cardiac,Critical,56,18.586301,73.724666,TRUE,FALSE,FALSE,FALSE,TRUE,FALSE,FALSE,FALSE,FALSE,Cardiologist,1,,2026-09-25 18:30:34,CREATED
REQ-004078,PT-777053,Respiratory,Moderate,73,18.471235,73.860055,TRUE,FALSE,TRUE,FALSE,FALSE,FALSE,FALSE,FALSE,FALSE,,1,AMB-081,2026-09-25 18:34:55,COMPLETED
REQ-004079,PT-407083,Stroke,Critical,75,18.63325,73.800741,TRUE,TRUE,TRUE,FALSE,FALSE,TRUE,FALSE,FALSE,FALSE,Neurologist,1,,2026-09-25 18:36:27,MATCHING
REQ-004080,PT-521435,Respiratory,Moderate,14,18.4804,73.814913,TRUE,TRUE,TRUE,FALSE,FALSE,FALSE,FALSE,FALSE,FALSE,,1,,2026-09-25 18:40:49,CREATED
REQ-004081,PT-871387,Road Accident,Critical,69,18.468665,73.862543,TRUE,FALSE,TRUE,TRUE,FALSE,TRUE,TRUE,TRUE,FALSE,Trauma Surgeon,1,,2026-09-25 18:41:04,CREATED
REQ-004082,PT-539505,Burn,Critical,24,18.51883,73.809331,TRUE,FALSE,FALSE,FALSE,FALSE,FALSE,TRUE,FALSE,FALSE,General Surgeon,1,,2026-09-25 18:41:24,MATCHING
REQ-004083,PT-449806,Road Accident,Moderate,41,18.531009,73.865557,FALSE,FALSE,FALSE,TRUE,FALSE,FALSE,FALSE,FALSE,FALSE,,1,,2026-09-25 18:43:48,MATCHING
REQ-004084,PT-593260,Road Accident,High,72,18.556229,73.787811,TRUE,TRUE,FALSE,TRUE,FALSE,FALSE,FALSE,TRUE,FALSE,,1,,2026-09-25 18:44:02,CREATED
REQ-004085,PT-892977,Other,High,32,18.469945,73.871901,FALSE,FALSE,FALSE,FALSE,FALSE,FALSE,FALSE,FALSE,FALSE,,1,,2026-09-25 18:51:47,CREATED
REQ-004086,PT-622138,Cardiac,High,53,18.580062,73.914693,TRUE,FALSE,TRUE,FALSE,TRUE,FALSE,FALSE,FALSE,FALSE,Cardiologist,1,AMB-042,2026-09-25 18:54:27,COMPLETED
REQ-004087,PT-622620,Road Accident,Critical,23,18.505664,73.669293,TRUE,TRUE,TRUE,TRUE,FALSE,TRUE,TRUE,TRUE,FALSE,Neurologist,2,AMB-070,2026-09-25 19:05:10,COMPLETED
REQ-004088,PT-557874,Road Accident,Critical,27,18.479491,73.85653,TRUE,FALSE,TRUE,TRUE,FALSE,FALSE,TRUE,FALSE,FALSE,Trauma Surgeon,1,,2026-09-25 19:09:13,CREATED
REQ-004089,PT-266911,Respiratory,High,90,18.508805,73.833835,TRUE,TRUE,TRUE,FALSE,FALSE,FALSE,FALSE,FALSE,FALSE,,1,,2026-09-25 19:10:17,MATCHING
REQ-004090,PT-997799,Road Accident,Moderate,35,18.666426,73.750332,TRUE,FALSE,FALSE,FALSE,FALSE,FALSE,TRUE,TRUE,FALSE,Trauma Surgeon,1,,2026-09-25 19:13:35,CREATED
REQ-004091,PT-943328,Road Accident,Moderate,35,18.632192,73.808826,FALSE,FALSE,FALSE,TRUE,FALSE,FALSE,TRUE,FALSE,FALSE,,1,,2026-09-25 19:16:15,MATCHING
REQ-004092,PT-362330,Stroke,Low,48,18.762325,73.863293,FALSE,FALSE,FALSE,FALSE,FALSE,TRUE,FALSE,FALSE,FALSE,,1,,2026-09-25 19:16:50,CREATED
REQ-004093,PT-600464,Stroke,High,85,18.587208,73.739099,TRUE,TRUE,TRUE,FALSE,FALSE,TRUE,FALSE,FALSE,FALSE,Neurologist,1,,2026-09-25 19:23:29,CREATED
REQ-004094,PT-771373,Respiratory,Low,8,18.545535,73.785312,FALSE,FALSE,TRUE,FALSE,FALSE,FALSE,FALSE,FALSE,FALSE,Pulmonologist,1,,2026-09-25 19:27:12,CREATED
REQ-004095,PT-798311,Cardiac,Critical,40,18.535726,73.839278,FALSE,FALSE,TRUE,FALSE,TRUE,FALSE,FALSE,FALSE,FALSE,Cardiologist,1,,2026-09-25 19:32:11,CREATED
REQ-004096,PT-964351,Road Accident,Moderate,43,18.528589,73.838666,TRUE,FALSE,FALSE,FALSE,FALSE,FALSE,FALSE,TRUE,FALSE,,1,,2026-09-25 19:37:07,CREATED
REQ-004097,PT-236748,Road Accident,Critical,22,18.748528,73.676171,FALSE,FALSE,TRUE,TRUE,FALSE,FALSE,TRUE,FALSE,FALSE,Trauma Surgeon,1,,2026-09-25 19:47:56,MATCHING
REQ-004098,PT-668639,Stroke,High,70,18.524344,73.806057,TRUE,FALSE,FALSE,FALSE,FALSE,TRUE,FALSE,FALSE,FALSE,Neurologist,1,,2026-09-25 19:51:54,CREATED
REQ-004099,PT-408720,Stroke,Moderate,50,18.444308,73.886209,FALSE,FALSE,FALSE,FALSE,TRUE,TRUE,FALSE,FALSE,FALSE,,1,,2026-09-25 19:52:16,CREATED
REQ-004100,PT-769543,Other,Moderate,33,18.64321,73.788744,TRUE,FALSE,FALSE,FALSE,FALSE,FALSE,FALSE,FALSE,FALSE,,1,,2026-09-25 20:19:26,MATCHING
REQ-004101,PT-918721,Stroke,High,75,18.621321,73.803294,TRUE,TRUE,TRUE,FALSE,FALSE,TRUE,FALSE,FALSE,FALSE,Neurologist,1,,2026-09-25 20:20:37,CREATED
REQ-004102,PT-493430,Burn,Critical,12,18.522555,73.743513,TRUE,TRUE,TRUE,TRUE,FALSE,TRUE,TRUE,TRUE,FALSE,Neurologist,1,AMB-076,2026-09-25 20:41:59,COMPLETED
REQ-004103,PT-881564,Cardiac,Moderate,60,18.644591,73.78434,TRUE,FALSE,FALSE,FALSE,TRUE,FALSE,FALSE,FALSE,FALSE,Cardiologist,1,,2026-09-25 20:55:14,CREATED
REQ-004104,PT-675241,Cardiac,Moderate,53,18.494755,73.802893,FALSE,FALSE,FALSE,FALSE,TRUE,FALSE,TRUE,FALSE,FALSE,,1,,2026-09-25 20:56:37,CREATED
REQ-004105,PT-889355,Other,High,23,18.573563,73.886792,TRUE,FALSE,FALSE,FALSE,FALSE,FALSE,FALSE,FALSE,FALSE,Pulmonologist,1,,2026-09-25 20:57:44,MATCHING
REQ-004106,PT-149014,Cardiac,High,54,18.517072,73.911545,FALSE,FALSE,TRUE,FALSE,TRUE,FALSE,FALSE,FALSE,FALSE,Cardiologist,1,,2026-09-25 21:01:20,CREATED
REQ-004107,PT-673929,Other,Moderate,65,18.560503,73.915448,FALSE,FALSE,FALSE,FALSE,FALSE,FALSE,FALSE,FALSE,TRUE,,1,,2026-09-25 21:01:33,CREATED
REQ-004108,PT-827546,Cardiac,Moderate,57,18.515354,73.926781,TRUE,FALSE,FALSE,FALSE,FALSE,FALSE,FALSE,FALSE,FALSE,,1,AMB-090,2026-09-25 21:07:40,COMPLETED
REQ-004109,PT-858086,Burn,Low,22,18.523717,73.876895,FALSE,FALSE,FALSE,TRUE,FALSE,FALSE,FALSE,FALSE,FALSE,,1,AMB-068,2026-09-25 21:08:25,COMPLETED
REQ-004110,PT-236843,Road Accident,Moderate,51,18.643919,73.798151,TRUE,FALSE,FALSE,FALSE,FALSE,FALSE,FALSE,FALSE,FALSE,,1,,2026-09-25 21:16:03,CREATED
REQ-004111,PT-911768,Burn,Critical,48,18.464365,73.870509,TRUE,FALSE,FALSE,TRUE,FALSE,FALSE,FALSE,TRUE,TRUE,General Surgeon,2,,2026-09-25 21:24:16,CREATED
REQ-004112,PT-903872,Cardiac,Moderate,68,18.571159,73.937896,FALSE,FALSE,FALSE,FALSE,TRUE,FALSE,FALSE,FALSE,FALSE,,1,,2026-09-25 21:27:12,CREATED
REQ-004113,PT-782774,Respiratory,High,66,18.515626,73.926334,FALSE,TRUE,FALSE,FALSE,FALSE,FALSE,FALSE,FALSE,FALSE,,1,,2026-09-25 21:28:51,CREATED
REQ-004114,PT-479394,Road Accident,Critical,69,18.5638,73.905,TRUE,FALSE,FALSE,TRUE,FALSE,FALSE,FALSE,TRUE,FALSE,Trauma Surgeon,1,AMB-018,2026-09-25 21:28:55,COMPLETED
REQ-004115,PT-623433,Cardiac,High,67,18.510892,73.863117,TRUE,FALSE,FALSE,TRUE,TRUE,FALSE,FALSE,FALSE,FALSE,,1,,2026-09-25 21:42:06,CREATED
REQ-004116,PT-110845,Road Accident,High,66,18.44658,73.915799,TRUE,FALSE,TRUE,FALSE,FALSE,FALSE,TRUE,FALSE,FALSE,Trauma Surgeon,1,,2026-09-25 21:45:57,MATCHING
REQ-004117,PT-669343,Stroke,High,79,18.554626,73.874266,TRUE,TRUE,FALSE,FALSE,TRUE,TRUE,TRUE,TRUE,FALSE,,1,,2026-09-25 21:48:38,CREATED
REQ-004118,PT-776178,Other,High,74,18.654858,73.801799,TRUE,FALSE,TRUE,FALSE,FALSE,FALSE,FALSE,FALSE,FALSE,Cardiologist,1,,2026-09-25 22:12:25,CREATED
REQ-004119,PT-932311,Cardiac,Moderate,50,18.499178,73.79813,FALSE,FALSE,FALSE,FALSE,TRUE,FALSE,FALSE,FALSE,FALSE,Cardiologist,1,,2026-09-25 22:13:34,MATCHING
REQ-004120,PT-581397,Road Accident,Moderate,34,18.537427,73.747343,FALSE,FALSE,FALSE,TRUE,FALSE,FALSE,TRUE,FALSE,FALSE,,1,,2026-09-25 22:14:02,MATCHING
REQ-004121,PT-705434,Respiratory,Low,64,18.496251,73.834758,FALSE,FALSE,TRUE,FALSE,FALSE,FALSE,FALSE,FALSE,FALSE,,1,,2026-09-25 22:14:03,MATCHING
REQ-004122,PT-477566,Other,Low,45,18.518372,73.842832,FALSE,FALSE,FALSE,FALSE,FALSE,FALSE,FALSE,FALSE,FALSE,,1,,2026-09-25 22:16:00,CREATED
REQ-004123,PT-879485,Respiratory,Moderate,67,18.536524,73.806857,TRUE,FALSE,TRUE,FALSE,FALSE,FALSE,FALSE,FALSE,FALSE,Pulmonologist,1,,2026-09-25 22:41:00,MATCHING
REQ-004124,PT-755145,Cardiac,Critical,57,18.544923,73.735179,TRUE,TRUE,FALSE,FALSE,TRUE,FALSE,FALSE,FALSE,FALSE,,1,,2026-09-25 22:56:39,MATCHING
REQ-004125,PT-806829,Burn,Moderate,59,18.559673,73.773461,TRUE,FALSE,FALSE,TRUE,FALSE,FALSE,FALSE,FALSE,FALSE,General Surgeon,1,,2026-09-25 22:59:42,MATCHING
REQ-004126,PT-981499,Respiratory,Low,4,18.556332,73.8175,FALSE,FALSE,TRUE,FALSE,FALSE,FALSE,FALSE,FALSE,FALSE,,1,AMB-005,2026-09-25 23:03:45,COMPLETED
REQ-004127,PT-659129,Respiratory,Low,57,18.459345,73.904194,FALSE,FALSE,TRUE,FALSE,FALSE,FALSE,FALSE,FALSE,FALSE,,1,,2026-09-25 23:11:08,CREATED
REQ-004128,PT-868799,Other,Low,51,18.637727,73.782858,FALSE,FALSE,TRUE,FALSE,FALSE,FALSE,FALSE,FALSE,FALSE,,1,AMB-001,2026-09-25 23:16:36,COMPLETED
REQ-004129,PT-506247,Stroke,Critical,65,18.521851,73.682479,TRUE,FALSE,TRUE,FALSE,FALSE,TRUE,FALSE,TRUE,FALSE,Neurologist,1,AMB-025,2026-09-25 23:26:10,COMPLETED
REQ-004130,PT-718025,Stroke,High,69,18.52875,73.681452,TRUE,FALSE,FALSE,FALSE,FALSE,TRUE,FALSE,FALSE,FALSE,Neurologist,1,AMB-070,2026-09-25 23:26:27,COMPLETED
REQ-004131,PT-203806,Respiratory,Low,2,18.510158,73.827588,FALSE,FALSE,TRUE,FALSE,FALSE,FALSE,FALSE,FALSE,FALSE,,1,,2026-09-25 23:37:58,CREATED
REQ-004132,PT-914005,Cardiac,Critical,40,18.767147,73.883562,TRUE,FALSE,TRUE,FALSE,TRUE,FALSE,FALSE,TRUE,FALSE,Cardiologist,1,,2026-09-25 23:39:20,CREATED
REQ-004133,PT-144032,Cardiac,Moderate,66,18.514708,73.806624,FALSE,FALSE,TRUE,FALSE,FALSE,FALSE,FALSE,FALSE,FALSE,,1,,2026-09-26 00:10:36,MATCHING
REQ-004134,PT-661988,Road Accident,Moderate,31,18.610197,73.760248,FALSE,FALSE,FALSE,TRUE,FALSE,FALSE,FALSE,FALSE,FALSE,Trauma Surgeon,1,AMB-007,2026-09-26 00:15:42,COMPLETED
REQ-004135,PT-522858,Burn,Critical,31,18.627555,73.806556,TRUE,FALSE,TRUE,TRUE,FALSE,FALSE,FALSE,TRUE,FALSE,,1,,2026-09-26 00:46:48,MATCHING
REQ-004136,PT-126407,Other,Moderate,23,18.551358,73.927462,FALSE,FALSE,FALSE,FALSE,FALSE,FALSE,FALSE,FALSE,FALSE,,1,AMB-089,2026-09-26 00:48:48,COMPLETED
REQ-004137,PT-882191,Road Accident,Low,24,18.579602,73.985041,FALSE,FALSE,FALSE,TRUE,FALSE,FALSE,FALSE,TRUE,FALSE,,1,AMB-043,2026-09-26 01:00:07,COMPLETED
REQ-004138,PT-963236,Cardiac,Critical,57,18.451416,73.847966,TRUE,FALSE,TRUE,FALSE,TRUE,FALSE,FALSE,FALSE,FALSE,,1,,2026-09-26 01:14:03,CREATED
REQ-004139,PT-613482,Cardiac,High,62,18.507371,73.858964,TRUE,TRUE,TRUE,FALSE,TRUE,FALSE,FALSE,FALSE,FALSE,,1,,2026-09-26 02:23:17,CREATED
REQ-004140,PT-886660,Respiratory,Low,81,18.455107,73.920047,FALSE,FALSE,TRUE,FALSE,FALSE,FALSE,FALSE,FALSE,FALSE,,1,,2026-09-26 02:29:44,CREATED
REQ-004141,PT-584091,Cardiac,Moderate,59,18.56661,73.819508,FALSE,FALSE,FALSE,FALSE,TRUE,FALSE,FALSE,FALSE,FALSE,,1,AMB-005,2026-09-26 02:49:07,COMPLETED
REQ-004142,PT-217966,Cardiac,Moderate,44,18.527874,73.837988,FALSE,FALSE,FALSE,FALSE,TRUE,FALSE,FALSE,FALSE,FALSE,,1,,2026-09-26 02:50:31,MATCHING
REQ-004143,PT-203075,Other,High,72,18.631395,73.818583,FALSE,FALSE,FALSE,FALSE,FALSE,FALSE,FALSE,FALSE,TRUE,Nephrologist,1,,2026-09-26 03:07:03,MATCHING
REQ-004144,PT-355276,Other,Moderate,88,18.497792,73.923925,FALSE,FALSE,FALSE,FALSE,FALSE,FALSE,FALSE,FALSE,TRUE,Nephrologist,1,AMB-099,2026-09-26 03:11:24,COMPLETED
REQ-004145,PT-935214,Cardiac,Critical,75,18.522616,73.855545,TRUE,TRUE,FALSE,FALSE,TRUE,FALSE,FALSE,FALSE,FALSE,Cardiologist,1,,2026-09-26 03:16:47,CREATED
REQ-004146,PT-894323,Cardiac,High,52,18.508191,73.847243,FALSE,FALSE,FALSE,FALSE,FALSE,FALSE,FALSE,FALSE,FALSE,,1,,2026-09-26 03:49:25,MATCHING
REQ-004147,PT-955513,Road Accident,High,31,18.654204,73.764631,TRUE,FALSE,FALSE,FALSE,FALSE,FALSE,FALSE,FALSE,FALSE,,2,,2026-09-26 04:11:29,CREATED
REQ-004148,PT-386447,Road Accident,Moderate,52,18.503282,73.811288,FALSE,FALSE,FALSE,TRUE,FALSE,FALSE,FALSE,FALSE,FALSE,,1,,2026-09-26 04:25:28,CREATED
REQ-004149,PT-624860,Respiratory,Moderate,5,18.564589,73.743954,TRUE,FALSE,TRUE,FALSE,FALSE,FALSE,FALSE,FALSE,FALSE,,1,AMB-002,2026-09-26 04:28:10,COMPLETED
REQ-004150,PT-178008,Road Accident,High,47,18.748071,73.869362,FALSE,FALSE,FALSE,TRUE,FALSE,FALSE,TRUE,FALSE,FALSE,Trauma Surgeon,1,,2026-09-26 04:37:21,MATCHING
REQ-004151,PT-841323,Other,Moderate,31,18.494896,73.671416,FALSE,FALSE,FALSE,FALSE,FALSE,FALSE,FALSE,FALSE,TRUE,,1,AMB-070,2026-09-26 05:05:36,COMPLETED
REQ-004152,PT-464331,Respiratory,Low,10,18.639728,73.817389,FALSE,FALSE,FALSE,FALSE,FALSE,FALSE,FALSE,FALSE,FALSE,,1,AMB-049,2026-09-26 06:29:07,COMPLETED
REQ-004153,PT-645386,Road Accident,Moderate,29,18.658062,73.768523,TRUE,TRUE,FALSE,TRUE,FALSE,FALSE,TRUE,TRUE,FALSE,,1,,2026-09-26 06:42:28,MATCHING
REQ-004154,PT-923774,Respiratory,Low,6,18.510631,73.918951,FALSE,FALSE,TRUE,FALSE,FALSE,FALSE,FALSE,FALSE,FALSE,,1,,2026-09-26 06:49:19,CREATED
REQ-004155,PT-981424,Respiratory,Critical,83,18.630256,73.810828,TRUE,TRUE,TRUE,FALSE,FALSE,FALSE,FALSE,FALSE,FALSE,Pulmonologist,1,AMB-035,2026-09-26 07:00:04,COMPLETED
REQ-004156,PT-974735,Cardiac,Moderate,32,18.589853,73.964313,FALSE,FALSE,FALSE,FALSE,TRUE,FALSE,FALSE,FALSE,FALSE,,1,,2026-09-26 07:25:16,MATCHING
REQ-004157,PT-704978,Stroke,Low,61,18.594435,73.753023,FALSE,FALSE,FALSE,FALSE,FALSE,TRUE,FALSE,FALSE,FALSE,,1,,2026-09-26 07:38:56,MATCHING
REQ-004158,PT-464857,Road Accident,High,29,18.548381,73.80002,TRUE,FALSE,FALSE,TRUE,FALSE,FALSE,TRUE,TRUE,FALSE,General Surgeon,1,,2026-09-26 07:40:33,MATCHING
REQ-004159,PT-516011,Road Accident,High,50,18.555201,73.783791,TRUE,TRUE,TRUE,FALSE,FALSE,FALSE,FALSE,TRUE,FALSE,Trauma Surgeon,1,,2026-09-26 07:40:58,MATCHING
REQ-004160,PT-229152,Respiratory,Moderate,84,18.50092,73.809925,TRUE,TRUE,TRUE,FALSE,FALSE,FALSE,FALSE,FALSE,FALSE,Pulmonologist,1,AMB-052,2026-09-26 07:41:34,COMPLETED
REQ-004161,PT-807161,Other,Low,24,18.626365,73.860681,FALSE,FALSE,FALSE,FALSE,FALSE,FALSE,FALSE,FALSE,FALSE,,1,AMB-024,2026-09-26 07:53:35,COMPLETED
REQ-004162,PT-403068,Respiratory,High,66,18.535572,73.731209,TRUE,FALSE,TRUE,FALSE,FALSE,FALSE,FALSE,FALSE,FALSE,,1,,2026-09-26 07:54:00,MATCHING
REQ-004163,PT-446177,Cardiac,Moderate,63,18.447743,73.866056,FALSE,FALSE,FALSE,FALSE,TRUE,FALSE,TRUE,TRUE,FALSE,Cardiologist,1,,2026-09-26 08:03:21,CREATED
REQ-004164,PT-453975,Other,Low,77,18.617568,73.807686,FALSE,FALSE,FALSE,FALSE,FALSE,FALSE,FALSE,FALSE,FALSE,,1,,2026-09-26 08:16:15,MATCHING
REQ-004165,PT-633901,Burn,Moderate,18,18.486395,73.836872,FALSE,FALSE,TRUE,TRUE,FALSE,FALSE,FALSE,FALSE,FALSE,,1,,2026-09-26 08:16:57,CREATED
REQ-004166,PT-831768,Stroke,Critical,58,18.595741,73.751541,TRUE,TRUE,FALSE,FALSE,FALSE,TRUE,FALSE,FALSE,FALSE,Neurologist,1,AMB-007,2026-09-26 08:20:01,COMPLETED
REQ-004167,PT-685467,Stroke,High,58,18.600022,73.762117,TRUE,FALSE,FALSE,FALSE,FALSE,TRUE,FALSE,FALSE,FALSE,Neurologist,1,AMB-044,2026-09-26 08:20:21,COMPLETED
REQ-004168,PT-497962,Cardiac,Moderate,39,18.611631,73.779207,FALSE,FALSE,FALSE,FALSE,TRUE,FALSE,FALSE,FALSE,FALSE,,1,,2026-09-26 08:23:30,CREATED
REQ-004169,PT-141210,Respiratory,Moderate,72,18.61681,73.809346,TRUE,FALSE,TRUE,FALSE,FALSE,FALSE,FALSE,FALSE,FALSE,Pulmonologist,1,,2026-09-26 08:30:35,CREATED
REQ-004170,PT-986378,Road Accident,Moderate,14,18.443891,73.861253,TRUE,FALSE,FALSE,TRUE,FALSE,FALSE,TRUE,FALSE,FALSE,,1,AMB-072,2026-09-26 08:47:46,COMPLETED
REQ-004171,PT-880018,Other,Moderate,10,18.516327,73.934484,FALSE,FALSE,FALSE,FALSE,FALSE,FALSE,FALSE,FALSE,TRUE,,1,,2026-09-26 08:52:12,CREATED
REQ-004172,PT-248047,Cardiac,High,46,18.646181,73.81141,TRUE,FALSE,TRUE,FALSE,TRUE,TRUE,FALSE,TRUE,FALSE,Cardiologist,1,,2026-09-26 08:56:14,MATCHING
REQ-004173,PT-668846,Cardiac,Critical,53,18.617031,73.764928,TRUE,TRUE,TRUE,FALSE,TRUE,FALSE,TRUE,FALSE,FALSE,Cardiologist,1,,2026-09-26 08:56:54,MATCHING
REQ-004174,PT-976261,Road Accident,Moderate,38,18.508664,73.927712,FALSE,FALSE,FALSE,FALSE,FALSE,FALSE,FALSE,FALSE,FALSE,Trauma Surgeon,1,,2026-09-26 09:16:17,MATCHING
REQ-004175,PT-943468,Respiratory,High,1,18.640171,73.768775,TRUE,TRUE,TRUE,FALSE,FALSE,FALSE,FALSE,FALSE,FALSE,,1,,2026-09-26 09:16:55,CREATED
REQ-004176,PT-491472,Cardiac,Critical,89,18.515595,73.944525,TRUE,TRUE,TRUE,FALSE,TRUE,FALSE,FALSE,FALSE,FALSE,Cardiologist,1,AMB-013,2026-09-26 09:17:56,COMPLETED
REQ-004177,PT-378907,Road Accident,Low,29,18.487616,73.677106,FALSE,FALSE,FALSE,TRUE,FALSE,FALSE,FALSE,FALSE,FALSE,,1,,2026-09-26 09:20:00,CREATED
REQ-004178,PT-364183,Road Accident,High,58,18.663436,73.770998,TRUE,FALSE,FALSE,TRUE,FALSE,FALSE,TRUE,FALSE,FALSE,,1,,2026-09-26 09:36:09,CREATED
REQ-004179,PT-415538,Other,Moderate,31,18.615647,73.836478,FALSE,FALSE,FALSE,FALSE,FALSE,FALSE,FALSE,FALSE,FALSE,General Surgeon,1,,2026-09-26 09:48:52,MATCHING
REQ-004180,PT-697911,Cardiac,High,65,18.61537,73.770709,TRUE,FALSE,TRUE,FALSE,FALSE,FALSE,FALSE,FALSE,FALSE,Cardiologist,1,,2026-09-26 09:50:54,CREATED
REQ-004181,PT-413735,Road Accident,Critical,28,18.635494,73.794925,TRUE,TRUE,FALSE,TRUE,FALSE,FALSE,TRUE,TRUE,FALSE,Trauma Surgeon,1,,2026-09-26 09:52:44,CREATED
REQ-004182,PT-622755,Road Accident,Critical,57,18.571571,73.981072,TRUE,FALSE,FALSE,TRUE,FALSE,FALSE,TRUE,TRUE,FALSE,Trauma Surgeon,1,AMB-019,2026-09-26 09:55:57,COMPLETED
REQ-004183,PT-158254,Other,High,26,18.621172,73.818246,TRUE,FALSE,TRUE,FALSE,FALSE,FALSE,FALSE,FALSE,FALSE,Pulmonologist,1,AMB-035,2026-09-26 09:57:30,COMPLETED
REQ-004184,PT-749210,Stroke,High,53,18.621224,73.852724,FALSE,FALSE,FALSE,FALSE,FALSE,TRUE,FALSE,TRUE,FALSE,Neurologist,1,,2026-09-26 09:59:28,MATCHING
REQ-004185,PT-124303,Cardiac,Moderate,76,18.569578,73.802656,FALSE,FALSE,FALSE,FALSE,TRUE,FALSE,FALSE,TRUE,FALSE,,1,,2026-09-26 10:05:19,MATCHING
REQ-004186,PT-738400,Road Accident,High,11,18.616216,73.795285,TRUE,TRUE,FALSE,TRUE,FALSE,TRUE,FALSE,FALSE,FALSE,,1,,2026-09-26 10:11:07,MATCHING
REQ-004187,PT-864778,Respiratory,Moderate,66,18.471122,73.863102,TRUE,TRUE,TRUE,FALSE,TRUE,FALSE,FALSE,FALSE,FALSE,Pulmonologist,1,,2026-09-26 10:27:18,MATCHING
REQ-004188,PT-325561,Road Accident,Moderate,32,18.592873,73.764536,FALSE,FALSE,FALSE,TRUE,FALSE,FALSE,FALSE,FALSE,FALSE,,1,,2026-09-26 10:28:53,MATCHING
REQ-004189,PT-809717,Road Accident,Critical,63,18.730596,73.67497,TRUE,FALSE,TRUE,TRUE,FALSE,FALSE,TRUE,FALSE,FALSE,Trauma Surgeon,1,,2026-09-26 10:32:50,CREATED
REQ-004190,PT-570177,Road Accident,High,15,18.471533,73.818255,TRUE,FALSE,TRUE,FALSE,FALSE,FALSE,TRUE,TRUE,FALSE,,1,,2026-09-26 10:47:55,MATCHING
REQ-004191,PT-464215,Stroke,Low,79,18.50554,73.828328,FALSE,FALSE,FALSE,TRUE,FALSE,TRUE,FALSE,FALSE,FALSE,,1,,2026-09-26 10:49:34,MATCHING
REQ-004192,PT-497822,Respiratory,Critical,57,18.501516,73.908592,TRUE,FALSE,TRUE,FALSE,FALSE,FALSE,FALSE,FALSE,FALSE,Pulmonologist,1,AMB-090,2026-09-26 10:50:18,COMPLETED
REQ-004193,PT-389191,Road Accident,High,43,18.647367,73.795907,TRUE,FALSE,FALSE,TRUE,FALSE,FALSE,TRUE,FALSE,FALSE,Trauma Surgeon,1,,2026-09-26 10:56:43,MATCHING
REQ-004194,PT-996567,Cardiac,Critical,55,18.573487,73.746118,TRUE,TRUE,TRUE,FALSE,TRUE,FALSE,FALSE,FALSE,FALSE,Cardiologist,1,AMB-007,2026-09-26 10:57:53,COMPLETED
REQ-004195,PT-476320,Cardiac,Moderate,71,18.533358,73.879308,TRUE,FALSE,FALSE,FALSE,FALSE,FALSE,FALSE,FALSE,FALSE,Cardiologist,1,,2026-09-26 11:03:50,CREATED
REQ-004196,PT-464103,Other,High,40,18.599032,73.789376,FALSE,FALSE,FALSE,FALSE,FALSE,FALSE,FALSE,FALSE,FALSE,Pulmonologist,1,,2026-09-26 11:08:45,MATCHING
REQ-004197,PT-822662,Cardiac,Moderate,71,18.494965,73.786144,TRUE,FALSE,FALSE,FALSE,TRUE,FALSE,FALSE,FALSE,FALSE,Cardiologist,1,,2026-09-26 11:16:25,MATCHING
REQ-004198,PT-647056,Respiratory,Critical,81,18.548551,73.858934,TRUE,FALSE,TRUE,FALSE,FALSE,FALSE,FALSE,FALSE,FALSE,Pulmonologist,1,,2026-09-26 11:19:55,CREATED
REQ-004199,PT-821268,Road Accident,High,45,18.619795,73.78532,FALSE,FALSE,TRUE,TRUE,FALSE,FALSE,FALSE,TRUE,FALSE,General Surgeon,1,,2026-09-26 11:27:47,MATCHING
REQ-004200,PT-372077,Respiratory,Moderate,48,18.646901,73.851798,FALSE,FALSE,TRUE,FALSE,FALSE,FALSE,FALSE,FALSE,FALSE,,1,,2026-09-26 11:34:20,MATCHING
REQ-004201,PT-870148,Cardiac,High,39,18.517507,73.802644,TRUE,TRUE,FALSE,FALSE,TRUE,FALSE,FALSE,FALSE,FALSE,Cardiologist,1,,2026-09-26 11:35:15,CREATED
REQ-004202,PT-800959,Road Accident,Low,25,18.573498,73.970021,FALSE,FALSE,FALSE,FALSE,FALSE,FALSE,FALSE,FALSE,FALSE,,1,,2026-09-26 11:39:43,MATCHING
REQ-004203,PT-515633,Road Accident,Low,44,18.491184,73.798524,FALSE,FALSE,FALSE,TRUE,FALSE,FALSE,FALSE,FALSE,FALSE,,1,AMB-057,2026-09-26 11:40:14,COMPLETED
REQ-004204,PT-304374,Stroke,Moderate,63,18.492093,73.895778,TRUE,FALSE,FALSE,FALSE,FALSE,TRUE,FALSE,FALSE,FALSE,Neurologist,1,,2026-09-26 11:43:04,CREATED
REQ-004205,PT-216982,Respiratory,Moderate,78,18.650764,73.783576,TRUE,FALSE,TRUE,FALSE,FALSE,FALSE,FALSE,FALSE,TRUE,,1,,2026-09-26 11:46:08,CREATED
REQ-004206,PT-708185,Other,Moderate,42,18.55683,73.881727,FALSE,FALSE,FALSE,FALSE,FALSE,FALSE,FALSE,TRUE,TRUE,,1,,2026-09-26 11:50:23,MATCHING
REQ-004207,PT-792320,Burn,Moderate,22,18.544769,73.876932,FALSE,FALSE,TRUE,TRUE,FALSE,FALSE,FALSE,FALSE,FALSE,,1,AMB-061,2026-09-26 12:02:50,COMPLETED
REQ-004208,PT-998420,Cardiac,Moderate,51,18.598793,73.77086,TRUE,TRUE,FALSE,FALSE,TRUE,FALSE,FALSE,FALSE,FALSE,,1,,2026-09-26 12:10:21,CREATED
REQ-004209,PT-351214,Cardiac,Low,66,18.491972,73.947318,TRUE,FALSE,FALSE,FALSE,TRUE,FALSE,FALSE,FALSE,FALSE,,1,,2026-09-26 12:14:25,MATCHING
REQ-004210,PT-598851,Road Accident,Moderate,66,18.590375,73.978802,TRUE,TRUE,FALSE,TRUE,FALSE,FALSE,FALSE,FALSE,FALSE,,1,,2026-09-26 12:21:32,CREATED
REQ-004211,PT-538481,Burn,Low,33,18.543769,73.891045,FALSE,FALSE,FALSE,TRUE,FALSE,FALSE,FALSE,FALSE,FALSE,,1,,2026-09-26 12:38:35,CREATED
REQ-004212,PT-592723,Burn,Low,54,18.526116,73.921263,FALSE,FALSE,TRUE,TRUE,FALSE,FALSE,FALSE,FALSE,FALSE,,1,,2026-09-26 12:40:16,CREATED
REQ-004213,PT-163126,Road Accident,Low,90,18.440942,73.926893,TRUE,FALSE,FALSE,TRUE,FALSE,FALSE,FALSE,TRUE,FALSE,,1,,2026-09-26 12:43:57,CREATED
REQ-004214,PT-885134,Stroke,Moderate,63,18.509083,73.884541,TRUE,FALSE,FALSE,TRUE,FALSE,TRUE,FALSE,FALSE,FALSE,,1,,2026-09-26 12:56:23,CREATED
REQ-004215,PT-296234,Respiratory,High,61,18.502106,73.922616,TRUE,FALSE,TRUE,FALSE,FALSE,FALSE,FALSE,FALSE,FALSE,Pulmonologist,1,,2026-09-26 12:58:58,MATCHING
REQ-004216,PT-552325,Respiratory,Critical,70,18.600131,73.770817,TRUE,TRUE,TRUE,FALSE,FALSE,FALSE,FALSE,FALSE,FALSE,,1,,2026-09-26 13:05:05,CREATED
REQ-004217,PT-881560,Stroke,High,64,18.653566,73.793459,TRUE,TRUE,FALSE,FALSE,FALSE,TRUE,TRUE,FALSE,FALSE,,1,,2026-09-26 13:17:54,CREATED
REQ-004218,PT-212807,Other,Low,65,18.50859,73.939498,FALSE,FALSE,FALSE,FALSE,FALSE,FALSE,FALSE,FALSE,TRUE,General Surgeon,1,,2026-09-26 13:30:39,MATCHING
REQ-004219,PT-792995,Stroke,Critical,75,18.513568,73.857355,TRUE,FALSE,FALSE,FALSE,FALSE,TRUE,FALSE,FALSE,FALSE,Neurologist,1,,2026-09-26 13:40:30,MATCHING
REQ-004220,PT-198355,Stroke,Low,42,18.634414,73.796696,FALSE,FALSE,FALSE,FALSE,FALSE,FALSE,FALSE,FALSE,FALSE,Neurologist,1,AMB-012,2026-09-26 13:43:06,COMPLETED
REQ-004221,PT-555931,Respiratory,Moderate,14,18.515751,73.925901,FALSE,FALSE,FALSE,FALSE,FALSE,FALSE,FALSE,FALSE,FALSE,,1,AMB-090,2026-09-26 13:47:56,COMPLETED
REQ-004222,PT-108970,Respiratory,High,59,18.53235,73.843387,FALSE,TRUE,FALSE,FALSE,FALSE,FALSE,FALSE,FALSE,FALSE,Pulmonologist,1,,2026-09-26 13:53:04,MATCHING
REQ-004223,PT-472114,Road Accident,High,38,18.585206,73.980481,TRUE,FALSE,FALSE,TRUE,FALSE,FALSE,TRUE,FALSE,FALSE,Trauma Surgeon,1,AMB-043,2026-09-26 13:55:52,COMPLETED
REQ-004224,PT-842012,Cardiac,Moderate,51,18.529412,73.847621,FALSE,FALSE,FALSE,FALSE,TRUE,FALSE,FALSE,FALSE,FALSE,Cardiologist,1,AMB-021,2026-09-26 14:12:50,COMPLETED
REQ-004225,PT-494851,Respiratory,Critical,6,18.542713,73.862549,TRUE,TRUE,TRUE,FALSE,FALSE,TRUE,FALSE,FALSE,FALSE,Pulmonologist,1,,2026-09-26 14:40:04,CREATED
REQ-004226,PT-245782,Respiratory,High,46,18.613452,73.788504,TRUE,FALSE,TRUE,TRUE,FALSE,FALSE,FALSE,FALSE,FALSE,,1,,2026-09-26 14:41:27,CREATED
REQ-004227,PT-253467,Respiratory,High,62,18.475133,73.824041,TRUE,TRUE,FALSE,FALSE,FALSE,FALSE,FALSE,FALSE,FALSE,,1,,2026-09-26 14:43:18,MATCHING
REQ-004228,PT-710138,Cardiac,Critical,66,18.551711,73.953707,TRUE,FALSE,TRUE,FALSE,TRUE,FALSE,TRUE,TRUE,FALSE,Cardiologist,1,AMB-059,2026-09-26 14:52:03,COMPLETED
REQ-004229,PT-849404,Cardiac,High,78,18.545114,73.952524,TRUE,FALSE,TRUE,FALSE,TRUE,FALSE,FALSE,FALSE,FALSE,Cardiologist,1,AMB-014,2026-09-26 14:52:15,COMPLETED
REQ-004230,PT-805074,Other,Low,35,18.75975,73.860104,FALSE,FALSE,FALSE,FALSE,FALSE,FALSE,FALSE,FALSE,FALSE,,1,,2026-09-26 14:54:31,MATCHING
REQ-004231,PT-693150,Road Accident,High,33,18.7556,73.853039,TRUE,FALSE,FALSE,TRUE,FALSE,FALSE,FALSE,FALSE,FALSE,,1,AMB-008,2026-09-26 15:28:02,COMPLETED
REQ-004232,PT-812284,Other,High,45,18.508257,73.924173,TRUE,FALSE,TRUE,FALSE,FALSE,TRUE,TRUE,FALSE,FALSE,Cardiologist,1,,2026-09-26 15:41:13,CREATED
REQ-004233,PT-292132,Road Accident,Critical,26,18.568878,73.799034,TRUE,TRUE,TRUE,FALSE,FALSE,FALSE,FALSE,TRUE,FALSE,General Surgeon,1,,2026-09-26 15:47:33,CREATED
REQ-004234,PT-990989,Respiratory,Moderate,69,18.52301,73.848401,FALSE,FALSE,TRUE,FALSE,FALSE,FALSE,FALSE,FALSE,FALSE,Pulmonologist,1,,2026-09-26 16:03:35,MATCHING
REQ-004235,PT-611635,Road Accident,Critical,23,18.518176,73.678119,TRUE,TRUE,FALSE,TRUE,FALSE,FALSE,TRUE,TRUE,FALSE,Trauma Surgeon,1,,2026-09-26 16:05:28,MATCHING
REQ-004236,PT-805709,Cardiac,Critical,64,18.591137,73.760796,TRUE,TRUE,FALSE,FALSE,TRUE,FALSE,FALSE,FALSE,FALSE,Cardiologist,1,,2026-09-26 16:14:56,MATCHING
REQ-004237,PT-673973,Stroke,Low,73,18.593182,73.757547,FALSE,FALSE,FALSE,FALSE,FALSE,TRUE,FALSE,FALSE,FALSE,,1,AMB-045,2026-09-26 16:27:43,COMPLETED
REQ-004238,PT-813849,Cardiac,Critical,60,18.622192,73.774245,TRUE,TRUE,FALSE,FALSE,TRUE,FALSE,FALSE,FALSE,FALSE,Cardiologist,1,,2026-09-26 16:31:58,CREATED
REQ-004239,PT-951198,Cardiac,High,59,18.485942,73.855653,TRUE,TRUE,FALSE,FALSE,TRUE,TRUE,FALSE,FALSE,FALSE,Cardiologist,1,AMB-081,2026-09-26 16:33:23,COMPLETED
REQ-004240,PT-190947,Road Accident,Critical,29,18.736612,73.668812,TRUE,TRUE,TRUE,TRUE,FALSE,TRUE,TRUE,TRUE,FALSE,Neurologist,1,AMB-093,2026-09-26 17:07:32,COMPLETED
REQ-004241,PT-537225,Respiratory,Moderate,81,18.541199,73.885253,TRUE,FALSE,TRUE,FALSE,FALSE,FALSE,FALSE,FALSE,FALSE,,1,AMB-096,2026-09-26 17:08:06,COMPLETED
REQ-004242,PT-950058,Cardiac,Moderate,82,18.490008,73.893687,FALSE,FALSE,FALSE,FALSE,TRUE,FALSE,FALSE,FALSE,FALSE,,1,,2026-09-26 17:08:42,CREATED
REQ-004243,PT-840114,Road Accident,Moderate,28,18.568558,73.781025,TRUE,FALSE,FALSE,TRUE,FALSE,FALSE,TRUE,FALSE,FALSE,,1,,2026-09-26 17:16:47,MATCHING
REQ-004244,PT-830180,Other,Critical,85,18.609188,73.975811,TRUE,TRUE,FALSE,TRUE,FALSE,TRUE,TRUE,TRUE,FALSE,Neurologist,1,AMB-043,2026-09-26 17:18:55,COMPLETED
REQ-004245,PT-719908,Cardiac,Moderate,49,18.570866,73.9155,FALSE,FALSE,FALSE,FALSE,TRUE,FALSE,FALSE,FALSE,FALSE,,1,,2026-09-26 17:30:14,MATCHING
REQ-004246,PT-599923,Cardiac,High,86,18.513207,73.919562,TRUE,FALSE,FALSE,FALSE,FALSE,FALSE,FALSE,FALSE,FALSE,,1,AMB-090,2026-09-26 17:30:54,COMPLETED
REQ-004247,PT-803456,Respiratory,Moderate,50,18.514919,73.90973,FALSE,FALSE,FALSE,FALSE,FALSE,FALSE,FALSE,FALSE,FALSE,Pulmonologist,1,,2026-09-26 17:40:24,CREATED
REQ-004248,PT-165180,Road Accident,Low,28,18.603516,73.768238,FALSE,FALSE,FALSE,FALSE,FALSE,FALSE,FALSE,FALSE,FALSE,,1,,2026-09-26 17:45:49,MATCHING
REQ-004249,PT-631371,Cardiac,High,65,18.742505,73.666389,FALSE,FALSE,FALSE,FALSE,TRUE,TRUE,FALSE,FALSE,FALSE,,1,,2026-09-26 17:48:32,NO_MATCH
REQ-004250,PT-379117,Other,Moderate,47,18.559889,73.874187,TRUE,TRUE,FALSE,FALSE,FALSE,FALSE,FALSE,FALSE,FALSE,,1,,2026-09-26 17:48:37,CREATED
REQ-004251,PT-533667,Cardiac,Critical,73,18.511208,73.836859,TRUE,FALSE,FALSE,FALSE,TRUE,FALSE,TRUE,FALSE,FALSE,Cardiologist,1,,2026-09-26 17:57:47,CREATED
REQ-004252,PT-536008,Cardiac,Critical,63,18.49557,73.888651,TRUE,FALSE,TRUE,FALSE,TRUE,FALSE,TRUE,FALSE,FALSE,Cardiologist,1,,2026-09-26 18:01:01,MATCHING
REQ-004253,PT-261561,Road Accident,Low,39,18.745295,73.878015,FALSE,FALSE,FALSE,TRUE,FALSE,FALSE,FALSE,FALSE,FALSE,,1,,2026-09-26 18:03:56,MATCHING
REQ-004254,PT-360483,Respiratory,Low,59,18.482627,73.794553,FALSE,FALSE,TRUE,FALSE,FALSE,FALSE,FALSE,FALSE,FALSE,,1,,2026-09-26 18:12:52,MATCHING
REQ-004255,PT-792060,Stroke,Critical,63,18.756635,73.669358,TRUE,FALSE,FALSE,FALSE,TRUE,TRUE,FALSE,FALSE,FALSE,Neurologist,1,,2026-09-26 18:20:32,NO_MATCH
REQ-004256,PT-487516,Stroke,High,72,18.767076,73.66608,TRUE,FALSE,FALSE,FALSE,FALSE,TRUE,FALSE,FALSE,FALSE,Neurologist,1,AMB-066,2026-09-26 18:20:46,COMPLETED
REQ-004257,PT-185756,Road Accident,Critical,62,18.635406,73.802451,TRUE,FALSE,TRUE,TRUE,FALSE,TRUE,TRUE,TRUE,FALSE,Trauma Surgeon,1,AMB-049,2026-09-26 18:28:05,COMPLETED
REQ-004258,PT-331551,Cardiac,Moderate,72,18.512764,73.854762,FALSE,FALSE,FALSE,FALSE,FALSE,FALSE,FALSE,FALSE,FALSE,,1,,2026-09-26 18:31:27,MATCHING
REQ-004259,PT-171722,Respiratory,Moderate,59,18.456446,73.825492,FALSE,FALSE,TRUE,FALSE,FALSE,FALSE,FALSE,FALSE,FALSE,,1,,2026-09-26 18:33:09,CREATED
REQ-004260,PT-357008,Other,Low,36,18.491809,73.870312,FALSE,FALSE,TRUE,FALSE,FALSE,FALSE,FALSE,FALSE,FALSE,,1,,2026-09-26 18:36:04,MATCHING
REQ-004261,PT-564466,Respiratory,High,4,18.552242,73.877192,TRUE,TRUE,TRUE,FALSE,FALSE,FALSE,FALSE,FALSE,FALSE,Pulmonologist,1,,2026-09-26 18:36:14,MATCHING
REQ-004262,PT-797299,Other,Low,24,18.745374,73.880242,FALSE,FALSE,FALSE,FALSE,FALSE,FALSE,FALSE,FALSE,FALSE,,1,,2026-09-26 18:38:39,CREATED
REQ-004263,PT-334361,Stroke,High,46,18.536091,73.802764,TRUE,FALSE,FALSE,FALSE,FALSE,TRUE,FALSE,FALSE,FALSE,,1,,2026-09-26 18:46:18,CREATED
REQ-004264,PT-229288,Stroke,Critical,47,18.615444,73.855876,TRUE,FALSE,FALSE,FALSE,FALSE,TRUE,FALSE,TRUE,FALSE,,1,AMB-024,2026-09-26 19:03:23,COMPLETED
REQ-004265,PT-454400,Respiratory,Low,62,18.56227,73.790585,TRUE,TRUE,FALSE,FALSE,FALSE,FALSE,FALSE,FALSE,FALSE,,1,AMB-040,2026-09-26 19:03:49,COMPLETED
REQ-004266,PT-532427,Road Accident,High,34,18.765028,73.838367,TRUE,TRUE,TRUE,TRUE,FALSE,FALSE,TRUE,FALSE,FALSE,Trauma Surgeon,1,,2026-09-26 19:19:35,MATCHING
REQ-004267,PT-924144,Road Accident,Critical,19,18.639881,73.86591,TRUE,FALSE,FALSE,TRUE,FALSE,TRUE,TRUE,TRUE,FALSE,Trauma Surgeon,1,AMB-032,2026-09-26 19:22:48,NO_MATCH
REQ-004268,PT-516167,Road Accident,High,18,18.643151,73.854578,TRUE,FALSE,FALSE,FALSE,FALSE,FALSE,FALSE,TRUE,FALSE,,1,AMB-029,2026-09-26 19:23:10,COMPLETED
REQ-004269,PT-666457,Respiratory,Low,51,18.648272,73.780144,TRUE,TRUE,TRUE,FALSE,FALSE,FALSE,FALSE,FALSE,FALSE,,1,AMB-001,2026-09-26 19:30:55,COMPLETED
REQ-004270,PT-447803,Cardiac,Critical,67,18.662733,73.78896,TRUE,FALSE,TRUE,FALSE,TRUE,FALSE,FALSE,FALSE,FALSE,Cardiologist,1,,2026-09-26 19:35:08,CREATED
REQ-004271,PT-357351,Other,Low,46,18.551395,73.868153,FALSE,FALSE,FALSE,FALSE,FALSE,FALSE,FALSE,FALSE,TRUE,,1,,2026-09-26 19:46:30,MATCHING
REQ-004272,PT-524557,Other,High,49,18.470559,73.788499,TRUE,FALSE,TRUE,FALSE,FALSE,FALSE,TRUE,FALSE,TRUE,,1,,2026-09-26 20:00:19,MATCHING
REQ-004273,PT-674211,Road Accident,High,41,18.502506,73.684538,FALSE,FALSE,TRUE,TRUE,FALSE,FALSE,FALSE,TRUE,FALSE,Trauma Surgeon,1,,2026-09-26 20:09:18,MATCHING
REQ-004274,PT-366941,Cardiac,High,61,18.517156,73.735458,FALSE,FALSE,FALSE,FALSE,TRUE,FALSE,FALSE,TRUE,FALSE,,1,AMB-076,2026-09-26 20:14:54,COMPLETED
REQ-004275,PT-796073,Cardiac,High,46,18.484286,73.895244,TRUE,FALSE,FALSE,FALSE,TRUE,FALSE,FALSE,FALSE,FALSE,Cardiologist,1,,2026-09-26 20:22:48,MATCHING
REQ-004276,PT-285744,Road Accident,Moderate,19,18.644823,73.759049,FALSE,FALSE,FALSE,FALSE,FALSE,FALSE,FALSE,FALSE,FALSE,,1,,2026-09-26 20:32:45,CREATED
REQ-004277,PT-101618,Stroke,High,86,18.578586,73.882817,FALSE,FALSE,FALSE,FALSE,FALSE,TRUE,FALSE,FALSE,FALSE,,1,,2026-09-26 20:49:18,CREATED
REQ-004278,PT-333006,Road Accident,Moderate,33,18.630371,73.783976,TRUE,FALSE,FALSE,FALSE,FALSE,FALSE,FALSE,FALSE,FALSE,,1,,2026-09-26 20:55:27,CREATED
REQ-004279,PT-628101,Respiratory,Low,55,18.502944,73.851445,FALSE,FALSE,TRUE,FALSE,FALSE,FALSE,FALSE,FALSE,FALSE,,1,,2026-09-26 21:03:45,CREATED
REQ-004280,PT-846683,Road Accident,Low,34,18.502231,73.681991,FALSE,FALSE,FALSE,FALSE,FALSE,FALSE,TRUE,TRUE,FALSE,,1,AMB-070,2026-09-26 21:11:35,COMPLETED
REQ-004281,PT-152624,Road Accident,High,56,18.503388,73.861526,TRUE,FALSE,FALSE,TRUE,FALSE,FALSE,TRUE,FALSE,FALSE,,1,,2026-09-26 21:23:01,CREATED
REQ-004282,PT-260406,Road Accident,High,24,18.620409,73.788975,TRUE,FALSE,TRUE,TRUE,FALSE,TRUE,TRUE,FALSE,FALSE,Trauma Surgeon,1,,2026-09-26 21:31:57,MATCHING
REQ-004283,PT-114725,Road Accident,High,30,18.654519,73.770748,FALSE,FALSE,TRUE,TRUE,FALSE,FALSE,TRUE,FALSE,FALSE,Trauma Surgeon,1,,2026-09-26 21:33:14,CREATED
REQ-004284,PT-667779,Cardiac,Moderate,64,18.523251,73.854547,TRUE,FALSE,FALSE,FALSE,TRUE,FALSE,FALSE,FALSE,FALSE,,1,,2026-09-26 21:39:48,CREATED
REQ-004285,PT-202109,Road Accident,High,21,18.505065,73.857841,TRUE,TRUE,TRUE,TRUE,TRUE,TRUE,TRUE,TRUE,FALSE,,1,,2026-09-26 21:39:51,CREATED
REQ-004286,PT-192850,Respiratory,Critical,20,18.468968,73.833163,TRUE,TRUE,TRUE,FALSE,FALSE,FALSE,FALSE,FALSE,FALSE,Pulmonologist,1,AMB-092,2026-09-26 21:41:27,COMPLETED
REQ-004287,PT-460311,Stroke,Critical,43,18.61852,73.796342,TRUE,TRUE,TRUE,FALSE,FALSE,TRUE,FALSE,TRUE,FALSE,Neurologist,1,,2026-09-26 21:50:48,MATCHING
REQ-004288,PT-980378,Stroke,High,78,18.563954,73.948563,TRUE,FALSE,TRUE,FALSE,FALSE,TRUE,FALSE,FALSE,FALSE,,1,,2026-09-26 22:14:16,CREATED
REQ-004289,PT-694041,Burn,High,21,18.522137,73.733296,TRUE,TRUE,TRUE,TRUE,FALSE,FALSE,TRUE,TRUE,FALSE,,1,AMB-076,2026-09-26 22:23:55,COMPLETED
REQ-004290,PT-713257,Other,Critical,26,18.58875,74.008845,TRUE,TRUE,FALSE,TRUE,FALSE,TRUE,TRUE,TRUE,TRUE,Neurologist,1,AMB-043,2026-09-26 22:30:46,COMPLETED
REQ-004291,PT-755301,Road Accident,Moderate,34,18.490884,73.805599,TRUE,FALSE,TRUE,FALSE,FALSE,FALSE,TRUE,FALSE,FALSE,,1,,2026-09-26 22:41:32,MATCHING
REQ-004292,PT-954043,Road Accident,Low,68,18.564655,73.988048,FALSE,FALSE,FALSE,TRUE,FALSE,FALSE,FALSE,FALSE,FALSE,,1,,2026-09-26 22:53:40,MATCHING
REQ-004293,PT-444835,Road Accident,Moderate,42,18.627995,73.851922,FALSE,FALSE,FALSE,TRUE,FALSE,FALSE,FALSE,TRUE,FALSE,,1,AMB-024,2026-09-26 23:23:20,COMPLETED
REQ-004294,PT-418768,Road Accident,Critical,19,18.441564,73.920414,TRUE,TRUE,TRUE,TRUE,FALSE,TRUE,TRUE,TRUE,FALSE,Neurologist,1,AMB-085,2026-09-26 23:34:42,COMPLETED
REQ-004295,PT-615879,Road Accident,Moderate,42,18.72028,73.688132,FALSE,FALSE,FALSE,TRUE,FALSE,FALSE,FALSE,FALSE,FALSE,Trauma Surgeon,1,,2026-09-26 23:36:12,CREATED
REQ-004296,PT-218569,Road Accident,Moderate,57,18.653169,73.847707,FALSE,FALSE,FALSE,TRUE,FALSE,FALSE,TRUE,FALSE,FALSE,Trauma Surgeon,1,AMB-029,2026-09-26 23:39:41,COMPLETED
REQ-004297,PT-580172,Stroke,Critical,47,18.493424,73.92098,TRUE,FALSE,FALSE,FALSE,TRUE,TRUE,FALSE,FALSE,FALSE,Neurologist,1,AMB-091,2026-09-26 23:47:43,COMPLETED
REQ-004298,PT-983237,Stroke,Critical,50,18.494117,73.922778,TRUE,FALSE,TRUE,FALSE,FALSE,TRUE,FALSE,FALSE,FALSE,Neurologist,1,AMB-087,2026-09-26 23:48:21,NO_MATCH
REQ-004299,PT-378800,Respiratory,Moderate,45,18.442055,73.927549,FALSE,FALSE,TRUE,FALSE,FALSE,FALSE,FALSE,FALSE,FALSE,,1,AMB-067,2026-09-26 23:56:44,COMPLETED
REQ-004300,PT-784133,Cardiac,High,41,18.45722,73.882041,FALSE,FALSE,TRUE,FALSE,TRUE,FALSE,FALSE,TRUE,FALSE,Cardiologist,1,AMB-053,2026-09-27 00:06:01,COMPLETED
REQ-004301,PT-918665,Other,Moderate,30,18.539297,73.736838,FALSE,FALSE,FALSE,FALSE,FALSE,FALSE,FALSE,TRUE,TRUE,,1,AMB-062,2026-09-27 00:11:55,COMPLETED
REQ-004302,PT-307618,Other,Moderate,38,18.589255,73.770654,FALSE,FALSE,FALSE,FALSE,FALSE,FALSE,FALSE,FALSE,FALSE,,1,,2026-09-27 00:14:35,MATCHING
REQ-004303,PT-357786,Burn,Moderate,31,18.514463,73.810427,TRUE,FALSE,FALSE,TRUE,FALSE,FALSE,FALSE,FALSE,FALSE,General Surgeon,1,AMB-055,2026-09-27 00:24:58,COMPLETED
REQ-004304,PT-562615,Stroke,Moderate,51,18.4893,73.876754,FALSE,FALSE,FALSE,FALSE,TRUE,TRUE,FALSE,FALSE,FALSE,Neurologist,1,AMB-065,2026-09-27 01:16:41,COMPLETED
REQ-004305,PT-689465,Road Accident,Moderate,28,18.485099,73.905528,TRUE,FALSE,FALSE,TRUE,FALSE,FALSE,TRUE,FALSE,FALSE,,1,AMB-085,2026-09-27 01:28:10,COMPLETED
REQ-004306,PT-386850,Other,Moderate,26,18.560056,73.917553,FALSE,FALSE,FALSE,FALSE,FALSE,FALSE,FALSE,FALSE,FALSE,,1,,2026-09-27 01:47:31,CREATED
REQ-004307,PT-838444,Other,Low,14,18.638526,73.774586,FALSE,FALSE,TRUE,FALSE,FALSE,FALSE,FALSE,FALSE,FALSE,,1,,2026-09-27 01:54:10,MATCHING
REQ-004308,PT-492980,Road Accident,Critical,23,18.657206,73.778509,TRUE,FALSE,FALSE,TRUE,FALSE,TRUE,TRUE,FALSE,FALSE,,1,,2026-09-27 02:26:12,CREATED
REQ-004309,PT-295378,Other,Moderate,48,18.524559,73.802287,FALSE,FALSE,FALSE,FALSE,FALSE,FALSE,FALSE,FALSE,TRUE,,1,,2026-09-27 03:01:51,CREATED
REQ-004310,PT-542900,Burn,Critical,10,18.626991,73.84676,TRUE,TRUE,TRUE,FALSE,FALSE,FALSE,TRUE,FALSE,FALSE,General Surgeon,1,AMB-032,2026-09-27 03:30:09,COMPLETED
REQ-004311,PT-189168,Road Accident,Critical,92,18.57022,73.792616,FALSE,FALSE,TRUE,TRUE,FALSE,FALSE,TRUE,TRUE,FALSE,Trauma Surgeon,1,,2026-09-27 03:39:38,CREATED
REQ-004312,PT-112469,Respiratory,Moderate,66,18.547343,73.809275,TRUE,TRUE,FALSE,FALSE,FALSE,FALSE,FALSE,FALSE,FALSE,,1,,2026-09-27 04:24:58,CREATED
REQ-004313,PT-672675,Stroke,High,84,18.528303,73.875306,FALSE,FALSE,FALSE,FALSE,FALSE,TRUE,FALSE,FALSE,FALSE,,1,,2026-09-27 04:25:54,MATCHING
REQ-004314,PT-494260,Burn,Critical,77,18.49419,73.930097,TRUE,TRUE,FALSE,TRUE,FALSE,FALSE,FALSE,FALSE,FALSE,General Surgeon,1,,2026-09-27 05:54:11,MATCHING
REQ-004315,PT-637087,Road Accident,Low,35,18.5741,73.918367,FALSE,FALSE,FALSE,TRUE,FALSE,FALSE,TRUE,FALSE,FALSE,,1,,2026-09-27 05:59:08,CREATED
REQ-004316,PT-370400,Stroke,Critical,65,18.550468,73.890994,FALSE,FALSE,FALSE,FALSE,FALSE,TRUE,FALSE,FALSE,FALSE,Neurologist,1,AMB-061,2026-09-27 06:02:03,COMPLETED
REQ-004317,PT-444408,Cardiac,High,61,18.547484,73.809859,TRUE,FALSE,FALSE,FALSE,TRUE,FALSE,TRUE,FALSE,FALSE,Cardiologist,1,,2026-09-27 06:28:28,MATCHING
REQ-004318,PT-421428,Road Accident,Moderate,19,18.505976,73.885142,FALSE,FALSE,FALSE,TRUE,FALSE,FALSE,TRUE,TRUE,FALSE,,1,,2026-09-27 06:36:40,MATCHING
REQ-004319,PT-187750,Stroke,Low,73,18.537911,73.839469,FALSE,FALSE,FALSE,FALSE,FALSE,TRUE,FALSE,FALSE,FALSE,,1,,2026-09-27 06:43:13,MATCHING
REQ-004320,PT-154823,Other,Critical,32,18.509452,73.877692,FALSE,FALSE,TRUE,FALSE,FALSE,FALSE,FALSE,FALSE,FALSE,Cardiologist,1,,2026-09-27 07:17:58,CREATED
REQ-004321,PT-144446,Road Accident,High,12,18.573435,73.91663,TRUE,TRUE,FALSE,TRUE,FALSE,FALSE,TRUE,FALSE,FALSE,,1,AMB-042,2026-09-27 07:36:43,COMPLETED
REQ-004322,PT-753725,Cardiac,Moderate,57,18.531098,73.865701,FALSE,FALSE,FALSE,FALSE,TRUE,FALSE,FALSE,FALSE,FALSE,,1,,2026-09-27 07:38:44,MATCHING
REQ-004323,PT-137677,Other,Low,31,18.66001,73.762689,FALSE,FALSE,TRUE,FALSE,FALSE,FALSE,FALSE,FALSE,FALSE,,1,,2026-09-27 07:43:55,CREATED
REQ-004324,PT-626932,Road Accident,Moderate,38,18.548811,73.940763,FALSE,FALSE,FALSE,TRUE,FALSE,TRUE,TRUE,FALSE,FALSE,,1,,2026-09-27 07:43:55,CREATED
REQ-004325,PT-364840,Cardiac,Low,49,18.578542,73.737219,FALSE,FALSE,FALSE,FALSE,TRUE,FALSE,FALSE,FALSE,FALSE,,1,AMB-002,2026-09-27 07:48:47,COMPLETED
REQ-004326,PT-437566,Road Accident,Critical,62,18.648481,73.79509,TRUE,TRUE,TRUE,FALSE,FALSE,TRUE,TRUE,TRUE,FALSE,General Surgeon,1,,2026-09-27 07:52:25,CREATED
REQ-004327,PT-651163,Other,High,57,18.628176,73.841085,FALSE,FALSE,FALSE,FALSE,FALSE,FALSE,FALSE,FALSE,FALSE,General Surgeon,1,,2026-09-27 07:54:04,CREATED
REQ-004328,PT-522090,Respiratory,Low,67,18.642167,73.786213,TRUE,FALSE,TRUE,FALSE,FALSE,FALSE,FALSE,FALSE,FALSE,,1,,2026-09-27 08:06:24,CREATED
REQ-004329,PT-738814,Cardiac,High,84,18.491082,73.879041,FALSE,FALSE,TRUE,FALSE,TRUE,FALSE,FALSE,FALSE,FALSE,,1,,2026-09-27 08:12:43,MATCHING
REQ-004330,PT-314198,Respiratory,High,5,18.565454,73.886503,FALSE,FALSE,FALSE,FALSE,FALSE,FALSE,FALSE,FALSE,FALSE,Pulmonologist,1,AMB-061,2026-09-27 08:15:15,COMPLETED
REQ-004331,PT-364425,Road Accident,Moderate,24,18.564604,73.801984,FALSE,FALSE,FALSE,TRUE,FALSE,FALSE,TRUE,FALSE,FALSE,General Surgeon,1,,2026-09-27 08:17:07,CREATED
REQ-004332,PT-490075,Other,Moderate,22,18.467936,73.868533,FALSE,FALSE,FALSE,FALSE,FALSE,FALSE,FALSE,FALSE,TRUE,Nephrologist,1,,2026-09-27 08:26:24,MATCHING
REQ-004333,PT-888338,Cardiac,High,67,18.630836,73.829991,TRUE,FALSE,FALSE,FALSE,TRUE,FALSE,FALSE,FALSE,FALSE,Cardiologist,1,AMB-032,2026-09-27 08:28:12,COMPLETED
REQ-004334,PT-264534,Respiratory,Low,54,18.556057,73.908964,FALSE,FALSE,TRUE,FALSE,FALSE,FALSE,FALSE,FALSE,FALSE,,1,,2026-09-27 08:42:54,MATCHING
REQ-004335,PT-649183,Respiratory,Moderate,37,18.514784,73.917635,TRUE,TRUE,TRUE,FALSE,FALSE,FALSE,FALSE,FALSE,FALSE,Pulmonologist,1,,2026-09-27 08:44:20,CREATED
REQ-004336,PT-391182,Other,High,52,18.643365,73.799201,FALSE,FALSE,TRUE,FALSE,FALSE,FALSE,TRUE,FALSE,TRUE,General Surgeon,1,AMB-049,2026-09-27 08:51:45,COMPLETED
REQ-004337,PT-468574,Respiratory,Moderate,56,18.575255,73.723627,TRUE,TRUE,TRUE,FALSE,FALSE,FALSE,FALSE,FALSE,FALSE,Pulmonologist,1,,2026-09-27 09:06:03,MATCHING
REQ-004338,PT-742798,Road Accident,High,22,18.5051,73.938885,FALSE,FALSE,TRUE,FALSE,FALSE,FALSE,FALSE,TRUE,FALSE,Trauma Surgeon,1,,2026-09-27 09:07:49,MATCHING
REQ-004339,PT-275165,Other,Moderate,41,18.590604,73.729582,FALSE,FALSE,FALSE,FALSE,TRUE,FALSE,FALSE,FALSE,FALSE,,1,AMB-075,2026-09-27 09:30:53,COMPLETED
REQ-004340,PT-302554,Respiratory,High,68,18.463413,73.889942,TRUE,TRUE,FALSE,FALSE,FALSE,FALSE,FALSE,FALSE,FALSE,Pulmonologist,1,AMB-053,2026-09-27 09:31:18,COMPLETED
REQ-004341,PT-500001,Road Accident,Critical,26,18.740688,73.690502,TRUE,TRUE,TRUE,TRUE,FALSE,TRUE,TRUE,TRUE,FALSE,Neurologist,1,AMB-093,2026-09-27 09:42:35,COMPLETED
REQ-004342,PT-872633,Burn,Critical,31,18.491607,73.773667,TRUE,FALSE,FALSE,TRUE,FALSE,FALSE,FALSE,TRUE,FALSE,General Surgeon,1,,2026-09-27 09:46:04,CREATED
REQ-004343,PT-158198,Cardiac,Moderate,70,18.537312,73.829876,FALSE,FALSE,FALSE,FALSE,TRUE,FALSE,FALSE,FALSE,FALSE,,1,,2026-09-27 09:48:19,CREATED
REQ-004344,PT-220281,Other,High,50,18.45827,73.921829,FALSE,FALSE,TRUE,FALSE,FALSE,FALSE,FALSE,FALSE,FALSE,General Surgeon,1,,2026-09-27 10:03:41,CREATED
REQ-004345,PT-268005,Road Accident,Moderate,34,18.523126,73.69641,FALSE,FALSE,FALSE,TRUE,FALSE,FALSE,FALSE,FALSE,FALSE,Trauma Surgeon,1,AMB-025,2026-09-27 10:04:04,COMPLETED
REQ-004346,PT-739118,Cardiac,Critical,71,18.545847,73.889809,TRUE,FALSE,FALSE,FALSE,TRUE,FALSE,FALSE,FALSE,TRUE,Cardiologist,1,,2026-09-27 10:09:10,CREATED
REQ-004347,PT-962197,Stroke,Critical,71,18.497303,73.870929,FALSE,FALSE,FALSE,FALSE,FALSE,TRUE,FALSE,FALSE,FALSE,Neurologist,1,AMB-003,2026-09-27 10:10:33,COMPLETED
REQ-004348,PT-890630,Stroke,Low,70,18.590675,73.761613,FALSE,FALSE,TRUE,FALSE,FALSE,TRUE,FALSE,FALSE,FALSE,,1,,2026-09-27 10:11:12,CREATED
REQ-004349,PT-495807,Stroke,High,50,18.502437,73.823033,FALSE,FALSE,TRUE,FALSE,FALSE,FALSE,FALSE,FALSE,FALSE,Neurologist,1,AMB-052,2026-09-27 10:14:16,COMPLETED
REQ-004350,PT-153077,Road Accident,Moderate,11,18.63336,73.870954,TRUE,TRUE,TRUE,TRUE,FALSE,FALSE,FALSE,FALSE,FALSE,,1,,2026-09-27 10:24:27,CREATED
REQ-004351,PT-140744,Road Accident,Critical,50,18.526417,73.85128,TRUE,TRUE,TRUE,TRUE,FALSE,FALSE,TRUE,TRUE,TRUE,Trauma Surgeon,1,,2026-09-27 10:32:34,MATCHING
REQ-004352,PT-558099,Cardiac,High,69,18.513699,73.913447,TRUE,FALSE,TRUE,FALSE,TRUE,FALSE,FALSE,FALSE,FALSE,Cardiologist,1,,2026-09-27 10:35:29,CREATED
REQ-004353,PT-229369,Respiratory,High,57,18.550947,73.904212,FALSE,FALSE,TRUE,FALSE,FALSE,FALSE,FALSE,FALSE,FALSE,Pulmonologist,1,,2026-09-27 10:50:42,MATCHING
REQ-004354,PT-917604,Road Accident,Low,46,18.479056,73.869283,FALSE,FALSE,FALSE,FALSE,FALSE,FALSE,FALSE,FALSE,FALSE,,1,AMB-065,2026-09-27 10:51:07,COMPLETED
REQ-004355,PT-733479,Respiratory,High,13,18.514811,73.927666,TRUE,TRUE,TRUE,FALSE,FALSE,FALSE,FALSE,FALSE,FALSE,Pulmonologist,1,AMB-090,2026-09-27 10:56:00,COMPLETED
REQ-004356,PT-129879,Respiratory,Moderate,4,18.513806,73.921694,FALSE,FALSE,TRUE,FALSE,FALSE,FALSE,FALSE,FALSE,FALSE,,1,,2026-09-27 11:18:49,CREATED
REQ-004357,PT-922185,Other,Moderate,28,18.472822,73.820997,FALSE,FALSE,TRUE,TRUE,FALSE,FALSE,FALSE,FALSE,FALSE,,1,AMB-047,2026-09-27 11:34:06,COMPLETED
REQ-004358,PT-619733,Burn,Critical,16,18.576148,73.745373,TRUE,FALSE,TRUE,TRUE,FALSE,FALSE,TRUE,FALSE,FALSE,General Surgeon,1,AMB-007,2026-09-27 11:36:58,COMPLETED
REQ-004359,PT-185764,Road Accident,Moderate,25,18.672919,73.781391,FALSE,FALSE,FALSE,TRUE,FALSE,FALSE,TRUE,FALSE,FALSE,Trauma Surgeon,1,,2026-09-27 11:39:05,MATCHING
REQ-004360,PT-399559,Cardiac,High,45,18.580577,73.980788,FALSE,FALSE,TRUE,FALSE,FALSE,FALSE,FALSE,FALSE,FALSE,,1,,2026-09-27 11:45:15,CREATED
REQ-004361,PT-520479,Road Accident,Moderate,44,18.490511,73.680492,FALSE,FALSE,FALSE,TRUE,FALSE,FALSE,FALSE,TRUE,FALSE,,1,AMB-070,2026-09-27 12:03:29,COMPLETED
REQ-004362,PT-726021,Burn,Critical,8,18.552125,73.855656,TRUE,FALSE,FALSE,TRUE,FALSE,FALSE,TRUE,FALSE,FALSE,General Surgeon,1,,2026-09-27 12:03:46,CREATED
REQ-004363,PT-510468,Other,High,24,18.521774,73.854977,TRUE,FALSE,FALSE,FALSE,FALSE,FALSE,FALSE,TRUE,FALSE,,1,,2026-09-27 12:05:55,CREATED
REQ-004364,PT-105310,Cardiac,Critical,76,18.654415,73.765579,TRUE,TRUE,FALSE,FALSE,TRUE,TRUE,TRUE,FALSE,FALSE,Cardiologist,1,,2026-09-27 12:31:19,CREATED
REQ-004365,PT-182604,Respiratory,High,83,18.516125,73.840566,FALSE,FALSE,TRUE,FALSE,FALSE,FALSE,FALSE,FALSE,TRUE,Pulmonologist,1,,2026-09-27 12:34:41,CREATED
REQ-004366,PT-792591,Stroke,High,49,18.499348,73.800298,TRUE,FALSE,FALSE,FALSE,FALSE,TRUE,FALSE,FALSE,FALSE,,1,,2026-09-27 12:35:54,CREATED
REQ-004367,PT-911076,Burn,Moderate,40,18.762719,73.876234,FALSE,FALSE,TRUE,TRUE,FALSE,FALSE,FALSE,FALSE,FALSE,,1,,2026-09-27 12:36:11,CREATED
REQ-004368,PT-111750,Cardiac,High,51,18.514789,73.914647,TRUE,FALSE,TRUE,FALSE,TRUE,TRUE,FALSE,FALSE,FALSE,Cardiologist,1,,2026-09-27 13:04:56,CREATED
REQ-004369,PT-759116,Road Accident,High,27,18.52184,73.930733,FALSE,FALSE,FALSE,TRUE,FALSE,FALSE,TRUE,TRUE,FALSE,Trauma Surgeon,1,,2026-09-27 13:23:46,CREATED
REQ-004370,PT-229671,Cardiac,High,48,18.485591,73.869526,TRUE,TRUE,FALSE,FALSE,TRUE,FALSE,FALSE,TRUE,FALSE,Cardiologist,1,,2026-09-27 13:34:27,MATCHING
REQ-004371,PT-243352,Respiratory,Moderate,92,18.649993,73.756329,TRUE,FALSE,FALSE,FALSE,FALSE,FALSE,FALSE,FALSE,FALSE,,1,,2026-09-27 13:37:38,MATCHING
REQ-004372,PT-762160,Respiratory,Moderate,70,18.618491,73.793509,TRUE,FALSE,TRUE,FALSE,FALSE,FALSE,FALSE,FALSE,FALSE,Pulmonologist,1,,2026-09-27 13:44:05,MATCHING
REQ-004373,PT-601532,Other,Moderate,32,18.583543,73.979711,TRUE,FALSE,FALSE,FALSE,FALSE,FALSE,FALSE,FALSE,FALSE,General Surgeon,1,,2026-09-27 13:47:05,CREATED
REQ-004374,PT-385706,Road Accident,Moderate,29,18.509442,73.677651,TRUE,TRUE,FALSE,TRUE,FALSE,FALSE,FALSE,FALSE,FALSE,,1,AMB-070,2026-09-27 14:03:35,COMPLETED
REQ-004375,PT-944581,Burn,Critical,19,18.508793,73.925424,TRUE,TRUE,TRUE,TRUE,FALSE,FALSE,TRUE,FALSE,FALSE,,1,,2026-09-27 14:08:55,CREATED
REQ-004376,PT-271857,Road Accident,Moderate,32,18.747064,73.85426,FALSE,TRUE,FALSE,TRUE,FALSE,FALSE,FALSE,FALSE,FALSE,,1,,2026-09-27 14:17:35,CREATED
REQ-004377,PT-838564,Respiratory,High,91,18.606095,73.739439,TRUE,FALSE,TRUE,FALSE,FALSE,FALSE,FALSE,FALSE,FALSE,Pulmonologist,1,,2026-09-27 14:22:20,CREATED
REQ-004378,PT-417609,Road Accident,Moderate,42,18.467925,73.905353,TRUE,FALSE,FALSE,FALSE,FALSE,FALSE,FALSE,FALSE,FALSE,,1,AMB-085,2026-09-27 14:28:41,COMPLETED
REQ-004379,PT-673901,Other,Low,66,18.633408,73.794822,FALSE,FALSE,FALSE,FALSE,FALSE,FALSE,FALSE,FALSE,FALSE,,1,AMB-012,2026-09-27 14:41:52,COMPLETED
REQ-004380,PT-279279,Stroke,Moderate,59,18.532672,73.886748,FALSE,FALSE,FALSE,FALSE,FALSE,TRUE,FALSE,FALSE,FALSE,,1,AMB-088,2026-09-27 14:45:30,COMPLETED
REQ-004381,PT-200860,Respiratory,Critical,54,18.596392,73.735225,TRUE,FALSE,TRUE,FALSE,TRUE,FALSE,FALSE,FALSE,FALSE,Pulmonologist,1,,2026-09-27 14:58:13,CREATED
REQ-004382,PT-543770,Other,High,66,18.554818,73.792454,FALSE,FALSE,FALSE,FALSE,TRUE,FALSE,FALSE,TRUE,FALSE,Pulmonologist,1,,2026-09-27 15:05:14,CREATED
REQ-004383,PT-236375,Other,Low,49,18.750604,73.868948,FALSE,FALSE,FALSE,FALSE,FALSE,FALSE,FALSE,FALSE,FALSE,,1,,2026-09-27 15:25:08,MATCHING
REQ-004384,PT-903102,Road Accident,Low,39,18.624202,73.761907,FALSE,FALSE,FALSE,FALSE,FALSE,FALSE,FALSE,FALSE,FALSE,,1,,2026-09-27 15:25:29,CREATED
REQ-004385,PT-952478,Cardiac,Moderate,45,18.588939,73.769134,FALSE,FALSE,FALSE,TRUE,TRUE,FALSE,FALSE,FALSE,FALSE,Cardiologist,1,,2026-09-27 15:33:06,CREATED
REQ-004386,PT-942651,Road Accident,Critical,25,18.588783,73.965694,TRUE,TRUE,FALSE,TRUE,FALSE,TRUE,TRUE,TRUE,FALSE,Neurologist,1,AMB-043,2026-09-27 15:41:31,COMPLETED
REQ-004387,PT-540400,Cardiac,Critical,58,18.593158,73.729823,TRUE,FALSE,TRUE,FALSE,TRUE,TRUE,FALSE,TRUE,FALSE,Cardiologist,1,,2026-09-27 15:45:52,CREATED
REQ-004388,PT-890416,Stroke,Moderate,56,18.616612,73.764788,FALSE,FALSE,FALSE,FALSE,FALSE,TRUE,FALSE,FALSE,FALSE,,1,,2026-09-27 15:52:53,CREATED
REQ-004389,PT-285651,Road Accident,Moderate,66,18.635423,73.786571,FALSE,FALSE,FALSE,FALSE,FALSE,FALSE,TRUE,FALSE,FALSE,,1,AMB-012,2026-09-27 15:58:36,COMPLETED
REQ-004390,PT-522830,Stroke,High,63,18.552708,73.847748,FALSE,FALSE,FALSE,FALSE,TRUE,TRUE,FALSE,FALSE,FALSE,Neurologist,1,,2026-09-27 16:14:48,MATCHING
REQ-004391,PT-412412,Road Accident,Moderate,27,18.736334,73.669831,FALSE,FALSE,FALSE,TRUE,FALSE,FALSE,TRUE,FALSE,FALSE,Trauma Surgeon,1,,2026-09-27 16:15:26,MATCHING
REQ-004392,PT-532285,Road Accident,Moderate,17,18.659865,73.784111,FALSE,FALSE,FALSE,FALSE,FALSE,FALSE,FALSE,TRUE,FALSE,,1,,2026-09-27 16:17:16,CREATED
REQ-004393,PT-934804,Road Accident,Critical,34,18.595074,73.991814,TRUE,TRUE,FALSE,TRUE,FALSE,TRUE,TRUE,TRUE,FALSE,,1,AMB-019,2026-09-27 16:17:27,COMPLETED
REQ-004394,PT-687419,Burn,Low,26,18.55258,73.978723,FALSE,FALSE,FALSE,TRUE,FALSE,FALSE,TRUE,FALSE,FALSE,General Surgeon,1,AMB-059,2026-09-27 16:17:34,COMPLETED
REQ-004395,PT-146291,Respiratory,Low,13,18.486119,73.891832,FALSE,FALSE,FALSE,FALSE,FALSE,FALSE,FALSE,FALSE,FALSE,,1,AMB-067,2026-09-27 16:24:22,COMPLETED
REQ-004396,PT-306580,Cardiac,Critical,61,18.476169,73.827036,FALSE,FALSE,TRUE,FALSE,TRUE,FALSE,FALSE,FALSE,FALSE,,1,,2026-09-27 16:25:34,CREATED
REQ-004397,PT-837550,Cardiac,Critical,62,18.518959,73.676957,TRUE,FALSE,TRUE,FALSE,TRUE,FALSE,FALSE,TRUE,FALSE,Cardiologist,1,AMB-025,2026-09-27 16:25:49,COMPLETED
REQ-004398,PT-429671,Road Accident,Low,40,18.496658,73.822415,FALSE,FALSE,TRUE,FALSE,FALSE,FALSE,FALSE,FALSE,FALSE,,1,,2026-09-27 16:47:07,MATCHING
REQ-004399,PT-626403,Road Accident,Critical,44,18.524074,73.931699,TRUE,TRUE,TRUE,TRUE,FALSE,FALSE,TRUE,TRUE,FALSE,,1,,2026-09-27 17:00:38,MATCHING
REQ-004400,PT-805115,Respiratory,High,7,18.625979,73.786919,TRUE,FALSE,TRUE,FALSE,FALSE,FALSE,FALSE,FALSE,FALSE,,1,,2026-09-27 17:06:24,MATCHING
REQ-004401,PT-408756,Other,High,18,18.55163,73.938652,TRUE,FALSE,FALSE,FALSE,FALSE,FALSE,TRUE,FALSE,TRUE,General Surgeon,1,,2026-09-27 17:06:35,CREATED
REQ-004402,PT-293991,Burn,Critical,34,18.460175,73.900639,TRUE,TRUE,TRUE,TRUE,FALSE,TRUE,TRUE,TRUE,TRUE,Neurologist,1,AMB-085,2026-09-27 17:10:51,COMPLETED
REQ-004403,PT-902295,Stroke,Critical,53,18.548178,73.943883,TRUE,FALSE,FALSE,FALSE,FALSE,TRUE,FALSE,FALSE,FALSE,Neurologist,1,,2026-09-27 17:16:38,CREATED
REQ-004404,PT-217041,Respiratory,Moderate,2,18.556412,73.934913,TRUE,TRUE,TRUE,FALSE,FALSE,FALSE,FALSE,FALSE,FALSE,,1,AMB-054,2026-09-27 17:35:50,COMPLETED
REQ-004405,PT-225399,Cardiac,Moderate,76,18.525163,73.90801,FALSE,FALSE,FALSE,FALSE,FALSE,FALSE,FALSE,FALSE,FALSE,,1,,2026-09-27 18:01:50,MATCHING
REQ-004406,PT-513570,Road Accident,Low,44,18.488454,73.914822,FALSE,FALSE,FALSE,TRUE,FALSE,TRUE,FALSE,FALSE,FALSE,,1,AMB-099,2026-09-27 18:03:42,COMPLETED
REQ-004407,PT-760843,Road Accident,High,22,18.747729,73.876339,FALSE,FALSE,FALSE,FALSE,FALSE,TRUE,TRUE,TRUE,FALSE,,1,,2026-09-27 18:22:31,CREATED
REQ-004408,PT-973054,Cardiac,Critical,69,18.58874,73.98475,TRUE,FALSE,FALSE,FALSE,TRUE,FALSE,FALSE,FALSE,FALSE,,1,AMB-043,2026-09-27 18:30:49,COMPLETED
REQ-004409,PT-107267,Cardiac,Critical,73,18.444975,73.924107,TRUE,FALSE,FALSE,FALSE,TRUE,FALSE,FALSE,FALSE,FALSE,,1,,2026-09-27 18:35:16,CREATED
REQ-004410,PT-438730,Road Accident,Moderate,68,18.517703,73.690972,FALSE,FALSE,FALSE,TRUE,FALSE,FALSE,FALSE,FALSE,FALSE,Trauma Surgeon,1,,2026-09-27 18:37:08,CREATED
REQ-004411,PT-743785,Road Accident,Low,29,18.571681,73.73701,FALSE,FALSE,FALSE,TRUE,FALSE,FALSE,FALSE,TRUE,FALSE,,1,AMB-002,2026-09-27 18:37:13,COMPLETED
REQ-004412,PT-686365,Respiratory,Low,3,18.645387,73.818791,FALSE,FALSE,TRUE,FALSE,FALSE,FALSE,FALSE,FALSE,FALSE,,1,AMB-049,2026-09-27 18:39:30,COMPLETED
REQ-004413,PT-101238,Burn,High,43,18.531978,73.757855,TRUE,FALSE,FALSE,TRUE,FALSE,FALSE,FALSE,TRUE,FALSE,General Surgeon,1,,2026-09-27 18:40:47,MATCHING
REQ-004414,PT-502373,Respiratory,Low,68,18.552738,73.79745,FALSE,FALSE,TRUE,FALSE,FALSE,FALSE,FALSE,FALSE,FALSE,,1,,2026-09-27 18:47:03,MATCHING
REQ-004415,PT-386799,Respiratory,Critical,65,18.606623,73.770227,TRUE,TRUE,TRUE,FALSE,FALSE,FALSE,FALSE,FALSE,FALSE,Pulmonologist,1,,2026-09-27 18:48:12,MATCHING
REQ-004416,PT-122402,Road Accident,Low,33,18.46418,73.842655,FALSE,FALSE,FALSE,FALSE,FALSE,FALSE,FALSE,FALSE,FALSE,General Surgeon,1,,2026-09-27 19:09:12,MATCHING
REQ-004417,PT-105486,Cardiac,High,71,18.740764,73.847438,FALSE,FALSE,FALSE,FALSE,TRUE,FALSE,FALSE,FALSE,FALSE,Cardiologist,1,,2026-09-27 19:10:44,MATCHING
REQ-004418,PT-515409,Cardiac,Moderate,73,18.583712,73.719053,TRUE,FALSE,FALSE,FALSE,TRUE,FALSE,FALSE,FALSE,FALSE,,1,AMB-075,2026-09-27 19:13:34,COMPLETED
REQ-004419,PT-378140,Respiratory,High,57,18.502554,73.904113,FALSE,FALSE,TRUE,FALSE,FALSE,FALSE,FALSE,TRUE,FALSE,Pulmonologist,1,,2026-09-27 19:17:20,MATCHING
REQ-004420,PT-691460,Cardiac,Critical,42,18.656187,73.780905,TRUE,TRUE,TRUE,FALSE,TRUE,FALSE,FALSE,TRUE,TRUE,Cardiologist,1,,2026-09-27 19:17:34,CREATED
REQ-004421,PT-489060,Road Accident,High,52,18.49237,73.857404,TRUE,FALSE,FALSE,TRUE,FALSE,FALSE,TRUE,TRUE,FALSE,Trauma Surgeon,1,,2026-09-27 19:31:19,MATCHING
REQ-004422,PT-441025,Road Accident,Low,50,18.578725,73.746919,FALSE,FALSE,FALSE,TRUE,FALSE,FALSE,FALSE,FALSE,FALSE,,1,,2026-09-27 19:33:18,CREATED
REQ-004423,PT-296716,Stroke,Moderate,46,18.604535,73.727378,TRUE,FALSE,FALSE,FALSE,FALSE,TRUE,FALSE,FALSE,FALSE,,1,AMB-028,2026-09-27 19:41:53,COMPLETED
REQ-004424,PT-177543,Other,High,14,18.465617,73.832089,FALSE,FALSE,FALSE,FALSE,FALSE,FALSE,FALSE,FALSE,FALSE,,1,,2026-09-27 19:45:54,CREATED
REQ-004425,PT-891301,Road Accident,High,30,18.461769,73.869087,FALSE,FALSE,FALSE,TRUE,FALSE,FALSE,TRUE,TRUE,FALSE,Trauma Surgeon,1,,2026-09-27 20:01:44,CREATED
REQ-004426,PT-987402,Cardiac,Moderate,67,18.625711,73.794833,FALSE,FALSE,FALSE,FALSE,TRUE,FALSE,FALSE,FALSE,FALSE,,1,,2026-09-27 20:14:32,MATCHING
REQ-004427,PT-356132,Cardiac,High,46,18.529623,73.919718,TRUE,TRUE,FALSE,FALSE,TRUE,FALSE,FALSE,FALSE,FALSE,Cardiologist,1,AMB-080,2026-09-27 20:18:04,COMPLETED
REQ-004428,PT-992602,Road Accident,Critical,33,18.43178,73.873245,TRUE,FALSE,FALSE,TRUE,FALSE,TRUE,TRUE,TRUE,FALSE,General Surgeon,1,AMB-072,2026-09-27 20:37:00,COMPLETED
REQ-004429,PT-594326,Other,Low,63,18.511324,73.915396,FALSE,FALSE,FALSE,FALSE,FALSE,FALSE,FALSE,FALSE,FALSE,,1,,2026-09-27 20:39:53,CREATED
REQ-004430,PT-340293,Burn,High,31,18.522257,73.733197,TRUE,TRUE,FALSE,FALSE,FALSE,FALSE,FALSE,TRUE,FALSE,General Surgeon,1,,2026-09-27 20:43:52,MATCHING
REQ-004431,PT-999115,Cardiac,Moderate,59,18.597674,73.755714,FALSE,FALSE,FALSE,FALSE,TRUE,FALSE,FALSE,FALSE,FALSE,,1,AMB-084,2026-09-27 21:03:46,COMPLETED
REQ-004432,PT-667406,Road Accident,Moderate,19,18.518381,73.913082,FALSE,FALSE,FALSE,FALSE,FALSE,FALSE,FALSE,FALSE,FALSE,,1,,2026-09-27 21:06:51,CREATED
REQ-004433,PT-856597,Respiratory,High,56,18.509741,73.912689,FALSE,FALSE,TRUE,FALSE,FALSE,FALSE,FALSE,FALSE,FALSE,Pulmonologist,1,,2026-09-27 21:19:16,CREATED
REQ-004434,PT-539785,Cardiac,High,51,18.514711,73.800847,TRUE,FALSE,FALSE,FALSE,TRUE,TRUE,FALSE,FALSE,FALSE,Cardiologist,1,,2026-09-27 21:20:18,CREATED
REQ-004435,PT-787991,Stroke,Critical,59,18.657523,73.755846,TRUE,FALSE,FALSE,FALSE,FALSE,TRUE,FALSE,FALSE,FALSE,Neurologist,1,,2026-09-27 21:24:34,CREATED
REQ-004436,PT-210929,Cardiac,Critical,60,18.531835,73.833333,TRUE,FALSE,TRUE,FALSE,TRUE,FALSE,FALSE,TRUE,FALSE,Cardiologist,1,,2026-09-27 21:33:46,MATCHING
REQ-004437,PT-186260,Stroke,High,63,18.51784,73.909529,TRUE,FALSE,FALSE,FALSE,FALSE,TRUE,FALSE,FALSE,FALSE,Neurologist,1,AMB-090,2026-09-27 22:02:39,COMPLETED
REQ-004438,PT-582260,Cardiac,High,69,18.635953,73.80581,TRUE,FALSE,FALSE,FALSE,TRUE,FALSE,FALSE,FALSE,FALSE,Cardiologist,1,AMB-049,2026-09-27 22:03:14,COMPLETED
REQ-004439,PT-398294,Road Accident,Critical,14,18.758526,73.704628,TRUE,FALSE,TRUE,TRUE,FALSE,TRUE,TRUE,TRUE,FALSE,,2,AMB-093,2026-09-27 22:18:47,COMPLETED
REQ-004440,PT-306576,Burn,High,44,18.517535,73.919526,TRUE,TRUE,FALSE,TRUE,FALSE,FALSE,FALSE,FALSE,FALSE,,1,,2026-09-27 22:39:07,CREATED
REQ-004441,PT-175132,Cardiac,Moderate,51,18.46733,73.88871,FALSE,FALSE,FALSE,FALSE,TRUE,FALSE,FALSE,FALSE,FALSE,Cardiologist,1,,2026-09-27 22:46:59,MATCHING
REQ-004442,PT-168517,Road Accident,Critical,30,18.498311,73.898801,TRUE,TRUE,TRUE,TRUE,FALSE,FALSE,TRUE,TRUE,FALSE,Trauma Surgeon,1,,2026-09-27 22:53:31,MATCHING
REQ-004443,PT-853185,Cardiac,High,61,18.659435,73.788749,TRUE,TRUE,FALSE,FALSE,TRUE,FALSE,FALSE,FALSE,TRUE,Cardiologist,1,AMB-035,2026-09-27 23:34:34,COMPLETED
REQ-004444,PT-217173,Road Accident,Critical,36,18.501835,73.684762,TRUE,TRUE,TRUE,TRUE,FALSE,TRUE,TRUE,TRUE,FALSE,Neurologist,1,AMB-070,2026-09-27 23:56:39,COMPLETED
REQ-004445,PT-230203,Stroke,Critical,69,18.62436,73.796406,TRUE,FALSE,TRUE,FALSE,FALSE,TRUE,FALSE,FALSE,FALSE,Neurologist,1,,2026-09-28 00:18:03,MATCHING
REQ-004446,PT-792901,Road Accident,High,27,18.584368,73.88578,TRUE,FALSE,FALSE,FALSE,FALSE,FALSE,TRUE,FALSE,FALSE,,1,,2026-09-28 00:32:07,CREATED
REQ-004447,PT-463521,Cardiac,Moderate,63,18.564565,73.822817,FALSE,FALSE,FALSE,FALSE,TRUE,FALSE,FALSE,FALSE,FALSE,,1,AMB-005,2026-09-28 00:52:29,COMPLETED
REQ-004448,PT-877107,Road Accident,Low,6,18.549934,73.842228,FALSE,FALSE,FALSE,FALSE,FALSE,FALSE,FALSE,FALSE,FALSE,Trauma Surgeon,1,AMB-021,2026-09-28 00:59:11,COMPLETED
REQ-004449,PT-830828,Cardiac,Moderate,46,18.539414,73.761543,FALSE,FALSE,TRUE,FALSE,TRUE,FALSE,FALSE,FALSE,FALSE,,1,AMB-062,2026-09-28 01:17:56,COMPLETED
REQ-004450,PT-947482,Cardiac,Low,57,18.529159,73.856018,FALSE,FALSE,FALSE,FALSE,TRUE,FALSE,FALSE,FALSE,FALSE,,1,,2026-09-28 01:24:13,CREATED
REQ-004451,PT-829911,Respiratory,High,44,18.481754,73.803084,TRUE,TRUE,TRUE,FALSE,FALSE,FALSE,FALSE,FALSE,FALSE,,1,,2026-09-28 01:24:38,CREATED
REQ-004452,PT-348878,Stroke,Moderate,59,18.54767,73.844863,FALSE,FALSE,FALSE,FALSE,FALSE,TRUE,FALSE,FALSE,FALSE,Neurologist,1,,2026-09-28 01:41:22,CREATED
REQ-004453,PT-514659,Respiratory,Critical,12,18.570937,73.801458,TRUE,TRUE,TRUE,FALSE,FALSE,FALSE,FALSE,FALSE,FALSE,Pulmonologist,1,AMB-083,2026-09-28 01:54:17,NO_MATCH
REQ-004454,PT-296897,Respiratory,High,61,18.483788,73.820335,TRUE,TRUE,TRUE,FALSE,FALSE,FALSE,FALSE,FALSE,FALSE,Pulmonologist,1,,2026-09-28 01:55:31,MATCHING
REQ-004455,PT-368432,Road Accident,Moderate,18,18.565426,73.939955,TRUE,FALSE,FALSE,TRUE,FALSE,FALSE,FALSE,TRUE,FALSE,,1,AMB-050,2026-09-28 01:55:59,COMPLETED
REQ-004456,PT-523077,Cardiac,Critical,49,18.570772,73.905875,TRUE,TRUE,TRUE,FALSE,TRUE,FALSE,TRUE,FALSE,FALSE,Cardiologist,1,AMB-018,2026-09-28 03:08:47,COMPLETED
REQ-004457,PT-694782,Cardiac,Critical,83,18.532509,73.845137,TRUE,TRUE,FALSE,FALSE,TRUE,FALSE,FALSE,FALSE,FALSE,,1,AMB-073,2026-09-28 03:31:10,COMPLETED
REQ-004458,PT-350431,Road Accident,Moderate,14,18.445848,73.850884,FALSE,FALSE,TRUE,TRUE,FALSE,FALSE,TRUE,TRUE,FALSE,,1,,2026-09-28 03:43:44,CREATED
REQ-004459,PT-611411,Respiratory,Moderate,44,18.50156,73.676331,FALSE,FALSE,TRUE,FALSE,FALSE,FALSE,FALSE,FALSE,FALSE,,1,AMB-070,2026-09-28 04:08:47,COMPLETED
REQ-004460,PT-217121,Road Accident,Critical,38,18.580226,73.928304,TRUE,TRUE,FALSE,TRUE,FALSE,FALSE,TRUE,FALSE,FALSE,Trauma Surgeon,1,,2026-09-28 05:17:30,MATCHING
REQ-004461,PT-527490,Road Accident,Moderate,48,18.5035,73.798723,FALSE,FALSE,TRUE,TRUE,FALSE,FALSE,FALSE,TRUE,FALSE,Trauma Surgeon,1,AMB-058,2026-09-28 06:01:19,COMPLETED
REQ-004462,PT-559135,Road Accident,Critical,46,18.501595,73.677173,TRUE,TRUE,TRUE,TRUE,FALSE,FALSE,TRUE,FALSE,FALSE,Trauma Surgeon,1,,2026-09-28 06:01:30,MATCHING
REQ-004463,PT-726047,Road Accident,Moderate,20,18.450052,73.861708,FALSE,FALSE,FALSE,TRUE,FALSE,FALSE,FALSE,FALSE,FALSE,,1,,2026-09-28 06:03:07,MATCHING
REQ-004464,PT-162216,Respiratory,Moderate,2,18.516141,73.834793,FALSE,TRUE,TRUE,FALSE,FALSE,FALSE,FALSE,FALSE,FALSE,Pulmonologist,1,AMB-034,2026-09-28 06:04:03,COMPLETED
REQ-004465,PT-267820,Road Accident,Critical,30,18.747588,73.839314,TRUE,TRUE,FALSE,TRUE,FALSE,FALSE,FALSE,TRUE,FALSE,Trauma Surgeon,1,,2026-09-28 06:04:13,MATCHING
REQ-004466,PT-841459,Cardiac,Moderate,65,18.572995,73.962864,TRUE,FALSE,FALSE,FALSE,TRUE,FALSE,FALSE,FALSE,FALSE,Cardiologist,1,AMB-017,2026-09-28 06:04:25,COMPLETED
REQ-004467,PT-448135,Stroke,Moderate,60,18.772718,73.859915,TRUE,TRUE,FALSE,FALSE,TRUE,TRUE,FALSE,FALSE,FALSE,Neurologist,1,,2026-09-28 06:04:33,NO_MATCH
REQ-004468,PT-583164,Other,Low,43,18.53605,73.853242,FALSE,TRUE,FALSE,FALSE,FALSE,FALSE,FALSE,FALSE,FALSE,,1,AMB-021,2026-09-28 06:05:14,COMPLETED
REQ-004469,PT-187571,Burn,Critical,62,18.530072,73.737752,TRUE,TRUE,FALSE,TRUE,FALSE,TRUE,TRUE,TRUE,FALSE,Neurologist,1,AMB-076,2026-09-28 06:05:39,COMPLETED
REQ-004470,PT-914714,Road Accident,Critical,30,18.494186,73.776291,TRUE,TRUE,TRUE,TRUE,FALSE,FALSE,TRUE,TRUE,FALSE,Trauma Surgeon,1,,2026-09-28 06:06:01,CREATED
REQ-004471,PT-686646,Other,Low,8,18.595787,73.763649,FALSE,FALSE,FALSE,FALSE,FALSE,FALSE,FALSE,FALSE,TRUE,,1,AMB-007,2026-09-28 06:07:17,COMPLETED
REQ-004472,PT-255979,Respiratory,Moderate,55,18.651072,73.775021,FALSE,FALSE,TRUE,FALSE,FALSE,FALSE,FALSE,FALSE,FALSE,,1,,2026-09-28 06:08:04,MATCHING
REQ-004473,PT-236614,Other,Moderate,19,18.482726,73.852272,FALSE,FALSE,FALSE,FALSE,FALSE,FALSE,FALSE,FALSE,FALSE,Cardiologist,1,AMB-095,2026-09-28 06:08:25,COMPLETED
REQ-004474,PT-180781,Road Accident,Moderate,16,18.758017,73.848325,TRUE,FALSE,FALSE,TRUE,FALSE,FALSE,FALSE,FALSE,FALSE,Trauma Surgeon,1,,2026-09-28 06:09:10,MATCHING
REQ-004475,PT-824130,Cardiac,Low,61,18.480519,73.893669,FALSE,FALSE,FALSE,TRUE,TRUE,FALSE,FALSE,FALSE,FALSE,,1,,2026-09-28 06:09:37,CREATED
REQ-004476,PT-199294,Road Accident,Critical,6,18.568906,73.79864,TRUE,TRUE,FALSE,TRUE,FALSE,FALSE,FALSE,TRUE,FALSE,Trauma Surgeon,1,,2026-09-28 06:09:43,MATCHING
REQ-004477,PT-307651,Stroke,Moderate,60,18.507329,73.668554,TRUE,FALSE,FALSE,FALSE,FALSE,TRUE,FALSE,FALSE,FALSE,Neurologist,1,,2026-09-28 06:10:10,MATCHING
REQ-004478,PT-783708,Road Accident,Low,16,18.554702,73.890561,FALSE,FALSE,FALSE,FALSE,FALSE,FALSE,FALSE,TRUE,FALSE,Trauma Surgeon,1,AMB-096,2026-09-28 06:10:38,COMPLETED
REQ-004479,PT-704391,Respiratory,High,48,18.459946,73.867056,TRUE,FALSE,TRUE,TRUE,FALSE,FALSE,FALSE,FALSE,FALSE,,1,AMB-081,2026-09-28 06:10:58,COMPLETED
REQ-004480,PT-792626,Cardiac,Low,73,18.560404,73.927583,FALSE,FALSE,FALSE,FALSE,TRUE,FALSE,FALSE,FALSE,FALSE,Cardiologist,1,,2026-09-28 06:12:19,MATCHING
REQ-004481,PT-539459,Cardiac,Low,87,18.521144,73.917333,FALSE,FALSE,FALSE,FALSE,TRUE,FALSE,FALSE,FALSE,FALSE,,1,AMB-090,2026-09-28 06:12:31,COMPLETED
REQ-004482,PT-883110,Stroke,Critical,55,18.524751,73.843404,TRUE,FALSE,TRUE,FALSE,FALSE,TRUE,FALSE,FALSE,FALSE,Neurologist,1,AMB-073,2026-09-28 06:12:57,COMPLETED
REQ-004483,PT-698932,Cardiac,Moderate,57,18.627328,73.801593,FALSE,FALSE,FALSE,FALSE,TRUE,FALSE,FALSE,FALSE,FALSE,Cardiologist,1,,2026-09-28 06:13:02,CREATED
REQ-004484,PT-224218,Other,Moderate,51,18.555811,73.937437,TRUE,FALSE,FALSE,FALSE,FALSE,FALSE,FALSE,FALSE,FALSE,,1,,2026-09-28 06:13:59,CREATED
REQ-004485,PT-607983,Cardiac,Moderate,71,18.459548,73.863398,FALSE,FALSE,TRUE,FALSE,TRUE,FALSE,FALSE,FALSE,FALSE,,1,,2026-09-28 06:14:33,CREATED
REQ-004486,PT-926289,Road Accident,Moderate,47,18.541,73.823743,FALSE,FALSE,FALSE,FALSE,FALSE,FALSE,FALSE,FALSE,FALSE,,1,,2026-09-28 06:14:37,MATCHING
REQ-004487,PT-743245,Road Accident,Critical,26,18.499045,73.673784,TRUE,TRUE,FALSE,TRUE,TRUE,FALSE,TRUE,FALSE,FALSE,Trauma Surgeon,1,,2026-09-28 06:14:38,MATCHING
REQ-004488,PT-604056,Respiratory,Low,59,18.611097,73.811348,FALSE,FALSE,TRUE,FALSE,FALSE,FALSE,FALSE,FALSE,FALSE,,1,AMB-048,2026-09-28 06:15:59,COMPLETED
REQ-004489,PT-107648,Road Accident,High,34,18.577858,73.742734,TRUE,TRUE,FALSE,TRUE,FALSE,FALSE,FALSE,TRUE,FALSE,Trauma Surgeon,1,,2026-09-28 06:16:02,MATCHING
REQ-004490,PT-315838,Road Accident,Critical,42,18.453039,73.872868,TRUE,FALSE,FALSE,TRUE,FALSE,FALSE,TRUE,FALSE,FALSE,Trauma Surgeon,1,,2026-09-28 06:16:24,MATCHING
REQ-004491,PT-665088,Cardiac,Moderate,68,18.566738,73.776177,FALSE,FALSE,TRUE,FALSE,TRUE,FALSE,FALSE,FALSE,FALSE,,1,,2026-09-28 06:17:01,CREATED
REQ-004492,PT-337852,Respiratory,Moderate,10,18.567879,73.784295,FALSE,FALSE,TRUE,FALSE,FALSE,FALSE,FALSE,FALSE,FALSE,,1,,2026-09-28 06:17:21,MATCHING
REQ-004493,PT-407984,Other,High,27,18.507245,73.930666,FALSE,FALSE,FALSE,FALSE,FALSE,FALSE,TRUE,TRUE,FALSE,Cardiologist,1,,2026-09-28 06:17:40,MATCHING
REQ-004494,PT-153051,Other,Moderate,49,18.515345,73.881938,FALSE,FALSE,FALSE,FALSE,FALSE,FALSE,FALSE,FALSE,FALSE,,1,,2026-09-28 06:21:18,MATCHING
REQ-004495,PT-778265,Road Accident,Low,63,18.520492,73.658324,FALSE,FALSE,TRUE,TRUE,FALSE,FALSE,TRUE,TRUE,FALSE,Trauma Surgeon,1,AMB-025,2026-09-28 06:22:22,COMPLETED
REQ-004496,PT-309051,Road Accident,Critical,25,18.535934,73.73764,TRUE,TRUE,FALSE,TRUE,FALSE,TRUE,TRUE,TRUE,FALSE,Neurologist,1,AMB-062,2026-09-28 06:22:55,COMPLETED
REQ-004497,PT-610229,Cardiac,Moderate,74,18.515915,73.829179,TRUE,FALSE,FALSE,FALSE,TRUE,FALSE,FALSE,FALSE,FALSE,Cardiologist,1,AMB-064,2026-09-28 06:25:12,COMPLETED
REQ-004498,PT-424448,Stroke,Critical,68,18.477128,73.799808,TRUE,TRUE,TRUE,FALSE,FALSE,TRUE,FALSE,FALSE,FALSE,Neurologist,1,,2026-09-28 06:25:57,MATCHING
REQ-004499,PT-128094,Cardiac,High,62,18.548764,73.700911,TRUE,FALSE,FALSE,FALSE,TRUE,FALSE,FALSE,TRUE,FALSE,Cardiologist,1,,2026-09-28 06:25:58,CREATED
REQ-004500,PT-563060,Respiratory,High,61,18.588567,73.775811,TRUE,FALSE,FALSE,FALSE,FALSE,FALSE,FALSE,FALSE,FALSE,Pulmonologist,1,,2026-09-28 06:26:02,MATCHING
REQ-004501,PT-183175,Burn,Moderate,64,18.752005,73.865446,FALSE,FALSE,FALSE,TRUE,FALSE,FALSE,FALSE,FALSE,FALSE,,1,,2026-09-28 06:26:19,MATCHING
REQ-004502,PT-525128,Cardiac,Critical,72,18.476237,73.878769,TRUE,TRUE,FALSE,FALSE,TRUE,FALSE,FALSE,TRUE,FALSE,Cardiologist,1,,2026-09-28 06:27:13,MATCHING
REQ-004503,PT-425157,Stroke,High,74,18.479521,73.809334,TRUE,FALSE,TRUE,FALSE,FALSE,TRUE,FALSE,TRUE,FALSE,,1,AMB-092,2026-09-28 06:27:59,COMPLETED
REQ-004504,PT-895168,Road Accident,Moderate,41,18.551945,73.937903,FALSE,FALSE,FALSE,TRUE,FALSE,FALSE,FALSE,FALSE,FALSE,,1,AMB-010,2026-09-28 06:28:04,COMPLETED
REQ-004505,PT-169142,Respiratory,High,61,18.658015,73.787426,TRUE,TRUE,TRUE,FALSE,FALSE,FALSE,FALSE,FALSE,FALSE,Pulmonologist,1,,2026-09-28 06:28:31,CREATED
REQ-004506,PT-350596,Cardiac,Critical,39,18.629676,73.849136,TRUE,FALSE,TRUE,FALSE,FALSE,FALSE,FALSE,TRUE,FALSE,Cardiologist,1,AMB-032,2026-09-28 06:28:52,NO_MATCH
REQ-004507,PT-321957,Stroke,Low,73,18.461198,73.91223,FALSE,FALSE,FALSE,FALSE,FALSE,FALSE,TRUE,FALSE,FALSE,,1,AMB-085,2026-09-28 06:28:53,COMPLETED
REQ-004508,PT-560977,Other,Moderate,15,18.500805,73.853944,FALSE,FALSE,FALSE,FALSE,FALSE,FALSE,FALSE,FALSE,TRUE,Nephrologist,1,AMB-086,2026-09-28 06:29:17,COMPLETED
REQ-004509,PT-254797,Respiratory,Moderate,49,18.478485,73.8468,FALSE,FALSE,TRUE,FALSE,FALSE,FALSE,FALSE,FALSE,FALSE,,1,,2026-09-28 06:29:40,CREATED
REQ-004510,PT-149635,Cardiac,Moderate,36,18.443766,73.874683,TRUE,FALSE,FALSE,FALSE,TRUE,FALSE,FALSE,FALSE,FALSE,Cardiologist,1,,2026-09-28 06:30:12,CREATED
REQ-004511,PT-298759,Respiratory,High,67,18.563719,73.861337,TRUE,TRUE,TRUE,FALSE,FALSE,FALSE,FALSE,TRUE,TRUE,Pulmonologist,1,AMB-061,2026-09-28 06:31:23,COMPLETED
REQ-004512,PT-534609,Cardiac,Low,53,18.646485,73.8076,FALSE,FALSE,FALSE,FALSE,FALSE,FALSE,FALSE,FALSE,FALSE,,1,,2026-09-28 06:31:54,CREATED
REQ-004513,PT-768141,Burn,Low,38,18.471973,73.804921,FALSE,FALSE,FALSE,TRUE,FALSE,FALSE,FALSE,FALSE,FALSE,,2,AMB-037,2026-09-28 06:32:03,COMPLETED
REQ-004514,PT-611431,Road Accident,Moderate,30,18.7527,73.690416,FALSE,FALSE,TRUE,TRUE,FALSE,FALSE,TRUE,FALSE,FALSE,,1,AMB-041,2026-09-28 06:32:40,COMPLETED
REQ-004515,PT-445581,Road Accident,Critical,44,18.448734,73.909445,TRUE,TRUE,FALSE,TRUE,FALSE,TRUE,TRUE,TRUE,FALSE,Neurologist,1,AMB-053,2026-09-28 06:33:45,COMPLETED
REQ-004516,PT-154873,Burn,Moderate,61,18.622744,73.791469,TRUE,TRUE,FALSE,TRUE,FALSE,FALSE,FALSE,TRUE,FALSE,,1,,2026-09-28 06:34:03,MATCHING
REQ-004517,PT-207279,Burn,High,25,18.502578,73.802192,TRUE,FALSE,TRUE,TRUE,FALSE,FALSE,FALSE,TRUE,FALSE,,1,,2026-09-28 06:34:17,CREATED
REQ-004518,PT-647498,Burn,Low,14,18.472239,73.813704,TRUE,FALSE,FALSE,TRUE,FALSE,FALSE,FALSE,FALSE,FALSE,,1,AMB-047,2026-09-28 06:34:21,COMPLETED
REQ-004519,PT-117560,Road Accident,High,49,18.501025,73.802548,TRUE,FALSE,TRUE,TRUE,FALSE,FALSE,FALSE,TRUE,FALSE,,1,AMB-052,2026-09-28 06:34:45,COMPLETED
REQ-004520,PT-135256,Other,Low,31,18.636624,73.801645,TRUE,TRUE,TRUE,FALSE,FALSE,TRUE,FALSE,FALSE,FALSE,,1,AMB-049,2026-09-28 06:34:49,COMPLETED
REQ-004521,PT-227242,Respiratory,Moderate,53,18.541677,73.877827,FALSE,FALSE,FALSE,FALSE,TRUE,FALSE,FALSE,FALSE,FALSE,,1,,2026-09-28 06:35:12,MATCHING
REQ-004522,PT-215284,Respiratory,Moderate,75,18.523028,73.660721,FALSE,FALSE,TRUE,FALSE,FALSE,FALSE,FALSE,FALSE,FALSE,Pulmonologist,1,,2026-09-28 06:35:17,CREATED
REQ-004523,PT-387172,Respiratory,Low,56,18.528462,73.855069,FALSE,FALSE,TRUE,FALSE,FALSE,FALSE,FALSE,FALSE,FALSE,,1,,2026-09-28 06:35:36,CREATED
REQ-004524,PT-277914,Road Accident,High,15,18.491902,73.699296,TRUE,TRUE,TRUE,FALSE,FALSE,FALSE,FALSE,TRUE,FALSE,General Surgeon,1,,2026-09-28 06:35:55,MATCHING
REQ-004525,PT-314538,Respiratory,Moderate,74,18.500174,73.835647,FALSE,FALSE,TRUE,FALSE,FALSE,FALSE,FALSE,FALSE,FALSE,,1,,2026-09-28 06:36:33,MATCHING
REQ-004526,PT-180432,Cardiac,High,52,18.547636,73.838274,TRUE,FALSE,FALSE,FALSE,TRUE,FALSE,FALSE,FALSE,FALSE,Cardiologist,1,,2026-09-28 06:37:15,MATCHING
REQ-004527,PT-235919,Burn,High,88,18.62907,73.778682,FALSE,FALSE,FALSE,TRUE,FALSE,FALSE,FALSE,FALSE,FALSE,General Surgeon,1,,2026-09-28 06:37:34,CREATED
REQ-004528,PT-795978,Cardiac,High,83,18.569668,73.922968,TRUE,FALSE,FALSE,FALSE,TRUE,FALSE,FALSE,FALSE,FALSE,Cardiologist,1,AMB-042,2026-09-28 06:37:45,COMPLETED
REQ-004529,PT-771258,Road Accident,High,34,18.446543,73.867705,FALSE,FALSE,FALSE,TRUE,TRUE,FALSE,TRUE,TRUE,FALSE,General Surgeon,1,AMB-072,2026-09-28 06:38:18,COMPLETED
REQ-004530,PT-504741,Other,Moderate,19,18.564283,73.821622,TRUE,TRUE,FALSE,FALSE,FALSE,FALSE,FALSE,FALSE,FALSE,General Surgeon,1,AMB-026,2026-09-28 06:39:17,COMPLETED
REQ-004531,PT-326239,Other,Moderate,40,18.65704,73.782875,TRUE,TRUE,FALSE,FALSE,FALSE,FALSE,FALSE,TRUE,FALSE,,1,,2026-09-28 06:40:02,CREATED
REQ-004532,PT-486377,Cardiac,High,49,18.661739,73.760406,TRUE,FALSE,FALSE,FALSE,TRUE,FALSE,FALSE,TRUE,FALSE,Cardiologist,1,AMB-006,2026-09-28 06:40:22,NO_MATCH
REQ-004533,PT-361577,Other,Low,37,18.639045,73.829683,FALSE,FALSE,FALSE,FALSE,FALSE,FALSE,FALSE,FALSE,FALSE,,1,,2026-09-28 06:40:52,MATCHING
REQ-004534,PT-646197,Road Accident,Low,21,18.554435,73.935574,FALSE,FALSE,FALSE,TRUE,FALSE,FALSE,FALSE,FALSE,FALSE,,1,,2026-09-28 06:41:43,MATCHING
REQ-004535,PT-945398,Road Accident,High,22,18.498004,73.678403,FALSE,FALSE,FALSE,FALSE,FALSE,FALSE,FALSE,TRUE,FALSE,,1,AMB-070,2026-09-28 06:41:45,COMPLETED
REQ-004536,PT-576891,Road Accident,High,25,18.622026,73.808085,TRUE,FALSE,FALSE,FALSE,FALSE,FALSE,TRUE,FALSE,FALSE,,1,AMB-035,2026-09-28 06:41:51,COMPLETED
REQ-004537,PT-491271,Respiratory,Low,65,18.476584,73.886645,FALSE,FALSE,TRUE,FALSE,FALSE,FALSE,FALSE,FALSE,FALSE,,1,,2026-09-28 06:42:35,MATCHING
REQ-004538,PT-475865,Road Accident,Low,20,18.488077,73.800015,FALSE,FALSE,TRUE,FALSE,FALSE,FALSE,FALSE,FALSE,FALSE,,1,AMB-057,2026-09-28 06:43:36,COMPLETED
REQ-004539,PT-791155,Respiratory,Low,53,18.520575,73.933673,FALSE,FALSE,FALSE,FALSE,FALSE,FALSE,FALSE,FALSE,FALSE,,1,AMB-080,2026-09-28 06:43:37,COMPLETED
REQ-004540,PT-976220,Road Accident,Moderate,37,18.529854,73.832339,TRUE,FALSE,TRUE,TRUE,FALSE,TRUE,TRUE,FALSE,FALSE,Trauma Surgeon,1,,2026-09-28 06:44:24,MATCHING
REQ-004541,PT-823150,Road Accident,Critical,54,18.768333,73.860793,TRUE,FALSE,TRUE,TRUE,FALSE,FALSE,FALSE,TRUE,FALSE,Trauma Surgeon,1,,2026-09-28 06:44:50,MATCHING
REQ-004542,PT-905926,Road Accident,Moderate,38,18.498252,73.927426,FALSE,FALSE,FALSE,FALSE,FALSE,FALSE,FALSE,FALSE,FALSE,,1,,2026-09-28 06:44:53,MATCHING
REQ-004543,PT-615438,Cardiac,High,73,18.563121,73.799017,FALSE,FALSE,FALSE,FALSE,FALSE,FALSE,FALSE,FALSE,FALSE,,1,,2026-09-28 06:46:03,MATCHING
REQ-004544,PT-579472,Respiratory,Moderate,7,18.666172,73.793568,FALSE,FALSE,FALSE,FALSE,FALSE,FALSE,FALSE,FALSE,FALSE,,1,,2026-09-28 06:46:37,MATCHING
REQ-004545,PT-273255,Road Accident,High,13,18.503029,73.79791,FALSE,FALSE,FALSE,TRUE,FALSE,FALSE,FALSE,TRUE,FALSE,Trauma Surgeon,1,,2026-09-28 06:46:37,MATCHING
REQ-004546,PT-296193,Cardiac,Critical,33,18.530471,73.926265,TRUE,FALSE,TRUE,FALSE,TRUE,FALSE,FALSE,TRUE,FALSE,Cardiologist,1,AMB-014,2026-09-28 06:46:38,COMPLETED
REQ-004547,PT-195384,Respiratory,Moderate,88,18.547444,73.943411,FALSE,FALSE,TRUE,FALSE,FALSE,FALSE,FALSE,FALSE,FALSE,,1,AMB-098,2026-09-28 06:46:50,COMPLETED
REQ-004548,PT-986073,Stroke,Critical,55,18.555618,73.807497,TRUE,TRUE,FALSE,FALSE,FALSE,TRUE,FALSE,FALSE,FALSE,Neurologist,1,,2026-09-28 06:48:04,MATCHING
REQ-004549,PT-327678,Respiratory,Low,38,18.452896,73.915079,FALSE,FALSE,TRUE,FALSE,FALSE,FALSE,FALSE,FALSE,FALSE,,1,,2026-09-28 06:48:23,MATCHING
REQ-004550,PT-691354,Road Accident,Critical,14,18.550391,73.742318,TRUE,FALSE,TRUE,TRUE,FALSE,FALSE,TRUE,TRUE,FALSE,Trauma Surgeon,1,,2026-09-28 06:49:37,MATCHING
REQ-004551,PT-870452,Respiratory,Moderate,77,18.44514,73.890183,FALSE,FALSE,TRUE,FALSE,FALSE,FALSE,FALSE,FALSE,FALSE,,1,AMB-071,2026-09-28 06:49:49,COMPLETED
REQ-004552,PT-944969,Road Accident,Moderate,67,18.562999,73.798066,FALSE,FALSE,FALSE,TRUE,FALSE,FALSE,TRUE,FALSE,FALSE,General Surgeon,1,,2026-09-28 06:51:06,CREATED
REQ-004553,PT-374657,Other,Low,45,18.479819,73.890285,FALSE,FALSE,FALSE,FALSE,FALSE,FALSE,FALSE,FALSE,FALSE,,1,AMB-067,2026-09-28 06:51:21,COMPLETED
REQ-004554,PT-753182,Cardiac,High,91,18.487886,73.816195,FALSE,FALSE,TRUE,FALSE,TRUE,FALSE,FALSE,FALSE,FALSE,Cardiologist,1,AMB-055,2026-09-28 06:52:45,COMPLETED
REQ-004555,PT-519827,Stroke,Moderate,49,18.618326,73.814508,FALSE,FALSE,FALSE,FALSE,FALSE,TRUE,FALSE,FALSE,FALSE,Neurologist,1,,2026-09-28 06:54:43,CREATED
REQ-004556,PT-875415,Road Accident,Critical,29,18.565293,73.9252,TRUE,FALSE,TRUE,TRUE,FALSE,TRUE,TRUE,TRUE,FALSE,Trauma Surgeon,1,,2026-09-28 06:57:04,CREATED
REQ-004557,PT-358466,Respiratory,Moderate,8,18.753129,73.677772,TRUE,FALSE,TRUE,FALSE,FALSE,FALSE,FALSE,FALSE,FALSE,,1,,2026-09-28 06:57:18,MATCHING
REQ-004558,PT-593674,Cardiac,Critical,63,18.569354,73.744658,TRUE,FALSE,FALSE,FALSE,TRUE,TRUE,FALSE,FALSE,FALSE,Cardiologist,1,,2026-09-28 06:59:29,CREATED
REQ-004559,PT-491689,Road Accident,Critical,41,18.586734,73.905441,TRUE,FALSE,TRUE,TRUE,TRUE,FALSE,FALSE,TRUE,FALSE,Trauma Surgeon,1,,2026-09-28 07:00:07,MATCHING
REQ-004560,PT-150814,Stroke,Critical,58,18.566401,73.784292,TRUE,FALSE,FALSE,FALSE,FALSE,TRUE,FALSE,TRUE,FALSE,,1,,2026-09-28 07:00:25,MATCHING
REQ-004561,PT-878618,Cardiac,High,52,18.599798,73.77568,TRUE,TRUE,FALSE,FALSE,TRUE,FALSE,TRUE,FALSE,FALSE,,1,AMB-044,2026-09-28 07:00:29,COMPLETED
REQ-004562,PT-628316,Road Accident,High,26,18.6214,73.794331,TRUE,TRUE,TRUE,TRUE,FALSE,FALSE,TRUE,FALSE,FALSE,Trauma Surgeon,1,,2026-09-28 07:00:29,MATCHING
REQ-004563,PT-280024,Burn,Low,24,18.537441,73.868945,TRUE,FALSE,FALSE,TRUE,FALSE,FALSE,TRUE,FALSE,FALSE,,1,AMB-068,2026-09-28 07:01:57,COMPLETED
REQ-004564,PT-498046,Cardiac,Moderate,62,18.515599,73.832807,TRUE,FALSE,FALSE,FALSE,FALSE,FALSE,FALSE,FALSE,FALSE,,1,AMB-034,2026-09-28 07:02:09,COMPLETED
REQ-004565,PT-760913,Burn,High,19,18.522699,73.852265,FALSE,FALSE,TRUE,TRUE,FALSE,FALSE,FALSE,TRUE,TRUE,General Surgeon,1,,2026-09-28 07:03:03,CREATED
REQ-004566,PT-381660,Cardiac,Low,70,18.658815,73.787942,FALSE,FALSE,FALSE,FALSE,TRUE,FALSE,FALSE,FALSE,FALSE,,1,,2026-09-28 07:04:00,MATCHING
REQ-004567,PT-718350,Other,Moderate,78,18.468764,73.874006,FALSE,FALSE,FALSE,FALSE,FALSE,FALSE,FALSE,FALSE,TRUE,Nephrologist,1,AMB-065,2026-09-28 07:05:07,COMPLETED
REQ-004568,PT-992014,Cardiac,High,66,18.58885,73.942961,TRUE,FALSE,FALSE,FALSE,TRUE,FALSE,FALSE,FALSE,TRUE,Cardiologist,1,,2026-09-28 07:07:15,CREATED
REQ-004569,PT-500878,Respiratory,Moderate,54,18.602222,73.771677,FALSE,FALSE,TRUE,FALSE,FALSE,FALSE,FALSE,FALSE,TRUE,,1,,2026-09-28 07:08:11,MATCHING
REQ-004570,PT-451203,Road Accident,High,20,18.539614,73.830807,FALSE,FALSE,TRUE,TRUE,FALSE,FALSE,FALSE,FALSE,FALSE,General Surgeon,1,,2026-09-28 07:08:36,CREATED
REQ-004571,PT-815122,Cardiac,High,68,18.468016,73.874208,TRUE,FALSE,FALSE,FALSE,TRUE,FALSE,FALSE,FALSE,FALSE,Cardiologist,1,AMB-100,2026-09-28 07:08:50,COMPLETED
REQ-004572,PT-160655,Road Accident,Low,41,18.747935,73.66525,FALSE,FALSE,FALSE,FALSE,FALSE,TRUE,FALSE,FALSE,FALSE,,1,,2026-09-28 07:08:57,CREATED
REQ-004573,PT-467916,Stroke,Low,50,18.768613,73.868826,FALSE,FALSE,FALSE,FALSE,FALSE,TRUE,FALSE,FALSE,FALSE,,1,AMB-022,2026-09-28 07:09:18,COMPLETED
REQ-004574,PT-328280,Cardiac,Moderate,77,18.552634,73.737988,FALSE,FALSE,FALSE,FALSE,TRUE,FALSE,FALSE,FALSE,FALSE,Cardiologist,1,,2026-09-28 07:09:56,MATCHING
REQ-004575,PT-784035,Other,Low,44,18.74024,73.680266,FALSE,FALSE,FALSE,FALSE,FALSE,FALSE,TRUE,FALSE,FALSE,,1,,2026-09-28 07:09:58,CREATED
REQ-004576,PT-985287,Cardiac,Critical,78,18.610478,73.74766,TRUE,FALSE,TRUE,TRUE,TRUE,FALSE,FALSE,TRUE,FALSE,Cardiologist,1,AMB-007,2026-09-28 07:10:10,COMPLETED
REQ-004577,PT-738349,Burn,Critical,21,18.495607,73.700472,TRUE,TRUE,FALSE,TRUE,FALSE,TRUE,TRUE,TRUE,FALSE,Neurologist,1,AMB-076,2026-09-28 07:10:46,COMPLETED
REQ-004578,PT-878892,Cardiac,Moderate,70,18.518549,73.822769,FALSE,FALSE,TRUE,FALSE,TRUE,FALSE,FALSE,FALSE,FALSE,,1,,2026-09-28 07:11:14,MATCHING
REQ-004579,PT-938448,Road Accident,Moderate,87,18.582953,73.726896,TRUE,TRUE,FALSE,TRUE,FALSE,FALSE,TRUE,TRUE,FALSE,,1,AMB-075,2026-09-28 07:11:39,COMPLETED
REQ-004580,PT-605545,Road Accident,Low,45,18.654548,73.780292,FALSE,FALSE,FALSE,TRUE,FALSE,FALSE,FALSE,FALSE,FALSE,,1,AMB-006,2026-09-28 07:11:45,COMPLETED
REQ-004581,PT-373102,Cardiac,Critical,66,18.567977,73.784697,TRUE,FALSE,FALSE,FALSE,TRUE,FALSE,FALSE,FALSE,FALSE,Cardiologist,1,,2026-09-28 07:14:58,MATCHING
REQ-004582,PT-887533,Road Accident,Moderate,44,18.494532,73.811287,FALSE,FALSE,TRUE,TRUE,FALSE,FALSE,FALSE,FALSE,FALSE,,1,AMB-058,2026-09-28 07:15:42,COMPLETED
REQ-004583,PT-341963,Burn,Critical,32,18.557329,73.785584,FALSE,FALSE,TRUE,TRUE,FALSE,FALSE,TRUE,FALSE,FALSE,,1,,2026-09-28 07:16:15,CREATED
REQ-004584,PT-296109,Road Accident,Low,45,18.613052,73.812774,FALSE,FALSE,FALSE,TRUE,FALSE,FALSE,FALSE,FALSE,FALSE,,1,,2026-09-28 07:16:41,MATCHING
REQ-004585,PT-263358,Cardiac,Low,66,18.561523,73.805402,TRUE,FALSE,FALSE,FALSE,FALSE,FALSE,FALSE,FALSE,FALSE,,1,,2026-09-28 07:17:13,MATCHING
REQ-004586,PT-933677,Road Accident,Low,38,18.461498,73.92146,FALSE,FALSE,FALSE,TRUE,FALSE,FALSE,FALSE,FALSE,FALSE,,1,,2026-09-28 07:17:14,MATCHING
REQ-004587,PT-690229,Road Accident,Critical,48,18.442475,73.865958,TRUE,FALSE,TRUE,TRUE,FALSE,FALSE,TRUE,TRUE,FALSE,General Surgeon,1,,2026-09-28 07:17:33,MATCHING
REQ-004588,PT-892630,Respiratory,Critical,59,18.655262,73.81069,TRUE,TRUE,TRUE,FALSE,FALSE,FALSE,FALSE,FALSE,FALSE,Pulmonologist,1,,2026-09-28 07:17:53,MATCHING
REQ-004589,PT-938609,Respiratory,Low,0,18.510545,73.837771,FALSE,FALSE,TRUE,FALSE,FALSE,FALSE,FALSE,FALSE,FALSE,Pulmonologist,1,AMB-073,2026-09-28 07:18:09,COMPLETED
REQ-004590,PT-989554,Road Accident,Moderate,17,18.518383,73.69219,FALSE,FALSE,FALSE,TRUE,FALSE,FALSE,FALSE,FALSE,FALSE,,1,AMB-002,2026-09-28 07:18:16,COMPLETED
REQ-004591,PT-471101,Respiratory,Low,68,18.488551,73.8115,FALSE,FALSE,TRUE,FALSE,FALSE,FALSE,FALSE,FALSE,FALSE,Pulmonologist,1,AMB-011,2026-09-28 07:18:33,COMPLETED
REQ-004592,PT-956437,Respiratory,Moderate,81,18.590492,73.746516,TRUE,TRUE,TRUE,FALSE,FALSE,FALSE,FALSE,FALSE,FALSE,,1,,2026-09-28 07:19:18,MATCHING
REQ-004593,PT-334897,Respiratory,Low,44,18.549198,73.9182,FALSE,FALSE,FALSE,FALSE,FALSE,FALSE,FALSE,FALSE,FALSE,Pulmonologist,1,,2026-09-28 07:19:55,MATCHING
REQ-004594,PT-644192,Other,Low,34,18.636665,73.791899,FALSE,FALSE,FALSE,FALSE,FALSE,FALSE,FALSE,FALSE,FALSE,,1,AMB-012,2026-09-28 07:20:05,COMPLETED
REQ-004595,PT-648507,Cardiac,High,84,18.627561,73.833274,TRUE,FALSE,TRUE,FALSE,FALSE,FALSE,FALSE,TRUE,FALSE,,1,,2026-09-28 07:20:35,CREATED
REQ-004596,PT-320890,Respiratory,High,58,18.539326,73.932954,TRUE,FALSE,TRUE,FALSE,FALSE,FALSE,FALSE,FALSE,FALSE,,1,,2026-09-28 07:21:22,MATCHING
REQ-004597,PT-622245,Road Accident,Low,70,18.506784,73.804979,FALSE,FALSE,FALSE,TRUE,FALSE,FALSE,FALSE,FALSE,FALSE,,1,,2026-09-28 07:22:17,MATCHING
REQ-004598,PT-573980,Cardiac,High,64,18.590428,74.009993,TRUE,FALSE,TRUE,FALSE,TRUE,FALSE,FALSE,FALSE,FALSE,Cardiologist,1,,2026-09-28 07:24:40,MATCHING
REQ-004599,PT-140504,Cardiac,High,59,18.567675,73.879975,TRUE,FALSE,FALSE,FALSE,TRUE,FALSE,FALSE,FALSE,FALSE,Cardiologist,1,AMB-027,2026-09-28 07:25:15,COMPLETED
REQ-004600,PT-201993,Cardiac,Moderate,63,18.573003,73.924208,FALSE,FALSE,TRUE,FALSE,TRUE,FALSE,FALSE,FALSE,FALSE,,1,AMB-038,2026-09-28 07:25:17,COMPLETED
REQ-004601,PT-694289,Other,Low,48,18.597456,73.990722,FALSE,FALSE,FALSE,TRUE,FALSE,FALSE,FALSE,FALSE,FALSE,,1,,2026-09-28 07:25:44,MATCHING
REQ-004602,PT-722792,Stroke,High,70,18.659392,73.863954,TRUE,TRUE,FALSE,FALSE,FALSE,TRUE,FALSE,FALSE,FALSE,Neurologist,1,,2026-09-28 07:25:55,MATCHING
REQ-004603,PT-629134,Road Accident,High,11,18.507249,73.675155,TRUE,TRUE,FALSE,TRUE,FALSE,FALSE,FALSE,TRUE,FALSE,,1,AMB-051,2026-09-28 07:27:05,COMPLETED
REQ-004604,PT-559676,Cardiac,Moderate,63,18.545657,73.939175,FALSE,FALSE,TRUE,FALSE,TRUE,FALSE,FALSE,FALSE,FALSE,,1,AMB-054,2026-09-28 07:27:10,COMPLETED
REQ-004605,PT-201687,Road Accident,Critical,27,18.642345,73.810369,TRUE,FALSE,TRUE,TRUE,FALSE,FALSE,TRUE,TRUE,FALSE,,1,,2026-09-28 07:29:18,MATCHING
REQ-004606,PT-449732,Other,Critical,30,18.538789,73.734775,TRUE,TRUE,FALSE,TRUE,FALSE,TRUE,TRUE,TRUE,FALSE,Neurologist,1,,2026-09-28 07:30:12,MATCHING
REQ-004607,PT-257388,Road Accident,Moderate,50,18.461732,73.883635,FALSE,FALSE,FALSE,FALSE,FALSE,FALSE,TRUE,TRUE,FALSE,General Surgeon,1,,2026-09-28 07:30:28,MATCHING
REQ-004608,PT-536603,Road Accident,High,11,18.550676,73.835912,TRUE,FALSE,TRUE,FALSE,FALSE,FALSE,FALSE,TRUE,FALSE,Trauma Surgeon,1,AMB-083,2026-09-28 07:32:40,COMPLETED
REQ-004609,PT-327620,Road Accident,Moderate,21,18.594725,73.737221,TRUE,FALSE,FALSE,TRUE,FALSE,FALSE,FALSE,TRUE,FALSE,,1,,2026-09-28 07:32:48,CREATED
REQ-004610,PT-803538,Road Accident,Critical,49,18.7676,73.866932,TRUE,TRUE,FALSE,TRUE,FALSE,TRUE,TRUE,TRUE,FALSE,Neurologist,1,,2026-09-28 07:32:52,MATCHING
REQ-004611,PT-991341,Other,Moderate,46,18.460961,73.918569,FALSE,FALSE,FALSE,FALSE,FALSE,FALSE,FALSE,FALSE,TRUE,Nephrologist,1,,2026-09-28 07:33:00,MATCHING
REQ-004612,PT-745142,Respiratory,High,9,18.484565,73.79346,FALSE,FALSE,TRUE,FALSE,FALSE,FALSE,FALSE,FALSE,FALSE,Pulmonologist,1,AMB-004,2026-09-28 07:33:30,COMPLETED
REQ-004613,PT-921187,Respiratory,Moderate,65,18.555439,73.85629,FALSE,FALSE,TRUE,FALSE,FALSE,FALSE,FALSE,FALSE,FALSE,Pulmonologist,1,,2026-09-28 07:33:33,CREATED
REQ-004614,PT-541342,Road Accident,Moderate,29,18.490334,73.826169,TRUE,FALSE,FALSE,TRUE,FALSE,FALSE,FALSE,FALSE,FALSE,,1,,2026-09-28 07:35:15,MATCHING
REQ-004615,PT-497199,Cardiac,High,54,18.460255,73.913272,FALSE,FALSE,FALSE,FALSE,TRUE,FALSE,FALSE,FALSE,FALSE,Cardiologist,1,AMB-072,2026-09-28 07:35:22,COMPLETED
REQ-004616,PT-744340,Respiratory,High,56,18.554418,73.922487,TRUE,TRUE,TRUE,FALSE,FALSE,FALSE,FALSE,FALSE,FALSE,,1,,2026-09-28 07:35:32,MATCHING
REQ-004617,PT-259903,Stroke,Low,63,18.447512,73.859891,TRUE,FALSE,FALSE,FALSE,FALSE,TRUE,FALSE,FALSE,FALSE,,1,,2026-09-28 07:35:50,MATCHING
REQ-004618,PT-777030,Cardiac,Critical,46,18.50394,73.855204,TRUE,FALSE,FALSE,FALSE,TRUE,FALSE,TRUE,TRUE,FALSE,,1,AMB-003,2026-09-28 07:37:04,COMPLETED
REQ-004619,PT-331055,Respiratory,Critical,65,18.566157,73.892354,TRUE,TRUE,TRUE,FALSE,FALSE,FALSE,FALSE,FALSE,FALSE,Pulmonologist,1,AMB-018,2026-09-28 07:37:37,COMPLETED
REQ-004620,PT-577822,Respiratory,Moderate,56,18.507383,73.860689,FALSE,FALSE,TRUE,FALSE,FALSE,FALSE,FALSE,FALSE,FALSE,Pulmonologist,1,AMB-039,2026-09-28 07:38:26,COMPLETED
REQ-004621,PT-912876,Road Accident,High,26,18.508117,73.805599,TRUE,TRUE,FALSE,FALSE,FALSE,FALSE,TRUE,TRUE,FALSE,Trauma Surgeon,1,AMB-052,2026-09-28 07:38:30,COMPLETED
REQ-004622,PT-853992,Stroke,Moderate,65,18.50721,73.913095,FALSE,FALSE,TRUE,FALSE,FALSE,TRUE,FALSE,FALSE,FALSE,,1,,2026-09-28 07:38:42,CREATED
REQ-004623,PT-102414,Road Accident,High,51,18.579268,73.753476,TRUE,FALSE,FALSE,TRUE,FALSE,TRUE,FALSE,FALSE,FALSE,Trauma Surgeon,1,,2026-09-28 07:41:01,CREATED
REQ-004624,PT-113123,Other,High,41,18.633074,73.784696,FALSE,FALSE,FALSE,FALSE,FALSE,FALSE,FALSE,FALSE,FALSE,Cardiologist,1,,2026-09-28 07:43:13,MATCHING
REQ-004625,PT-752169,Other,Moderate,39,18.555537,73.882441,FALSE,FALSE,FALSE,FALSE,FALSE,FALSE,FALSE,FALSE,TRUE,,1,AMB-096,2026-09-28 07:43:26,COMPLETED
REQ-004626,PT-456814,Stroke,High,67,18.633642,73.844647,FALSE,FALSE,FALSE,FALSE,FALSE,TRUE,FALSE,FALSE,FALSE,Neurologist,1,AMB-032,2026-09-28 07:43:27,COMPLETED
REQ-004627,PT-486147,Cardiac,High,55,18.589833,73.779955,TRUE,TRUE,FALSE,FALSE,TRUE,FALSE,FALSE,FALSE,FALSE,Cardiologist,1,AMB-040,2026-09-28 07:43:33,COMPLETED
REQ-004628,PT-197857,Road Accident,Critical,31,18.51438,73.812773,TRUE,TRUE,FALSE,FALSE,TRUE,FALSE,TRUE,TRUE,FALSE,General Surgeon,4,,2026-09-28 07:45:28,MATCHING
REQ-004629,PT-467529,Road Accident,High,11,18.598648,73.770356,TRUE,FALSE,FALSE,TRUE,FALSE,FALSE,TRUE,FALSE,FALSE,,1,AMB-084,2026-09-28 07:47:01,COMPLETED
REQ-004630,PT-182276,Respiratory,Moderate,6,18.57281,73.746884,FALSE,FALSE,FALSE,FALSE,FALSE,FALSE,FALSE,FALSE,FALSE,,1,AMB-028,2026-09-28 07:47:08,COMPLETED
REQ-004631,PT-942062,Road Accident,High,63,18.58664,73.769175,TRUE,FALSE,FALSE,TRUE,FALSE,FALSE,FALSE,FALSE,FALSE,Trauma Surgeon,1,,2026-09-28 07:47:09,MATCHING
REQ-004632,PT-335850,Cardiac,High,60,18.527539,73.927522,TRUE,FALSE,FALSE,FALSE,TRUE,FALSE,TRUE,FALSE,FALSE,Cardiologist,1,AMB-080,2026-09-28 07:47:19,COMPLETED
REQ-004633,PT-687788,Stroke,Moderate,68,18.545571,73.781633,FALSE,FALSE,FALSE,FALSE,FALSE,TRUE,FALSE,FALSE,FALSE,Neurologist,1,,2026-09-28 07:47:34,MATCHING
REQ-004634,PT-286620,Road Accident,Low,26,18.536605,73.821882,FALSE,FALSE,FALSE,TRUE,FALSE,FALSE,FALSE,FALSE,FALSE,Trauma Surgeon,1,,2026-09-28 07:47:57,CREATED
REQ-004635,PT-730513,Stroke,Critical,60,18.514266,73.837781,TRUE,FALSE,TRUE,FALSE,FALSE,FALSE,FALSE,FALSE,FALSE,,1,,2026-09-28 07:48:40,MATCHING
REQ-004636,PT-676514,Cardiac,High,68,18.448349,73.935319,TRUE,FALSE,TRUE,TRUE,TRUE,FALSE,FALSE,FALSE,FALSE,Cardiologist,1,AMB-085,2026-09-28 07:49:24,COMPLETED
REQ-004637,PT-530990,Cardiac,Moderate,45,18.515869,73.851626,FALSE,FALSE,FALSE,FALSE,TRUE,FALSE,FALSE,FALSE,FALSE,,1,,2026-09-28 07:51:12,MATCHING
REQ-004638,PT-959960,Road Accident,Moderate,28,18.580404,73.821242,FALSE,FALSE,FALSE,TRUE,FALSE,FALSE,FALSE,FALSE,FALSE,General Surgeon,1,,2026-09-28 07:52:53,CREATED
REQ-004639,PT-648085,Road Accident,Low,35,18.535086,73.841097,FALSE,FALSE,FALSE,FALSE,FALSE,FALSE,FALSE,TRUE,FALSE,,1,AMB-021,2026-09-28 07:53:13,COMPLETED
REQ-004640,PT-389670,Burn,Critical,31,18.760462,73.858476,TRUE,FALSE,TRUE,TRUE,FALSE,FALSE,TRUE,TRUE,FALSE,General Surgeon,1,AMB-094,2026-09-28 07:54:04,COMPLETED
REQ-004641,PT-664884,Respiratory,High,82,18.562716,73.91132,FALSE,FALSE,TRUE,FALSE,FALSE,FALSE,FALSE,FALSE,FALSE,Pulmonologist,1,,2026-09-28 07:56:12,CREATED
REQ-004642,PT-154983,Road Accident,Low,39,18.473254,73.895644,FALSE,FALSE,FALSE,TRUE,FALSE,FALSE,FALSE,FALSE,FALSE,,1,,2026-09-28 07:56:14,MATCHING
REQ-004643,PT-603367,Respiratory,Moderate,85,18.730396,73.660724,FALSE,FALSE,TRUE,FALSE,FALSE,FALSE,FALSE,FALSE,FALSE,,1,AMB-020,2026-09-28 07:57:26,COMPLETED
REQ-004644,PT-438543,Burn,High,66,18.544236,73.925968,TRUE,FALSE,TRUE,TRUE,FALSE,FALSE,FALSE,TRUE,FALSE,,1,AMB-014,2026-09-28 07:57:27,COMPLETED
REQ-004645,PT-480479,Road Accident,Critical,11,18.655865,73.780657,TRUE,FALSE,FALSE,TRUE,FALSE,TRUE,FALSE,TRUE,TRUE,,4,AMB-049,2026-09-28 08:00:20,COMPLETED
REQ-004646,PT-503886,Cardiac,High,93,18.564382,73.907315,TRUE,FALSE,FALSE,FALSE,TRUE,TRUE,FALSE,FALSE,FALSE,Cardiologist,1,,2026-09-28 08:01:12,MATCHING
REQ-004647,PT-389766,Road Accident,High,27,18.59316,73.730258,TRUE,FALSE,FALSE,FALSE,FALSE,FALSE,FALSE,TRUE,FALSE,,1,,2026-09-28 08:02:50,MATCHING
REQ-004648,PT-608160,Burn,Moderate,32,18.650349,73.797425,FALSE,FALSE,FALSE,TRUE,FALSE,FALSE,FALSE,FALSE,FALSE,,2,AMB-023,2026-09-28 08:04:07,COMPLETED
REQ-004649,PT-823783,Road Accident,Critical,19,18.58164,73.751448,TRUE,TRUE,TRUE,FALSE,FALSE,FALSE,TRUE,TRUE,FALSE,General Surgeon,2,,2026-09-28 08:05:26,MATCHING
REQ-004650,PT-240134,Cardiac,Low,78,18.607913,73.735367,FALSE,FALSE,FALSE,FALSE,FALSE,FALSE,FALSE,FALSE,FALSE,,1,,2026-09-28 08:07:57,MATCHING
REQ-004651,PT-470735,Cardiac,High,65,18.637166,73.851215,TRUE,TRUE,TRUE,FALSE,TRUE,FALSE,FALSE,TRUE,FALSE,,1,,2026-09-28 08:08:24,CREATED
REQ-004652,PT-447146,Road Accident,Moderate,26,18.511162,73.851198,TRUE,TRUE,FALSE,FALSE,FALSE,FALSE,FALSE,FALSE,FALSE,Trauma Surgeon,1,,2026-09-28 08:09:39,MATCHING
REQ-004653,PT-792614,Cardiac,Moderate,46,18.651458,73.787297,FALSE,FALSE,FALSE,FALSE,FALSE,FALSE,FALSE,FALSE,FALSE,Cardiologist,1,,2026-09-28 08:10:07,MATCHING
REQ-004654,PT-791387,Other,Moderate,24,18.508771,73.87419,TRUE,FALSE,FALSE,FALSE,FALSE,FALSE,FALSE,FALSE,FALSE,,1,,2026-09-28 08:10:25,CREATED
REQ-004655,PT-832638,Cardiac,Low,56,18.534092,73.933791,FALSE,FALSE,FALSE,FALSE,TRUE,FALSE,FALSE,FALSE,FALSE,Cardiologist,1,,2026-09-28 08:10:59,CREATED
REQ-004656,PT-880932,Stroke,Low,76,18.499327,73.935951,FALSE,FALSE,FALSE,FALSE,FALSE,TRUE,FALSE,FALSE,FALSE,,1,,2026-09-28 08:11:17,MATCHING
REQ-004657,PT-893257,Respiratory,Moderate,44,18.551568,73.84313,FALSE,FALSE,TRUE,FALSE,FALSE,FALSE,FALSE,FALSE,FALSE,Pulmonologist,1,,2026-09-28 08:11:26,CREATED
REQ-004658,PT-226997,Road Accident,High,35,18.644791,73.768213,FALSE,FALSE,FALSE,TRUE,FALSE,FALSE,TRUE,TRUE,FALSE,Trauma Surgeon,1,,2026-09-28 08:11:48,CREATED
REQ-004659,PT-788084,Road Accident,Moderate,20,18.744904,73.656921,FALSE,FALSE,FALSE,TRUE,FALSE,FALSE,TRUE,FALSE,FALSE,Trauma Surgeon,1,,2026-09-28 08:12:45,MATCHING
REQ-004660,PT-710595,Road Accident,High,36,18.434636,73.916079,TRUE,FALSE,FALSE,FALSE,FALSE,FALSE,TRUE,FALSE,FALSE,,1,AMB-053,2026-09-28 08:12:46,COMPLETED
REQ-004661,PT-945166,Road Accident,High,52,18.551204,73.920754,TRUE,FALSE,FALSE,TRUE,FALSE,TRUE,FALSE,FALSE,FALSE,Trauma Surgeon,1,,2026-09-28 08:12:46,MATCHING
REQ-004662,PT-877351,Road Accident,High,72,18.572612,73.893698,FALSE,FALSE,TRUE,TRUE,FALSE,FALSE,TRUE,FALSE,FALSE,,1,,2026-09-28 08:12:54,CREATED
REQ-004663,PT-316703,Other,Low,36,18.593631,73.980322,FALSE,FALSE,FALSE,FALSE,FALSE,FALSE,FALSE,FALSE,FALSE,,1,,2026-09-28 08:13:10,MATCHING
REQ-004664,PT-597579,Respiratory,Moderate,7,18.504575,73.793753,TRUE,FALSE,TRUE,FALSE,FALSE,FALSE,FALSE,FALSE,FALSE,,1,,2026-09-28 08:13:18,CREATED
REQ-004665,PT-930208,Respiratory,Low,82,18.550536,73.938311,FALSE,FALSE,TRUE,FALSE,FALSE,FALSE,FALSE,FALSE,FALSE,Pulmonologist,1,AMB-010,2026-09-28 08:13:25,COMPLETED
REQ-004666,PT-104230,Stroke,Moderate,67,18.588267,73.758496,FALSE,FALSE,TRUE,FALSE,FALSE,FALSE,FALSE,TRUE,FALSE,Neurologist,1,,2026-09-28 08:13:25,MATCHING
REQ-004667,PT-393934,Burn,High,38,18.598076,73.773318,FALSE,FALSE,FALSE,FALSE,FALSE,FALSE,FALSE,FALSE,FALSE,General Surgeon,1,,2026-09-28 08:13:56,MATCHING
REQ-004668,PT-921356,Stroke,Moderate,48,18.525057,73.719436,FALSE,FALSE,FALSE,FALSE,FALSE,FALSE,FALSE,FALSE,FALSE,Neurologist,1,,2026-09-28 08:15:21,CREATED
REQ-004669,PT-353525,Stroke,Moderate,71,18.633633,73.781092,TRUE,FALSE,FALSE,FALSE,FALSE,TRUE,FALSE,FALSE,FALSE,Neurologist,1,,2026-09-28 08:15:22,MATCHING
REQ-004670,PT-889805,Cardiac,Moderate,65,18.586504,73.90812,FALSE,FALSE,TRUE,FALSE,TRUE,FALSE,FALSE,FALSE,FALSE,,1,AMB-046,2026-09-28 08:15:41,COMPLETED
REQ-004671,PT-398994,Burn,Low,29,18.601507,73.760259,TRUE,FALSE,FALSE,FALSE,FALSE,FALSE,FALSE,FALSE,FALSE,General Surgeon,1,,2026-09-28 08:15:47,MATCHING
REQ-004672,PT-937998,Burn,Low,81,18.516749,73.812389,TRUE,TRUE,FALSE,TRUE,FALSE,FALSE,FALSE,FALSE,FALSE,,1,,2026-09-28 08:17:20,CREATED
REQ-004673,PT-998680,Stroke,High,36,18.634317,73.849725,TRUE,FALSE,TRUE,FALSE,FALSE,TRUE,FALSE,FALSE,FALSE,,1,,2026-09-28 08:18:46,MATCHING
REQ-004674,PT-355546,Road Accident,Low,33,18.652135,73.786352,FALSE,FALSE,FALSE,TRUE,FALSE,FALSE,FALSE,FALSE,FALSE,,1,,2026-09-28 08:19:17,CREATED
REQ-004675,PT-432564,Cardiac,High,79,18.516978,73.853863,TRUE,FALSE,FALSE,FALSE,TRUE,FALSE,FALSE,FALSE,FALSE,,1,AMB-073,2026-09-28 08:20:57,COMPLETED
REQ-004676,PT-401285,Road Accident,Critical,40,18.637246,73.767094,TRUE,FALSE,TRUE,TRUE,FALSE,TRUE,TRUE,TRUE,FALSE,,1,,2026-09-28 08:22:26,CREATED
REQ-004677,PT-726182,Road Accident,Low,16,18.596808,73.971448,FALSE,FALSE,FALSE,TRUE,FALSE,FALSE,FALSE,FALSE,FALSE,Trauma Surgeon,1,AMB-017,2026-09-28 08:22:59,COMPLETED
REQ-004678,PT-599751,Road Accident,Moderate,38,18.741468,73.695717,TRUE,FALSE,FALSE,FALSE,FALSE,FALSE,FALSE,TRUE,FALSE,,1,,2026-09-28 08:23:06,MATCHING
REQ-004679,PT-638610,Road Accident,High,62,18.559936,73.90284,TRUE,TRUE,FALSE,FALSE,FALSE,FALSE,TRUE,FALSE,FALSE,,1,AMB-077,2026-09-28 08:23:40,COMPLETED
REQ-004680,PT-784283,Stroke,Low,72,18.747778,73.862823,FALSE,FALSE,FALSE,FALSE,FALSE,TRUE,FALSE,FALSE,FALSE,,1,AMB-079,2026-09-28 08:23:45,COMPLETED
REQ-004681,PT-281252,Respiratory,Moderate,9,18.516275,73.902247,TRUE,FALSE,FALSE,FALSE,FALSE,FALSE,FALSE,FALSE,FALSE,,1,AMB-063,2026-09-28 08:23:48,COMPLETED
REQ-004682,PT-978763,Road Accident,High,49,18.65664,73.769352,TRUE,FALSE,FALSE,TRUE,FALSE,FALSE,FALSE,FALSE,FALSE,Trauma Surgeon,1,AMB-006,2026-09-28 08:23:48,COMPLETED
REQ-004683,PT-416409,Cardiac,High,47,18.541909,73.928713,FALSE,TRUE,TRUE,FALSE,TRUE,FALSE,FALSE,FALSE,FALSE,Cardiologist,1,,2026-09-28 08:24:24,MATCHING
REQ-004684,PT-717833,Cardiac,Critical,58,18.502765,73.939179,TRUE,TRUE,FALSE,FALSE,TRUE,FALSE,FALSE,FALSE,FALSE,,1,,2026-09-28 08:25:30,MATCHING
REQ-004685,PT-464830,Respiratory,Moderate,7,18.504225,73.92691,FALSE,FALSE,FALSE,FALSE,FALSE,FALSE,FALSE,FALSE,FALSE,,1,AMB-087,2026-09-28 08:25:46,COMPLETED
REQ-004686,PT-457467,Stroke,High,59,18.519587,73.853576,TRUE,FALSE,FALSE,FALSE,FALSE,FALSE,FALSE,TRUE,FALSE,Neurologist,1,,2026-09-28 08:26:00,MATCHING
REQ-004687,PT-376281,Road Accident,Moderate,12,18.513993,73.664628,TRUE,TRUE,FALSE,FALSE,FALSE,FALSE,FALSE,FALSE,FALSE,,1,,2026-09-28 08:26:11,MATCHING
REQ-004688,PT-460659,Respiratory,High,91,18.658702,73.789769,TRUE,TRUE,TRUE,FALSE,FALSE,FALSE,FALSE,FALSE,FALSE,,1,,2026-09-28 08:26:33,MATCHING
REQ-004689,PT-188213,Road Accident,Moderate,32,18.558319,73.783079,TRUE,TRUE,FALSE,TRUE,FALSE,FALSE,FALSE,FALSE,FALSE,,1,,2026-09-28 08:27:10,CREATED
REQ-004690,PT-804363,Road Accident,High,35,18.635304,73.8116,TRUE,FALSE,FALSE,TRUE,FALSE,FALSE,TRUE,TRUE,FALSE,,1,AMB-035,2026-09-28 08:28:29,COMPLETED
REQ-004691,PT-877784,Respiratory,Moderate,75,18.473636,73.929651,FALSE,FALSE,TRUE,FALSE,FALSE,FALSE,FALSE,FALSE,FALSE,,1,,2026-09-28 08:28:56,MATCHING
REQ-004692,PT-698229,Other,Moderate,51,18.495674,73.884352,FALSE,FALSE,FALSE,FALSE,FALSE,FALSE,FALSE,FALSE,FALSE,,1,,2026-09-28 08:29:10,CREATED
REQ-004693,PT-393287,Road Accident,High,40,18.567394,74.001114,TRUE,FALSE,TRUE,FALSE,FALSE,FALSE,TRUE,TRUE,FALSE,General Surgeon,1,,2026-09-28 08:29:12,MATCHING
REQ-004694,PT-322208,Other,Moderate,72,18.46332,73.810983,FALSE,FALSE,FALSE,FALSE,TRUE,FALSE,FALSE,FALSE,FALSE,,1,,2026-09-28 08:29:21,MATCHING
REQ-004695,PT-717322,Respiratory,Low,6,18.519156,73.862369,FALSE,FALSE,TRUE,FALSE,FALSE,FALSE,FALSE,FALSE,FALSE,,1,,2026-09-28 08:30:03,MATCHING
REQ-004696,PT-943630,Respiratory,Moderate,5,18.526721,73.869297,FALSE,FALSE,TRUE,FALSE,FALSE,FALSE,FALSE,FALSE,FALSE,,1,AMB-068,2026-09-28 08:30:17,COMPLETED
REQ-004697,PT-105557,Respiratory,Moderate,63,18.580248,73.934114,TRUE,TRUE,FALSE,FALSE,FALSE,FALSE,FALSE,FALSE,FALSE,Pulmonologist,1,,2026-09-28 08:32:35,MATCHING
REQ-004698,PT-489569,Respiratory,Moderate,1,18.624008,73.802722,TRUE,TRUE,TRUE,FALSE,FALSE,FALSE,FALSE,FALSE,FALSE,,1,AMB-048,2026-09-28 08:32:58,COMPLETED
REQ-004699,PT-292478,Cardiac,High,61,18.567007,73.810156,TRUE,FALSE,TRUE,FALSE,TRUE,FALSE,FALSE,FALSE,FALSE,Cardiologist,1,,2026-09-28 08:33:03,MATCHING
REQ-004700,PT-490754,Cardiac,High,74,18.451708,73.857271,TRUE,FALSE,FALSE,FALSE,TRUE,FALSE,FALSE,TRUE,FALSE,,1,,2026-09-28 08:33:09,MATCHING
REQ-004701,PT-960134,Road Accident,Moderate,44,18.773819,73.856867,FALSE,FALSE,TRUE,TRUE,FALSE,TRUE,FALSE,TRUE,FALSE,,1,,2026-09-28 08:33:34,MATCHING
REQ-004702,PT-554558,Road Accident,Moderate,48,18.596455,73.995298,FALSE,FALSE,TRUE,TRUE,FALSE,FALSE,TRUE,FALSE,FALSE,Trauma Surgeon,1,,2026-09-28 08:33:52,MATCHING
REQ-004703,PT-827207,Road Accident,Moderate,54,18.507003,73.807179,FALSE,FALSE,FALSE,TRUE,FALSE,FALSE,FALSE,FALSE,FALSE,,1,,2026-09-28 08:34:08,MATCHING
REQ-004704,PT-472507,Road Accident,Moderate,28,18.592919,73.730043,TRUE,FALSE,TRUE,TRUE,FALSE,FALSE,FALSE,FALSE,FALSE,,1,,2026-09-28 08:35:56,MATCHING
REQ-004705,PT-193848,Cardiac,High,76,18.510539,73.912287,TRUE,FALSE,TRUE,FALSE,TRUE,TRUE,FALSE,FALSE,FALSE,Cardiologist,1,,2026-09-28 08:35:58,MATCHING
REQ-004706,PT-171257,Burn,Critical,61,18.528002,73.68545,TRUE,TRUE,FALSE,TRUE,FALSE,TRUE,TRUE,TRUE,FALSE,Neurologist,1,AMB-025,2026-09-28 08:35:58,COMPLETED
REQ-004707,PT-606860,Stroke,High,76,18.504846,73.814672,TRUE,TRUE,FALSE,FALSE,FALSE,TRUE,FALSE,TRUE,FALSE,Neurologist,1,AMB-055,2026-09-28 08:36:14,COMPLETED
REQ-004708,PT-148829,Road Accident,Moderate,33,18.621779,73.822493,FALSE,FALSE,FALSE,TRUE,FALSE,FALSE,TRUE,TRUE,FALSE,Trauma Surgeon,1,,2026-09-28 08:36:48,CREATED
REQ-004709,PT-138446,Road Accident,Critical,40,18.708091,73.666087,TRUE,TRUE,TRUE,TRUE,FALSE,TRUE,TRUE,TRUE,FALSE,Neurologist,1,AMB-093,2026-09-28 08:38:12,COMPLETED
REQ-004710,PT-761536,Cardiac,High,48,18.753784,73.863929,TRUE,FALSE,FALSE,FALSE,TRUE,FALSE,FALSE,FALSE,FALSE,Cardiologist,1,AMB-022,2026-09-28 08:38:30,NO_MATCH
REQ-004711,PT-645310,Road Accident,High,28,18.638768,73.835361,FALSE,FALSE,FALSE,FALSE,FALSE,FALSE,TRUE,TRUE,FALSE,Trauma Surgeon,1,,2026-09-28 08:40:26,MATCHING
REQ-004712,PT-567000,Road Accident,Low,28,18.551082,73.863208,FALSE,FALSE,FALSE,TRUE,FALSE,FALSE,FALSE,FALSE,FALSE,,1,AMB-061,2026-09-28 08:41:06,NO_MATCH
REQ-004713,PT-917872,Burn,Critical,59,18.514888,73.674338,TRUE,TRUE,FALSE,TRUE,FALSE,TRUE,TRUE,TRUE,TRUE,Neurologist,1,,2026-09-28 08:41:12,MATCHING
REQ-004714,PT-115616,Road Accident,Moderate,40,18.553691,73.796622,FALSE,FALSE,FALSE,TRUE,FALSE,FALSE,FALSE,FALSE,FALSE,Trauma Surgeon,1,,2026-09-28 08:41:16,MATCHING
REQ-004715,PT-527039,Respiratory,Moderate,7,18.66434,73.75648,TRUE,FALSE,TRUE,FALSE,FALSE,FALSE,FALSE,FALSE,FALSE,,1,,2026-09-28 08:41:22,MATCHING
REQ-004716,PT-640416,Cardiac,High,46,18.535234,73.875847,TRUE,TRUE,FALSE,FALSE,FALSE,FALSE,FALSE,TRUE,FALSE,,1,,2026-09-28 08:41:41,MATCHING
REQ-004717,PT-110340,Other,Low,52,18.550068,73.807617,FALSE,FALSE,FALSE,FALSE,FALSE,FALSE,FALSE,FALSE,FALSE,,1,,2026-09-28 08:42:23,CREATED
REQ-004718,PT-609297,Respiratory,Moderate,50,18.653965,73.771265,TRUE,FALSE,FALSE,FALSE,FALSE,FALSE,FALSE,FALSE,FALSE,,1,,2026-09-28 08:42:32,CREATED
REQ-004719,PT-685220,Road Accident,Low,27,18.490593,73.807369,FALSE,FALSE,FALSE,FALSE,FALSE,FALSE,FALSE,FALSE,FALSE,,1,,2026-09-28 08:43:36,MATCHING
REQ-004720,PT-937606,Road Accident,High,42,18.587766,73.984519,TRUE,TRUE,FALSE,TRUE,FALSE,FALSE,FALSE,FALSE,FALSE,,1,,2026-09-28 08:43:44,MATCHING
REQ-004721,PT-766769,Cardiac,High,69,18.512067,73.923657,TRUE,FALSE,TRUE,FALSE,TRUE,FALSE,FALSE,FALSE,FALSE,Cardiologist,1,AMB-090,2026-09-28 08:43:52,COMPLETED
REQ-004722,PT-726751,Cardiac,High,102,18.651635,73.788968,TRUE,FALSE,FALSE,FALSE,TRUE,FALSE,FALSE,FALSE,TRUE,Cardiologist,1,,2026-09-28 08:43:57,CREATED
REQ-004723,PT-722070,Cardiac,High,57,18.669049,73.823763,TRUE,FALSE,TRUE,TRUE,TRUE,FALSE,FALSE,FALSE,FALSE,,1,AMB-024,2026-09-28 08:45:28,COMPLETED
REQ-004724,PT-513335,Cardiac,High,66,18.632984,73.854339,TRUE,TRUE,FALSE,FALSE,TRUE,FALSE,FALSE,FALSE,FALSE,Cardiologist,1,,2026-09-28 08:45:45,MATCHING
REQ-004725,PT-548278,Cardiac,Critical,74,18.583493,73.73571,TRUE,FALSE,TRUE,FALSE,TRUE,FALSE,TRUE,FALSE,FALSE,Cardiologist,1,AMB-007,2026-09-28 08:46:14,COMPLETED
REQ-004726,PT-425435,Respiratory,High,4,18.502136,73.694805,FALSE,FALSE,FALSE,FALSE,FALSE,FALSE,FALSE,FALSE,FALSE,,1,,2026-09-28 08:46:28,MATCHING
REQ-004727,PT-199947,Stroke,High,55,18.585977,73.743974,TRUE,FALSE,TRUE,FALSE,FALSE,TRUE,FALSE,FALSE,FALSE,,1,AMB-044,2026-09-28 08:46:45,COMPLETED
REQ-004728,PT-304770,Other,Low,82,18.600798,73.8402,FALSE,FALSE,FALSE,FALSE,FALSE,FALSE,FALSE,FALSE,FALSE,,1,,2026-09-28 08:46:51,MATCHING
REQ-004729,PT-487163,Stroke,Critical,60,18.601096,73.741836,TRUE,FALSE,TRUE,FALSE,FALSE,TRUE,FALSE,FALSE,FALSE,Neurologist,1,,2026-09-28 08:48:47,CREATED
REQ-004730,PT-931516,Road Accident,High,31,18.597308,73.976892,TRUE,FALSE,FALSE,FALSE,FALSE,FALSE,TRUE,FALSE,FALSE,Trauma Surgeon,1,,2026-09-28 08:48:50,MATCHING
REQ-004731,PT-355468,Other,High,73,18.509279,73.872863,FALSE,FALSE,FALSE,FALSE,FALSE,FALSE,FALSE,FALSE,TRUE,,1,,2026-09-28 08:54:21,MATCHING
REQ-004732,PT-621229,Road Accident,Moderate,47,18.480166,73.896102,FALSE,FALSE,FALSE,FALSE,FALSE,FALSE,FALSE,FALSE,FALSE,Trauma Surgeon,1,,2026-09-28 08:54:24,CREATED
REQ-004733,PT-137781,Road Accident,High,35,18.537285,73.72925,FALSE,FALSE,FALSE,TRUE,FALSE,FALSE,FALSE,FALSE,FALSE,Trauma Surgeon,1,AMB-062,2026-09-28 08:55:03,COMPLETED
REQ-004734,PT-660924,Cardiac,Moderate,42,18.57877,73.921325,FALSE,FALSE,FALSE,FALSE,FALSE,FALSE,FALSE,FALSE,FALSE,,1,,2026-09-28 08:55:06,MATCHING
REQ-004735,PT-689867,Road Accident,Critical,51,18.75609,73.849038,TRUE,TRUE,TRUE,TRUE,TRUE,TRUE,TRUE,TRUE,FALSE,Neurologist,1,,2026-09-28 08:57:17,NO_MATCH
REQ-004736,PT-210106,Stroke,High,59,18.550891,73.810452,TRUE,TRUE,FALSE,FALSE,FALSE,TRUE,FALSE,TRUE,FALSE,Neurologist,1,AMB-083,2026-09-28 08:57:26,COMPLETED
REQ-004737,PT-848375,Stroke,High,61,18.60113,73.762156,TRUE,TRUE,FALSE,FALSE,FALSE,FALSE,FALSE,FALSE,FALSE,,1,,2026-09-28 08:57:32,MATCHING
REQ-004738,PT-167746,Burn,Critical,53,18.593867,73.744511,TRUE,FALSE,FALSE,TRUE,FALSE,FALSE,FALSE,FALSE,FALSE,General Surgeon,1,,2026-09-28 08:58:24,MATCHING
REQ-004739,PT-556636,Road Accident,Moderate,42,18.49442,73.929503,FALSE,FALSE,TRUE,TRUE,FALSE,FALSE,FALSE,FALSE,FALSE,,1,,2026-09-28 08:58:34,MATCHING
REQ-004740,PT-378834,Stroke,Low,67,18.585659,73.991725,FALSE,FALSE,FALSE,FALSE,FALSE,FALSE,FALSE,FALSE,FALSE,,1,AMB-043,2026-09-28 09:00:10,COMPLETED
REQ-004741,PT-342773,Road Accident,Moderate,36,18.510574,73.883399,FALSE,FALSE,FALSE,TRUE,FALSE,FALSE,FALSE,FALSE,FALSE,,1,AMB-036,2026-09-28 09:00:18,COMPLETED
REQ-004742,PT-156171,Stroke,Critical,75,18.591528,73.735272,TRUE,FALSE,TRUE,FALSE,FALSE,TRUE,FALSE,TRUE,FALSE,Neurologist,1,,2026-09-28 09:00:33,MATCHING
REQ-004743,PT-174095,Cardiac,Moderate,70,18.46509,73.892535,FALSE,FALSE,FALSE,FALSE,TRUE,FALSE,FALSE,FALSE,FALSE,,1,AMB-071,2026-09-28 09:01:45,COMPLETED
REQ-004744,PT-943741,Cardiac,Low,86,18.620524,73.749913,FALSE,FALSE,FALSE,FALSE,TRUE,FALSE,TRUE,FALSE,FALSE,,1,AMB-084,2026-09-28 09:02:52,COMPLETED
REQ-004745,PT-574945,Cardiac,Moderate,51,18.467642,73.845323,TRUE,FALSE,TRUE,FALSE,TRUE,FALSE,FALSE,FALSE,FALSE,Cardiologist,1,,2026-09-28 09:02:59,CREATED
REQ-004746,PT-156863,Other,Low,15,18.628853,73.863344,FALSE,FALSE,FALSE,FALSE,FALSE,FALSE,FALSE,FALSE,FALSE,,1,AMB-029,2026-09-28 09:03:36,COMPLETED
REQ-004747,PT-793446,Respiratory,Moderate,1,18.55485,73.925027,FALSE,FALSE,TRUE,FALSE,FALSE,FALSE,FALSE,FALSE,FALSE,,1,AMB-089,2026-09-28 09:03:44,COMPLETED
REQ-004748,PT-418120,Respiratory,Low,67,18.546202,73.838021,TRUE,FALSE,FALSE,FALSE,FALSE,FALSE,FALSE,FALSE,FALSE,,1,AMB-021,2026-09-28 09:05:23,COMPLETED
REQ-004749,PT-478699,Road Accident,Moderate,30,18.658362,73.77403,TRUE,TRUE,FALSE,TRUE,FALSE,FALSE,FALSE,FALSE,FALSE,,1,,2026-09-28 09:05:25,CREATED
REQ-004750,PT-800234,Burn,Critical,28,18.565087,73.964901,TRUE,TRUE,TRUE,TRUE,FALSE,TRUE,TRUE,TRUE,FALSE,Neurologist,1,AMB-042,2026-09-28 09:05:30,COMPLETED
REQ-004751,PT-158578,Respiratory,High,92,18.62576,73.843141,FALSE,FALSE,TRUE,FALSE,FALSE,FALSE,FALSE,FALSE,FALSE,Pulmonologist,1,,2026-09-28 09:05:32,MATCHING
REQ-004752,PT-416134,Road Accident,Low,29,18.579239,73.979929,FALSE,FALSE,FALSE,TRUE,FALSE,FALSE,FALSE,FALSE,FALSE,General Surgeon,1,AMB-050,2026-09-28 09:05:52,NO_MATCH
REQ-004753,PT-708288,Burn,Critical,22,18.758297,73.855231,TRUE,TRUE,TRUE,TRUE,FALSE,TRUE,TRUE,TRUE,FALSE,Neurologist,1,AMB-022,2026-09-28 09:06:12,COMPLETED
REQ-004754,PT-672891,Road Accident,Low,21,18.548466,73.890013,FALSE,FALSE,FALSE,FALSE,FALSE,FALSE,FALSE,FALSE,FALSE,,1,,2026-09-28 09:06:26,MATCHING
REQ-004755,PT-144965,Respiratory,Moderate,72,18.513208,73.822493,TRUE,TRUE,TRUE,FALSE,FALSE,FALSE,FALSE,FALSE,FALSE,,1,,2026-09-28 09:06:34,CREATED
REQ-004756,PT-486967,Cardiac,High,67,18.630256,73.82217,TRUE,TRUE,FALSE,FALSE,FALSE,FALSE,TRUE,FALSE,FALSE,,1,AMB-012,2026-09-28 09:07:31,COMPLETED
REQ-004757,PT-217099,Respiratory,Moderate,70,18.635482,73.793118,TRUE,FALSE,TRUE,FALSE,FALSE,FALSE,FALSE,FALSE,FALSE,,1,,2026-09-28 09:08:48,MATCHING
REQ-004758,PT-878805,Road Accident,Critical,23,18.521692,73.658184,TRUE,TRUE,TRUE,TRUE,FALSE,TRUE,TRUE,TRUE,FALSE,Neurologist,1,AMB-070,2026-09-28 09:09:39,COMPLETED
REQ-004759,PT-760321,Road Accident,Low,49,18.518285,73.691848,TRUE,FALSE,TRUE,FALSE,FALSE,FALSE,FALSE,FALSE,FALSE,,1,,2026-09-28 09:09:52,MATCHING
REQ-004760,PT-959245,Stroke,Moderate,83,18.507051,73.828657,FALSE,FALSE,FALSE,FALSE,FALSE,TRUE,FALSE,FALSE,FALSE,,1,,2026-09-28 09:10:09,CREATED
REQ-004761,PT-781815,Stroke,Moderate,32,18.512599,73.852222,FALSE,FALSE,FALSE,FALSE,FALSE,TRUE,FALSE,FALSE,FALSE,Neurologist,1,,2026-09-28 09:11:18,CREATED
REQ-004762,PT-298200,Respiratory,High,74,18.527609,73.871832,TRUE,TRUE,TRUE,FALSE,FALSE,FALSE,FALSE,FALSE,FALSE,Pulmonologist,1,,2026-09-28 09:14:20,MATCHING
REQ-004763,PT-420643,Other,Moderate,49,18.578159,73.812128,FALSE,FALSE,FALSE,FALSE,FALSE,FALSE,FALSE,FALSE,FALSE,Cardiologist,1,,2026-09-28 09:14:36,CREATED
REQ-004764,PT-292396,Road Accident,Moderate,22,18.515285,73.695013,FALSE,FALSE,FALSE,TRUE,FALSE,FALSE,FALSE,FALSE,FALSE,Trauma Surgeon,1,,2026-09-28 09:15:35,MATCHING
REQ-004765,PT-544860,Respiratory,Moderate,62,18.729764,73.685662,TRUE,FALSE,TRUE,FALSE,FALSE,FALSE,FALSE,FALSE,FALSE,Pulmonologist,1,,2026-09-28 09:16:08,MATCHING
REQ-004766,PT-333518,Road Accident,Critical,24,18.551648,73.832152,FALSE,FALSE,FALSE,TRUE,FALSE,FALSE,TRUE,TRUE,FALSE,,1,,2026-09-28 09:16:23,MATCHING
REQ-004767,PT-940661,Respiratory,Moderate,3,18.553322,73.86657,FALSE,FALSE,TRUE,FALSE,FALSE,FALSE,FALSE,FALSE,FALSE,,1,,2026-09-28 09:17:01,MATCHING
REQ-004768,PT-121287,Respiratory,Critical,8,18.544202,73.865356,TRUE,TRUE,TRUE,FALSE,FALSE,FALSE,FALSE,FALSE,FALSE,Pulmonologist,1,,2026-09-28 09:17:47,CREATED
REQ-004769,PT-321523,Respiratory,Moderate,55,18.591491,73.974063,FALSE,FALSE,TRUE,FALSE,FALSE,FALSE,FALSE,FALSE,FALSE,Pulmonologist,1,,2026-09-28 09:17:56,CREATED
REQ-004770,PT-227834,Cardiac,Low,83,18.456099,73.913183,FALSE,FALSE,FALSE,FALSE,TRUE,FALSE,FALSE,FALSE,FALSE,,1,AMB-067,2026-09-28 09:18:05,COMPLETED
REQ-004771,PT-489690,Other,Moderate,6,18.51601,73.875048,TRUE,FALSE,FALSE,FALSE,FALSE,FALSE,FALSE,FALSE,FALSE,,1,,2026-09-28 09:18:10,MATCHING
REQ-004772,PT-525794,Stroke,Critical,76,18.449529,73.870805,TRUE,FALSE,TRUE,FALSE,FALSE,TRUE,FALSE,FALSE,FALSE,Neurologist,1,AMB-072,2026-09-28 09:18:51,COMPLETED
REQ-004773,PT-633552,Cardiac,Critical,46,18.459744,73.876474,TRUE,TRUE,FALSE,FALSE,TRUE,FALSE,FALSE,FALSE,FALSE,Cardiologist,1,AMB-081,2026-09-28 09:21:55,COMPLETED
REQ-004774,PT-258525,Road Accident,High,9,18.74097,73.684425,TRUE,TRUE,FALSE,FALSE,FALSE,FALSE,FALSE,TRUE,FALSE,Trauma Surgeon,1,,2026-09-28 09:22:14,MATCHING
REQ-004775,PT-210261,Road Accident,Moderate,30,18.516749,73.789054,FALSE,FALSE,TRUE,TRUE,FALSE,FALSE,FALSE,FALSE,FALSE,Trauma Surgeon,1,,2026-09-28 09:22:31,MATCHING
REQ-004776,PT-765841,Stroke,High,66,18.503952,73.940628,FALSE,FALSE,TRUE,FALSE,FALSE,TRUE,FALSE,FALSE,FALSE,Neurologist,1,,2026-09-28 09:23:20,MATCHING
REQ-004777,PT-757812,Cardiac,High,63,18.553703,73.859095,TRUE,FALSE,TRUE,FALSE,TRUE,FALSE,FALSE,FALSE,FALSE,Cardiologist,1,,2026-09-28 09:23:23,MATCHING
REQ-004778,PT-332711,Road Accident,High,15,18.760778,73.838357,TRUE,FALSE,FALSE,TRUE,FALSE,FALSE,FALSE,TRUE,FALSE,Trauma Surgeon,1,,2026-09-28 09:24:00,CREATED
REQ-004779,PT-493176,Road Accident,Moderate,50,18.536339,73.915886,TRUE,FALSE,FALSE,TRUE,FALSE,FALSE,FALSE,FALSE,FALSE,Trauma Surgeon,1,AMB-014,2026-09-28 09:24:01,COMPLETED
REQ-004780,PT-351740,Cardiac,Low,65,18.616181,73.754547,FALSE,FALSE,FALSE,FALSE,TRUE,FALSE,FALSE,FALSE,FALSE,,1,AMB-028,2026-09-28 09:26:09,COMPLETED
REQ-004781,PT-450755,Other,Moderate,60,18.463953,73.822366,TRUE,FALSE,TRUE,FALSE,FALSE,FALSE,TRUE,FALSE,FALSE,Pulmonologist,1,,2026-09-28 09:26:15,MATCHING
REQ-004782,PT-457563,Cardiac,Moderate,70,18.491061,73.888511,FALSE,FALSE,FALSE,FALSE,TRUE,FALSE,FALSE,FALSE,FALSE,,1,,2026-09-28 09:27:20,MATCHING
REQ-004783,PT-956023,Road Accident,Moderate,11,18.554895,73.813356,FALSE,FALSE,FALSE,FALSE,FALSE,FALSE,FALSE,FALSE,FALSE,Trauma Surgeon,1,AMB-026,2026-09-28 09:27:43,COMPLETED
REQ-004784,PT-508691,Stroke,High,55,18.610145,73.857911,TRUE,FALSE,FALSE,FALSE,TRUE,FALSE,FALSE,FALSE,FALSE,Neurologist,1,AMB-032,2026-09-28 09:28:37,COMPLETED
REQ-004785,PT-960132,Cardiac,Critical,53,18.550213,73.807075,TRUE,FALSE,TRUE,FALSE,TRUE,FALSE,TRUE,FALSE,FALSE,Cardiologist,1,AMB-040,2026-09-28 09:29:22,COMPLETED
REQ-004786,PT-824257,Road Accident,High,48,18.481114,73.821461,TRUE,TRUE,FALSE,FALSE,FALSE,FALSE,FALSE,TRUE,FALSE,Trauma Surgeon,1,AMB-092,2026-09-28 09:29:58,COMPLETED
REQ-004787,PT-680037,Respiratory,Critical,54,18.508943,73.811179,FALSE,FALSE,TRUE,FALSE,FALSE,FALSE,FALSE,FALSE,FALSE,Pulmonologist,1,,2026-09-28 09:30:01,MATCHING
REQ-004788,PT-970083,Respiratory,Moderate,51,18.454632,73.795423,FALSE,FALSE,TRUE,FALSE,FALSE,FALSE,FALSE,FALSE,FALSE,,1,,2026-09-28 09:30:47,CREATED
REQ-004789,PT-185975,Cardiac,High,53,18.510578,73.924858,FALSE,FALSE,TRUE,FALSE,TRUE,FALSE,FALSE,FALSE,FALSE,,1,,2026-09-28 09:31:50,CREATED
REQ-004790,PT-781748,Stroke,High,54,18.583313,73.977622,TRUE,TRUE,FALSE,FALSE,FALSE,TRUE,FALSE,TRUE,FALSE,,1,,2026-09-28 09:33:31,MATCHING
REQ-004791,PT-143272,Cardiac,Low,48,18.611704,73.798358,FALSE,FALSE,FALSE,FALSE,TRUE,FALSE,TRUE,FALSE,FALSE,,1,AMB-048,2026-09-28 09:33:47,COMPLETED
REQ-004792,PT-885117,Cardiac,Moderate,71,18.540596,73.804244,FALSE,FALSE,TRUE,FALSE,TRUE,FALSE,FALSE,FALSE,FALSE,Cardiologist,1,,2026-09-28 09:34:01,MATCHING
REQ-004793,PT-343242,Road Accident,Critical,47,18.713696,73.679633,TRUE,TRUE,FALSE,TRUE,FALSE,TRUE,TRUE,TRUE,FALSE,Neurologist,1,,2026-09-28 09:34:47,MATCHING
REQ-004794,PT-352877,Other,Moderate,50,18.48626,73.86088,FALSE,FALSE,FALSE,FALSE,FALSE,FALSE,FALSE,FALSE,TRUE,Nephrologist,1,AMB-039,2026-09-28 09:34:48,COMPLETED
REQ-004795,PT-725196,Stroke,High,77,18.633068,73.806734,TRUE,TRUE,TRUE,TRUE,FALSE,FALSE,FALSE,FALSE,FALSE,Neurologist,1,,2026-09-28 09:35:49,MATCHING
REQ-004796,PT-294836,Road Accident,Moderate,36,18.624785,73.856321,TRUE,FALSE,FALSE,TRUE,FALSE,FALSE,TRUE,TRUE,FALSE,General Surgeon,1,AMB-049,2026-09-28 09:35:53,COMPLETED
REQ-004797,PT-658346,Respiratory,Moderate,3,18.530626,73.82505,TRUE,FALSE,FALSE,FALSE,FALSE,FALSE,FALSE,TRUE,FALSE,,1,,2026-09-28 09:36:21,MATCHING
REQ-004798,PT-915105,Other,High,23,18.56229,73.928786,TRUE,TRUE,FALSE,FALSE,FALSE,FALSE,TRUE,TRUE,TRUE,Nephrologist,1,,2026-09-28 09:37:03,MATCHING
REQ-004799,PT-286922,Stroke,High,60,18.628191,73.890154,FALSE,FALSE,TRUE,FALSE,FALSE,TRUE,FALSE,FALSE,FALSE,Neurologist,1,AMB-018,2026-09-28 09:37:59,COMPLETED
REQ-004800,PT-319777,Respiratory,Moderate,8,18.54979,73.786202,FALSE,FALSE,TRUE,FALSE,FALSE,FALSE,FALSE,FALSE,FALSE,Pulmonologist,1,AMB-015,2026-09-28 09:38:58,COMPLETED
REQ-004801,PT-318974,Cardiac,High,66,18.486394,73.89265,TRUE,TRUE,TRUE,FALSE,FALSE,FALSE,TRUE,FALSE,FALSE,Cardiologist,1,AMB-085,2026-09-28 09:40:06,COMPLETED
REQ-004802,PT-846032,Other,High,33,18.468138,73.886727,FALSE,FALSE,FALSE,FALSE,FALSE,FALSE,FALSE,TRUE,TRUE,,1,AMB-065,2026-09-28 09:40:55,COMPLETED
REQ-004803,PT-325908,Road Accident,Moderate,34,18.51716,73.92303,FALSE,FALSE,FALSE,TRUE,FALSE,FALSE,FALSE,FALSE,FALSE,,1,,2026-09-28 09:41:20,CREATED
REQ-004804,PT-855178,Respiratory,Critical,6,18.600276,73.750999,TRUE,TRUE,FALSE,FALSE,FALSE,FALSE,FALSE,FALSE,FALSE,Pulmonologist,1,AMB-075,2026-09-28 09:42:02,COMPLETED
REQ-004805,PT-110706,Stroke,High,72,18.487522,73.913454,TRUE,TRUE,FALSE,TRUE,FALSE,TRUE,FALSE,FALSE,FALSE,,1,AMB-091,2026-09-28 09:42:18,COMPLETED
REQ-004806,PT-784473,Other,Moderate,24,18.455399,73.86734,FALSE,FALSE,FALSE,FALSE,FALSE,FALSE,FALSE,FALSE,FALSE,,1,,2026-09-28 09:42:27,CREATED
REQ-004807,PT-807889,Road Accident,Critical,72,18.579238,73.775015,TRUE,FALSE,FALSE,TRUE,FALSE,FALSE,TRUE,TRUE,FALSE,,1,,2026-09-28 09:43:47,MATCHING
REQ-004808,PT-929883,Cardiac,Critical,48,18.714779,73.689707,TRUE,FALSE,FALSE,FALSE,TRUE,FALSE,FALSE,TRUE,FALSE,Cardiologist,1,,2026-09-28 09:43:58,NO_MATCH
REQ-004809,PT-853263,Burn,Critical,23,18.579186,73.98436,TRUE,TRUE,TRUE,TRUE,FALSE,TRUE,TRUE,TRUE,FALSE,Neurologist,2,,2026-09-28 09:45:07,MATCHING
REQ-004810,PT-894999,Stroke,Critical,68,18.537446,73.816417,TRUE,FALSE,TRUE,FALSE,FALSE,TRUE,FALSE,FALSE,FALSE,Neurologist,1,,2026-09-28 09:45:45,MATCHING
REQ-004811,PT-199283,Cardiac,Low,61,18.632472,73.783062,FALSE,FALSE,FALSE,FALSE,TRUE,FALSE,FALSE,FALSE,FALSE,,1,,2026-09-28 09:45:49,MATCHING
REQ-004812,PT-539291,Respiratory,Low,33,18.472263,73.873628,FALSE,FALSE,FALSE,FALSE,FALSE,FALSE,FALSE,FALSE,FALSE,Pulmonologist,1,AMB-095,2026-09-28 09:46:34,COMPLETED
REQ-004813,PT-394760,Cardiac,Moderate,75,18.566771,73.784407,FALSE,FALSE,FALSE,FALSE,TRUE,FALSE,FALSE,FALSE,FALSE,,1,,2026-09-28 09:47:47,CREATED
REQ-004814,PT-100476,Cardiac,Moderate,56,18.45813,73.887474,TRUE,TRUE,FALSE,FALSE,TRUE,FALSE,FALSE,FALSE,FALSE,,1,,2026-09-28 09:49:19,MATCHING
REQ-004815,PT-622612,Burn,Low,25,18.455309,73.894975,FALSE,FALSE,FALSE,FALSE,FALSE,FALSE,FALSE,FALSE,FALSE,,1,,2026-09-28 09:49:20,MATCHING
REQ-004816,PT-885056,Road Accident,Moderate,26,18.611953,73.849492,FALSE,FALSE,FALSE,FALSE,FALSE,TRUE,FALSE,FALSE,FALSE,,1,AMB-027,2026-09-28 09:49:39,COMPLETED
REQ-004817,PT-453382,Respiratory,Low,74,18.651772,73.799847,FALSE,FALSE,TRUE,FALSE,FALSE,FALSE,FALSE,FALSE,FALSE,,1,,2026-09-28 09:50:34,MATCHING
REQ-004818,PT-947943,Other,Moderate,20,18.537239,73.853201,FALSE,FALSE,FALSE,FALSE,FALSE,FALSE,FALSE,TRUE,FALSE,,1,AMB-016,2026-09-28 09:50:40,COMPLETED
REQ-004819,PT-204337,Respiratory,Moderate,67,18.637694,73.843568,TRUE,FALSE,TRUE,FALSE,FALSE,FALSE,FALSE,FALSE,FALSE,,1,AMB-023,2026-09-28 09:50:54,COMPLETED
REQ-004820,PT-373945,Burn,Moderate,43,18.587539,73.760541,FALSE,FALSE,FALSE,TRUE,FALSE,FALSE,TRUE,FALSE,FALSE,General Surgeon,1,AMB-002,2026-09-28 09:50:55,COMPLETED
REQ-004821,PT-217363,Respiratory,High,66,18.650659,73.798696,TRUE,FALSE,TRUE,FALSE,FALSE,FALSE,FALSE,FALSE,FALSE,,1,AMB-006,2026-09-28 09:52:06,COMPLETED
REQ-004822,PT-300797,Cardiac,Critical,74,18.55589,73.819664,TRUE,FALSE,FALSE,FALSE,TRUE,FALSE,TRUE,FALSE,FALSE,Cardiologist,1,,2026-09-28 09:52:26,MATCHING
REQ-004823,PT-921419,Cardiac,High,73,18.533413,73.866028,TRUE,FALSE,FALSE,FALSE,FALSE,FALSE,FALSE,FALSE,FALSE,Cardiologist,1,,2026-09-28 09:52:44,CREATED
REQ-004824,PT-743158,Road Accident,Moderate,42,18.556993,73.87649,TRUE,FALSE,FALSE,TRUE,FALSE,FALSE,FALSE,FALSE,FALSE,,1,,2026-09-28 09:52:54,MATCHING
REQ-004825,PT-184747,Road Accident,Moderate,51,18.601753,73.760983,FALSE,FALSE,FALSE,FALSE,FALSE,FALSE,TRUE,FALSE,FALSE,,1,,2026-09-28 09:52:56,MATCHING
REQ-004826,PT-880853,Road Accident,High,48,18.489751,73.832413,FALSE,FALSE,FALSE,TRUE,FALSE,FALSE,TRUE,FALSE,FALSE,Trauma Surgeon,1,,2026-09-28 09:54:29,MATCHING
REQ-004827,PT-150899,Stroke,Critical,48,18.524376,73.856574,TRUE,FALSE,FALSE,FALSE,FALSE,TRUE,FALSE,FALSE,FALSE,Neurologist,1,,2026-09-28 09:54:35,CREATED
REQ-004828,PT-111069,Other,Critical,6,18.756977,73.672855,TRUE,TRUE,FALSE,TRUE,FALSE,TRUE,TRUE,TRUE,TRUE,Neurologist,1,,2026-09-28 09:54:56,NO_MATCH
REQ-004829,PT-676911,Cardiac,Critical,45,18.521798,73.856342,TRUE,FALSE,FALSE,FALSE,TRUE,TRUE,TRUE,FALSE,FALSE,Cardiologist,1,AMB-073,2026-09-28 09:55:15,COMPLETED
REQ-004830,PT-318282,Cardiac,Moderate,67,18.475857,73.909054,FALSE,FALSE,FALSE,FALSE,TRUE,FALSE,FALSE,FALSE,FALSE,Cardiologist,1,,2026-09-28 09:56:13,MATCHING
REQ-004831,PT-992519,Stroke,Moderate,78,18.518236,73.807237,FALSE,FALSE,FALSE,FALSE,FALSE,TRUE,FALSE,FALSE,FALSE,Neurologist,1,AMB-011,2026-09-28 09:56:19,COMPLETED
REQ-004832,PT-182746,Stroke,Critical,52,18.569647,73.749172,TRUE,FALSE,FALSE,FALSE,FALSE,TRUE,FALSE,FALSE,FALSE,Neurologist,1,,2026-09-28 09:56:50,CREATED
REQ-004833,PT-978923,Respiratory,Moderate,11,18.656489,73.793819,TRUE,FALSE,TRUE,FALSE,FALSE,FALSE,FALSE,FALSE,FALSE,,1,,2026-09-28 09:57:36,CREATED
REQ-004834,PT-299528,Cardiac,High,48,18.521945,73.888054,FALSE,FALSE,TRUE,FALSE,TRUE,FALSE,TRUE,FALSE,FALSE,Cardiologist,1,,2026-09-28 09:57:38,MATCHING
REQ-004835,PT-103378,Road Accident,High,63,18.609333,73.765684,TRUE,FALSE,TRUE,FALSE,FALSE,FALSE,TRUE,TRUE,FALSE,Trauma Surgeon,1,,2026-09-28 09:57:58,MATCHING
REQ-004836,PT-957086,Road Accident,High,23,18.510273,73.68255,TRUE,FALSE,FALSE,TRUE,FALSE,FALSE,FALSE,FALSE,FALSE,,1,,2026-09-28 09:58:34,CREATED
REQ-004837,PT-908811,Respiratory,Critical,69,18.642751,73.802242,TRUE,TRUE,TRUE,FALSE,FALSE,FALSE,FALSE,FALSE,FALSE,Pulmonologist,1,AMB-044,2026-09-28 09:58:40,COMPLETED
REQ-004838,PT-264989,Other,Low,19,18.541028,73.878264,FALSE,FALSE,FALSE,FALSE,FALSE,FALSE,FALSE,FALSE,FALSE,Pulmonologist,1,,2026-09-28 09:59:26,MATCHING
REQ-004839,PT-142106,Respiratory,High,46,18.727721,73.692312,TRUE,TRUE,TRUE,FALSE,FALSE,FALSE,FALSE,FALSE,FALSE,Pulmonologist,1,,2026-09-28 09:59:33,NO_MATCH
REQ-004840,PT-922517,Respiratory,High,75,18.577281,73.728486,TRUE,FALSE,TRUE,FALSE,FALSE,FALSE,FALSE,TRUE,FALSE,,1,AMB-076,2026-09-28 10:00:31,COMPLETED
REQ-004841,PT-527820,Cardiac,High,74,18.518321,73.916928,TRUE,FALSE,TRUE,FALSE,TRUE,FALSE,FALSE,FALSE,FALSE,Cardiologist,1,AMB-090,2026-09-28 10:01:17,COMPLETED
REQ-004842,PT-341411,Road Accident,High,40,18.723365,73.663685,TRUE,FALSE,FALSE,TRUE,FALSE,FALSE,FALSE,FALSE,FALSE,Trauma Surgeon,1,,2026-09-28 10:01:34,MATCHING
REQ-004843,PT-915718,Stroke,High,55,18.516968,73.950361,FALSE,FALSE,FALSE,FALSE,FALSE,TRUE,FALSE,FALSE,FALSE,,1,AMB-013,2026-09-28 10:02:41,COMPLETED
REQ-004844,PT-690437,Respiratory,Low,67,18.507124,73.652837,FALSE,FALSE,TRUE,FALSE,FALSE,FALSE,FALSE,FALSE,FALSE,,1,,2026-09-28 10:04:01,MATCHING
REQ-004845,PT-232711,Stroke,High,70,18.591771,73.968286,TRUE,FALSE,TRUE,FALSE,FALSE,TRUE,FALSE,FALSE,FALSE,Neurologist,1,AMB-043,2026-09-28 10:04:30,COMPLETED
REQ-004846,PT-206264,Road Accident,High,33,18.490145,73.779108,TRUE,FALSE,FALSE,TRUE,FALSE,FALSE,TRUE,TRUE,FALSE,General Surgeon,1,,2026-09-28 10:04:51,CREATED
REQ-004847,PT-279798,Road Accident,Critical,54,18.519213,73.686343,TRUE,TRUE,TRUE,TRUE,FALSE,TRUE,TRUE,TRUE,FALSE,Neurologist,1,,2026-09-28 10:05:22,MATCHING
REQ-004848,PT-716913,Cardiac,Moderate,63,18.503163,73.868566,TRUE,FALSE,FALSE,FALSE,TRUE,FALSE,FALSE,FALSE,FALSE,,1,AMB-078,2026-09-28 10:05:57,COMPLETED
REQ-004849,PT-547511,Burn,Low,66,18.639647,73.825242,TRUE,FALSE,FALSE,FALSE,FALSE,FALSE,FALSE,FALSE,FALSE,,1,AMB-051,2026-09-28 10:05:59,COMPLETED
REQ-004850,PT-419789,Road Accident,Moderate,29,18.487357,73.875435,FALSE,FALSE,TRUE,TRUE,FALSE,FALSE,FALSE,FALSE,FALSE,,1,AMB-071,2026-09-28 10:06:26,COMPLETED
REQ-004851,PT-127244,Respiratory,Moderate,70,18.564653,73.948496,TRUE,FALSE,FALSE,FALSE,FALSE,FALSE,FALSE,FALSE,FALSE,,1,,2026-09-28 10:06:32,CREATED
REQ-004852,PT-273154,Road Accident,Low,44,18.512663,73.82158,FALSE,FALSE,FALSE,TRUE,FALSE,FALSE,FALSE,FALSE,FALSE,,1,AMB-055,2026-09-28 10:07:23,COMPLETED
REQ-004853,PT-350639,Cardiac,Moderate,67,18.63952,73.765684,FALSE,FALSE,TRUE,FALSE,TRUE,FALSE,FALSE,FALSE,FALSE,,1,,2026-09-28 10:07:42,MATCHING
REQ-004854,PT-134877,Cardiac,High,71,18.513205,73.846487,FALSE,FALSE,TRUE,FALSE,TRUE,FALSE,FALSE,FALSE,FALSE,,1,,2026-09-28 10:07:45,MATCHING
REQ-004855,PT-557570,Road Accident,Moderate,60,18.512837,73.864504,FALSE,FALSE,FALSE,TRUE,FALSE,FALSE,FALSE,TRUE,FALSE,,1,,2026-09-28 10:08:41,MATCHING
REQ-004856,PT-263337,Road Accident,High,30,18.563746,73.77755,TRUE,FALSE,FALSE,FALSE,FALSE,FALSE,TRUE,FALSE,FALSE,,1,AMB-062,2026-09-28 10:10:00,COMPLETED
REQ-004857,PT-366337,Stroke,High,50,18.506931,73.798219,TRUE,FALSE,FALSE,FALSE,FALSE,TRUE,FALSE,FALSE,FALSE,Neurologist,1,AMB-052,2026-09-28 10:10:05,COMPLETED
REQ-004858,PT-324964,Stroke,Moderate,81,18.48814,73.795108,FALSE,FALSE,FALSE,FALSE,FALSE,FALSE,FALSE,FALSE,FALSE,,1,AMB-057,2026-09-28 10:11:40,COMPLETED
REQ-004859,PT-331407,Cardiac,High,91,18.644361,73.813191,TRUE,FALSE,FALSE,FALSE,TRUE,FALSE,FALSE,TRUE,FALSE,,1,AMB-035,2026-09-28 10:12:56,COMPLETED
REQ-004860,PT-722923,Stroke,Moderate,69,18.584425,73.817227,FALSE,FALSE,FALSE,FALSE,FALSE,TRUE,FALSE,FALSE,FALSE,,1,AMB-026,2026-09-28 10:13:15,COMPLETED
REQ-004861,PT-934042,Stroke,Low,66,18.487462,73.868968,FALSE,FALSE,FALSE,FALSE,FALSE,FALSE,FALSE,FALSE,FALSE,,1,AMB-086,2026-09-28 10:13:32,COMPLETED
REQ-004862,PT-121067,Cardiac,Low,79,18.490998,73.780461,FALSE,FALSE,FALSE,FALSE,TRUE,FALSE,FALSE,FALSE,FALSE,,1,,2026-09-28 10:14:18,MATCHING
REQ-004863,PT-296253,Stroke,High,61,18.490698,73.858792,FALSE,FALSE,FALSE,FALSE,FALSE,FALSE,FALSE,FALSE,FALSE,Neurologist,1,,2026-09-28 10:15:09,CREATED
REQ-004864,PT-459874,Road Accident,High,38,18.58711,73.740084,TRUE,TRUE,FALSE,FALSE,FALSE,FALSE,TRUE,TRUE,FALSE,,1,AMB-025,2026-09-28 10:15:48,COMPLETED
REQ-004865,PT-362052,Road Accident,Moderate,33,18.495966,73.861502,FALSE,FALSE,FALSE,FALSE,FALSE,FALSE,FALSE,FALSE,FALSE,,1,,2026-09-28 10:16:05,MATCHING
REQ-004866,PT-534978,Other,Low,63,18.668479,73.797536,FALSE,FALSE,FALSE,FALSE,FALSE,FALSE,FALSE,FALSE,FALSE,,1,,2026-09-28 10:16:40,MATCHING
REQ-004867,PT-164549,Stroke,High,76,18.54262,73.847182,TRUE,FALSE,FALSE,FALSE,FALSE,TRUE,FALSE,FALSE,FALSE,Neurologist,1,,2026-09-28 10:17:02,MATCHING
REQ-004868,PT-554624,Stroke,High,64,18.623947,73.754782,TRUE,FALSE,TRUE,FALSE,TRUE,TRUE,FALSE,FALSE,FALSE,Neurologist,1,,2026-09-28 10:17:44,NO_MATCH
REQ-004869,PT-881513,Respiratory,High,71,18.498055,73.914281,TRUE,TRUE,TRUE,FALSE,FALSE,FALSE,FALSE,FALSE,FALSE,,1,AMB-087,2026-09-28 10:17:48,COMPLETED
REQ-004870,PT-778447,Other,Low,100,18.596353,73.785277,FALSE,FALSE,FALSE,FALSE,FALSE,FALSE,FALSE,FALSE,FALSE,Pulmonologist,1,,2026-09-28 10:18:04,CREATED
REQ-004871,PT-537295,Burn,Critical,28,18.593011,73.744838,TRUE,FALSE,TRUE,TRUE,FALSE,FALSE,FALSE,TRUE,FALSE,General Surgeon,1,AMB-024,2026-09-28 10:19:26,COMPLETED
REQ-004872,PT-418084,Stroke,Low,50,18.50804,73.848454,FALSE,FALSE,FALSE,FALSE,FALSE,TRUE,FALSE,TRUE,FALSE,Neurologist,1,,2026-09-28 10:20:00,CREATED
REQ-004873,PT-493057,Road Accident,Low,21,18.5463,73.790689,FALSE,FALSE,FALSE,FALSE,FALSE,FALSE,FALSE,FALSE,FALSE,,1,,2026-09-28 10:20:01,CREATED
REQ-004874,PT-751866,Cardiac,High,76,18.552378,73.927241,FALSE,FALSE,TRUE,FALSE,TRUE,FALSE,TRUE,FALSE,FALSE,Cardiologist,1,,2026-09-28 10:20:06,MATCHING
REQ-004875,PT-229561,Stroke,High,84,18.567833,73.800957,TRUE,FALSE,FALSE,FALSE,FALSE,TRUE,FALSE,FALSE,FALSE,Neurologist,1,,2026-09-28 10:21:03,MATCHING
REQ-004876,PT-263415,Road Accident,High,33,18.557266,73.953083,TRUE,FALSE,FALSE,TRUE,FALSE,FALSE,TRUE,TRUE,FALSE,Trauma Surgeon,1,AMB-077,2026-09-28 10:21:12,COMPLETED
REQ-004877,PT-518568,Road Accident,High,46,18.525906,73.693772,TRUE,TRUE,FALSE,TRUE,FALSE,TRUE,FALSE,TRUE,FALSE,,1,AMB-037,2026-09-28 10:22:50,IN_TRANSIT
REQ-004878,PT-851920,Road Accident,Low,19,18.57638,73.912823,FALSE,FALSE,FALSE,TRUE,FALSE,TRUE,FALSE,FALSE,FALSE,,1,AMB-046,2026-09-28 10:23:08,COMPLETED
REQ-004879,PT-895967,Road Accident,Low,27,18.505396,73.874311,FALSE,FALSE,FALSE,TRUE,FALSE,FALSE,FALSE,FALSE,FALSE,Trauma Surgeon,1,,2026-09-28 10:24:07,MATCHING
REQ-004880,PT-192621,Road Accident,High,38,18.4887,73.922924,TRUE,FALSE,TRUE,TRUE,FALSE,FALSE,TRUE,TRUE,FALSE,Trauma Surgeon,1,,2026-09-28 10:24:14,MATCHING
REQ-004881,PT-123033,Burn,Critical,25,18.453336,73.907798,TRUE,FALSE,TRUE,TRUE,TRUE,FALSE,TRUE,TRUE,FALSE,General Surgeon,1,,2026-09-28 10:25:42,CREATED
REQ-004882,PT-909417,Road Accident,Critical,19,18.519845,73.691083,TRUE,TRUE,FALSE,TRUE,FALSE,TRUE,TRUE,TRUE,FALSE,Neurologist,1,AMB-040,2026-09-28 10:26:02,IN_TRANSIT
REQ-004883,PT-537373,Respiratory,Critical,10,18.502243,73.93659,TRUE,TRUE,TRUE,FALSE,FALSE,FALSE,FALSE,FALSE,FALSE,Pulmonologist,1,AMB-080,2026-09-28 10:26:07,COMPLETED
REQ-004884,PT-811119,Cardiac,Critical,71,18.549655,73.789665,TRUE,FALSE,FALSE,FALSE,FALSE,FALSE,FALSE,TRUE,FALSE,Cardiologist,1,,2026-09-28 10:26:37,MATCHING
REQ-004885,PT-191375,Stroke,Moderate,57,18.555291,73.904767,FALSE,FALSE,FALSE,FALSE,FALSE,TRUE,FALSE,FALSE,FALSE,,1,,2026-09-28 10:27:44,CREATED
REQ-004886,PT-373723,Respiratory,Critical,9,18.474466,73.796412,TRUE,TRUE,TRUE,FALSE,FALSE,FALSE,FALSE,FALSE,FALSE,Pulmonologist,1,,2026-09-28 10:28:16,MATCHING
REQ-004887,PT-214145,Road Accident,High,16,18.564838,73.974647,TRUE,FALSE,TRUE,FALSE,FALSE,FALSE,FALSE,FALSE,FALSE,Trauma Surgeon,1,AMB-042,2026-09-28 10:28:32,COMPLETED
REQ-004888,PT-523806,Respiratory,High,67,18.513296,73.925887,TRUE,TRUE,TRUE,FALSE,FALSE,FALSE,FALSE,FALSE,FALSE,,1,AMB-063,2026-09-28 10:28:32,COMPLETED
REQ-004889,PT-874332,Road Accident,Moderate,20,18.529452,73.917901,FALSE,FALSE,FALSE,TRUE,FALSE,FALSE,FALSE,FALSE,FALSE,General Surgeon,1,AMB-089,2026-09-28 10:29:12,COMPLETED
REQ-004890,PT-904525,Respiratory,Moderate,85,18.513961,73.863688,TRUE,TRUE,FALSE,FALSE,FALSE,FALSE,FALSE,FALSE,FALSE,,1,,2026-09-28 10:30:55,MATCHING
REQ-004891,PT-654781,Cardiac,Critical,54,18.549399,73.876263,TRUE,FALSE,TRUE,FALSE,TRUE,FALSE,FALSE,FALSE,TRUE,Cardiologist,1,,2026-09-28 10:31:11,MATCHING
REQ-004892,PT-524915,Other,Moderate,29,18.462318,73.865507,FALSE,FALSE,TRUE,FALSE,FALSE,FALSE,FALSE,FALSE,FALSE,,1,,2026-09-28 10:31:15,MATCHING
REQ-004893,PT-571550,Cardiac,Moderate,61,18.645974,73.817925,TRUE,FALSE,FALSE,FALSE,TRUE,TRUE,FALSE,FALSE,FALSE,,1,,2026-09-28 10:32:02,NO_MATCH
REQ-004894,PT-573470,Respiratory,Moderate,57,18.583323,73.913836,TRUE,FALSE,FALSE,FALSE,FALSE,FALSE,FALSE,FALSE,FALSE,Pulmonologist,1,,2026-09-28 10:32:36,MATCHING
REQ-004895,PT-728216,Road Accident,High,55,18.503153,73.68359,TRUE,TRUE,FALSE,FALSE,FALSE,FALSE,FALSE,FALSE,FALSE,General Surgeon,1,,2026-09-28 10:33:40,MATCHING
REQ-004896,PT-394340,Road Accident,High,33,18.454074,73.854028,FALSE,FALSE,FALSE,FALSE,FALSE,FALSE,TRUE,FALSE,FALSE,Trauma Surgeon,1,AMB-081,2026-09-28 10:35:36,COMPLETED
REQ-004897,PT-538784,Respiratory,Moderate,85,18.500132,73.93462,TRUE,FALSE,TRUE,FALSE,FALSE,FALSE,FALSE,FALSE,FALSE,,1,AMB-069,2026-09-28 10:37:38,COMPLETED
REQ-004898,PT-798126,Burn,High,26,18.455118,73.912739,TRUE,TRUE,FALSE,TRUE,FALSE,FALSE,FALSE,FALSE,FALSE,,1,AMB-053,2026-09-28 10:37:38,COMPLETED
REQ-004899,PT-632598,Respiratory,Critical,2,18.631529,73.838238,TRUE,TRUE,TRUE,FALSE,FALSE,FALSE,FALSE,FALSE,FALSE,,1,AMB-012,2026-09-28 10:39:42,COMPLETED
REQ-004900,PT-498494,Road Accident,Moderate,51,18.714853,73.680675,FALSE,FALSE,FALSE,TRUE,FALSE,FALSE,FALSE,FALSE,FALSE,Trauma Surgeon,1,,2026-09-28 10:39:57,MATCHING
REQ-004901,PT-106883,Respiratory,Moderate,59,18.501537,73.892697,TRUE,TRUE,FALSE,FALSE,FALSE,FALSE,FALSE,FALSE,FALSE,,1,AMB-036,2026-09-28 10:40:45,COMPLETED
REQ-004902,PT-552033,Cardiac,Low,64,18.516048,73.875862,FALSE,FALSE,FALSE,FALSE,FALSE,FALSE,FALSE,TRUE,FALSE,Cardiologist,1,AMB-068,2026-09-28 10:40:56,COMPLETED
REQ-004903,PT-902711,Other,Low,87,18.502186,73.924347,FALSE,FALSE,FALSE,FALSE,FALSE,FALSE,FALSE,FALSE,FALSE,,1,AMB-099,2026-09-28 10:42:30,COMPLETED
REQ-004904,PT-636504,Respiratory,Moderate,69,18.476036,73.800561,FALSE,TRUE,TRUE,FALSE,FALSE,FALSE,FALSE,FALSE,FALSE,,1,,2026-09-28 10:42:59,CREATED
REQ-004905,PT-845935,Road Accident,Moderate,11,18.736233,73.693488,FALSE,FALSE,FALSE,TRUE,FALSE,FALSE,FALSE,FALSE,FALSE,,1,AMB-041,2026-09-28 10:43:33,IN_TRANSIT
REQ-004906,PT-476632,Road Accident,High,32,18.61231,73.802834,FALSE,FALSE,TRUE,TRUE,FALSE,FALSE,FALSE,TRUE,FALSE,Trauma Surgeon,1,,2026-09-28 10:43:54,MATCHING
REQ-004907,PT-916572,Respiratory,Low,26,18.521005,73.87688,FALSE,FALSE,TRUE,FALSE,FALSE,FALSE,FALSE,FALSE,FALSE,,1,,2026-09-28 10:44:13,CREATED
REQ-004908,PT-692147,Road Accident,Moderate,23,18.518459,73.679428,FALSE,FALSE,FALSE,TRUE,FALSE,FALSE,FALSE,FALSE,FALSE,General Surgeon,1,AMB-007,2026-09-28 10:44:15,IN_TRANSIT
REQ-004909,PT-197320,Respiratory,Moderate,52,18.635857,73.800072,TRUE,TRUE,FALSE,FALSE,FALSE,FALSE,FALSE,FALSE,FALSE,Pulmonologist,1,,2026-09-28 10:44:24,CREATED
REQ-004910,PT-439372,Respiratory,Moderate,78,18.556115,73.810294,FALSE,FALSE,TRUE,FALSE,FALSE,FALSE,FALSE,FALSE,FALSE,Pulmonologist,1,AMB-083,2026-09-28 10:44:32,COMPLETED
REQ-004911,PT-334462,Respiratory,Low,67,18.586206,73.879255,FALSE,FALSE,TRUE,FALSE,FALSE,FALSE,FALSE,FALSE,FALSE,,1,AMB-031,2026-09-28 10:44:42,COMPLETED
REQ-004912,PT-622964,Respiratory,Moderate,79,18.527415,73.923082,TRUE,TRUE,FALSE,FALSE,FALSE,FALSE,FALSE,FALSE,FALSE,,1,AMB-098,2026-09-28 10:44:48,COMPLETED
REQ-004913,PT-692563,Stroke,Moderate,71,18.483807,73.833278,FALSE,FALSE,TRUE,FALSE,FALSE,TRUE,TRUE,FALSE,FALSE,Neurologist,1,AMB-047,2026-09-28 10:45:00,COMPLETED
REQ-004914,PT-321369,Respiratory,Critical,71,18.463997,73.928012,TRUE,TRUE,TRUE,FALSE,FALSE,FALSE,FALSE,FALSE,FALSE,Pulmonologist,1,AMB-085,2026-09-28 10:45:17,COMPLETED
REQ-004915,PT-149350,Respiratory,Moderate,78,18.517201,73.839366,TRUE,TRUE,TRUE,FALSE,FALSE,FALSE,FALSE,FALSE,FALSE,,1,,2026-09-28 10:45:35,MATCHING
REQ-004916,PT-686767,Road Accident,Moderate,56,18.647486,73.796942,FALSE,FALSE,FALSE,TRUE,FALSE,TRUE,FALSE,TRUE,FALSE,Trauma Surgeon,1,AMB-029,2026-09-28 10:45:44,COMPLETED
REQ-004917,PT-238449,Respiratory,Moderate,6,18.501056,73.82244,FALSE,FALSE,TRUE,FALSE,FALSE,FALSE,FALSE,FALSE,FALSE,,1,,2026-09-28 10:47:08,MATCHING
REQ-004918,PT-540586,Road Accident,High,27,18.477209,73.829434,FALSE,FALSE,FALSE,TRUE,FALSE,FALSE,TRUE,FALSE,FALSE,Trauma Surgeon,1,,2026-09-28 10:49:02,CREATED
REQ-004919,PT-272578,Respiratory,Low,5,18.460897,73.883754,FALSE,FALSE,TRUE,FALSE,FALSE,FALSE,FALSE,FALSE,FALSE,,1,,2026-09-28 10:49:17,CREATED
REQ-004920,PT-787465,Stroke,Moderate,58,18.494527,73.92139,TRUE,FALSE,FALSE,FALSE,FALSE,TRUE,FALSE,TRUE,FALSE,,1,,2026-09-28 10:49:47,MATCHING
REQ-004921,PT-259760,Road Accident,Critical,44,18.50867,73.85951,FALSE,FALSE,FALSE,TRUE,FALSE,FALSE,TRUE,TRUE,FALSE,Trauma Surgeon,1,AMB-003,2026-09-28 10:50:58,COMPLETED
REQ-004922,PT-748566,Road Accident,Moderate,31,18.563116,73.986843,FALSE,FALSE,FALSE,TRUE,FALSE,FALSE,FALSE,FALSE,FALSE,,1,AMB-017,2026-09-28 10:51:10,IN_TRANSIT
REQ-004923,PT-338397,Road Accident,Moderate,34,18.470873,73.956542,FALSE,FALSE,FALSE,FALSE,FALSE,FALSE,FALSE,TRUE,FALSE,,1,AMB-067,2026-09-28 10:51:19,IN_TRANSIT
REQ-004924,PT-994684,Respiratory,Low,66,18.456726,73.901114,FALSE,FALSE,TRUE,FALSE,FALSE,FALSE,FALSE,FALSE,FALSE,,1,,2026-09-28 10:51:24,CREATED
REQ-004925,PT-306330,Respiratory,Moderate,49,18.503405,73.913027,TRUE,FALSE,FALSE,FALSE,FALSE,FALSE,FALSE,FALSE,FALSE,,1,,2026-09-28 10:51:37,CREATED
REQ-004926,PT-857713,Respiratory,Moderate,92,18.525044,73.861204,TRUE,TRUE,TRUE,FALSE,FALSE,FALSE,FALSE,FALSE,FALSE,,1,,2026-09-28 10:52:33,MATCHING
REQ-004927,PT-288720,Road Accident,High,35,18.592442,73.781314,TRUE,TRUE,FALSE,TRUE,FALSE,FALSE,FALSE,FALSE,FALSE,Trauma Surgeon,1,,2026-09-28 10:54:33,MATCHING
REQ-004928,PT-868151,Other,Low,39,18.530441,73.852324,FALSE,FALSE,FALSE,FALSE,FALSE,FALSE,TRUE,FALSE,FALSE,,1,AMB-021,2026-09-28 10:54:47,COMPLETED
REQ-004929,PT-651812,Cardiac,High,65,18.543127,73.782916,TRUE,FALSE,FALSE,FALSE,FALSE,FALSE,FALSE,FALSE,FALSE,Cardiologist,1,AMB-058,2026-09-28 10:54:51,COMPLETED
REQ-004930,PT-286017,Respiratory,Moderate,62,18.50919,73.783484,FALSE,FALSE,TRUE,FALSE,FALSE,FALSE,FALSE,FALSE,FALSE,Pulmonologist,1,AMB-011,2026-09-28 10:56:34,IN_TRANSIT
REQ-004931,PT-223526,Road Accident,Low,27,18.531047,73.857035,TRUE,TRUE,FALSE,FALSE,FALSE,FALSE,FALSE,FALSE,FALSE,,1,AMB-016,2026-09-28 10:58:12,COMPLETED
REQ-004932,PT-512646,Other,High,18,18.608451,73.729804,TRUE,FALSE,FALSE,FALSE,FALSE,FALSE,TRUE,TRUE,FALSE,Cardiologist,1,,2026-09-28 10:58:56,CREATED
REQ-004933,PT-717971,Respiratory,Moderate,44,18.548168,73.898633,TRUE,FALSE,TRUE,FALSE,FALSE,FALSE,FALSE,FALSE,FALSE,,1,,2026-09-28 10:58:57,CREATED
REQ-004934,PT-791597,Cardiac,Moderate,66,18.506842,73.885168,TRUE,FALSE,FALSE,FALSE,TRUE,FALSE,FALSE,FALSE,FALSE,,1,,2026-09-28 10:59:42,MATCHING
REQ-004935,PT-459919,Burn,Critical,13,18.590972,73.97914,TRUE,TRUE,FALSE,TRUE,FALSE,TRUE,TRUE,TRUE,FALSE,Neurologist,1,,2026-09-28 11:02:59,MATCHING
REQ-004936,PT-915251,Other,Critical,31,18.763476,73.851391,TRUE,TRUE,FALSE,TRUE,FALSE,TRUE,TRUE,TRUE,FALSE,Neurologist,1,AMB-022,2026-09-28 11:03:18,NO_MATCH
REQ-004937,PT-325737,Stroke,High,52,18.482724,73.825993,TRUE,FALSE,FALSE,FALSE,FALSE,TRUE,FALSE,FALSE,FALSE,,1,AMB-052,2026-09-28 11:03:55,COMPLETED
REQ-004938,PT-943435,Road Accident,Critical,27,18.508501,73.872567,TRUE,FALSE,FALSE,FALSE,FALSE,TRUE,TRUE,TRUE,FALSE,Trauma Surgeon,1,AMB-065,2026-09-28 11:04:37,COMPLETED
REQ-004939,PT-753388,Road Accident,Critical,29,18.732504,73.675336,TRUE,FALSE,TRUE,TRUE,FALSE,FALSE,TRUE,TRUE,FALSE,General Surgeon,1,AMB-093,2026-09-28 11:05:04,IN_TRANSIT
REQ-004940,PT-184143,Cardiac,Low,78,18.467053,73.862475,FALSE,FALSE,FALSE,FALSE,TRUE,FALSE,FALSE,FALSE,FALSE,,1,AMB-074,2026-09-28 11:05:54,COMPLETED
REQ-004941,PT-386968,Stroke,Low,56,18.467182,73.860466,FALSE,FALSE,FALSE,FALSE,FALSE,FALSE,FALSE,FALSE,FALSE,,1,,2026-09-28 11:06:31,MATCHING
REQ-004942,PT-408891,Cardiac,Moderate,59,18.580144,73.728098,TRUE,FALSE,FALSE,FALSE,TRUE,FALSE,FALSE,FALSE,FALSE,Cardiologist,1,,2026-09-28 11:07:38,MATCHING
REQ-004943,PT-603001,Other,Critical,21,18.551043,73.92461,TRUE,TRUE,TRUE,FALSE,FALSE,FALSE,FALSE,FALSE,TRUE,General Surgeon,1,,2026-09-28 11:08:12,MATCHING
REQ-004944,PT-623141,Stroke,High,58,18.553361,73.78443,FALSE,FALSE,FALSE,FALSE,FALSE,TRUE,FALSE,FALSE,FALSE,Neurologist,1,,2026-09-28 11:09:20,MATCHING
REQ-004945,PT-149569,Cardiac,Moderate,80,18.563294,73.78868,FALSE,FALSE,FALSE,FALSE,TRUE,FALSE,FALSE,FALSE,FALSE,Cardiologist,1,AMB-015,2026-09-28 11:09:22,COMPLETED
REQ-004946,PT-760416,Respiratory,Critical,61,18.52968,73.844523,TRUE,TRUE,TRUE,FALSE,FALSE,FALSE,FALSE,FALSE,FALSE,Pulmonologist,1,,2026-09-28 11:10:04,MATCHING
REQ-004947,PT-266658,Cardiac,High,76,18.522806,73.847381,FALSE,FALSE,TRUE,FALSE,FALSE,FALSE,TRUE,FALSE,FALSE,Cardiologist,1,AMB-064,2026-09-28 11:13:12,COMPLETED
REQ-004948,PT-126133,Burn,Critical,34,18.518028,73.743687,TRUE,FALSE,FALSE,TRUE,FALSE,FALSE,TRUE,FALSE,FALSE,General Surgeon,1,AMB-070,2026-09-28 11:13:48,IN_TRANSIT
REQ-004949,PT-517639,Road Accident,High,31,18.559053,73.731766,TRUE,TRUE,FALSE,TRUE,FALSE,FALSE,FALSE,TRUE,FALSE,,1,,2026-09-28 11:14:18,MATCHING
REQ-004950,PT-828260,Stroke,Critical,79,18.563349,73.755822,TRUE,TRUE,TRUE,FALSE,FALSE,TRUE,FALSE,TRUE,FALSE,Neurologist,1,AMB-002,2026-09-28 11:14:28,COMPLETED
REQ-004951,PT-883433,Respiratory,Moderate,11,18.634523,73.849497,FALSE,FALSE,TRUE,FALSE,FALSE,FALSE,FALSE,FALSE,FALSE,,1,,2026-09-28 11:17:16,MATCHING
REQ-004952,PT-952693,Road Accident,Moderate,28,18.468467,73.820388,FALSE,FALSE,FALSE,FALSE,FALSE,FALSE,TRUE,TRUE,FALSE,,1,,2026-09-28 11:17:44,MATCHING
REQ-004953,PT-762422,Respiratory,Moderate,5,18.78008,73.88871,TRUE,TRUE,TRUE,FALSE,FALSE,FALSE,FALSE,FALSE,FALSE,,1,AMB-022,2026-09-28 11:21:57,IN_TRANSIT
REQ-004954,PT-636685,Road Accident,Moderate,48,18.51913,73.808855,TRUE,TRUE,TRUE,TRUE,FALSE,FALSE,FALSE,FALSE,FALSE,,1,,2026-09-28 11:22:17,CREATED
REQ-004955,PT-736553,Other,Moderate,17,18.597312,73.741356,FALSE,FALSE,TRUE,FALSE,FALSE,FALSE,FALSE,FALSE,FALSE,,1,,2026-09-28 11:22:31,CREATED
REQ-004956,PT-561838,Cardiac,High,53,18.554237,73.880278,TRUE,FALSE,TRUE,FALSE,FALSE,FALSE,TRUE,FALSE,FALSE,,1,,2026-09-28 11:23:44,MATCHING
REQ-004957,PT-248387,Road Accident,High,23,18.616293,73.853312,FALSE,FALSE,FALSE,FALSE,FALSE,FALSE,TRUE,FALSE,FALSE,,1,,2026-09-28 11:26:09,CREATED
REQ-004958,PT-432413,Road Accident,High,36,18.746377,73.863442,TRUE,FALSE,FALSE,FALSE,FALSE,FALSE,TRUE,TRUE,FALSE,Trauma Surgeon,1,,2026-09-28 11:27:14,MATCHING
REQ-004959,PT-751762,Respiratory,High,59,18.64248,73.783885,TRUE,FALSE,TRUE,FALSE,FALSE,TRUE,FALSE,FALSE,FALSE,Pulmonologist,1,,2026-09-28 11:28:35,MATCHING
REQ-004960,PT-475625,Respiratory,Moderate,3,18.614259,73.801575,TRUE,FALSE,TRUE,FALSE,FALSE,FALSE,FALSE,FALSE,FALSE,Pulmonologist,1,,2026-09-28 11:28:43,CREATED
REQ-004961,PT-505763,Cardiac,Critical,55,18.609803,73.748793,TRUE,FALSE,FALSE,FALSE,TRUE,FALSE,FALSE,TRUE,FALSE,Cardiologist,1,,2026-09-28 11:31:24,MATCHING
REQ-004962,PT-388487,Road Accident,Low,19,18.564741,73.930175,FALSE,FALSE,FALSE,FALSE,FALSE,FALSE,FALSE,FALSE,FALSE,,1,AMB-050,2026-09-28 11:31:27,IN_TRANSIT
REQ-004963,PT-145084,Other,Moderate,22,18.559136,73.79323,FALSE,FALSE,FALSE,FALSE,FALSE,FALSE,FALSE,FALSE,FALSE,,1,,2026-09-28 11:32:25,CREATED
REQ-004964,PT-743249,Cardiac,High,64,18.637933,73.77756,TRUE,FALSE,TRUE,FALSE,TRUE,FALSE,FALSE,FALSE,TRUE,,1,,2026-09-28 11:32:32,MATCHING
REQ-004965,PT-148363,Respiratory,High,73,18.577178,73.769441,TRUE,TRUE,TRUE,FALSE,FALSE,FALSE,FALSE,FALSE,FALSE,,1,,2026-09-28 11:32:56,MATCHING
REQ-004966,PT-340337,Cardiac,High,46,18.666367,73.759462,FALSE,FALSE,FALSE,FALSE,TRUE,FALSE,FALSE,FALSE,FALSE,Cardiologist,1,,2026-09-28 11:35:03,MATCHING
REQ-004967,PT-260925,Road Accident,Critical,22,18.517936,73.840688,TRUE,FALSE,FALSE,TRUE,FALSE,FALSE,TRUE,TRUE,FALSE,General Surgeon,1,AMB-073,2026-09-28 11:35:59,NO_MATCH
REQ-004968,PT-621705,Road Accident,High,19,18.655679,73.776349,TRUE,FALSE,TRUE,TRUE,FALSE,FALSE,FALSE,TRUE,FALSE,,2,AMB-006,2026-09-28 11:36:23,MATCHING
REQ-004969,PT-926791,Road Accident,High,20,18.499477,73.880695,FALSE,FALSE,FALSE,FALSE,FALSE,FALSE,TRUE,FALSE,FALSE,Trauma Surgeon,1,,2026-09-28 11:36:51,CREATED
REQ-004970,PT-108902,Cardiac,Moderate,52,18.511356,73.820087,FALSE,FALSE,FALSE,FALSE,TRUE,FALSE,FALSE,FALSE,FALSE,,1,AMB-055,2026-09-28 11:37:00,MATCHING
REQ-004971,PT-166389,Cardiac,High,72,18.524257,73.875136,TRUE,FALSE,FALSE,FALSE,TRUE,FALSE,TRUE,FALSE,FALSE,Cardiologist,1,,2026-09-28 11:37:49,MATCHING
REQ-004972,PT-236264,Cardiac,High,47,18.487929,73.889128,TRUE,FALSE,TRUE,FALSE,TRUE,FALSE,FALSE,FALSE,FALSE,Cardiologist,1,,2026-09-28 11:39:12,MATCHING
REQ-004973,PT-149590,Respiratory,Low,58,18.527499,73.850189,FALSE,FALSE,FALSE,FALSE,FALSE,FALSE,FALSE,FALSE,FALSE,,1,AMB-021,2026-09-28 11:39:52,ASSIGNED
REQ-004974,PT-339780,Other,Low,38,18.557118,73.789123,FALSE,FALSE,TRUE,FALSE,FALSE,FALSE,FALSE,FALSE,FALSE,,1,AMB-026,2026-09-28 11:41:34,MATCHING
REQ-004975,PT-301744,Stroke,Moderate,56,18.636963,73.781248,FALSE,FALSE,TRUE,FALSE,FALSE,TRUE,FALSE,FALSE,FALSE,,1,,2026-09-28 11:42:33,MATCHING
REQ-004976,PT-782147,Road Accident,High,29,18.509722,73.798804,TRUE,TRUE,FALSE,TRUE,FALSE,FALSE,FALSE,TRUE,FALSE,Trauma Surgeon,1,AMB-092,2026-09-28 11:43:02,ASSIGNED
REQ-004977,PT-821991,Respiratory,Low,11,18.485642,73.805154,FALSE,FALSE,FALSE,FALSE,FALSE,FALSE,FALSE,FALSE,FALSE,,1,,2026-09-28 11:43:08,MATCHING
REQ-004978,PT-757471,Road Accident,Low,11,18.483954,73.805534,FALSE,FALSE,FALSE,TRUE,FALSE,FALSE,FALSE,TRUE,FALSE,,1,,2026-09-28 11:43:22,MATCHING
REQ-004979,PT-573365,Stroke,Critical,63,18.661226,73.807869,TRUE,FALSE,FALSE,FALSE,FALSE,TRUE,FALSE,FALSE,FALSE,,1,AMB-049,2026-09-28 11:43:57,MATCHING
REQ-004980,PT-352435,Other,Low,25,18.657863,73.800053,FALSE,FALSE,FALSE,FALSE,FALSE,FALSE,FALSE,FALSE,FALSE,,1,,2026-09-28 11:44:57,MATCHING
REQ-004981,PT-216828,Road Accident,High,50,18.462427,73.825782,TRUE,FALSE,FALSE,TRUE,FALSE,FALSE,FALSE,TRUE,FALSE,,1,,2026-09-28 11:46:09,MATCHING
REQ-004982,PT-643735,Road Accident,Low,23,18.520339,73.876112,FALSE,FALSE,FALSE,TRUE,FALSE,FALSE,FALSE,FALSE,FALSE,,1,,2026-09-28 11:46:43,CREATED
REQ-004983,PT-167410,Stroke,High,71,18.544124,73.744699,TRUE,TRUE,FALSE,FALSE,FALSE,TRUE,FALSE,FALSE,FALSE,,1,,2026-09-28 11:49:00,CREATED
REQ-004984,PT-494056,Respiratory,Low,71,18.535996,73.842379,FALSE,FALSE,TRUE,FALSE,FALSE,FALSE,FALSE,FALSE,FALSE,,1,AMB-034,2026-09-28 11:49:03,MATCHING
REQ-004985,PT-350948,Road Accident,Moderate,14,18.553736,73.807305,FALSE,FALSE,FALSE,FALSE,FALSE,FALSE,FALSE,FALSE,FALSE,,1,,2026-09-28 11:49:31,MATCHING
REQ-004986,PT-211294,Cardiac,Critical,64,18.508001,73.930603,TRUE,FALSE,TRUE,FALSE,TRUE,FALSE,FALSE,FALSE,FALSE,Cardiologist,1,,2026-09-28 11:49:39,MATCHING
REQ-004987,PT-325927,Road Accident,Low,37,18.615165,73.804681,FALSE,FALSE,FALSE,TRUE,FALSE,FALSE,FALSE,FALSE,FALSE,,1,AMB-035,2026-09-28 11:51:11,MATCHING
REQ-004988,PT-764319,Respiratory,Low,3,18.595806,73.755492,TRUE,TRUE,FALSE,FALSE,FALSE,FALSE,FALSE,FALSE,FALSE,Pulmonologist,1,,2026-09-28 11:51:26,MATCHING
REQ-004989,PT-709189,Stroke,High,65,18.531018,73.908547,TRUE,FALSE,FALSE,FALSE,FALSE,TRUE,FALSE,FALSE,FALSE,Neurologist,1,,2026-09-28 11:53:23,MATCHING
REQ-004990,PT-701884,Other,High,75,18.488063,73.898914,FALSE,FALSE,FALSE,FALSE,FALSE,FALSE,FALSE,FALSE,FALSE,,1,,2026-09-28 11:53:34,MATCHING
REQ-004991,PT-309254,Stroke,Moderate,63,18.635232,73.804198,TRUE,FALSE,FALSE,FALSE,FALSE,TRUE,FALSE,FALSE,FALSE,,1,,2026-09-28 11:53:59,CREATED
REQ-004992,PT-796626,Road Accident,Moderate,54,18.474917,73.786979,TRUE,FALSE,FALSE,TRUE,TRUE,FALSE,FALSE,FALSE,FALSE,Trauma Surgeon,1,AMB-057,2026-09-28 11:54:20,MATCHING
REQ-004993,PT-110410,Road Accident,Critical,32,18.540565,73.836635,FALSE,FALSE,FALSE,TRUE,FALSE,FALSE,TRUE,TRUE,FALSE,General Surgeon,1,AMB-073,2026-09-28 11:54:25,MATCHING
REQ-004994,PT-136454,Burn,Low,40,18.577945,73.749098,TRUE,FALSE,FALSE,TRUE,FALSE,FALSE,FALSE,FALSE,FALSE,,2,,2026-09-28 11:56:10,CREATED
REQ-004995,PT-248107,Stroke,Critical,55,18.62511,73.800594,TRUE,FALSE,TRUE,FALSE,FALSE,TRUE,FALSE,FALSE,FALSE,Neurologist,1,AMB-012,2026-09-28 11:56:29,MATCHING
REQ-004996,PT-505519,Road Accident,Critical,30,18.636744,73.768815,TRUE,FALSE,TRUE,TRUE,FALSE,FALSE,TRUE,TRUE,FALSE,Trauma Surgeon,1,,2026-09-28 11:56:59,CREATED
REQ-004997,PT-153651,Road Accident,High,22,18.43962,73.857595,TRUE,FALSE,FALSE,TRUE,FALSE,FALSE,FALSE,TRUE,FALSE,,1,,2026-09-28 11:57:04,MATCHING
REQ-004998,PT-277976,Stroke,High,51,18.534607,73.726804,TRUE,FALSE,FALSE,FALSE,FALSE,TRUE,FALSE,FALSE,FALSE,Neurologist,1,,2026-09-28 11:57:18,CREATED
REQ-004999,PT-541383,Other,Moderate,78,18.526315,73.832631,FALSE,FALSE,FALSE,FALSE,FALSE,FALSE,FALSE,FALSE,FALSE,,1,AMB-060,2026-09-28 11:57:41,MATCHING
REQ-005000,PT-649615,Respiratory,High,52,18.664791,73.771487,TRUE,FALSE,TRUE,FALSE,FALSE,FALSE,FALSE,FALSE,FALSE,Pulmonologist,1,AMB-023,2026-09-28 11:57:57,MATCHING
