reservation_id,request_id,hospital_id,resource_type,quantity,reservation_status,requested_at,confirmed_at,expires_at
RSV-000001,REQ-000001,HSP-012,Oxygen Bed,1,CONFIRMED,2026-09-01 00:08:32,2026-09-01 00:09:16,2026-09-01 00:23:32
RSV-000002,REQ-000003,HSP-013,ICU,1,CONFIRMED,2026-09-01 00:18:58,2026-09-01 00:20:02,2026-09-01 00:33:58
RSV-000003,REQ-000002,HSP-002,ICU,1,CONFIRMED,2026-09-01 00:19:16,2026-09-01 00:19:42,2026-09-01 00:34:16
RSV-000004,REQ-000002,HSP-002,Ventilator,1,CONFIRMED,2026-09-01 00:19:18,2026-09-01 00:19:43,2026-09-01 00:34:16
RSV-000005,REQ-000011,HSP-002,ICU,1,CONFIRMED,2026-09-01 02:40:43,2026-09-01 02:41:05,2026-09-01 02:55:43
RSV-000006,REQ-000011,HSP-002,Ventilator,1,CONFIRMED,2026-09-01 02:40:45,2026-09-01 02:41:09,2026-09-01 02:55:43
RSV-000007,REQ-000015,HSP-013,ICU,1,CONFIRMED,2026-09-01 03:45:04,2026-09-01 03:46:14,2026-09-01 04:00:04
RSV-000008,REQ-000015,HSP-013,Ventilator,1,CONFIRMED,2026-09-01 03:45:06,2026-09-01 03:46:14,2026-09-01 04:00:04
RSV-000009,REQ-000019,HSP-013,ICU,1,CONFIRMED,2026-09-01 04:28:42,2026-09-01 04:28:58,2026-09-01 04:43:42
RSV-000010,REQ-000019,HSP-013,Ventilator,1,CONFIRMED,2026-09-01 04:28:44,2026-09-01 04:29:01,2026-09-01 04:43:42
RSV-000011,REQ-000025,HSP-004,Oxygen Bed,1,EXPIRED,2026-09-01 06:30:42,,2026-09-01 06:40:42
RSV-000012,REQ-000028,HSP-012,Oxygen Bed,1,CONFIRMED,2026-09-01 07:22:37,2026-09-01 07:23:06,2026-09-01 07:37:37
RSV-000013,REQ-000032,HSP-019,ICU,1,CONFIRMED,2026-09-01 07:38:50,2026-09-01 07:40:01,2026-09-01 07:53:50
RSV-000014,REQ-000032,HSP-019,Ventilator,1,CONFIRMED,2026-09-01 07:38:52,2026-09-01 07:40:06,2026-09-01 07:53:50
RSV-000015,REQ-000039,HSP-003,General Bed,1,CONFIRMED,2026-09-01 08:30:54,2026-09-01 08:31:18,2026-09-01 08:45:54
RSV-000016,REQ-000040,HSP-024,ICU,1,EXPIRED,2026-09-01 08:43:45,,2026-09-01 08:53:45
RSV-000017,REQ-000044,HSP-007,ICU,1,CONFIRMED,2026-09-01 09:03:54,2026-09-01 09:04:43,2026-09-01 09:18:54
RSV-000018,REQ-000048,HSP-002,ICU,1,EXPIRED,2026-09-01 09:19:06,,2026-09-01 09:29:06
RSV-000019,REQ-000049,HSP-012,ICU,1,CONFIRMED,2026-09-01 09:35:29,2026-09-01 09:36:06,2026-09-01 09:50:29
RSV-000020,REQ-000049,HSP-012,Ventilator,1,CONFIRMED,2026-09-01 09:35:31,2026-09-01 09:36:11,2026-09-01 09:50:29
RSV-000021,REQ-000052,HSP-013,ICU,1,CONFIRMED,2026-09-01 09:44:36,2026-09-01 09:45:31,2026-09-01 09:59:36
RSV-000022,REQ-000054,HSP-013,ICU,1,FAILED,2026-09-01 09:44:44,,2026-09-01 09:54:44
RSV-000023,REQ-000054,HSP-012,ICU,1,CONFIRMED,2026-09-01 09:48:33,2026-09-01 09:48:53,2026-09-01 10:03:33
RSV-000024,REQ-000054,HSP-012,Ventilator,1,CONFIRMED,2026-09-01 09:48:35,2026-09-01 09:48:59,2026-09-01 10:03:33
RSV-000025,REQ-000055,HSP-013,ICU,1,CONFIRMED,2026-09-01 09:54:21,2026-09-01 09:54:55,2026-09-01 10:09:21
RSV-000026,REQ-000055,HSP-013,Ventilator,1,CONFIRMED,2026-09-01 09:54:23,2026-09-01 09:55:04,2026-09-01 10:09:21
RSV-000027,REQ-000056,HSP-007,ICU,1,EXPIRED,2026-09-01 10:25:25,,2026-09-01 10:35:25
RSV-000028,REQ-000057,HSP-018,ICU,1,CONFIRMED,2026-09-01 10:47:09,2026-09-01 10:47:57,2026-09-01 11:02:09
RSV-000029,REQ-000057,HSP-018,Ventilator,1,CONFIRMED,2026-09-01 10:47:11,2026-09-01 10:47:57,2026-09-01 11:02:09
RSV-000030,REQ-000059,HSP-008,General Bed,1,FAILED,2026-09-01 11:20:02,,2026-09-01 11:30:02
RSV-000031,REQ-000059,HSP-010,General Bed,1,CONFIRMED,2026-09-01 11:24:14,2026-09-01 11:25:26,2026-09-01 11:39:14
RSV-000032,REQ-000064,HSP-013,General Bed,1,CONFIRMED,2026-09-01 11:35:14,2026-09-01 11:35:35,2026-09-01 11:50:14
RSV-000033,REQ-000066,HSP-002,General Bed,1,CONFIRMED,2026-09-01 11:46:09,2026-09-01 11:47:22,2026-09-01 12:01:09
RSV-000034,REQ-000068,HSP-024,General Bed,1,CONFIRMED,2026-09-01 11:48:54,2026-09-01 11:49:05,2026-09-01 12:03:54
RSV-000035,REQ-000069,HSP-013,ICU,1,CONFIRMED,2026-09-01 11:54:38,2026-09-01 11:55:38,2026-09-01 12:09:38
RSV-000036,REQ-000069,HSP-013,Ventilator,1,CONFIRMED,2026-09-01 11:54:40,2026-09-01 11:55:47,2026-09-01 12:09:38
RSV-000037,REQ-000070,HSP-004,ICU,1,CONFIRMED,2026-09-01 12:11:38,2026-09-01 12:11:51,2026-09-01 12:26:38
RSV-000038,REQ-000074,HSP-019,ICU,1,CANCELLED,2026-09-01 12:27:55,2026-09-01 12:28:25,2026-09-01 12:37:55
RSV-000039,REQ-000074,HSP-020,ICU,1,CONFIRMED,2026-09-01 12:32:02,2026-09-01 12:32:46,2026-09-01 12:47:02
RSV-000040,REQ-000074,HSP-020,Ventilator,1,CONFIRMED,2026-09-01 12:32:04,2026-09-01 12:32:55,2026-09-01 12:47:02
RSV-000041,REQ-000075,HSP-018,ICU,1,CONFIRMED,2026-09-01 12:35:54,2026-09-01 12:36:03,2026-09-01 12:50:54
RSV-000042,REQ-000075,HSP-018,Ventilator,1,CONFIRMED,2026-09-01 12:35:56,2026-09-01 12:36:12,2026-09-01 12:50:54
RSV-000043,REQ-000076,HSP-018,General Bed,1,FAILED,2026-09-01 12:38:27,,2026-09-01 12:48:27
RSV-000044,REQ-000076,HSP-012,General Bed,1,CONFIRMED,2026-09-01 12:43:08,2026-09-01 12:43:45,2026-09-01 12:58:08
RSV-000045,REQ-000079,HSP-001,ICU,1,CONFIRMED,2026-09-01 12:48:00,2026-09-01 12:48:10,2026-09-01 13:03:00
RSV-000046,REQ-000080,HSP-007,ICU,1,CONFIRMED,2026-09-01 12:54:07,2026-09-01 12:55:15,2026-09-01 13:09:07
RSV-000047,REQ-000080,HSP-007,Ventilator,1,CONFIRMED,2026-09-01 12:54:09,2026-09-01 12:55:22,2026-09-01 13:09:07
RSV-000048,REQ-000083,HSP-002,ICU,1,CONFIRMED,2026-09-01 13:02:25,2026-09-01 13:02:39,2026-09-01 13:17:25
RSV-000049,REQ-000082,HSP-002,ICU,1,CONFIRMED,2026-09-01 13:02:48,2026-09-01 13:03:06,2026-09-01 13:17:48
RSV-000050,REQ-000082,HSP-002,Ventilator,1,CONFIRMED,2026-09-01 13:02:50,2026-09-01 13:03:15,2026-09-01 13:17:48
RSV-000051,REQ-000085,HSP-002,ICU,1,CANCELLED,2026-09-01 13:16:39,2026-09-01 13:17:02,2026-09-01 13:26:39
RSV-000052,REQ-000085,HSP-005,ICU,1,CONFIRMED,2026-09-01 13:22:44,2026-09-01 13:23:28,2026-09-01 13:37:44
RSV-000053,REQ-000089,HSP-013,General Bed,1,CONFIRMED,2026-09-01 13:50:55,2026-09-01 13:51:23,2026-09-01 14:05:55
RSV-000054,REQ-000094,HSP-008,General Bed,1,CONFIRMED,2026-09-01 14:17:38,2026-09-01 14:17:58,2026-09-01 14:32:38
RSV-000055,REQ-000097,HSP-002,Ventilator,1,FAILED,2026-09-01 14:39:36,,2026-09-01 14:49:36
RSV-000056,REQ-000098,HSP-001,ICU,1,CONFIRMED,2026-09-01 14:43:56,2026-09-01 14:44:05,2026-09-01 14:58:56
RSV-000057,REQ-000099,HSP-006,General Bed,1,EXPIRED,2026-09-01 14:45:57,,2026-09-01 14:55:57
RSV-000058,REQ-000100,HSP-002,General Bed,1,CONFIRMED,2026-09-01 14:48:39,2026-09-01 14:48:59,2026-09-01 15:03:39
RSV-000059,REQ-000103,HSP-013,General Bed,1,CONFIRMED,2026-09-01 14:56:25,2026-09-01 14:56:58,2026-09-01 15:11:25
RSV-000060,REQ-000106,HSP-019,General Bed,1,CONFIRMED,2026-09-01 15:11:57,2026-09-01 15:13:01,2026-09-01 15:26:57
RSV-000061,REQ-000111,HSP-003,ICU,1,EXPIRED,2026-09-01 16:10:23,,2026-09-01 16:20:23
RSV-000062,REQ-000116,HSP-007,ICU,1,EXPIRED,2026-09-01 16:21:24,,2026-09-01 16:31:24
RSV-000063,REQ-000118,HSP-002,General Bed,1,CONFIRMED,2026-09-01 16:23:46,2026-09-01 16:24:55,2026-09-01 16:38:46
RSV-000064,REQ-000119,HSP-008,ICU,1,CONFIRMED,2026-09-01 16:25:47,2026-09-01 16:26:41,2026-09-01 16:40:47
RSV-000065,REQ-000120,HSP-008,ICU,1,EXPIRED,2026-09-01 16:37:01,,2026-09-01 16:47:01
RSV-000066,REQ-000124,HSP-009,Oxygen Bed,1,CONFIRMED,2026-09-01 16:47:43,2026-09-01 16:48:53,2026-09-01 17:02:43
RSV-000067,REQ-000127,HSP-004,General Bed,1,CONFIRMED,2026-09-01 17:09:39,2026-09-01 17:09:58,2026-09-01 17:24:39
RSV-000068,REQ-000130,HSP-002,ICU,1,CONFIRMED,2026-09-01 17:31:22,2026-09-01 17:31:40,2026-09-01 17:46:22
RSV-000069,REQ-000130,HSP-002,Ventilator,1,CONFIRMED,2026-09-01 17:31:24,2026-09-01 17:31:48,2026-09-01 17:46:22
RSV-000070,REQ-000135,HSP-002,General Bed,1,CONFIRMED,2026-09-01 17:57:01,2026-09-01 17:57:10,2026-09-01 18:12:01
RSV-000071,REQ-000141,HSP-018,ICU,1,CONFIRMED,2026-09-01 18:35:11,2026-09-01 18:35:52,2026-09-01 18:50:11
RSV-000072,REQ-000141,HSP-018,Ventilator,1,CONFIRMED,2026-09-01 18:35:13,2026-09-01 18:35:55,2026-09-01 18:50:11
RSV-000073,REQ-000145,HSP-004,ICU,1,FAILED,2026-09-01 19:02:38,,2026-09-01 19:12:38
RSV-000074,REQ-000145,HSP-003,ICU,1,CONFIRMED,2026-09-01 19:07:56,2026-09-01 19:09:03,2026-09-01 19:22:56
RSV-000075,REQ-000150,HSP-004,General Bed,1,CONFIRMED,2026-09-01 19:17:14,2026-09-01 19:18:07,2026-09-01 19:32:14
RSV-000076,REQ-000155,HSP-011,General Bed,1,CONFIRMED,2026-09-01 20:18:39,2026-09-01 20:19:34,2026-09-01 20:33:39
RSV-000077,REQ-000161,HSP-020,General Bed,1,FAILED,2026-09-01 21:37:44,,2026-09-01 21:47:44
RSV-000078,REQ-000161,HSP-014,General Bed,1,CONFIRMED,2026-09-01 21:42:09,2026-09-01 21:43:17,2026-09-01 21:57:09
RSV-000079,REQ-000163,HSP-001,ICU,1,EXPIRED,2026-09-01 21:44:31,,2026-09-01 21:54:31
RSV-000080,REQ-000164,HSP-011,General Bed,1,FAILED,2026-09-01 21:46:03,,2026-09-01 21:56:03
RSV-000081,REQ-000164,HSP-012,General Bed,1,CONFIRMED,2026-09-01 21:50:21,2026-09-01 21:50:50,2026-09-01 22:05:21
RSV-000082,REQ-000166,HSP-009,General Bed,1,FAILED,2026-09-01 22:05:11,,2026-09-01 22:15:11
RSV-000083,REQ-000168,HSP-002,ICU,1,CONFIRMED,2026-09-01 22:09:15,2026-09-01 22:09:37,2026-09-01 22:24:15
RSV-000084,REQ-000167,HSP-012,ICU,1,CONFIRMED,2026-09-01 22:09:44,2026-09-01 22:09:53,2026-09-01 22:24:44
RSV-000085,REQ-000166,HSP-017,General Bed,1,CONFIRMED,2026-09-01 22:11:05,2026-09-01 22:12:08,2026-09-01 22:26:05
RSV-000086,REQ-000174,HSP-013,ICU,1,CONFIRMED,2026-09-01 23:02:15,2026-09-01 23:03:09,2026-09-01 23:17:15
RSV-000087,REQ-000175,HSP-013,ICU,1,CONFIRMED,2026-09-01 23:12:48,2026-09-01 23:14:02,2026-09-01 23:27:48
RSV-000088,REQ-000176,HSP-001,General Bed,1,CONFIRMED,2026-09-01 23:26:39,2026-09-01 23:26:48,2026-09-01 23:41:39
RSV-000089,REQ-000177,HSP-019,ICU,1,EXPIRED,2026-09-01 23:30:07,,2026-09-01 23:40:07
RSV-000090,REQ-000179,HSP-012,ICU,1,CONFIRMED,2026-09-02 00:38:06,2026-09-02 00:38:30,2026-09-02 00:53:06
RSV-000091,REQ-000180,HSP-002,General Bed,1,CONFIRMED,2026-09-02 01:01:05,2026-09-02 01:01:35,2026-09-02 01:16:05
RSV-000092,REQ-000185,HSP-003,General Bed,1,CONFIRMED,2026-09-02 02:57:09,2026-09-02 02:57:41,2026-09-02 03:12:09
RSV-000093,REQ-000187,HSP-023,General Bed,1,CONFIRMED,2026-09-02 03:16:47,2026-09-02 03:16:59,2026-09-02 03:31:47
RSV-000094,REQ-000189,HSP-004,General Bed,1,CONFIRMED,2026-09-02 03:48:38,2026-09-02 03:49:35,2026-09-02 04:03:38
RSV-000095,REQ-000190,HSP-012,ICU,1,RELEASED,2026-09-02 04:23:06,2026-09-02 04:23:24,2026-09-02 04:33:06
RSV-000096,REQ-000190,HSP-020,ICU,1,CANCELLED,2026-09-02 04:28:11,2026-09-02 04:28:32,2026-09-02 04:38:11
RSV-000097,REQ-000193,HSP-013,Oxygen Bed,1,CONFIRMED,2026-09-02 06:14:29,2026-09-02 06:15:11,2026-09-02 06:29:29
RSV-000098,REQ-000196,HSP-004,General Bed,1,CONFIRMED,2026-09-02 07:06:04,2026-09-02 07:06:49,2026-09-02 07:21:04
RSV-000099,REQ-000199,HSP-002,ICU,1,CONFIRMED,2026-09-02 07:14:33,2026-09-02 07:14:45,2026-09-02 07:29:33
RSV-000100,REQ-000199,HSP-002,Ventilator,1,CONFIRMED,2026-09-02 07:14:35,2026-09-02 07:14:54,2026-09-02 07:29:33
RSV-000101,REQ-000202,HSP-019,Oxygen Bed,1,RELEASED,2026-09-02 07:43:14,2026-09-02 07:43:39,2026-09-02 07:53:14
RSV-000102,REQ-000202,HSP-010,Oxygen Bed,1,CONFIRMED,2026-09-02 07:44:17,2026-09-02 07:44:46,2026-09-02 07:59:17
RSV-000103,REQ-000204,HSP-002,ICU,1,CONFIRMED,2026-09-02 08:01:25,2026-09-02 08:02:19,2026-09-02 08:16:25
RSV-000104,REQ-000204,HSP-002,Ventilator,1,CONFIRMED,2026-09-02 08:01:27,2026-09-02 08:02:27,2026-09-02 08:16:25
RSV-000105,REQ-000208,HSP-006,General Bed,1,CONFIRMED,2026-09-02 08:35:58,2026-09-02 08:36:11,2026-09-02 08:50:58
RSV-000106,REQ-000209,HSP-008,ICU,1,CONFIRMED,2026-09-02 08:37:37,2026-09-02 08:37:55,2026-09-02 08:52:37
RSV-000107,REQ-000209,HSP-008,Ventilator,1,CONFIRMED,2026-09-02 08:37:39,2026-09-02 08:38:00,2026-09-02 08:52:37
RSV-000108,REQ-000211,HSP-012,ICU,1,CONFIRMED,2026-09-02 08:44:24,2026-09-02 08:45:29,2026-09-02 08:59:24
RSV-000109,REQ-000214,HSP-020,ICU,1,RELEASED,2026-09-02 09:10:37,2026-09-02 09:11:15,2026-09-02 09:20:37
RSV-000110,REQ-000214,HSP-007,ICU,1,CONFIRMED,2026-09-02 09:16:49,2026-09-02 09:16:58,2026-09-02 09:31:49
RSV-000111,REQ-000214,HSP-007,Ventilator,1,CONFIRMED,2026-09-02 09:16:51,2026-09-02 09:17:04,2026-09-02 09:31:49
RSV-000112,REQ-000217,HSP-013,ICU,1,CONFIRMED,2026-09-02 09:56:15,2026-09-02 09:57:06,2026-09-02 10:11:15
RSV-000113,REQ-000223,HSP-010,ICU,1,EXPIRED,2026-09-02 10:31:00,,2026-09-02 10:41:00
RSV-000114,REQ-000224,HSP-007,ICU,1,CONFIRMED,2026-09-02 10:40:10,2026-09-02 10:41:00,2026-09-02 10:55:10
RSV-000115,REQ-000224,HSP-007,Ventilator,1,CONFIRMED,2026-09-02 10:40:12,2026-09-02 10:41:02,2026-09-02 10:55:10
RSV-000116,REQ-000225,HSP-007,ICU,1,FAILED,2026-09-02 10:40:13,,2026-09-02 10:50:13
RSV-000117,REQ-000225,HSP-020,ICU,1,CONFIRMED,2026-09-02 10:44:57,2026-09-02 10:46:07,2026-09-02 10:59:57
RSV-000118,REQ-000225,HSP-020,Ventilator,1,CONFIRMED,2026-09-02 10:44:59,2026-09-02 10:46:16,2026-09-02 10:59:57
RSV-000119,REQ-000228,HSP-008,ICU,1,CONFIRMED,2026-09-02 10:59:57,2026-09-02 11:00:08,2026-09-02 11:14:57
RSV-000120,REQ-000228,HSP-008,Ventilator,1,CONFIRMED,2026-09-02 10:59:59,2026-09-02 11:00:11,2026-09-02 11:14:57
RSV-000121,REQ-000231,HSP-005,General Bed,1,CONFIRMED,2026-09-02 11:43:09,2026-09-02 11:43:46,2026-09-02 11:58:09
RSV-000122,REQ-000237,HSP-007,General Bed,1,CONFIRMED,2026-09-02 13:01:06,2026-09-02 13:02:15,2026-09-02 13:16:06
RSV-000123,REQ-000241,HSP-001,ICU,1,CONFIRMED,2026-09-02 13:32:22,2026-09-02 13:32:55,2026-09-02 13:47:22
RSV-000124,REQ-000241,HSP-001,Ventilator,1,CONFIRMED,2026-09-02 13:32:24,2026-09-02 13:32:56,2026-09-02 13:47:22
RSV-000125,REQ-000246,HSP-019,ICU,1,CONFIRMED,2026-09-02 13:52:27,2026-09-02 13:53:35,2026-09-02 14:07:27
RSV-000126,REQ-000246,HSP-019,Ventilator,1,CONFIRMED,2026-09-02 13:52:29,2026-09-02 13:53:40,2026-09-02 14:07:27
RSV-000127,REQ-000251,HSP-007,ICU,1,CONFIRMED,2026-09-02 14:37:03,2026-09-02 14:38:04,2026-09-02 14:52:03
RSV-000128,REQ-000251,HSP-007,Ventilator,1,CONFIRMED,2026-09-02 14:37:05,2026-09-02 14:38:11,2026-09-02 14:52:03
RSV-000129,REQ-000252,HSP-006,ICU,1,CONFIRMED,2026-09-02 14:37:37,2026-09-02 14:37:58,2026-09-02 14:52:37
RSV-000130,REQ-000252,HSP-006,Ventilator,1,CONFIRMED,2026-09-02 14:37:39,2026-09-02 14:38:05,2026-09-02 14:52:37
RSV-000131,REQ-000258,HSP-007,ICU,1,CONFIRMED,2026-09-02 15:50:39,2026-09-02 15:51:17,2026-09-02 16:05:39
RSV-000132,REQ-000258,HSP-007,Ventilator,1,CONFIRMED,2026-09-02 15:50:41,2026-09-02 15:51:23,2026-09-02 16:05:39
RSV-000133,REQ-000260,HSP-001,General Bed,1,CONFIRMED,2026-09-02 15:59:22,2026-09-02 15:59:57,2026-09-02 16:14:22
RSV-000134,REQ-000263,HSP-012,ICU,1,CONFIRMED,2026-09-02 16:11:13,2026-09-02 16:12:25,2026-09-02 16:26:13
RSV-000135,REQ-000265,HSP-009,Oxygen Bed,1,CONFIRMED,2026-09-02 16:16:47,2026-09-02 16:17:38,2026-09-02 16:31:47
RSV-000136,REQ-000268,HSP-012,Oxygen Bed,1,CONFIRMED,2026-09-02 16:36:14,2026-09-02 16:37:20,2026-09-02 16:51:14
RSV-000137,REQ-000270,HSP-009,Oxygen Bed,1,CONFIRMED,2026-09-02 16:40:02,2026-09-02 16:40:11,2026-09-02 16:55:02
RSV-000138,REQ-000277,HSP-008,ICU,1,CONFIRMED,2026-09-02 17:47:38,2026-09-02 17:48:38,2026-09-02 18:02:38
RSV-000139,REQ-000281,HSP-018,ICU,1,CONFIRMED,2026-09-02 18:09:43,2026-09-02 18:10:50,2026-09-02 18:24:43
RSV-000140,REQ-000282,HSP-013,ICU,1,CONFIRMED,2026-09-02 18:12:03,2026-09-02 18:12:13,2026-09-02 18:27:03
RSV-000141,REQ-000283,HSP-013,ICU,1,FAILED,2026-09-02 18:12:31,,2026-09-02 18:22:31
RSV-000142,REQ-000283,HSP-022,ICU,1,CONFIRMED,2026-09-02 18:17:35,2026-09-02 18:18:18,2026-09-02 18:32:35
RSV-000143,REQ-000289,HSP-012,ICU,1,RELEASED,2026-09-02 18:30:54,2026-09-02 18:31:01,2026-09-02 18:40:54
RSV-000144,REQ-000290,HSP-002,ICU,1,CONFIRMED,2026-09-02 18:31:54,2026-09-02 18:32:36,2026-09-02 18:46:54
RSV-000145,REQ-000290,HSP-002,Ventilator,1,CONFIRMED,2026-09-02 18:31:56,2026-09-02 18:32:40,2026-09-02 18:46:54
RSV-000146,REQ-000289,HSP-007,Ventilator,1,FAILED,2026-09-02 18:35:13,,2026-09-02 18:45:13
RSV-000147,REQ-000294,HSP-001,ICU,1,CONFIRMED,2026-09-02 19:02:34,2026-09-02 19:02:49,2026-09-02 19:17:34
RSV-000148,REQ-000295,HSP-001,ICU,1,CONFIRMED,2026-09-02 19:02:50,2026-09-02 19:03:20,2026-09-02 19:17:50
RSV-000149,REQ-000301,HSP-008,General Bed,1,CONFIRMED,2026-09-02 19:36:58,2026-09-02 19:37:45,2026-09-02 19:51:58
RSV-000150,REQ-000304,HSP-009,General Bed,1,CONFIRMED,2026-09-02 19:51:23,2026-09-02 19:52:08,2026-09-02 20:06:23
RSV-000151,REQ-000316,HSP-010,ICU,1,CONFIRMED,2026-09-02 20:49:30,2026-09-02 20:50:12,2026-09-02 21:04:30
RSV-000152,REQ-000324,HSP-012,Oxygen Bed,1,CONFIRMED,2026-09-02 21:34:14,2026-09-02 21:35:08,2026-09-02 21:49:14
RSV-000153,REQ-000327,HSP-004,General Bed,1,CONFIRMED,2026-09-02 21:47:11,2026-09-02 21:48:16,2026-09-02 22:02:11
RSV-000154,REQ-000328,HSP-007,General Bed,1,CONFIRMED,2026-09-02 21:51:42,2026-09-02 21:52:08,2026-09-02 22:06:42
RSV-000155,REQ-000330,HSP-001,Oxygen Bed,1,CONFIRMED,2026-09-02 21:58:50,2026-09-02 21:59:55,2026-09-02 22:13:50
RSV-000156,REQ-000331,HSP-007,ICU,2,CANCELLED,2026-09-02 22:07:58,2026-09-02 22:08:20,2026-09-02 22:17:58
RSV-000157,REQ-000331,HSP-020,ICU,2,CONFIRMED,2026-09-02 22:10:09,2026-09-02 22:11:12,2026-09-02 22:25:09
RSV-000158,REQ-000331,HSP-020,Ventilator,1,CONFIRMED,2026-09-02 22:10:11,2026-09-02 22:11:17,2026-09-02 22:25:09
RSV-000159,REQ-000335,HSP-002,ICU,1,CONFIRMED,2026-09-02 23:15:26,2026-09-02 23:16:09,2026-09-02 23:30:26
RSV-000160,REQ-000335,HSP-002,Ventilator,1,CONFIRMED,2026-09-02 23:15:28,2026-09-02 23:16:17,2026-09-02 23:30:26
RSV-000161,REQ-000336,HSP-018,General Bed,1,EXPIRED,2026-09-02 23:23:36,,2026-09-02 23:33:36
RSV-000162,REQ-000343,HSP-023,General Bed,1,FAILED,2026-09-03 01:01:42,,2026-09-03 01:11:42
RSV-000163,REQ-000343,HSP-006,General Bed,1,CANCELLED,2026-09-03 01:07:10,2026-09-03 01:07:31,2026-09-03 01:17:10
RSV-000164,REQ-000343,HSP-012,General Bed,1,CONFIRMED,2026-09-03 01:13:28,2026-09-03 01:14:14,2026-09-03 01:28:28
RSV-000165,REQ-000352,HSP-001,ICU,1,EXPIRED,2026-09-03 04:59:07,,2026-09-03 05:09:07
RSV-000166,REQ-000357,HSP-011,General Bed,1,CONFIRMED,2026-09-03 06:05:49,2026-09-03 06:06:37,2026-09-03 06:20:49
RSV-000167,REQ-000359,HSP-020,General Bed,1,FAILED,2026-09-03 06:25:28,,2026-09-03 06:35:28
RSV-000168,REQ-000359,HSP-014,General Bed,1,CONFIRMED,2026-09-03 06:27:54,2026-09-03 06:28:11,2026-09-03 06:42:54
RSV-000169,REQ-000363,HSP-019,ICU,1,CONFIRMED,2026-09-03 07:19:17,2026-09-03 07:20:02,2026-09-03 07:34:17
RSV-000170,REQ-000366,HSP-009,General Bed,1,CONFIRMED,2026-09-03 08:09:09,2026-09-03 08:10:10,2026-09-03 08:24:09
RSV-000171,REQ-000367,HSP-004,ICU,1,CONFIRMED,2026-09-03 08:41:15,2026-09-03 08:42:15,2026-09-03 08:56:15
RSV-000172,REQ-000368,HSP-013,ICU,1,CONFIRMED,2026-09-03 08:50:01,2026-09-03 08:50:31,2026-09-03 09:05:01
RSV-000173,REQ-000369,HSP-007,ICU,1,CONFIRMED,2026-09-03 08:52:30,2026-09-03 08:53:42,2026-09-03 09:07:30
RSV-000174,REQ-000369,HSP-007,Ventilator,1,CONFIRMED,2026-09-03 08:52:32,2026-09-03 08:53:46,2026-09-03 09:07:30
RSV-000175,REQ-000375,HSP-001,General Bed,1,CONFIRMED,2026-09-03 09:23:14,2026-09-03 09:23:46,2026-09-03 09:38:14
RSV-000176,REQ-000377,HSP-017,General Bed,1,CONFIRMED,2026-09-03 10:19:45,2026-09-03 10:20:37,2026-09-03 10:34:45
RSV-000177,REQ-000382,HSP-002,ICU,1,CONFIRMED,2026-09-03 11:10:25,2026-09-03 11:11:33,2026-09-03 11:25:25
RSV-000178,REQ-000382,HSP-002,Ventilator,1,CONFIRMED,2026-09-03 11:10:27,2026-09-03 11:11:41,2026-09-03 11:25:25
RSV-000179,REQ-000387,HSP-018,ICU,1,CONFIRMED,2026-09-03 11:54:23,2026-09-03 11:54:50,2026-09-03 12:09:23
RSV-000180,REQ-000387,HSP-018,Ventilator,1,CONFIRMED,2026-09-03 11:54:25,2026-09-03 11:54:55,2026-09-03 12:09:23
RSV-000181,REQ-000393,HSP-004,General Bed,1,CONFIRMED,2026-09-03 12:56:06,2026-09-03 12:56:26,2026-09-03 13:11:06
RSV-000182,REQ-000396,HSP-013,ICU,1,CONFIRMED,2026-09-03 13:01:48,2026-09-03 13:02:02,2026-09-03 13:16:48
RSV-000183,REQ-000396,HSP-013,Ventilator,1,CONFIRMED,2026-09-03 13:01:50,2026-09-03 13:02:11,2026-09-03 13:16:48
RSV-000184,REQ-000397,HSP-024,General Bed,1,CONFIRMED,2026-09-03 13:02:54,2026-09-03 13:03:32,2026-09-03 13:17:54
RSV-000185,REQ-000407,HSP-019,ICU,1,CONFIRMED,2026-09-03 14:08:31,2026-09-03 14:09:09,2026-09-03 14:23:31
RSV-000186,REQ-000407,HSP-019,Ventilator,1,CONFIRMED,2026-09-03 14:08:33,2026-09-03 14:09:16,2026-09-03 14:23:31
RSV-000187,REQ-000415,HSP-007,ICU,1,RELEASED,2026-09-03 16:41:21,2026-09-03 16:41:48,2026-09-03 16:51:21
RSV-000188,REQ-000422,HSP-011,General Bed,1,CONFIRMED,2026-09-03 17:13:48,2026-09-03 17:14:48,2026-09-03 17:28:48
RSV-000189,REQ-000426,HSP-012,ICU,1,CONFIRMED,2026-09-03 17:30:50,2026-09-03 17:31:37,2026-09-03 17:45:50
RSV-000190,REQ-000428,HSP-002,General Bed,1,RELEASED,2026-09-03 17:35:37,2026-09-03 17:36:09,2026-09-03 17:45:37
RSV-000191,REQ-000428,HSP-001,General Bed,1,CONFIRMED,2026-09-03 17:38:09,2026-09-03 17:39:14,2026-09-03 17:53:09
RSV-000192,REQ-000431,HSP-002,ICU,1,CONFIRMED,2026-09-03 17:51:50,2026-09-03 17:52:06,2026-09-03 18:06:50
RSV-000193,REQ-000431,HSP-002,Ventilator,1,CONFIRMED,2026-09-03 17:51:52,2026-09-03 17:52:11,2026-09-03 18:06:50
RSV-000194,REQ-000434,HSP-001,ICU,1,CANCELLED,2026-09-03 18:04:25,2026-09-03 18:04:31,2026-09-03 18:14:25
RSV-000195,REQ-000435,HSP-020,ICU,1,CONFIRMED,2026-09-03 18:07:49,2026-09-03 18:08:56,2026-09-03 18:22:49
RSV-000196,REQ-000435,HSP-020,Ventilator,1,CONFIRMED,2026-09-03 18:07:51,2026-09-03 18:09:01,2026-09-03 18:22:49
RSV-000197,REQ-000434,HSP-019,ICU,1,RELEASED,2026-09-03 18:09:57,2026-09-03 18:10:36,2026-09-03 18:19:57
RSV-000198,REQ-000441,HSP-001,ICU,1,CONFIRMED,2026-09-03 18:25:47,2026-09-03 18:26:09,2026-09-03 18:40:47
RSV-000199,REQ-000445,HSP-005,Oxygen Bed,1,CONFIRMED,2026-09-03 18:41:50,2026-09-03 18:42:53,2026-09-03 18:56:50
RSV-000200,REQ-000446,HSP-008,ICU,1,CONFIRMED,2026-09-03 18:44:59,2026-09-03 18:45:55,2026-09-03 18:59:59
RSV-000201,REQ-000446,HSP-008,Ventilator,1,CONFIRMED,2026-09-03 18:45:01,2026-09-03 18:45:59,2026-09-03 18:59:59
RSV-000202,REQ-000448,HSP-004,ICU,1,CONFIRMED,2026-09-03 18:47:39,2026-09-03 18:48:32,2026-09-03 19:02:39
RSV-000203,REQ-000448,HSP-004,Ventilator,1,CONFIRMED,2026-09-03 18:47:41,2026-09-03 18:48:34,2026-09-03 19:02:39
RSV-000204,REQ-000449,HSP-012,ICU,1,CONFIRMED,2026-09-03 18:56:28,2026-09-03 18:56:57,2026-09-03 19:11:28
RSV-000205,REQ-000459,HSP-013,ICU,1,EXPIRED,2026-09-03 20:21:24,,2026-09-03 20:31:24
RSV-000206,REQ-000465,HSP-015,General Bed,1,CONFIRMED,2026-09-03 20:56:58,2026-09-03 20:57:29,2026-09-03 21:11:58
RSV-000207,REQ-000466,HSP-018,ICU,1,CONFIRMED,2026-09-03 21:14:54,2026-09-03 21:15:29,2026-09-03 21:29:54
RSV-000208,REQ-000467,HSP-013,ICU,1,CONFIRMED,2026-09-03 21:21:50,2026-09-03 21:22:11,2026-09-03 21:36:50
RSV-000209,REQ-000485,HSP-008,ICU,1,CONFIRMED,2026-09-04 00:37:44,2026-09-04 00:37:57,2026-09-04 00:52:44
RSV-000210,REQ-000485,HSP-008,Ventilator,1,CONFIRMED,2026-09-04 00:37:46,2026-09-04 00:38:03,2026-09-04 00:52:44
RSV-000211,REQ-000493,HSP-001,ICU,1,CONFIRMED,2026-09-04 03:34:49,2026-09-04 03:35:40,2026-09-04 03:49:49
RSV-000212,REQ-000494,HSP-012,ICU,1,CONFIRMED,2026-09-04 04:26:17,2026-09-04 04:27:07,2026-09-04 04:41:17
RSV-000213,REQ-000494,HSP-012,Ventilator,1,CONFIRMED,2026-09-04 04:26:19,2026-09-04 04:27:10,2026-09-04 04:41:17
RSV-000214,REQ-000495,HSP-010,ICU,1,FAILED,2026-09-04 04:38:40,,2026-09-04 04:48:40
RSV-000215,REQ-000495,HSP-019,ICU,1,CONFIRMED,2026-09-04 04:43:15,2026-09-04 04:43:53,2026-09-04 04:58:15
RSV-000216,REQ-000498,HSP-012,ICU,1,CONFIRMED,2026-09-04 05:26:35,2026-09-04 05:27:18,2026-09-04 05:41:35
RSV-000217,REQ-000498,HSP-012,Ventilator,1,CONFIRMED,2026-09-04 05:26:37,2026-09-04 05:27:26,2026-09-04 05:41:35
RSV-000218,REQ-000500,HSP-012,General Bed,1,CONFIRMED,2026-09-04 05:56:57,2026-09-04 05:57:25,2026-09-04 06:11:57
RSV-000219,REQ-000518,HSP-002,Oxygen Bed,1,CONFIRMED,2026-09-04 08:30:54,2026-09-04 08:31:59,2026-09-04 08:45:54
RSV-000220,REQ-000520,HSP-007,ICU,1,CONFIRMED,2026-09-04 08:42:43,2026-09-04 08:43:55,2026-09-04 08:57:43
RSV-000221,REQ-000520,HSP-007,Ventilator,1,CONFIRMED,2026-09-04 08:42:45,2026-09-04 08:43:57,2026-09-04 08:57:43
RSV-000222,REQ-000522,HSP-001,General Bed,1,CONFIRMED,2026-09-04 09:10:39,2026-09-04 09:11:25,2026-09-04 09:25:39
RSV-000223,REQ-000525,HSP-003,General Bed,1,CONFIRMED,2026-09-04 09:20:47,2026-09-04 09:21:52,2026-09-04 09:35:47
RSV-000224,REQ-000530,HSP-002,ICU,1,CONFIRMED,2026-09-04 09:53:15,2026-09-04 09:54:26,2026-09-04 10:08:15
RSV-000225,REQ-000531,HSP-004,General Bed,1,CONFIRMED,2026-09-04 10:04:14,2026-09-04 10:04:52,2026-09-04 10:19:14
RSV-000226,REQ-000536,HSP-005,ICU,1,EXPIRED,2026-09-04 10:27:01,,2026-09-04 10:37:01
RSV-000227,REQ-000538,HSP-013,ICU,1,CONFIRMED,2026-09-04 10:33:46,2026-09-04 10:34:44,2026-09-04 10:48:46
RSV-000228,REQ-000538,HSP-013,Ventilator,1,CONFIRMED,2026-09-04 10:33:48,2026-09-04 10:34:44,2026-09-04 10:48:46
RSV-000229,REQ-000540,HSP-001,ICU,1,CONFIRMED,2026-09-04 10:48:10,2026-09-04 10:49:00,2026-09-04 11:03:10
RSV-000230,REQ-000540,HSP-001,Ventilator,1,CONFIRMED,2026-09-04 10:48:12,2026-09-04 10:49:07,2026-09-04 11:03:10
RSV-000231,REQ-000541,HSP-001,ICU,1,CONFIRMED,2026-09-04 10:59:45,2026-09-04 11:00:05,2026-09-04 11:14:45
RSV-000232,REQ-000541,HSP-001,Ventilator,1,CONFIRMED,2026-09-04 10:59:47,2026-09-04 11:00:09,2026-09-04 11:14:45
RSV-000233,REQ-000543,HSP-002,ICU,1,CONFIRMED,2026-09-04 11:09:26,2026-09-04 11:09:40,2026-09-04 11:24:26
RSV-000234,REQ-000562,HSP-002,ICU,1,CONFIRMED,2026-09-04 12:59:20,2026-09-04 12:59:31,2026-09-04 13:14:20
RSV-000235,REQ-000562,HSP-002,Ventilator,1,CONFIRMED,2026-09-04 12:59:22,2026-09-04 12:59:37,2026-09-04 13:14:20
RSV-000236,REQ-000563,HSP-010,ICU,1,CONFIRMED,2026-09-04 13:00:34,2026-09-04 13:01:23,2026-09-04 13:15:34
RSV-000237,REQ-000563,HSP-010,Ventilator,1,CONFIRMED,2026-09-04 13:00:36,2026-09-04 13:01:32,2026-09-04 13:15:34
RSV-000238,REQ-000565,HSP-012,ICU,1,CONFIRMED,2026-09-04 14:01:48,2026-09-04 14:02:35,2026-09-04 14:16:48
RSV-000239,REQ-000567,HSP-002,General Bed,1,CONFIRMED,2026-09-04 14:18:07,2026-09-04 14:18:17,2026-09-04 14:33:07
RSV-000240,REQ-000567,HSP-002,Ventilator,1,CONFIRMED,2026-09-04 14:18:09,2026-09-04 14:18:23,2026-09-04 14:33:07
RSV-000241,REQ-000571,HSP-024,ICU,1,CONFIRMED,2026-09-04 14:50:13,2026-09-04 14:51:24,2026-09-04 15:05:13
RSV-000242,REQ-000571,HSP-024,Ventilator,1,CONFIRMED,2026-09-04 14:50:15,2026-09-04 14:51:29,2026-09-04 15:05:13
RSV-000243,REQ-000572,HSP-002,ICU,1,EXPIRED,2026-09-04 14:54:07,,2026-09-04 15:04:07
RSV-000244,REQ-000578,HSP-011,General Bed,1,CONFIRMED,2026-09-04 15:41:54,2026-09-04 15:42:32,2026-09-04 15:56:54
RSV-000245,REQ-000584,HSP-020,General Bed,1,CONFIRMED,2026-09-04 16:11:12,2026-09-04 16:12:10,2026-09-04 16:26:12
RSV-000246,REQ-000586,HSP-002,Oxygen Bed,1,FAILED,2026-09-04 16:17:28,,2026-09-04 16:27:28
RSV-000247,REQ-000586,HSP-009,Oxygen Bed,1,CONFIRMED,2026-09-04 16:24:22,2026-09-04 16:25:24,2026-09-04 16:39:22
RSV-000248,REQ-000588,HSP-013,ICU,1,CONFIRMED,2026-09-04 16:29:36,2026-09-04 16:29:48,2026-09-04 16:44:36
RSV-000249,REQ-000588,HSP-013,Ventilator,1,CONFIRMED,2026-09-04 16:29:38,2026-09-04 16:29:49,2026-09-04 16:44:36
RSV-000250,REQ-000590,HSP-013,ICU,1,CONFIRMED,2026-09-04 16:34:43,2026-09-04 16:35:39,2026-09-04 16:49:43
RSV-000251,REQ-000591,HSP-012,ICU,1,CONFIRMED,2026-09-04 16:44:00,2026-09-04 16:45:11,2026-09-04 16:59:00
RSV-000252,REQ-000591,HSP-012,Ventilator,1,CONFIRMED,2026-09-04 16:44:02,2026-09-04 16:45:16,2026-09-04 16:59:00
RSV-000253,REQ-000595,HSP-002,General Bed,1,EXPIRED,2026-09-04 17:35:47,,2026-09-04 17:45:47
RSV-000254,REQ-000596,HSP-015,General Bed,1,EXPIRED,2026-09-04 17:41:43,,2026-09-04 17:51:43
RSV-000255,REQ-000610,HSP-007,General Bed,1,CONFIRMED,2026-09-04 19:27:12,2026-09-04 19:27:26,2026-09-04 19:42:12
RSV-000256,REQ-000611,HSP-012,ICU,1,CONFIRMED,2026-09-04 19:38:07,2026-09-04 19:38:22,2026-09-04 19:53:07
RSV-000257,REQ-000611,HSP-012,Ventilator,1,CONFIRMED,2026-09-04 19:38:09,2026-09-04 19:38:26,2026-09-04 19:53:07
RSV-000258,REQ-000613,HSP-008,General Bed,1,CONFIRMED,2026-09-04 20:05:59,2026-09-04 20:07:11,2026-09-04 20:20:59
RSV-000259,REQ-000614,HSP-013,General Bed,1,CONFIRMED,2026-09-04 20:08:40,2026-09-04 20:09:21,2026-09-04 20:23:40
RSV-000260,REQ-000618,HSP-001,ICU,1,CONFIRMED,2026-09-04 20:52:50,2026-09-04 20:53:53,2026-09-04 21:07:50
RSV-000261,REQ-000619,HSP-013,ICU,1,CONFIRMED,2026-09-04 21:09:20,2026-09-04 21:10:23,2026-09-04 21:24:20
RSV-000262,REQ-000619,HSP-013,Ventilator,1,CONFIRMED,2026-09-04 21:09:22,2026-09-04 21:10:28,2026-09-04 21:24:20
RSV-000263,REQ-000626,HSP-001,ICU,1,CONFIRMED,2026-09-04 21:59:10,2026-09-04 22:00:24,2026-09-04 22:14:10
RSV-000264,REQ-000627,HSP-002,ICU,1,CONFIRMED,2026-09-04 22:24:34,2026-09-04 22:24:44,2026-09-04 22:39:34
RSV-000265,REQ-000627,HSP-002,Ventilator,1,CONFIRMED,2026-09-04 22:24:36,2026-09-04 22:24:50,2026-09-04 22:39:34
RSV-000266,REQ-000630,HSP-002,General Bed,1,CONFIRMED,2026-09-04 22:41:20,2026-09-04 22:42:28,2026-09-04 22:56:20
RSV-000267,REQ-000633,HSP-002,ICU,1,CONFIRMED,2026-09-04 23:24:17,2026-09-04 23:24:56,2026-09-04 23:39:17
RSV-000268,REQ-000634,HSP-013,Oxygen Bed,1,CONFIRMED,2026-09-04 23:31:19,2026-09-04 23:32:19,2026-09-04 23:46:19
RSV-000269,REQ-000639,HSP-009,ICU,1,RELEASED,2026-09-05 00:22:21,2026-09-05 00:22:50,2026-09-05 00:32:21
RSV-000270,REQ-000639,HSP-017,ICU,1,FAILED,2026-09-05 00:28:49,,2026-09-05 00:38:49
RSV-000271,REQ-000639,HSP-019,ICU,1,CONFIRMED,2026-09-05 00:32:39,2026-09-05 00:33:23,2026-09-05 00:47:39
RSV-000272,REQ-000640,HSP-007,ICU,1,CONFIRMED,2026-09-05 00:33:10,2026-09-05 00:33:27,2026-09-05 00:48:10
RSV-000273,REQ-000645,HSP-007,ICU,1,CONFIRMED,2026-09-05 02:19:53,2026-09-05 02:20:14,2026-09-05 02:34:53
RSV-000274,REQ-000645,HSP-007,Ventilator,1,CONFIRMED,2026-09-05 02:19:55,2026-09-05 02:20:21,2026-09-05 02:34:53
RSV-000275,REQ-000651,HSP-020,ICU,1,CONFIRMED,2026-09-05 04:59:00,2026-09-05 05:00:12,2026-09-05 05:14:00
RSV-000276,REQ-000657,HSP-018,General Bed,1,CONFIRMED,2026-09-05 07:15:15,2026-09-05 07:16:09,2026-09-05 07:30:15
RSV-000277,REQ-000665,HSP-025,ICU,1,FAILED,2026-09-05 08:16:22,,2026-09-05 08:26:22
RSV-000278,REQ-000665,HSP-002,ICU,1,CONFIRMED,2026-09-05 08:22:31,2026-09-05 08:23:29,2026-09-05 08:37:31
RSV-000279,REQ-000674,HSP-002,ICU,1,CONFIRMED,2026-09-05 09:26:03,2026-09-05 09:26:27,2026-09-05 09:41:03
RSV-000280,REQ-000674,HSP-002,Ventilator,1,CONFIRMED,2026-09-05 09:26:05,2026-09-05 09:26:32,2026-09-05 09:41:03
RSV-000281,REQ-000682,HSP-013,General Bed,1,CONFIRMED,2026-09-05 10:43:51,2026-09-05 10:44:44,2026-09-05 10:58:51
RSV-000282,REQ-000683,HSP-019,ICU,1,EXPIRED,2026-09-05 10:45:54,,2026-09-05 10:55:54
RSV-000283,REQ-000686,HSP-007,General Bed,1,CONFIRMED,2026-09-05 10:54:30,2026-09-05 10:55:26,2026-09-05 11:09:30
RSV-000284,REQ-000694,HSP-001,ICU,1,RELEASED,2026-09-05 12:07:48,2026-09-05 12:07:53,2026-09-05 12:17:48
RSV-000285,REQ-000694,HSP-015,ICU,1,CONFIRMED,2026-09-05 12:13:00,2026-09-05 12:14:02,2026-09-05 12:28:00
RSV-000286,REQ-000694,HSP-015,Ventilator,1,CONFIRMED,2026-09-05 12:13:02,2026-09-05 12:14:03,2026-09-05 12:28:00
RSV-000287,REQ-000705,HSP-004,General Bed,1,CONFIRMED,2026-09-05 13:06:37,2026-09-05 13:07:30,2026-09-05 13:21:37
RSV-000288,REQ-000708,HSP-012,ICU,1,CONFIRMED,2026-09-05 13:15:16,2026-09-05 13:16:21,2026-09-05 13:30:16
RSV-000289,REQ-000711,HSP-004,General Bed,1,CONFIRMED,2026-09-05 13:40:08,2026-09-05 13:40:48,2026-09-05 13:55:08
RSV-000290,REQ-000712,HSP-012,ICU,1,CONFIRMED,2026-09-05 13:48:48,2026-09-05 13:49:57,2026-09-05 14:03:48
RSV-000291,REQ-000713,HSP-012,ICU,1,FAILED,2026-09-05 13:49:00,,2026-09-05 13:59:00
RSV-000292,REQ-000713,HSP-007,ICU,1,CONFIRMED,2026-09-05 13:52:46,2026-09-05 13:53:12,2026-09-05 14:07:46
RSV-000293,REQ-000713,HSP-007,Ventilator,1,CONFIRMED,2026-09-05 13:52:48,2026-09-05 13:53:21,2026-09-05 14:07:46
RSV-000294,REQ-000722,HSP-024,ICU,1,CONFIRMED,2026-09-05 15:05:24,2026-09-05 15:05:53,2026-09-05 15:20:24
RSV-000295,REQ-000723,HSP-024,ICU,1,FAILED,2026-09-05 15:05:51,,2026-09-05 15:15:51
RSV-000296,REQ-000723,HSP-010,ICU,1,CONFIRMED,2026-09-05 15:12:10,2026-09-05 15:12:47,2026-09-05 15:27:10
RSV-000297,REQ-000726,HSP-012,Ventilator,1,FAILED,2026-09-05 15:18:20,,2026-09-05 15:28:20
RSV-000298,REQ-000726,HSP-006,ICU,1,CONFIRMED,2026-09-05 15:20:12,2026-09-05 15:21:15,2026-09-05 15:35:12
RSV-000299,REQ-000726,HSP-006,Ventilator,1,CONFIRMED,2026-09-05 15:20:14,2026-09-05 15:21:24,2026-09-05 15:35:12
RSV-000300,REQ-000727,HSP-019,ICU,1,CANCELLED,2026-09-05 15:28:01,2026-09-05 15:28:30,2026-09-05 15:38:01
RSV-000301,REQ-000729,HSP-008,ICU,1,CONFIRMED,2026-09-05 15:30:33,2026-09-05 15:30:58,2026-09-05 15:45:33
RSV-000302,REQ-000729,HSP-008,Ventilator,1,CONFIRMED,2026-09-05 15:30:35,2026-09-05 15:31:04,2026-09-05 15:45:33
RSV-000303,REQ-000727,HSP-006,ICU,1,CONFIRMED,2026-09-05 15:34:13,2026-09-05 15:34:33,2026-09-05 15:49:13
RSV-000304,REQ-000736,HSP-020,ICU,1,CONFIRMED,2026-09-05 16:18:22,2026-09-05 16:19:10,2026-09-05 16:33:22
RSV-000305,REQ-000735,HSP-001,ICU,1,CONFIRMED,2026-09-05 16:19:02,2026-09-05 16:19:14,2026-09-05 16:34:02
RSV-000306,REQ-000735,HSP-001,Ventilator,1,CONFIRMED,2026-09-05 16:19:04,2026-09-05 16:19:21,2026-09-05 16:34:02
RSV-000307,REQ-000751,HSP-001,General Bed,1,CONFIRMED,2026-09-05 18:13:40,2026-09-05 18:14:36,2026-09-05 18:28:40
RSV-000308,REQ-000752,HSP-002,Oxygen Bed,1,CONFIRMED,2026-09-05 18:14:40,2026-09-05 18:14:52,2026-09-05 18:29:40
RSV-000309,REQ-000753,HSP-001,ICU,1,CONFIRMED,2026-09-05 18:20:30,2026-09-05 18:21:21,2026-09-05 18:35:30
RSV-000310,REQ-000755,HSP-004,General Bed,1,CONFIRMED,2026-09-05 18:30:28,2026-09-05 18:31:25,2026-09-05 18:45:28
RSV-000311,REQ-000756,HSP-012,ICU,1,CONFIRMED,2026-09-05 18:33:27,2026-09-05 18:34:35,2026-09-05 18:48:27
RSV-000312,REQ-000757,HSP-001,ICU,1,CONFIRMED,2026-09-05 18:48:04,2026-09-05 18:48:33,2026-09-05 19:03:04
RSV-000313,REQ-000759,HSP-004,General Bed,1,CONFIRMED,2026-09-05 19:03:50,2026-09-05 19:04:52,2026-09-05 19:18:50
RSV-000314,REQ-000765,HSP-002,ICU,1,CONFIRMED,2026-09-05 19:55:31,2026-09-05 19:56:21,2026-09-05 20:10:31
RSV-000315,REQ-000765,HSP-002,Ventilator,1,CONFIRMED,2026-09-05 19:55:33,2026-09-05 19:56:25,2026-09-05 20:10:31
RSV-000316,REQ-000769,HSP-001,ICU,1,CONFIRMED,2026-09-05 20:19:59,2026-09-05 20:20:22,2026-09-05 20:34:59
RSV-000317,REQ-000770,HSP-001,General Bed,1,CONFIRMED,2026-09-05 20:22:00,2026-09-05 20:23:00,2026-09-05 20:37:00
RSV-000318,REQ-000774,HSP-013,Oxygen Bed,1,FAILED,2026-09-05 20:28:17,,2026-09-05 20:38:17
RSV-000319,REQ-000774,HSP-022,Oxygen Bed,1,FAILED,2026-09-05 20:33:33,,2026-09-05 20:43:33
RSV-000320,REQ-000774,HSP-003,Oxygen Bed,1,CONFIRMED,2026-09-05 20:38:56,2026-09-05 20:39:34,2026-09-05 20:53:56
RSV-000321,REQ-000779,HSP-002,General Bed,2,CONFIRMED,2026-09-05 20:53:07,2026-09-05 20:53:53,2026-09-05 21:08:07
RSV-000322,REQ-000783,HSP-009,Oxygen Bed,1,CONFIRMED,2026-09-05 21:41:10,2026-09-05 21:41:35,2026-09-05 21:56:10
RSV-000323,REQ-000784,HSP-007,ICU,1,CONFIRMED,2026-09-05 21:53:00,2026-09-05 21:53:29,2026-09-05 22:08:00
RSV-000324,REQ-000784,HSP-007,Ventilator,1,CONFIRMED,2026-09-05 21:53:02,2026-09-05 21:53:30,2026-09-05 22:08:00
RSV-000325,REQ-000785,HSP-007,ICU,1,FAILED,2026-09-05 21:53:08,,2026-09-05 22:03:08
RSV-000326,REQ-000785,HSP-020,ICU,1,CANCELLED,2026-09-05 21:57:31,2026-09-05 21:58:03,2026-09-05 22:07:31
RSV-000327,REQ-000787,HSP-025,General Bed,1,CONFIRMED,2026-09-05 22:00:08,2026-09-05 22:00:51,2026-09-05 22:15:08
RSV-000328,REQ-000796,HSP-013,ICU,1,CONFIRMED,2026-09-05 23:16:19,2026-09-05 23:16:32,2026-09-05 23:31:19
RSV-000329,REQ-000796,HSP-013,Ventilator,1,CONFIRMED,2026-09-05 23:16:21,2026-09-05 23:16:41,2026-09-05 23:31:19
RSV-000330,REQ-000797,HSP-009,General Bed,1,EXPIRED,2026-09-05 23:27:43,,2026-09-05 23:37:43
RSV-000331,REQ-000803,HSP-012,ICU,1,CONFIRMED,2026-09-06 00:42:00,2026-09-06 00:42:21,2026-09-06 00:57:00
RSV-000332,REQ-000805,HSP-012,General Bed,1,CONFIRMED,2026-09-06 00:55:15,2026-09-06 00:55:29,2026-09-06 01:10:15
RSV-000333,REQ-000813,HSP-006,General Bed,1,CONFIRMED,2026-09-06 03:51:53,2026-09-06 03:52:25,2026-09-06 04:06:53
RSV-000334,REQ-000821,HSP-002,ICU,1,CONFIRMED,2026-09-06 07:10:49,2026-09-06 07:11:19,2026-09-06 07:25:49
RSV-000335,REQ-000821,HSP-002,Ventilator,1,CONFIRMED,2026-09-06 07:10:51,2026-09-06 07:11:22,2026-09-06 07:25:49
RSV-000336,REQ-000822,HSP-002,ICU,1,EXPIRED,2026-09-06 07:19:09,,2026-09-06 07:29:09
RSV-000337,REQ-000823,HSP-008,ICU,1,CONFIRMED,2026-09-06 07:26:33,2026-09-06 07:27:20,2026-09-06 07:41:33
RSV-000338,REQ-000823,HSP-008,Ventilator,1,CONFIRMED,2026-09-06 07:26:35,2026-09-06 07:27:24,2026-09-06 07:41:33
RSV-000339,REQ-000830,HSP-001,Oxygen Bed,1,CONFIRMED,2026-09-06 08:13:57,2026-09-06 08:15:08,2026-09-06 08:28:57
RSV-000340,REQ-000834,HSP-001,General Bed,1,CONFIRMED,2026-09-06 08:52:51,2026-09-06 08:53:07,2026-09-06 09:07:51
RSV-000341,REQ-000839,HSP-004,General Bed,1,CANCELLED,2026-09-06 09:22:20,2026-09-06 09:22:32,2026-09-06 09:32:20
RSV-000342,REQ-000839,HSP-003,General Bed,1,CONFIRMED,2026-09-06 09:26:54,2026-09-06 09:27:22,2026-09-06 09:41:54
RSV-000343,REQ-000840,HSP-002,ICU,1,FAILED,2026-09-06 09:35:43,,2026-09-06 09:45:43
RSV-000344,REQ-000842,HSP-008,ICU,1,CONFIRMED,2026-09-06 09:42:49,2026-09-06 09:43:59,2026-09-06 09:57:49
RSV-000345,REQ-000845,HSP-012,ICU,1,CONFIRMED,2026-09-06 09:55:17,2026-09-06 09:55:39,2026-09-06 10:10:17
RSV-000346,REQ-000846,HSP-002,General Bed,1,CONFIRMED,2026-09-06 10:31:56,2026-09-06 10:32:43,2026-09-06 10:46:56
RSV-000347,REQ-000852,HSP-012,ICU,1,CONFIRMED,2026-09-06 11:10:05,2026-09-06 11:10:43,2026-09-06 11:25:05
RSV-000348,REQ-000852,HSP-012,Ventilator,1,CONFIRMED,2026-09-06 11:10:07,2026-09-06 11:10:50,2026-09-06 11:25:05
RSV-000349,REQ-000855,HSP-001,General Bed,1,CONFIRMED,2026-09-06 11:43:24,2026-09-06 11:43:45,2026-09-06 11:58:24
RSV-000350,REQ-000858,HSP-022,ICU,1,CONFIRMED,2026-09-06 12:28:09,2026-09-06 12:28:19,2026-09-06 12:43:09
RSV-000351,REQ-000861,HSP-012,ICU,1,CONFIRMED,2026-09-06 12:39:04,2026-09-06 12:39:58,2026-09-06 12:54:04
RSV-000352,REQ-000863,HSP-018,Oxygen Bed,1,CONFIRMED,2026-09-06 12:57:15,2026-09-06 12:57:54,2026-09-06 13:12:15
RSV-000353,REQ-000864,HSP-013,General Bed,1,CONFIRMED,2026-09-06 12:58:07,2026-09-06 12:59:05,2026-09-06 13:13:07
RSV-000354,REQ-000867,HSP-009,Oxygen Bed,1,CONFIRMED,2026-09-06 13:10:00,2026-09-06 13:10:54,2026-09-06 13:25:00
RSV-000355,REQ-000868,HSP-008,Oxygen Bed,1,CONFIRMED,2026-09-06 13:13:09,2026-09-06 13:14:06,2026-09-06 13:28:09
RSV-000356,REQ-000871,HSP-002,ICU,1,CONFIRMED,2026-09-06 13:25:34,2026-09-06 13:26:12,2026-09-06 13:40:34
RSV-000357,REQ-000874,HSP-013,ICU,1,EXPIRED,2026-09-06 14:00:15,,2026-09-06 14:10:15
RSV-000358,REQ-000877,HSP-011,General Bed,1,CONFIRMED,2026-09-06 14:14:59,2026-09-06 14:15:43,2026-09-06 14:29:59
RSV-000359,REQ-000883,HSP-012,Oxygen Bed,1,CONFIRMED,2026-09-06 14:59:33,2026-09-06 15:00:24,2026-09-06 15:14:33
RSV-000360,REQ-000889,HSP-002,General Bed,1,CONFIRMED,2026-09-06 15:47:38,2026-09-06 15:48:25,2026-09-06 16:02:38
RSV-000361,REQ-000890,HSP-002,General Bed,1,CONFIRMED,2026-09-06 16:01:49,2026-09-06 16:02:50,2026-09-06 16:16:49
RSV-000362,REQ-000892,HSP-012,ICU,1,CONFIRMED,2026-09-06 16:05:45,2026-09-06 16:06:34,2026-09-06 16:20:45
RSV-000363,REQ-000895,HSP-018,ICU,1,CONFIRMED,2026-09-06 16:16:25,2026-09-06 16:16:57,2026-09-06 16:31:25
RSV-000364,REQ-000895,HSP-018,Ventilator,1,CONFIRMED,2026-09-06 16:16:27,2026-09-06 16:17:03,2026-09-06 16:31:25
RSV-000365,REQ-000898,HSP-002,ICU,2,CONFIRMED,2026-09-06 16:32:53,2026-09-06 16:33:26,2026-09-06 16:47:53
RSV-000366,REQ-000898,HSP-002,Ventilator,1,CONFIRMED,2026-09-06 16:32:55,2026-09-06 16:33:35,2026-09-06 16:47:53
RSV-000367,REQ-000899,HSP-002,ICU,2,EXPIRED,2026-09-06 16:38:08,,2026-09-06 16:48:08
RSV-000368,REQ-000914,HSP-013,ICU,1,CONFIRMED,2026-09-06 18:11:42,2026-09-06 18:12:08,2026-09-06 18:26:42
RSV-000369,REQ-000926,HSP-001,ICU,1,CONFIRMED,2026-09-06 19:12:32,2026-09-06 19:13:27,2026-09-06 19:27:32
RSV-000370,REQ-000927,HSP-002,General Bed,1,CONFIRMED,2026-09-06 19:12:48,2026-09-06 19:13:13,2026-09-06 19:27:48
RSV-000371,REQ-000930,HSP-006,General Bed,1,CONFIRMED,2026-09-06 19:25:19,2026-09-06 19:26:14,2026-09-06 19:40:19
RSV-000372,REQ-000931,HSP-012,ICU,1,CONFIRMED,2026-09-06 19:27:20,2026-09-06 19:27:52,2026-09-06 19:42:20
RSV-000373,REQ-000936,HSP-013,ICU,1,CONFIRMED,2026-09-06 19:46:43,2026-09-06 19:47:14,2026-09-06 20:01:43
RSV-000374,REQ-000938,HSP-004,Oxygen Bed,1,RELEASED,2026-09-06 20:00:47,2026-09-06 20:01:23,2026-09-06 20:10:47
RSV-000375,REQ-000938,HSP-001,Oxygen Bed,1,RELEASED,2026-09-06 20:06:31,2026-09-06 20:06:38,2026-09-06 20:16:31
RSV-000376,REQ-000938,HSP-003,Oxygen Bed,1,CONFIRMED,2026-09-06 20:08:23,2026-09-06 20:09:34,2026-09-06 20:23:23
RSV-000377,REQ-000943,HSP-020,ICU,1,RELEASED,2026-09-06 20:37:38,2026-09-06 20:38:08,2026-09-06 20:47:38
RSV-000378,REQ-000943,HSP-007,ICU,1,RELEASED,2026-09-06 20:43:01,2026-09-06 20:43:18,2026-09-06 20:53:01
RSV-000379,REQ-000947,HSP-014,General Bed,1,CANCELLED,2026-09-06 20:55:07,2026-09-06 20:55:27,2026-09-06 21:05:07
RSV-000380,REQ-000948,HSP-002,General Bed,1,EXPIRED,2026-09-06 21:05:09,,2026-09-06 21:15:09
RSV-000381,REQ-000952,HSP-002,ICU,1,CONFIRMED,2026-09-06 21:18:59,2026-09-06 21:19:55,2026-09-06 21:33:59
RSV-000382,REQ-000956,HSP-004,General Bed,1,CONFIRMED,2026-09-06 22:27:00,2026-09-06 22:27:44,2026-09-06 22:42:00
RSV-000383,REQ-000961,HSP-002,Oxygen Bed,1,CONFIRMED,2026-09-06 23:44:32,2026-09-06 23:45:05,2026-09-06 23:59:32
RSV-000384,REQ-000964,HSP-009,ICU,1,FAILED,2026-09-07 00:30:58,,2026-09-07 00:40:58
RSV-000385,REQ-000964,HSP-017,ICU,1,CONFIRMED,2026-09-07 00:33:23,2026-09-07 00:34:10,2026-09-07 00:48:23
RSV-000386,REQ-000969,HSP-008,Oxygen Bed,1,EXPIRED,2026-09-07 00:59:18,,2026-09-07 01:09:18
RSV-000387,REQ-000976,HSP-009,General Bed,1,CONFIRMED,2026-09-07 03:32:20,2026-09-07 03:33:03,2026-09-07 03:47:20
RSV-000388,REQ-000987,HSP-001,ICU,1,CONFIRMED,2026-09-07 06:23:34,2026-09-07 06:24:36,2026-09-07 06:38:34
RSV-000389,REQ-000987,HSP-001,Ventilator,1,CONFIRMED,2026-09-07 06:23:36,2026-09-07 06:24:37,2026-09-07 06:38:34
RSV-000390,REQ-000999,HSP-002,Oxygen Bed,1,CANCELLED,2026-09-07 08:49:48,2026-09-07 08:49:56,2026-09-07 08:59:48
RSV-000391,REQ-000999,HSP-001,Oxygen Bed,1,CONFIRMED,2026-09-07 08:52:56,2026-09-07 08:53:36,2026-09-07 09:07:56
RSV-000392,REQ-001003,HSP-001,General Bed,1,CONFIRMED,2026-09-07 09:07:04,2026-09-07 09:08:03,2026-09-07 09:22:04
RSV-000393,REQ-001007,HSP-002,ICU,1,CONFIRMED,2026-09-07 09:33:26,2026-09-07 09:33:58,2026-09-07 09:48:26
RSV-000394,REQ-001007,HSP-002,Ventilator,1,CONFIRMED,2026-09-07 09:33:28,2026-09-07 09:34:01,2026-09-07 09:48:26
RSV-000395,REQ-001008,HSP-013,ICU,1,CONFIRMED,2026-09-07 09:41:12,2026-09-07 09:42:16,2026-09-07 09:56:12
RSV-000396,REQ-001013,HSP-001,General Bed,1,CONFIRMED,2026-09-07 10:09:39,2026-09-07 10:10:13,2026-09-07 10:24:39
RSV-000397,REQ-001019,HSP-006,ICU,1,FAILED,2026-09-07 10:43:48,,2026-09-07 10:53:48
RSV-000398,REQ-001019,HSP-020,ICU,1,CONFIRMED,2026-09-07 10:49:54,2026-09-07 10:51:06,2026-09-07 11:04:54
RSV-000399,REQ-001028,HSP-013,General Bed,1,CONFIRMED,2026-09-07 11:40:34,2026-09-07 11:41:15,2026-09-07 11:55:34
RSV-000400,REQ-001031,HSP-002,ICU,1,CONFIRMED,2026-09-07 11:50:23,2026-09-07 11:50:53,2026-09-07 12:05:23
RSV-000401,REQ-001038,HSP-004,General Bed,1,CONFIRMED,2026-09-07 13:11:55,2026-09-07 13:12:23,2026-09-07 13:26:55
RSV-000402,REQ-001045,HSP-002,ICU,1,CONFIRMED,2026-09-07 14:42:02,2026-09-07 14:42:24,2026-09-07 14:57:02
RSV-000403,REQ-001046,HSP-001,ICU,1,CONFIRMED,2026-09-07 14:44:22,2026-09-07 14:45:31,2026-09-07 14:59:22
RSV-000404,REQ-001046,HSP-001,Ventilator,1,CONFIRMED,2026-09-07 14:44:24,2026-09-07 14:45:38,2026-09-07 14:59:22
RSV-000405,REQ-001050,HSP-004,General Bed,1,CONFIRMED,2026-09-07 15:07:57,2026-09-07 15:08:36,2026-09-07 15:22:57
RSV-000406,REQ-001055,HSP-002,ICU,1,CONFIRMED,2026-09-07 15:37:50,2026-09-07 15:38:20,2026-09-07 15:52:50
RSV-000407,REQ-001056,HSP-003,ICU,1,CONFIRMED,2026-09-07 15:39:49,2026-09-07 15:40:11,2026-09-07 15:54:49
RSV-000408,REQ-001057,HSP-001,ICU,1,CONFIRMED,2026-09-07 15:44:21,2026-09-07 15:44:47,2026-09-07 15:59:21
RSV-000409,REQ-001058,HSP-012,ICU,1,CONFIRMED,2026-09-07 15:51:44,2026-09-07 15:52:44,2026-09-07 16:06:44
RSV-000410,REQ-001058,HSP-012,Ventilator,1,CONFIRMED,2026-09-07 15:51:46,2026-09-07 15:52:46,2026-09-07 16:06:44
RSV-000411,REQ-001068,HSP-013,ICU,1,CONFIRMED,2026-09-07 17:10:38,2026-09-07 17:11:45,2026-09-07 17:25:38
RSV-000412,REQ-001069,HSP-013,ICU,1,FAILED,2026-09-07 17:10:40,,2026-09-07 17:20:40
RSV-000413,REQ-001069,HSP-003,ICU,1,CONFIRMED,2026-09-07 17:15:30,2026-09-07 17:15:50,2026-09-07 17:30:30
RSV-000414,REQ-001073,HSP-013,ICU,1,CONFIRMED,2026-09-07 17:31:51,2026-09-07 17:32:03,2026-09-07 17:46:51
RSV-000415,REQ-001073,HSP-013,Ventilator,1,CONFIRMED,2026-09-07 17:31:53,2026-09-07 17:32:09,2026-09-07 17:46:51
RSV-000416,REQ-001074,HSP-013,ICU,1,FAILED,2026-09-07 17:32:01,,2026-09-07 17:42:01
RSV-000417,REQ-001074,HSP-022,ICU,1,CONFIRMED,2026-09-07 17:39:06,2026-09-07 17:39:31,2026-09-07 17:54:06
RSV-000418,REQ-001077,HSP-019,Oxygen Bed,1,CONFIRMED,2026-09-07 17:46:36,2026-09-07 17:47:47,2026-09-07 18:01:36
RSV-000419,REQ-001083,HSP-001,ICU,1,CONFIRMED,2026-09-07 18:26:34,2026-09-07 18:27:23,2026-09-07 18:41:34
RSV-000420,REQ-001083,HSP-001,Ventilator,1,CONFIRMED,2026-09-07 18:26:36,2026-09-07 18:27:24,2026-09-07 18:41:34
RSV-000421,REQ-001086,HSP-005,ICU,1,CONFIRMED,2026-09-07 18:40:30,2026-09-07 18:41:03,2026-09-07 18:55:30
RSV-000422,REQ-001088,HSP-007,ICU,1,RELEASED,2026-09-07 18:42:23,2026-09-07 18:42:40,2026-09-07 18:52:23
RSV-000423,REQ-001100,HSP-013,General Bed,1,CONFIRMED,2026-09-07 19:41:19,2026-09-07 19:42:05,2026-09-07 19:56:19
RSV-000424,REQ-001102,HSP-013,General Bed,1,CONFIRMED,2026-09-07 19:58:47,2026-09-07 19:59:40,2026-09-07 20:13:47
RSV-000425,REQ-001103,HSP-008,ICU,1,CONFIRMED,2026-09-07 20:04:32,2026-09-07 20:04:49,2026-09-07 20:19:32
RSV-000426,REQ-001104,HSP-003,General Bed,1,CONFIRMED,2026-09-07 20:08:50,2026-09-07 20:09:02,2026-09-07 20:23:50
RSV-000427,REQ-001110,HSP-013,ICU,1,CONFIRMED,2026-09-07 21:25:23,2026-09-07 21:26:34,2026-09-07 21:40:23
RSV-000428,REQ-001110,HSP-013,Ventilator,1,CONFIRMED,2026-09-07 21:25:25,2026-09-07 21:26:39,2026-09-07 21:40:23
RSV-000429,REQ-001116,HSP-007,Oxygen Bed,1,FAILED,2026-09-07 21:41:21,,2026-09-07 21:51:21
RSV-000430,REQ-001116,HSP-020,Oxygen Bed,1,CONFIRMED,2026-09-07 21:44:50,2026-09-07 21:45:41,2026-09-07 21:59:50
RSV-000431,REQ-001117,HSP-013,General Bed,1,CONFIRMED,2026-09-07 21:45:17,2026-09-07 21:45:25,2026-09-07 22:00:17
RSV-000432,REQ-001118,HSP-003,General Bed,1,CONFIRMED,2026-09-07 21:52:07,2026-09-07 21:52:59,2026-09-07 22:07:07
RSV-000433,REQ-001121,HSP-012,ICU,1,CONFIRMED,2026-09-07 22:15:38,2026-09-07 22:16:38,2026-09-07 22:30:38
RSV-000434,REQ-001127,HSP-012,ICU,1,CONFIRMED,2026-09-07 23:36:21,2026-09-07 23:37:08,2026-09-07 23:51:21
RSV-000435,REQ-001127,HSP-012,Ventilator,1,CONFIRMED,2026-09-07 23:36:23,2026-09-07 23:37:08,2026-09-07 23:51:21
RSV-000436,REQ-001138,HSP-007,ICU,1,CONFIRMED,2026-09-08 07:00:54,2026-09-08 07:01:59,2026-09-08 07:15:54
RSV-000437,REQ-001138,HSP-007,Ventilator,1,CONFIRMED,2026-09-08 07:00:56,2026-09-08 07:02:05,2026-09-08 07:15:54
RSV-000438,REQ-001145,HSP-008,ICU,1,CONFIRMED,2026-09-08 08:01:14,2026-09-08 08:02:05,2026-09-08 08:16:14
RSV-000439,REQ-001146,HSP-008,ICU,1,FAILED,2026-09-08 08:01:42,,2026-09-08 08:11:42
RSV-000440,REQ-001146,HSP-010,ICU,1,CONFIRMED,2026-09-08 08:08:54,2026-09-08 08:09:34,2026-09-08 08:23:54
RSV-000441,REQ-001146,HSP-010,Ventilator,1,CONFIRMED,2026-09-08 08:08:56,2026-09-08 08:09:40,2026-09-08 08:23:54
RSV-000442,REQ-001147,HSP-012,Ventilator,1,FAILED,2026-09-08 08:10:41,,2026-09-08 08:20:41
RSV-000443,REQ-001148,HSP-024,General Bed,1,CONFIRMED,2026-09-08 08:12:06,2026-09-08 08:12:54,2026-09-08 08:27:06
RSV-000444,REQ-001156,HSP-007,ICU,1,CONFIRMED,2026-09-08 09:50:41,2026-09-08 09:50:52,2026-09-08 10:05:41
RSV-000445,REQ-001157,HSP-007,ICU,1,FAILED,2026-09-08 09:50:55,,2026-09-08 10:00:55
RSV-000446,REQ-001161,HSP-001,General Bed,1,CONFIRMED,2026-09-08 10:30:59,2026-09-08 10:31:12,2026-09-08 10:45:59
RSV-000447,REQ-001168,HSP-002,General Bed,1,FAILED,2026-09-08 11:06:50,,2026-09-08 11:16:50
RSV-000448,REQ-001169,HSP-007,Oxygen Bed,1,CONFIRMED,2026-09-08 11:08:49,2026-09-08 11:09:59,2026-09-08 11:23:49
RSV-000449,REQ-001168,HSP-001,General Bed,1,CONFIRMED,2026-09-08 11:14:00,2026-09-08 11:14:59,2026-09-08 11:29:00
RSV-000450,REQ-001174,HSP-001,ICU,1,CONFIRMED,2026-09-08 11:36:49,2026-09-08 11:37:12,2026-09-08 11:51:49
RSV-000451,REQ-001175,HSP-002,ICU,1,CONFIRMED,2026-09-08 11:49:05,2026-09-08 11:49:38,2026-09-08 12:04:05
RSV-000452,REQ-001178,HSP-002,General Bed,1,EXPIRED,2026-09-08 12:16:11,,2026-09-08 12:26:11
RSV-000453,REQ-001184,HSP-002,General Bed,1,CONFIRMED,2026-09-08 12:55:51,2026-09-08 12:56:39,2026-09-08 13:10:51
RSV-000454,REQ-001191,HSP-013,General Bed,1,CONFIRMED,2026-09-08 13:38:15,2026-09-08 13:38:32,2026-09-08 13:53:15
RSV-000455,REQ-001195,HSP-002,ICU,1,EXPIRED,2026-09-08 14:08:52,,2026-09-08 14:18:52
RSV-000456,REQ-001196,HSP-008,ICU,1,CONFIRMED,2026-09-08 14:17:33,2026-09-08 14:18:30,2026-09-08 14:32:33
RSV-000457,REQ-001198,HSP-010,General Bed,1,CONFIRMED,2026-09-08 14:27:20,2026-09-08 14:27:58,2026-09-08 14:42:20
RSV-000458,REQ-001201,HSP-012,ICU,1,RELEASED,2026-09-08 14:54:12,2026-09-08 14:54:26,2026-09-08 15:04:12
RSV-000459,REQ-001201,HSP-007,ICU,1,CONFIRMED,2026-09-08 15:00:30,2026-09-08 15:00:50,2026-09-08 15:15:30
RSV-000460,REQ-001203,HSP-004,Oxygen Bed,1,CONFIRMED,2026-09-08 15:18:02,2026-09-08 15:19:14,2026-09-08 15:33:02
RSV-000461,REQ-001204,HSP-001,ICU,1,FAILED,2026-09-08 15:21:12,,2026-09-08 15:31:12
RSV-000462,REQ-001206,HSP-018,ICU,1,CONFIRMED,2026-09-08 15:26:19,2026-09-08 15:27:12,2026-09-08 15:41:19
RSV-000463,REQ-001206,HSP-018,Ventilator,1,CONFIRMED,2026-09-08 15:26:21,2026-09-08 15:27:19,2026-09-08 15:41:19
RSV-000464,REQ-001204,HSP-002,ICU,1,CONFIRMED,2026-09-08 15:26:55,2026-09-08 15:27:23,2026-09-08 15:41:55
RSV-000465,REQ-001210,HSP-002,ICU,1,CONFIRMED,2026-09-08 16:23:13,2026-09-08 16:23:48,2026-09-08 16:38:13
RSV-000466,REQ-001210,HSP-002,Ventilator,1,CONFIRMED,2026-09-08 16:23:15,2026-09-08 16:23:50,2026-09-08 16:38:13
RSV-000467,REQ-001215,HSP-015,ICU,1,EXPIRED,2026-09-08 16:38:55,,2026-09-08 16:48:55
RSV-000468,REQ-001219,HSP-019,ICU,1,CANCELLED,2026-09-08 17:03:48,2026-09-08 17:03:55,2026-09-08 17:13:48
RSV-000469,REQ-001221,HSP-002,ICU,1,FAILED,2026-09-08 17:37:12,,2026-09-08 17:47:12
RSV-000470,REQ-001223,HSP-002,Oxygen Bed,1,CONFIRMED,2026-09-08 18:11:35,2026-09-08 18:11:45,2026-09-08 18:26:35
RSV-000471,REQ-001234,HSP-001,General Bed,1,CONFIRMED,2026-09-08 19:11:00,2026-09-08 19:12:01,2026-09-08 19:26:00
RSV-000472,REQ-001237,HSP-008,ICU,1,FAILED,2026-09-08 19:33:32,,2026-09-08 19:43:32
RSV-000473,REQ-001237,HSP-002,ICU,1,CONFIRMED,2026-09-08 19:35:17,2026-09-08 19:36:00,2026-09-08 19:50:17
RSV-000474,REQ-001245,HSP-001,General Bed,1,CONFIRMED,2026-09-08 19:51:05,2026-09-08 19:52:19,2026-09-08 20:06:05
RSV-000475,REQ-001248,HSP-002,ICU,1,CONFIRMED,2026-09-08 20:05:02,2026-09-08 20:05:36,2026-09-08 20:20:02
RSV-000476,REQ-001249,HSP-012,General Bed,1,CONFIRMED,2026-09-08 20:14:11,2026-09-08 20:15:16,2026-09-08 20:29:11
RSV-000477,REQ-001251,HSP-012,Oxygen Bed,1,CONFIRMED,2026-09-08 20:34:12,2026-09-08 20:34:56,2026-09-08 20:49:12
RSV-000478,REQ-001256,HSP-012,ICU,1,CONFIRMED,2026-09-08 21:02:01,2026-09-08 21:02:28,2026-09-08 21:17:01
RSV-000479,REQ-001256,HSP-012,Ventilator,1,CONFIRMED,2026-09-08 21:02:03,2026-09-08 21:02:33,2026-09-08 21:17:01
RSV-000480,REQ-001258,HSP-001,ICU,1,CONFIRMED,2026-09-08 21:03:46,2026-09-08 21:04:40,2026-09-08 21:18:46
RSV-000481,REQ-001262,HSP-004,General Bed,1,CONFIRMED,2026-09-08 21:35:56,2026-09-08 21:36:18,2026-09-08 21:50:56
RSV-000482,REQ-001265,HSP-002,Oxygen Bed,1,CONFIRMED,2026-09-08 21:41:17,2026-09-08 21:42:24,2026-09-08 21:56:17
RSV-000483,REQ-001272,HSP-013,ICU,1,RELEASED,2026-09-09 00:32:23,2026-09-09 00:32:47,2026-09-09 00:42:23
RSV-000484,REQ-001272,HSP-007,ICU,1,CONFIRMED,2026-09-09 00:37:30,2026-09-09 00:38:00,2026-09-09 00:52:30
RSV-000485,REQ-001276,HSP-004,General Bed,1,RELEASED,2026-09-09 01:41:39,2026-09-09 01:41:57,2026-09-09 01:51:39
RSV-000486,REQ-001276,HSP-003,General Bed,1,CONFIRMED,2026-09-09 01:44:06,2026-09-09 01:44:38,2026-09-09 01:59:06
RSV-000487,REQ-001282,HSP-008,ICU,1,FAILED,2026-09-09 04:03:59,,2026-09-09 04:13:59
RSV-000488,REQ-001282,HSP-007,ICU,1,CONFIRMED,2026-09-09 04:06:05,2026-09-09 04:06:29,2026-09-09 04:21:05
RSV-000489,REQ-001282,HSP-007,Ventilator,1,CONFIRMED,2026-09-09 04:06:07,2026-09-09 04:06:37,2026-09-09 04:21:05
RSV-000490,REQ-001286,HSP-007,Oxygen Bed,2,CONFIRMED,2026-09-09 05:37:11,2026-09-09 05:37:58,2026-09-09 05:52:11
RSV-000491,REQ-001288,HSP-007,General Bed,1,RELEASED,2026-09-09 06:05:11,2026-09-09 06:05:16,2026-09-09 06:15:11
RSV-000492,REQ-001288,HSP-020,General Bed,1,CONFIRMED,2026-09-09 06:11:20,2026-09-09 06:12:08,2026-09-09 06:26:20
RSV-000493,REQ-001293,HSP-004,Oxygen Bed,1,CONFIRMED,2026-09-09 06:19:37,2026-09-09 06:19:59,2026-09-09 06:34:37
RSV-000494,REQ-001297,HSP-002,ICU,1,CONFIRMED,2026-09-09 06:43:49,2026-09-09 06:44:24,2026-09-09 06:58:49
RSV-000495,REQ-001297,HSP-002,Ventilator,1,CONFIRMED,2026-09-09 06:43:51,2026-09-09 06:44:33,2026-09-09 06:58:49
RSV-000496,REQ-001302,HSP-013,General Bed,1,CONFIRMED,2026-09-09 07:19:39,2026-09-09 07:20:53,2026-09-09 07:34:39
RSV-000497,REQ-001304,HSP-004,ICU,1,RELEASED,2026-09-09 07:28:38,2026-09-09 07:28:50,2026-09-09 07:38:38
RSV-000498,REQ-001304,HSP-003,ICU,1,CONFIRMED,2026-09-09 07:31:51,2026-09-09 07:32:18,2026-09-09 07:46:51
RSV-000499,REQ-001313,HSP-013,ICU,1,CONFIRMED,2026-09-09 08:16:49,2026-09-09 08:17:02,2026-09-09 08:31:49
RSV-000500,REQ-001321,HSP-018,General Bed,1,CONFIRMED,2026-09-09 08:34:38,2026-09-09 08:35:50,2026-09-09 08:49:38
RSV-000501,REQ-001323,HSP-001,General Bed,1,CONFIRMED,2026-09-09 08:50:06,2026-09-09 08:51:10,2026-09-09 09:05:06
RSV-000502,REQ-001326,HSP-004,General Bed,1,CONFIRMED,2026-09-09 08:51:58,2026-09-09 08:52:51,2026-09-09 09:06:58
RSV-000503,REQ-001324,HSP-012,Oxygen Bed,1,CONFIRMED,2026-09-09 08:53:25,2026-09-09 08:54:29,2026-09-09 09:08:25
RSV-000504,REQ-001329,HSP-024,ICU,1,CONFIRMED,2026-09-09 09:21:37,2026-09-09 09:22:29,2026-09-09 09:36:37
RSV-000505,REQ-001330,HSP-024,ICU,1,FAILED,2026-09-09 09:21:48,,2026-09-09 09:31:48
RSV-000506,REQ-001330,HSP-010,ICU,1,CONFIRMED,2026-09-09 09:27:27,2026-09-09 09:27:57,2026-09-09 09:42:27
RSV-000507,REQ-001331,HSP-013,ICU,1,CONFIRMED,2026-09-09 09:31:39,2026-09-09 09:32:48,2026-09-09 09:46:39
RSV-000508,REQ-001331,HSP-013,Ventilator,1,CONFIRMED,2026-09-09 09:31:41,2026-09-09 09:32:55,2026-09-09 09:46:39
RSV-000509,REQ-001336,HSP-018,ICU,1,RELEASED,2026-09-09 09:59:55,2026-09-09 10:00:25,2026-09-09 10:09:55
RSV-000510,REQ-001336,HSP-004,ICU,1,CONFIRMED,2026-09-09 10:06:25,2026-09-09 10:07:06,2026-09-09 10:21:25
RSV-000511,REQ-001338,HSP-004,ICU,1,FAILED,2026-09-09 10:09:49,,2026-09-09 10:19:49
RSV-000512,REQ-001338,HSP-001,ICU,1,CONFIRMED,2026-09-09 10:13:24,2026-09-09 10:13:34,2026-09-09 10:28:24
RSV-000513,REQ-001341,HSP-001,Oxygen Bed,1,CONFIRMED,2026-09-09 10:26:34,2026-09-09 10:26:59,2026-09-09 10:41:34
RSV-000514,REQ-001342,HSP-013,ICU,1,RELEASED,2026-09-09 10:34:05,2026-09-09 10:34:41,2026-09-09 10:44:05
RSV-000515,REQ-001344,HSP-013,ICU,1,CONFIRMED,2026-09-09 10:36:49,2026-09-09 10:38:02,2026-09-09 10:51:49
RSV-000516,REQ-001342,HSP-003,ICU,1,CONFIRMED,2026-09-09 10:39:58,2026-09-09 10:40:44,2026-09-09 10:54:58
RSV-000517,REQ-001345,HSP-013,General Bed,1,CONFIRMED,2026-09-09 10:45:16,2026-09-09 10:46:18,2026-09-09 11:00:16
RSV-000518,REQ-001347,HSP-018,ICU,1,CONFIRMED,2026-09-09 10:55:15,2026-09-09 10:55:45,2026-09-09 11:10:15
RSV-000519,REQ-001348,HSP-012,ICU,1,CONFIRMED,2026-09-09 11:25:59,2026-09-09 11:26:33,2026-09-09 11:40:59
RSV-000520,REQ-001351,HSP-005,General Bed,1,CONFIRMED,2026-09-09 11:55:56,2026-09-09 11:56:49,2026-09-09 12:10:56
RSV-000521,REQ-001353,HSP-018,Oxygen Bed,1,CONFIRMED,2026-09-09 12:19:50,2026-09-09 12:20:39,2026-09-09 12:34:50
RSV-000522,REQ-001355,HSP-001,General Bed,1,CONFIRMED,2026-09-09 12:19:50,2026-09-09 12:20:31,2026-09-09 12:34:50
RSV-000523,REQ-001356,HSP-013,ICU,1,CONFIRMED,2026-09-09 12:26:38,2026-09-09 12:27:07,2026-09-09 12:41:38
RSV-000524,REQ-001359,HSP-009,ICU,1,CONFIRMED,2026-09-09 12:40:28,2026-09-09 12:40:36,2026-09-09 12:55:28
RSV-000525,REQ-001361,HSP-009,Oxygen Bed,1,CONFIRMED,2026-09-09 13:08:02,2026-09-09 13:09:13,2026-09-09 13:23:02
RSV-000526,REQ-001366,HSP-007,ICU,1,CONFIRMED,2026-09-09 13:54:54,2026-09-09 13:55:47,2026-09-09 14:09:54
RSV-000527,REQ-001366,HSP-007,Ventilator,1,CONFIRMED,2026-09-09 13:54:56,2026-09-09 13:55:49,2026-09-09 14:09:54
RSV-000528,REQ-001371,HSP-024,ICU,1,CONFIRMED,2026-09-09 14:32:40,2026-09-09 14:33:23,2026-09-09 14:47:40
RSV-000529,REQ-001371,HSP-024,Ventilator,1,CONFIRMED,2026-09-09 14:32:42,2026-09-09 14:33:27,2026-09-09 14:47:40
RSV-000530,REQ-001372,HSP-024,ICU,1,FAILED,2026-09-09 14:32:45,,2026-09-09 14:42:45
RSV-000531,REQ-001372,HSP-008,ICU,1,CONFIRMED,2026-09-09 14:37:05,2026-09-09 14:38:10,2026-09-09 14:52:05
RSV-000532,REQ-001372,HSP-008,Ventilator,1,CONFIRMED,2026-09-09 14:37:07,2026-09-09 14:38:10,2026-09-09 14:52:05
RSV-000533,REQ-001375,HSP-018,ICU,1,CONFIRMED,2026-09-09 14:38:51,2026-09-09 14:39:24,2026-09-09 14:53:51
RSV-000534,REQ-001376,HSP-002,ICU,1,CONFIRMED,2026-09-09 14:39:07,2026-09-09 14:39:22,2026-09-09 14:54:07
RSV-000535,REQ-001377,HSP-001,ICU,1,CONFIRMED,2026-09-09 14:39:22,2026-09-09 14:39:34,2026-09-09 14:54:22
RSV-000536,REQ-001379,HSP-012,ICU,1,CONFIRMED,2026-09-09 14:55:43,2026-09-09 14:55:59,2026-09-09 15:10:43
RSV-000537,REQ-001385,HSP-013,General Bed,1,CONFIRMED,2026-09-09 15:25:20,2026-09-09 15:26:17,2026-09-09 15:40:20
RSV-000538,REQ-001387,HSP-004,General Bed,1,CONFIRMED,2026-09-09 15:36:31,2026-09-09 15:36:52,2026-09-09 15:51:31
RSV-000539,REQ-001390,HSP-012,ICU,1,CONFIRMED,2026-09-09 16:02:21,2026-09-09 16:02:50,2026-09-09 16:17:21
RSV-000540,REQ-001396,HSP-004,General Bed,1,CONFIRMED,2026-09-09 16:41:44,2026-09-09 16:42:33,2026-09-09 16:56:44
RSV-000541,REQ-001399,HSP-009,General Bed,1,CONFIRMED,2026-09-09 17:17:56,2026-09-09 17:18:12,2026-09-09 17:32:56
RSV-000542,REQ-001401,HSP-007,ICU,1,CONFIRMED,2026-09-09 17:26:08,2026-09-09 17:26:56,2026-09-09 17:41:08
RSV-000543,REQ-001402,HSP-013,General Bed,1,CONFIRMED,2026-09-09 17:28:42,2026-09-09 17:29:36,2026-09-09 17:43:42
RSV-000544,REQ-001411,HSP-018,General Bed,1,CONFIRMED,2026-09-09 18:12:01,2026-09-09 18:12:20,2026-09-09 18:27:01
RSV-000545,REQ-001416,HSP-002,General Bed,1,CONFIRMED,2026-09-09 18:22:50,2026-09-09 18:23:09,2026-09-09 18:37:50
RSV-000546,REQ-001431,HSP-020,General Bed,1,CONFIRMED,2026-09-09 20:26:50,2026-09-09 20:27:03,2026-09-09 20:41:50
RSV-000547,REQ-001434,HSP-012,ICU,1,EXPIRED,2026-09-09 20:40:23,,2026-09-09 20:50:23
RSV-000548,REQ-001441,HSP-012,ICU,1,CONFIRMED,2026-09-09 21:21:47,2026-09-09 21:22:46,2026-09-09 21:36:47
RSV-000549,REQ-001441,HSP-012,Ventilator,1,CONFIRMED,2026-09-09 21:21:49,2026-09-09 21:22:50,2026-09-09 21:36:47
RSV-000550,REQ-001450,HSP-011,General Bed,1,CONFIRMED,2026-09-09 22:13:24,2026-09-09 22:14:13,2026-09-09 22:28:24
RSV-000551,REQ-001453,HSP-002,ICU,1,CONFIRMED,2026-09-09 23:24:09,2026-09-09 23:25:07,2026-09-09 23:39:09
RSV-000552,REQ-001454,HSP-002,ICU,1,FAILED,2026-09-09 23:24:32,,2026-09-09 23:34:32
RSV-000553,REQ-001454,HSP-008,ICU,1,CONFIRMED,2026-09-09 23:27:43,2026-09-09 23:28:29,2026-09-09 23:42:43
RSV-000554,REQ-001456,HSP-013,General Bed,3,CANCELLED,2026-09-09 23:31:53,2026-09-09 23:32:01,2026-09-09 23:41:53
RSV-000555,REQ-001456,HSP-003,General Bed,3,CONFIRMED,2026-09-09 23:34:46,2026-09-09 23:35:42,2026-09-09 23:49:46
RSV-000556,REQ-001457,HSP-013,Oxygen Bed,1,CONFIRMED,2026-09-09 23:38:36,2026-09-09 23:39:08,2026-09-09 23:53:36
RSV-000557,REQ-001460,HSP-007,General Bed,1,EXPIRED,2026-09-10 00:54:30,,2026-09-10 01:04:30
RSV-000558,REQ-001461,HSP-002,ICU,1,CONFIRMED,2026-09-10 01:42:06,2026-09-10 01:43:15,2026-09-10 01:57:06
RSV-000559,REQ-001461,HSP-002,Ventilator,1,CONFIRMED,2026-09-10 01:42:08,2026-09-10 01:43:21,2026-09-10 01:57:06
RSV-000560,REQ-001464,HSP-002,ICU,1,CONFIRMED,2026-09-10 04:01:07,2026-09-10 04:01:36,2026-09-10 04:16:07
RSV-000561,REQ-001468,HSP-018,General Bed,1,RELEASED,2026-09-10 05:46:02,2026-09-10 05:46:22,2026-09-10 05:56:02
RSV-000562,REQ-001468,HSP-004,General Bed,1,CONFIRMED,2026-09-10 05:47:39,2026-09-10 05:48:29,2026-09-10 06:02:39
RSV-000563,REQ-001469,HSP-024,Oxygen Bed,1,CONFIRMED,2026-09-10 05:56:52,2026-09-10 05:57:57,2026-09-10 06:11:52
RSV-000564,REQ-001470,HSP-024,ICU,1,CONFIRMED,2026-09-10 06:10:08,2026-09-10 06:10:29,2026-09-10 06:25:08
RSV-000565,REQ-001470,HSP-024,Ventilator,1,CONFIRMED,2026-09-10 06:10:10,2026-09-10 06:10:30,2026-09-10 06:25:08
RSV-000566,REQ-001472,HSP-018,Oxygen Bed,1,CONFIRMED,2026-09-10 06:48:07,2026-09-10 06:48:59,2026-09-10 07:03:07
RSV-000567,REQ-001472,HSP-018,Ventilator,1,CONFIRMED,2026-09-10 06:48:09,2026-09-10 06:49:07,2026-09-10 07:03:07
RSV-000568,REQ-001477,HSP-024,Oxygen Bed,2,CONFIRMED,2026-09-10 07:41:24,2026-09-10 07:41:55,2026-09-10 07:56:24
RSV-000569,REQ-001481,HSP-007,ICU,1,EXPIRED,2026-09-10 08:39:27,,2026-09-10 08:49:27
RSV-000570,REQ-001483,HSP-002,Oxygen Bed,1,EXPIRED,2026-09-10 08:39:38,,2026-09-10 08:49:38
RSV-000571,REQ-001484,HSP-013,General Bed,1,EXPIRED,2026-09-10 08:40:10,,2026-09-10 08:50:10
RSV-000572,REQ-001485,HSP-001,ICU,1,CONFIRMED,2026-09-10 08:43:58,2026-09-10 08:45:03,2026-09-10 08:58:58
RSV-000573,REQ-001485,HSP-001,Ventilator,1,CONFIRMED,2026-09-10 08:44:00,2026-09-10 08:45:05,2026-09-10 08:58:58
RSV-000574,REQ-001489,HSP-001,ICU,1,CONFIRMED,2026-09-10 09:18:37,2026-09-10 09:18:48,2026-09-10 09:33:37
RSV-000575,REQ-001489,HSP-001,Ventilator,1,CONFIRMED,2026-09-10 09:18:39,2026-09-10 09:18:57,2026-09-10 09:33:37
RSV-000576,REQ-001490,HSP-008,ICU,1,CONFIRMED,2026-09-10 09:20:45,2026-09-10 09:21:47,2026-09-10 09:35:45
RSV-000577,REQ-001492,HSP-019,Oxygen Bed,1,CONFIRMED,2026-09-10 09:27:34,2026-09-10 09:28:00,2026-09-10 09:42:34
RSV-000578,REQ-001503,HSP-008,ICU,1,CONFIRMED,2026-09-10 10:17:05,2026-09-10 10:18:19,2026-09-10 10:32:05
RSV-000579,REQ-001505,HSP-008,General Bed,1,CONFIRMED,2026-09-10 10:24:25,2026-09-10 10:25:00,2026-09-10 10:39:25
RSV-000580,REQ-001512,HSP-013,ICU,1,RELEASED,2026-09-10 11:38:09,2026-09-10 11:38:47,2026-09-10 11:48:09
RSV-000581,REQ-001512,HSP-003,ICU,1,CONFIRMED,2026-09-10 11:41:46,2026-09-10 11:41:55,2026-09-10 11:56:46
RSV-000582,REQ-001513,HSP-013,General Bed,1,FAILED,2026-09-10 11:46:45,,2026-09-10 11:56:45
RSV-000583,REQ-001514,HSP-002,Oxygen Bed,1,CONFIRMED,2026-09-10 11:48:05,2026-09-10 11:48:24,2026-09-10 12:03:05
RSV-000584,REQ-001513,HSP-003,General Bed,1,CONFIRMED,2026-09-10 11:52:49,2026-09-10 11:53:49,2026-09-10 12:07:49
RSV-000585,REQ-001517,HSP-012,ICU,1,CONFIRMED,2026-09-10 12:33:57,2026-09-10 12:35:02,2026-09-10 12:48:57
RSV-000586,REQ-001520,HSP-002,General Bed,1,CONFIRMED,2026-09-10 12:50:35,2026-09-10 12:51:10,2026-09-10 13:05:35
RSV-000587,REQ-001521,HSP-013,ICU,1,EXPIRED,2026-09-10 13:05:37,,2026-09-10 13:15:37
RSV-000588,REQ-001522,HSP-018,ICU,1,CONFIRMED,2026-09-10 13:07:18,2026-09-10 13:07:56,2026-09-10 13:22:18
RSV-000589,REQ-001522,HSP-018,Ventilator,1,CONFIRMED,2026-09-10 13:07:20,2026-09-10 13:08:03,2026-09-10 13:22:18
RSV-000590,REQ-001523,HSP-020,ICU,1,CONFIRMED,2026-09-10 13:10:45,2026-09-10 13:10:56,2026-09-10 13:25:45
RSV-000591,REQ-001523,HSP-020,Ventilator,1,CONFIRMED,2026-09-10 13:10:47,2026-09-10 13:10:58,2026-09-10 13:25:45
RSV-000592,REQ-001528,HSP-002,Oxygen Bed,1,CONFIRMED,2026-09-10 14:03:17,2026-09-10 14:03:43,2026-09-10 14:18:17
RSV-000593,REQ-001529,HSP-012,Ventilator,1,FAILED,2026-09-10 14:35:49,,2026-09-10 14:45:49
RSV-000594,REQ-001529,HSP-020,ICU,1,CONFIRMED,2026-09-10 14:40:33,2026-09-10 14:41:39,2026-09-10 14:55:33
RSV-000595,REQ-001529,HSP-020,Ventilator,1,CONFIRMED,2026-09-10 14:40:35,2026-09-10 14:41:41,2026-09-10 14:55:33
RSV-000596,REQ-001545,HSP-009,General Bed,1,CONFIRMED,2026-09-10 16:52:03,2026-09-10 16:52:28,2026-09-10 17:07:03
RSV-000597,REQ-001548,HSP-019,ICU,1,CANCELLED,2026-09-10 17:11:17,2026-09-10 17:11:25,2026-09-10 17:21:17
RSV-000598,REQ-001553,HSP-012,ICU,1,CONFIRMED,2026-09-10 17:40:39,2026-09-10 17:41:09,2026-09-10 17:55:39
RSV-000599,REQ-001559,HSP-012,ICU,1,EXPIRED,2026-09-10 18:23:28,,2026-09-10 18:33:28
RSV-000600,REQ-001565,HSP-001,ICU,1,CONFIRMED,2026-09-10 19:21:00,2026-09-10 19:21:52,2026-09-10 19:36:00
RSV-000601,REQ-001569,HSP-004,General Bed,1,CONFIRMED,2026-09-10 20:21:59,2026-09-10 20:22:11,2026-09-10 20:36:59
RSV-000602,REQ-001571,HSP-003,General Bed,1,CONFIRMED,2026-09-10 20:35:07,2026-09-10 20:35:51,2026-09-10 20:50:07
RSV-000603,REQ-001573,HSP-002,General Bed,2,CONFIRMED,2026-09-10 20:40:52,2026-09-10 20:41:53,2026-09-10 20:55:52
RSV-000604,REQ-001575,HSP-013,ICU,1,CONFIRMED,2026-09-10 20:52:45,2026-09-10 20:53:06,2026-09-10 21:07:45
RSV-000605,REQ-001577,HSP-013,ICU,1,CONFIRMED,2026-09-10 21:20:43,2026-09-10 21:21:35,2026-09-10 21:35:43
RSV-000606,REQ-001577,HSP-013,Ventilator,1,CONFIRMED,2026-09-10 21:20:45,2026-09-10 21:21:38,2026-09-10 21:35:43
RSV-000607,REQ-001578,HSP-013,ICU,1,FAILED,2026-09-10 21:20:48,,2026-09-10 21:30:48
RSV-000608,REQ-001579,HSP-002,ICU,3,CONFIRMED,2026-09-10 21:31:37,2026-09-10 21:32:03,2026-09-10 21:46:37
RSV-000609,REQ-001579,HSP-002,Ventilator,1,CONFIRMED,2026-09-10 21:31:39,2026-09-10 21:32:04,2026-09-10 21:46:37
RSV-000610,REQ-001582,HSP-001,General Bed,1,CONFIRMED,2026-09-10 21:58:46,2026-09-10 21:59:59,2026-09-10 22:13:46
RSV-000611,REQ-001585,HSP-012,ICU,1,CONFIRMED,2026-09-10 22:13:42,2026-09-10 22:14:45,2026-09-10 22:28:42
RSV-000612,REQ-001591,HSP-012,ICU,1,CONFIRMED,2026-09-10 22:55:18,2026-09-10 22:56:32,2026-09-10 23:10:18
RSV-000613,REQ-001591,HSP-012,Ventilator,1,CONFIRMED,2026-09-10 22:55:20,2026-09-10 22:56:39,2026-09-10 23:10:18
RSV-000614,REQ-001594,HSP-012,ICU,1,CONFIRMED,2026-09-10 23:05:49,2026-09-10 23:06:26,2026-09-10 23:20:49
RSV-000615,REQ-001594,HSP-012,Ventilator,1,CONFIRMED,2026-09-10 23:05:51,2026-09-10 23:06:35,2026-09-10 23:20:49
RSV-000616,REQ-001595,HSP-012,ICU,1,CONFIRMED,2026-09-10 23:09:16,2026-09-10 23:10:11,2026-09-10 23:24:16
RSV-000617,REQ-001595,HSP-012,Ventilator,1,CONFIRMED,2026-09-10 23:09:18,2026-09-10 23:10:17,2026-09-10 23:24:16
RSV-000618,REQ-001601,HSP-002,General Bed,1,CONFIRMED,2026-09-10 23:43:56,2026-09-10 23:44:58,2026-09-10 23:58:56
RSV-000619,REQ-001606,HSP-004,General Bed,1,CONFIRMED,2026-09-11 01:03:32,2026-09-11 01:03:49,2026-09-11 01:18:32
RSV-000620,REQ-001611,HSP-005,ICU,1,CONFIRMED,2026-09-11 01:32:45,2026-09-11 01:33:04,2026-09-11 01:47:45
RSV-000621,REQ-001614,HSP-001,General Bed,1,CONFIRMED,2026-09-11 02:23:23,2026-09-11 02:24:01,2026-09-11 02:38:23
RSV-000622,REQ-001617,HSP-001,ICU,1,CONFIRMED,2026-09-11 03:02:21,2026-09-11 03:03:03,2026-09-11 03:17:21
RSV-000623,REQ-001618,HSP-013,ICU,4,CONFIRMED,2026-09-11 03:03:40,2026-09-11 03:04:29,2026-09-11 03:18:40
RSV-000624,REQ-001620,HSP-013,ICU,1,CONFIRMED,2026-09-11 03:22:34,2026-09-11 03:22:43,2026-09-11 03:37:34
RSV-000625,REQ-001620,HSP-013,Ventilator,1,CONFIRMED,2026-09-11 03:22:36,2026-09-11 03:22:43,2026-09-11 03:37:34
RSV-000626,REQ-001621,HSP-004,Oxygen Bed,1,CONFIRMED,2026-09-11 03:27:52,2026-09-11 03:28:54,2026-09-11 03:42:52
RSV-000627,REQ-001622,HSP-012,ICU,1,CONFIRMED,2026-09-11 04:05:32,2026-09-11 04:05:41,2026-09-11 04:20:32
RSV-000628,REQ-001624,HSP-002,ICU,1,CONFIRMED,2026-09-11 05:03:58,2026-09-11 05:05:03,2026-09-11 05:18:58
RSV-000629,REQ-001628,HSP-008,General Bed,1,CONFIRMED,2026-09-11 05:52:33,2026-09-11 05:53:47,2026-09-11 06:07:33
RSV-000630,REQ-001635,HSP-012,ICU,1,CONFIRMED,2026-09-11 07:22:34,2026-09-11 07:23:34,2026-09-11 07:37:34
RSV-000631,REQ-001635,HSP-012,Ventilator,1,CONFIRMED,2026-09-11 07:22:36,2026-09-11 07:23:43,2026-09-11 07:37:34
RSV-000632,REQ-001641,HSP-023,General Bed,1,CONFIRMED,2026-09-11 08:04:38,2026-09-11 08:05:08,2026-09-11 08:19:38
RSV-000633,REQ-001646,HSP-013,General Bed,1,CONFIRMED,2026-09-11 08:48:11,2026-09-11 08:48:40,2026-09-11 09:03:11
RSV-000634,REQ-001653,HSP-001,ICU,1,CANCELLED,2026-09-11 09:55:53,2026-09-11 09:56:15,2026-09-11 10:05:53
RSV-000635,REQ-001653,HSP-019,ICU,1,CONFIRMED,2026-09-11 10:01:18,2026-09-11 10:01:38,2026-09-11 10:16:18
RSV-000636,REQ-001654,HSP-002,Oxygen Bed,1,FAILED,2026-09-11 10:05:15,,2026-09-11 10:15:15
RSV-000637,REQ-001654,HSP-008,Oxygen Bed,1,CONFIRMED,2026-09-11 10:09:53,2026-09-11 10:10:32,2026-09-11 10:24:53
RSV-000638,REQ-001658,HSP-008,ICU,1,CONFIRMED,2026-09-11 10:32:59,2026-09-11 10:33:47,2026-09-11 10:47:59
RSV-000639,REQ-001661,HSP-024,ICU,1,CONFIRMED,2026-09-11 10:39:26,2026-09-11 10:40:01,2026-09-11 10:54:26
RSV-000640,REQ-001661,HSP-024,Ventilator,1,CONFIRMED,2026-09-11 10:39:28,2026-09-11 10:40:03,2026-09-11 10:54:26
RSV-000641,REQ-001662,HSP-010,ICU,1,EXPIRED,2026-09-11 10:43:57,,2026-09-11 10:53:57
RSV-000642,REQ-001663,HSP-018,ICU,1,CONFIRMED,2026-09-11 10:48:12,2026-09-11 10:48:52,2026-09-11 11:03:12
RSV-000643,REQ-001663,HSP-018,Ventilator,1,CONFIRMED,2026-09-11 10:48:14,2026-09-11 10:48:56,2026-09-11 11:03:12
RSV-000644,REQ-001664,HSP-018,General Bed,1,EXPIRED,2026-09-11 10:56:53,,2026-09-11 11:06:53
RSV-000645,REQ-001673,HSP-002,ICU,1,CONFIRMED,2026-09-11 12:15:20,2026-09-11 12:15:49,2026-09-11 12:30:20
RSV-000646,REQ-001673,HSP-002,Ventilator,1,CONFIRMED,2026-09-11 12:15:22,2026-09-11 12:15:57,2026-09-11 12:30:20
RSV-000647,REQ-001674,HSP-001,General Bed,1,CONFIRMED,2026-09-11 12:20:45,2026-09-11 12:21:38,2026-09-11 12:35:45
RSV-000648,REQ-001675,HSP-002,ICU,1,FAILED,2026-09-11 12:26:20,,2026-09-11 12:36:20
RSV-000649,REQ-001675,HSP-001,ICU,1,CONFIRMED,2026-09-11 12:30:12,2026-09-11 12:30:56,2026-09-11 12:45:12
RSV-000650,REQ-001676,HSP-001,General Bed,1,CONFIRMED,2026-09-11 12:51:58,2026-09-11 12:53:01,2026-09-11 13:06:58
RSV-000651,REQ-001677,HSP-012,ICU,1,EXPIRED,2026-09-11 12:58:24,,2026-09-11 13:08:24
RSV-000652,REQ-001680,HSP-012,ICU,1,CONFIRMED,2026-09-11 13:44:51,2026-09-11 13:45:49,2026-09-11 13:59:51
RSV-000653,REQ-001682,HSP-012,Oxygen Bed,1,CONFIRMED,2026-09-11 14:01:09,2026-09-11 14:01:57,2026-09-11 14:16:09
RSV-000654,REQ-001683,HSP-002,General Bed,1,CONFIRMED,2026-09-11 14:02:23,2026-09-11 14:03:11,2026-09-11 14:17:23
RSV-000655,REQ-001689,HSP-001,General Bed,1,FAILED,2026-09-11 14:31:20,,2026-09-11 14:41:20
RSV-000656,REQ-001689,HSP-019,General Bed,1,CONFIRMED,2026-09-11 14:37:08,2026-09-11 14:38:16,2026-09-11 14:52:08
RSV-000657,REQ-001693,HSP-008,General Bed,1,CANCELLED,2026-09-11 14:54:29,2026-09-11 14:54:56,2026-09-11 15:04:29
RSV-000658,REQ-001693,HSP-010,General Bed,1,CONFIRMED,2026-09-11 15:00:29,2026-09-11 15:01:10,2026-09-11 15:15:29
RSV-000659,REQ-001698,HSP-002,Oxygen Bed,1,CONFIRMED,2026-09-11 15:23:21,2026-09-11 15:24:11,2026-09-11 15:38:21
RSV-000660,REQ-001701,HSP-001,General Bed,1,CONFIRMED,2026-09-11 15:50:41,2026-09-11 15:51:03,2026-09-11 16:05:41
RSV-000661,REQ-001702,HSP-013,Oxygen Bed,1,CONFIRMED,2026-09-11 16:06:59,2026-09-11 16:07:31,2026-09-11 16:21:59
RSV-000662,REQ-001706,HSP-018,ICU,1,CONFIRMED,2026-09-11 16:13:24,2026-09-11 16:14:29,2026-09-11 16:28:24
RSV-000663,REQ-001706,HSP-018,Ventilator,1,CONFIRMED,2026-09-11 16:13:26,2026-09-11 16:14:31,2026-09-11 16:28:24
RSV-000664,REQ-001707,HSP-007,ICU,1,RELEASED,2026-09-11 16:22:58,2026-09-11 16:23:23,2026-09-11 16:32:58
RSV-000665,REQ-001718,HSP-013,ICU,1,CONFIRMED,2026-09-11 17:03:31,2026-09-11 17:03:42,2026-09-11 17:18:31
RSV-000666,REQ-001718,HSP-013,Ventilator,1,CONFIRMED,2026-09-11 17:03:33,2026-09-11 17:03:42,2026-09-11 17:18:31
RSV-000667,REQ-001722,HSP-009,General Bed,1,CONFIRMED,2026-09-11 17:54:16,2026-09-11 17:55:29,2026-09-11 18:09:16
RSV-000668,REQ-001723,HSP-008,ICU,1,CONFIRMED,2026-09-11 18:04:51,2026-09-11 18:05:45,2026-09-11 18:19:51
RSV-000669,REQ-001726,HSP-004,Oxygen Bed,1,CONFIRMED,2026-09-11 18:26:03,2026-09-11 18:26:21,2026-09-11 18:41:03
RSV-000670,REQ-001734,HSP-007,General Bed,1,CONFIRMED,2026-09-11 19:26:42,2026-09-11 19:27:02,2026-09-11 19:41:42
RSV-000671,REQ-001737,HSP-013,ICU,3,CONFIRMED,2026-09-11 20:00:33,2026-09-11 20:01:36,2026-09-11 20:15:33
RSV-000672,REQ-001737,HSP-013,Ventilator,1,CONFIRMED,2026-09-11 20:00:35,2026-09-11 20:01:37,2026-09-11 20:15:33
RSV-000673,REQ-001746,HSP-004,General Bed,1,FAILED,2026-09-11 21:06:31,,2026-09-11 21:16:31
RSV-000674,REQ-001746,HSP-018,General Bed,1,CONFIRMED,2026-09-11 21:10:26,2026-09-11 21:11:11,2026-09-11 21:25:26
RSV-000675,REQ-001748,HSP-013,General Bed,1,CONFIRMED,2026-09-11 21:22:00,2026-09-11 21:22:49,2026-09-11 21:37:00
RSV-000676,REQ-001749,HSP-007,ICU,1,EXPIRED,2026-09-11 21:26:27,,2026-09-11 21:36:27
RSV-000677,REQ-001751,HSP-002,ICU,1,CONFIRMED,2026-09-11 21:30:50,2026-09-11 21:31:33,2026-09-11 21:45:50
RSV-000678,REQ-001750,HSP-009,General Bed,1,RELEASED,2026-09-11 21:31:29,2026-09-11 21:31:52,2026-09-11 21:41:29
RSV-000679,REQ-001750,HSP-008,General Bed,1,CONFIRMED,2026-09-11 21:32:36,2026-09-11 21:33:05,2026-09-11 21:47:36
RSV-000680,REQ-001755,HSP-001,General Bed,1,CONFIRMED,2026-09-11 21:58:26,2026-09-11 21:59:11,2026-09-11 22:13:26
RSV-000681,REQ-001757,HSP-007,General Bed,1,CONFIRMED,2026-09-11 22:03:30,2026-09-11 22:04:39,2026-09-11 22:18:30
RSV-000682,REQ-001757,HSP-007,Ventilator,1,CONFIRMED,2026-09-11 22:03:32,2026-09-11 22:04:45,2026-09-11 22:18:30
RSV-000683,REQ-001758,HSP-013,ICU,1,CONFIRMED,2026-09-11 22:09:31,2026-09-11 22:10:36,2026-09-11 22:24:31
RSV-000684,REQ-001759,HSP-013,ICU,1,CONFIRMED,2026-09-11 22:20:14,2026-09-11 22:20:57,2026-09-11 22:35:14
RSV-000685,REQ-001760,HSP-013,ICU,1,FAILED,2026-09-11 22:20:40,,2026-09-11 22:30:40
RSV-000686,REQ-001760,HSP-003,ICU,1,RELEASED,2026-09-11 22:28:34,2026-09-11 22:29:00,2026-09-11 22:38:34
RSV-000687,REQ-001763,HSP-001,ICU,1,CONFIRMED,2026-09-11 22:34:04,2026-09-11 22:34:53,2026-09-11 22:49:04
RSV-000688,REQ-001760,HSP-020,ICU,1,CONFIRMED,2026-09-11 22:34:40,2026-09-11 22:34:50,2026-09-11 22:49:40
RSV-000689,REQ-001765,HSP-004,General Bed,1,CONFIRMED,2026-09-11 23:01:56,2026-09-11 23:02:20,2026-09-11 23:16:56
RSV-000690,REQ-001770,HSP-018,ICU,1,CANCELLED,2026-09-12 00:29:52,2026-09-12 00:30:04,2026-09-12 00:39:52
RSV-000691,REQ-001772,HSP-002,ICU,1,CONFIRMED,2026-09-12 01:21:57,2026-09-12 01:23:04,2026-09-12 01:36:57
RSV-000692,REQ-001773,HSP-002,ICU,1,FAILED,2026-09-12 01:22:07,,2026-09-12 01:32:07
RSV-000693,REQ-001773,HSP-010,ICU,1,CONFIRMED,2026-09-12 01:26:40,2026-09-12 01:27:02,2026-09-12 01:41:40
RSV-000694,REQ-001775,HSP-001,ICU,1,CONFIRMED,2026-09-12 01:40:20,2026-09-12 01:41:03,2026-09-12 01:55:20
RSV-000695,REQ-001777,HSP-001,ICU,1,CONFIRMED,2026-09-12 03:38:57,2026-09-12 03:39:22,2026-09-12 03:53:57
RSV-000696,REQ-001777,HSP-001,Ventilator,1,CONFIRMED,2026-09-12 03:38:59,2026-09-12 03:39:24,2026-09-12 03:53:57
RSV-000697,REQ-001779,HSP-013,ICU,1,CONFIRMED,2026-09-12 04:50:57,2026-09-12 04:51:22,2026-09-12 05:05:57
RSV-000698,REQ-001779,HSP-013,Ventilator,1,CONFIRMED,2026-09-12 04:50:59,2026-09-12 04:51:30,2026-09-12 05:05:57
RSV-000699,REQ-001780,HSP-013,ICU,1,FAILED,2026-09-12 04:51:26,,2026-09-12 05:01:26
RSV-000700,REQ-001780,HSP-004,ICU,1,CONFIRMED,2026-09-12 04:59:34,2026-09-12 05:00:39,2026-09-12 05:14:34
RSV-000701,REQ-001780,HSP-004,Ventilator,1,CONFIRMED,2026-09-12 04:59:36,2026-09-12 05:00:43,2026-09-12 05:14:34
RSV-000702,REQ-001781,HSP-001,ICU,1,CONFIRMED,2026-09-12 05:46:28,2026-09-12 05:46:53,2026-09-12 06:01:28
RSV-000703,REQ-001782,HSP-013,ICU,1,CONFIRMED,2026-09-12 05:54:03,2026-09-12 05:54:31,2026-09-12 06:09:03
RSV-000704,REQ-001782,HSP-013,Ventilator,1,CONFIRMED,2026-09-12 05:54:05,2026-09-12 05:54:31,2026-09-12 06:09:03
RSV-000705,REQ-001791,HSP-001,General Bed,1,CONFIRMED,2026-09-12 07:49:35,2026-09-12 07:50:34,2026-09-12 08:04:35
RSV-000706,REQ-001797,HSP-008,General Bed,1,CONFIRMED,2026-09-12 08:16:57,2026-09-12 08:17:37,2026-09-12 08:31:57
RSV-000707,REQ-001802,HSP-009,General Bed,1,CONFIRMED,2026-09-12 08:29:26,2026-09-12 08:30:32,2026-09-12 08:44:26
RSV-000708,REQ-001804,HSP-002,ICU,1,CONFIRMED,2026-09-12 08:46:25,2026-09-12 08:47:16,2026-09-12 09:01:25
RSV-000709,REQ-001804,HSP-002,Ventilator,1,CONFIRMED,2026-09-12 08:46:27,2026-09-12 08:47:25,2026-09-12 09:01:25
RSV-000710,REQ-001809,HSP-012,General Bed,1,CONFIRMED,2026-09-12 09:21:04,2026-09-12 09:21:19,2026-09-12 09:36:04
RSV-000711,REQ-001814,HSP-012,ICU,1,EXPIRED,2026-09-12 09:46:01,,2026-09-12 09:56:01
RSV-000712,REQ-001815,HSP-019,ICU,1,RELEASED,2026-09-12 09:49:59,2026-09-12 09:50:23,2026-09-12 09:59:59
RSV-000713,REQ-001815,HSP-007,ICU,1,CONFIRMED,2026-09-12 09:54:21,2026-09-12 09:54:37,2026-09-12 10:09:21
RSV-000714,REQ-001819,HSP-004,General Bed,1,CONFIRMED,2026-09-12 09:57:10,2026-09-12 09:57:49,2026-09-12 10:12:10
RSV-000715,REQ-001822,HSP-006,ICU,1,RELEASED,2026-09-12 09:59:35,2026-09-12 10:00:01,2026-09-12 10:09:35
RSV-000716,REQ-001822,HSP-007,ICU,1,CONFIRMED,2026-09-12 10:06:00,2026-09-12 10:06:26,2026-09-12 10:21:00
RSV-000717,REQ-001822,HSP-007,Ventilator,1,CONFIRMED,2026-09-12 10:06:02,2026-09-12 10:06:33,2026-09-12 10:21:00
RSV-000718,REQ-001826,HSP-018,General Bed,1,CONFIRMED,2026-09-12 10:21:33,2026-09-12 10:22:38,2026-09-12 10:36:33
RSV-000719,REQ-001831,HSP-013,ICU,1,CONFIRMED,2026-09-12 10:52:22,2026-09-12 10:52:53,2026-09-12 11:07:22
RSV-000720,REQ-001831,HSP-013,Ventilator,1,CONFIRMED,2026-09-12 10:52:24,2026-09-12 10:52:55,2026-09-12 11:07:22
RSV-000721,REQ-001839,HSP-013,ICU,1,CONFIRMED,2026-09-12 12:03:26,2026-09-12 12:04:08,2026-09-12 12:18:26
RSV-000722,REQ-001841,HSP-013,ICU,1,CONFIRMED,2026-09-12 12:26:52,2026-09-12 12:27:48,2026-09-12 12:41:52
RSV-000723,REQ-001841,HSP-013,Ventilator,1,CONFIRMED,2026-09-12 12:26:54,2026-09-12 12:27:50,2026-09-12 12:41:52
RSV-000724,REQ-001845,HSP-002,ICU,1,CONFIRMED,2026-09-12 12:52:35,2026-09-12 12:53:49,2026-09-12 13:07:35
RSV-000725,REQ-001845,HSP-002,Ventilator,1,CONFIRMED,2026-09-12 12:52:37,2026-09-12 12:53:58,2026-09-12 13:07:35
RSV-000726,REQ-001846,HSP-024,ICU,1,CONFIRMED,2026-09-12 12:57:54,2026-09-12 12:58:24,2026-09-12 13:12:54
RSV-000727,REQ-001846,HSP-024,Ventilator,1,CONFIRMED,2026-09-12 12:57:56,2026-09-12 12:58:24,2026-09-12 13:12:54
RSV-000728,REQ-001848,HSP-017,Oxygen Bed,1,CONFIRMED,2026-09-12 13:06:25,2026-09-12 13:06:55,2026-09-12 13:21:25
RSV-000729,REQ-001851,HSP-003,General Bed,1,RELEASED,2026-09-12 13:33:08,2026-09-12 13:33:24,2026-09-12 13:43:08
RSV-000730,REQ-001851,HSP-005,General Bed,1,CONFIRMED,2026-09-12 13:38:46,2026-09-12 13:39:21,2026-09-12 13:53:46
RSV-000731,REQ-001859,HSP-001,ICU,1,CONFIRMED,2026-09-12 15:12:42,2026-09-12 15:13:22,2026-09-12 15:27:42
RSV-000732,REQ-001866,HSP-013,Oxygen Bed,1,CONFIRMED,2026-09-12 15:42:59,2026-09-12 15:43:21,2026-09-12 15:57:59
RSV-000733,REQ-001870,HSP-013,ICU,1,CONFIRMED,2026-09-12 16:16:42,2026-09-12 16:17:50,2026-09-12 16:31:42
RSV-000734,REQ-001870,HSP-013,Ventilator,1,CONFIRMED,2026-09-12 16:16:44,2026-09-12 16:17:58,2026-09-12 16:31:42
RSV-000735,REQ-001871,HSP-013,ICU,1,CONFIRMED,2026-09-12 16:19:17,2026-09-12 16:19:49,2026-09-12 16:34:17
RSV-000736,REQ-001872,HSP-002,ICU,1,CONFIRMED,2026-09-12 16:29:08,2026-09-12 16:29:32,2026-09-12 16:44:08
RSV-000737,REQ-001878,HSP-008,ICU,1,CONFIRMED,2026-09-12 17:01:46,2026-09-12 17:02:02,2026-09-12 17:16:46
RSV-000738,REQ-001884,HSP-003,ICU,1,CONFIRMED,2026-09-12 17:43:13,2026-09-12 17:44:08,2026-09-12 17:58:13
RSV-000739,REQ-001885,HSP-013,ICU,1,CONFIRMED,2026-09-12 17:44:01,2026-09-12 17:44:56,2026-09-12 17:59:01
RSV-000740,REQ-001885,HSP-013,Ventilator,1,CONFIRMED,2026-09-12 17:44:03,2026-09-12 17:45:00,2026-09-12 17:59:01
RSV-000741,REQ-001888,HSP-020,ICU,1,CANCELLED,2026-09-12 17:54:45,2026-09-12 17:55:13,2026-09-12 18:04:45
RSV-000742,REQ-001888,HSP-007,ICU,1,CONFIRMED,2026-09-12 17:57:45,2026-09-12 17:58:31,2026-09-12 18:12:45
RSV-000743,REQ-001888,HSP-007,Ventilator,1,CONFIRMED,2026-09-12 17:57:47,2026-09-12 17:58:35,2026-09-12 18:12:45
RSV-000744,REQ-001889,HSP-004,General Bed,1,CONFIRMED,2026-09-12 17:58:13,2026-09-12 17:58:53,2026-09-12 18:13:13
RSV-000745,REQ-001891,HSP-013,ICU,1,CONFIRMED,2026-09-12 18:22:00,2026-09-12 18:22:55,2026-09-12 18:37:00
RSV-000746,REQ-001891,HSP-013,Ventilator,1,CONFIRMED,2026-09-12 18:22:02,2026-09-12 18:23:03,2026-09-12 18:37:00
RSV-000747,REQ-001902,HSP-002,ICU,1,CONFIRMED,2026-09-12 19:14:22,2026-09-12 19:14:34,2026-09-12 19:29:22
RSV-000748,REQ-001903,HSP-002,ICU,1,CONFIRMED,2026-09-12 19:17:58,2026-09-12 19:19:12,2026-09-12 19:32:58
RSV-000749,REQ-001903,HSP-002,Ventilator,1,CONFIRMED,2026-09-12 19:18:00,2026-09-12 19:19:18,2026-09-12 19:32:58
RSV-000750,REQ-001908,HSP-013,ICU,1,CONFIRMED,2026-09-12 19:43:50,2026-09-12 19:44:04,2026-09-12 19:58:50
RSV-000751,REQ-001909,HSP-001,General Bed,1,CONFIRMED,2026-09-12 19:45:43,2026-09-12 19:46:01,2026-09-12 20:00:43
RSV-000752,REQ-001910,HSP-002,Oxygen Bed,1,CONFIRMED,2026-09-12 19:48:38,2026-09-12 19:49:39,2026-09-12 20:03:38
RSV-000753,REQ-001911,HSP-013,General Bed,1,CONFIRMED,2026-09-12 19:51:01,2026-09-12 19:51:42,2026-09-12 20:06:01
RSV-000754,REQ-001914,HSP-001,ICU,1,CONFIRMED,2026-09-12 20:00:28,2026-09-12 20:00:54,2026-09-12 20:15:28
RSV-000755,REQ-001914,HSP-001,Ventilator,1,CONFIRMED,2026-09-12 20:00:30,2026-09-12 20:00:57,2026-09-12 20:15:28
RSV-000756,REQ-001920,HSP-001,General Bed,1,CONFIRMED,2026-09-12 20:31:48,2026-09-12 20:32:04,2026-09-12 20:46:48
RSV-000757,REQ-001922,HSP-013,ICU,1,CONFIRMED,2026-09-12 20:42:40,2026-09-12 20:43:26,2026-09-12 20:57:40
RSV-000758,REQ-001923,HSP-003,ICU,1,CONFIRMED,2026-09-12 20:42:50,2026-09-12 20:43:47,2026-09-12 20:57:50
RSV-000759,REQ-001926,HSP-012,ICU,1,FAILED,2026-09-12 21:41:06,,2026-09-12 21:51:06
RSV-000760,REQ-001926,HSP-006,ICU,1,CONFIRMED,2026-09-12 21:45:30,2026-09-12 21:46:36,2026-09-12 22:00:30
RSV-000761,REQ-001928,HSP-012,ICU,1,CONFIRMED,2026-09-12 21:54:12,2026-09-12 21:55:10,2026-09-12 22:09:12
RSV-000762,REQ-001933,HSP-018,ICU,1,CONFIRMED,2026-09-12 22:34:41,2026-09-12 22:35:19,2026-09-12 22:49:41
RSV-000763,REQ-001936,HSP-012,Oxygen Bed,1,CONFIRMED,2026-09-12 22:35:20,2026-09-12 22:36:26,2026-09-12 22:50:20
RSV-000764,REQ-001937,HSP-004,Oxygen Bed,1,CONFIRMED,2026-09-12 22:38:55,2026-09-12 22:40:06,2026-09-12 22:53:55
RSV-000765,REQ-001939,HSP-011,General Bed,1,CONFIRMED,2026-09-12 23:00:04,2026-09-12 23:01:12,2026-09-12 23:15:04
RSV-000766,REQ-001940,HSP-018,ICU,1,CONFIRMED,2026-09-12 23:02:10,2026-09-12 23:03:24,2026-09-12 23:17:10
RSV-000767,REQ-001940,HSP-018,Ventilator,1,CONFIRMED,2026-09-12 23:02:12,2026-09-12 23:03:27,2026-09-12 23:17:10
RSV-000768,REQ-001950,HSP-018,General Bed,1,CONFIRMED,2026-09-13 01:45:44,2026-09-13 01:46:41,2026-09-13 02:00:44
RSV-000769,REQ-001954,HSP-012,ICU,1,CONFIRMED,2026-09-13 03:03:56,2026-09-13 03:04:06,2026-09-13 03:18:56
RSV-000770,REQ-001958,HSP-001,ICU,1,CONFIRMED,2026-09-13 04:19:01,2026-09-13 04:19:42,2026-09-13 04:34:01
RSV-000771,REQ-001958,HSP-001,Ventilator,1,CONFIRMED,2026-09-13 04:19:03,2026-09-13 04:19:42,2026-09-13 04:34:01
RSV-000772,REQ-001961,HSP-008,ICU,1,CONFIRMED,2026-09-13 05:24:50,2026-09-13 05:25:29,2026-09-13 05:39:50
RSV-000773,REQ-001968,HSP-004,General Bed,1,CONFIRMED,2026-09-13 07:33:49,2026-09-13 07:34:00,2026-09-13 07:48:49
RSV-000774,REQ-001970,HSP-009,ICU,1,CONFIRMED,2026-09-13 08:00:50,2026-09-13 08:01:09,2026-09-13 08:15:50
RSV-000775,REQ-001971,HSP-012,ICU,1,CONFIRMED,2026-09-13 08:00:59,2026-09-13 08:01:28,2026-09-13 08:15:59
RSV-000776,REQ-001972,HSP-008,General Bed,1,CONFIRMED,2026-09-13 08:03:51,2026-09-13 08:04:15,2026-09-13 08:18:51
RSV-000777,REQ-001975,HSP-012,ICU,1,CANCELLED,2026-09-13 08:30:28,2026-09-13 08:31:01,2026-09-13 08:40:28
RSV-000778,REQ-001975,HSP-020,ICU,1,CONFIRMED,2026-09-13 08:32:16,2026-09-13 08:32:34,2026-09-13 08:47:16
RSV-000779,REQ-001975,HSP-020,Ventilator,1,CONFIRMED,2026-09-13 08:32:18,2026-09-13 08:32:41,2026-09-13 08:47:16
RSV-000780,REQ-001977,HSP-025,General Bed,1,CONFIRMED,2026-09-13 08:45:55,2026-09-13 08:46:12,2026-09-13 09:00:55
RSV-000781,REQ-001979,HSP-009,General Bed,1,CONFIRMED,2026-09-13 09:01:29,2026-09-13 09:02:22,2026-09-13 09:16:29
RSV-000782,REQ-001984,HSP-018,ICU,1,CONFIRMED,2026-09-13 09:25:45,2026-09-13 09:26:29,2026-09-13 09:40:45
RSV-000783,REQ-001984,HSP-018,Ventilator,1,CONFIRMED,2026-09-13 09:25:47,2026-09-13 09:26:38,2026-09-13 09:40:45
RSV-000784,REQ-001987,HSP-012,ICU,1,CONFIRMED,2026-09-13 09:49:19,2026-09-13 09:49:50,2026-09-13 10:04:19
RSV-000785,REQ-001988,HSP-012,ICU,1,FAILED,2026-09-13 09:49:43,,2026-09-13 09:59:43
RSV-000786,REQ-001989,HSP-002,ICU,1,CONFIRMED,2026-09-13 09:51:32,2026-09-13 09:52:11,2026-09-13 10:06:32
RSV-000787,REQ-001990,HSP-002,ICU,1,FAILED,2026-09-13 09:51:51,,2026-09-13 10:01:51
RSV-000788,REQ-001988,HSP-003,ICU,1,CONFIRMED,2026-09-13 09:56:02,2026-09-13 09:56:57,2026-09-13 10:11:02
RSV-000789,REQ-001996,HSP-018,ICU,1,CONFIRMED,2026-09-13 10:16:20,2026-09-13 10:17:07,2026-09-13 10:31:20
RSV-000790,REQ-001996,HSP-018,Ventilator,1,CONFIRMED,2026-09-13 10:16:22,2026-09-13 10:17:09,2026-09-13 10:31:20
RSV-000791,REQ-001998,HSP-012,ICU,1,EXPIRED,2026-09-13 10:43:55,,2026-09-13 10:53:55
RSV-000792,REQ-002001,HSP-012,ICU,1,CONFIRMED,2026-09-13 10:55:57,2026-09-13 10:56:09,2026-09-13 11:10:57
RSV-000793,REQ-002001,HSP-012,Ventilator,1,CONFIRMED,2026-09-13 10:55:59,2026-09-13 10:56:14,2026-09-13 11:10:57
RSV-000794,REQ-002006,HSP-012,ICU,1,CONFIRMED,2026-09-13 11:25:17,2026-09-13 11:26:19,2026-09-13 11:40:17
RSV-000795,REQ-002007,HSP-012,ICU,1,FAILED,2026-09-13 11:25:29,,2026-09-13 11:35:29
RSV-000796,REQ-002007,HSP-006,ICU,1,CONFIRMED,2026-09-13 11:30:08,2026-09-13 11:30:21,2026-09-13 11:45:08
RSV-000797,REQ-002013,HSP-003,ICU,1,EXPIRED,2026-09-13 11:51:16,,2026-09-13 12:01:16
RSV-000798,REQ-002016,HSP-002,ICU,1,CONFIRMED,2026-09-13 12:04:36,2026-09-13 12:05:30,2026-09-13 12:19:36
RSV-000799,REQ-002018,HSP-013,ICU,1,CONFIRMED,2026-09-13 12:10:44,2026-09-13 12:11:45,2026-09-13 12:25:44
RSV-000800,REQ-002018,HSP-013,Ventilator,1,CONFIRMED,2026-09-13 12:10:46,2026-09-13 12:11:51,2026-09-13 12:25:44
RSV-000801,REQ-002017,HSP-002,General Bed,1,CONFIRMED,2026-09-13 12:11:46,2026-09-13 12:11:56,2026-09-13 12:26:46
RSV-000802,REQ-002019,HSP-013,ICU,1,CONFIRMED,2026-09-13 12:16:28,2026-09-13 12:16:47,2026-09-13 12:31:28
RSV-000803,REQ-002020,HSP-013,ICU,1,FAILED,2026-09-13 12:16:48,,2026-09-13 12:26:48
RSV-000804,REQ-002020,HSP-003,ICU,1,FAILED,2026-09-13 12:26:31,,2026-09-13 12:36:31
RSV-000805,REQ-002025,HSP-018,ICU,1,CONFIRMED,2026-09-13 12:39:19,2026-09-13 12:39:50,2026-09-13 12:54:19
RSV-000806,REQ-002025,HSP-018,Ventilator,1,CONFIRMED,2026-09-13 12:39:21,2026-09-13 12:39:55,2026-09-13 12:54:19
RSV-000807,REQ-002032,HSP-003,Oxygen Bed,1,CONFIRMED,2026-09-13 13:33:03,2026-09-13 13:34:00,2026-09-13 13:48:03
RSV-000808,REQ-002035,HSP-019,General Bed,1,CONFIRMED,2026-09-13 14:13:56,2026-09-13 14:14:35,2026-09-13 14:28:56
RSV-000809,REQ-002037,HSP-018,ICU,1,CONFIRMED,2026-09-13 14:22:45,2026-09-13 14:23:53,2026-09-13 14:37:45
RSV-000810,REQ-002037,HSP-018,Ventilator,1,CONFIRMED,2026-09-13 14:22:47,2026-09-13 14:23:58,2026-09-13 14:37:45
RSV-000811,REQ-002038,HSP-002,ICU,1,CONFIRMED,2026-09-13 14:28:17,2026-09-13 14:29:18,2026-09-13 14:43:17
RSV-000812,REQ-002039,HSP-019,ICU,1,FAILED,2026-09-13 14:29:14,,2026-09-13 14:39:14
RSV-000813,REQ-002039,HSP-010,ICU,1,CONFIRMED,2026-09-13 14:32:11,2026-09-13 14:32:45,2026-09-13 14:47:11
RSV-000814,REQ-002040,HSP-013,Oxygen Bed,1,FAILED,2026-09-13 14:42:18,,2026-09-13 14:52:18
RSV-000815,REQ-002040,HSP-003,Oxygen Bed,1,CONFIRMED,2026-09-13 14:44:09,2026-09-13 14:44:48,2026-09-13 14:59:09
RSV-000816,REQ-002049,HSP-013,ICU,1,CONFIRMED,2026-09-13 15:56:30,2026-09-13 15:57:38,2026-09-13 16:11:30
RSV-000817,REQ-002050,HSP-013,ICU,1,FAILED,2026-09-13 15:56:36,,2026-09-13 16:06:36
RSV-000818,REQ-002050,HSP-003,ICU,1,CONFIRMED,2026-09-13 16:01:48,2026-09-13 16:02:10,2026-09-13 16:16:48
RSV-000819,REQ-002051,HSP-003,ICU,1,CONFIRMED,2026-09-13 16:05:48,2026-09-13 16:06:20,2026-09-13 16:20:48
RSV-000820,REQ-002060,HSP-019,General Bed,1,CANCELLED,2026-09-13 17:14:47,2026-09-13 17:15:15,2026-09-13 17:24:47
RSV-000821,REQ-002061,HSP-023,General Bed,1,CONFIRMED,2026-09-13 17:17:03,2026-09-13 17:18:04,2026-09-13 17:32:03
RSV-000822,REQ-002066,HSP-008,General Bed,1,EXPIRED,2026-09-13 17:43:01,,2026-09-13 17:53:01
RSV-000823,REQ-002070,HSP-002,Ventilator,1,FAILED,2026-09-13 18:04:57,,2026-09-13 18:14:57
RSV-000824,REQ-002070,HSP-010,ICU,1,CONFIRMED,2026-09-13 18:07:56,2026-09-13 18:08:19,2026-09-13 18:22:56
RSV-000825,REQ-002070,HSP-010,Ventilator,1,CONFIRMED,2026-09-13 18:07:58,2026-09-13 18:08:19,2026-09-13 18:22:56
RSV-000826,REQ-002078,HSP-004,General Bed,1,CONFIRMED,2026-09-13 18:53:49,2026-09-13 18:54:20,2026-09-13 19:08:49
RSV-000827,REQ-002078,HSP-004,Ventilator,1,CONFIRMED,2026-09-13 18:53:51,2026-09-13 18:54:24,2026-09-13 19:08:49
RSV-000828,REQ-002079,HSP-018,General Bed,1,CONFIRMED,2026-09-13 18:58:49,2026-09-13 18:59:11,2026-09-13 19:13:49
RSV-000829,REQ-002083,HSP-004,ICU,1,CONFIRMED,2026-09-13 19:17:49,2026-09-13 19:18:20,2026-09-13 19:32:49
RSV-000830,REQ-002083,HSP-004,Ventilator,1,CONFIRMED,2026-09-13 19:17:51,2026-09-13 19:18:29,2026-09-13 19:32:49
RSV-000831,REQ-002090,HSP-015,ICU,1,EXPIRED,2026-09-13 19:47:49,,2026-09-13 19:57:49
RSV-000832,REQ-002093,HSP-003,General Bed,1,CONFIRMED,2026-09-13 19:58:26,2026-09-13 19:58:54,2026-09-13 20:13:26
RSV-000833,REQ-002096,HSP-013,Oxygen Bed,1,CONFIRMED,2026-09-13 20:18:47,2026-09-13 20:19:36,2026-09-13 20:33:47
RSV-000834,REQ-002102,HSP-018,Oxygen Bed,1,CONFIRMED,2026-09-13 20:44:57,2026-09-13 20:45:29,2026-09-13 20:59:57
RSV-000835,REQ-002104,HSP-004,ICU,1,CONFIRMED,2026-09-13 21:03:17,2026-09-13 21:03:30,2026-09-13 21:18:17
RSV-000836,REQ-002106,HSP-002,ICU,1,CONFIRMED,2026-09-13 21:08:34,2026-09-13 21:09:32,2026-09-13 21:23:34
RSV-000837,REQ-002108,HSP-002,ICU,1,CONFIRMED,2026-09-13 21:43:40,2026-09-13 21:44:12,2026-09-13 21:58:40
RSV-000838,REQ-002112,HSP-013,ICU,1,CONFIRMED,2026-09-13 22:06:35,2026-09-13 22:06:56,2026-09-13 22:21:35
RSV-000839,REQ-002112,HSP-013,Ventilator,1,CONFIRMED,2026-09-13 22:06:37,2026-09-13 22:07:03,2026-09-13 22:21:35
RSV-000840,REQ-002117,HSP-001,ICU,1,CONFIRMED,2026-09-13 22:22:01,2026-09-13 22:22:59,2026-09-13 22:37:01
RSV-000841,REQ-002121,HSP-001,ICU,1,CONFIRMED,2026-09-13 23:01:20,2026-09-13 23:01:45,2026-09-13 23:16:20
RSV-000842,REQ-002121,HSP-001,Ventilator,1,CONFIRMED,2026-09-13 23:01:22,2026-09-13 23:01:47,2026-09-13 23:16:20
RSV-000843,REQ-002125,HSP-012,ICU,1,CONFIRMED,2026-09-13 23:07:31,2026-09-13 23:08:36,2026-09-13 23:22:31
RSV-000844,REQ-002132,HSP-018,ICU,1,CONFIRMED,2026-09-14 00:27:37,2026-09-14 00:28:23,2026-09-14 00:42:37
RSV-000845,REQ-002132,HSP-018,Ventilator,1,CONFIRMED,2026-09-14 00:27:39,2026-09-14 00:28:25,2026-09-14 00:42:37
RSV-000846,REQ-002133,HSP-020,ICU,1,CONFIRMED,2026-09-14 00:34:00,2026-09-14 00:34:38,2026-09-14 00:49:00
RSV-000847,REQ-002135,HSP-008,ICU,1,CONFIRMED,2026-09-14 01:31:08,2026-09-14 01:31:41,2026-09-14 01:46:08
RSV-000848,REQ-002135,HSP-008,Ventilator,1,CONFIRMED,2026-09-14 01:31:10,2026-09-14 01:31:46,2026-09-14 01:46:08
RSV-000849,REQ-002146,HSP-018,ICU,1,CONFIRMED,2026-09-14 05:20:02,2026-09-14 05:20:43,2026-09-14 05:35:02
RSV-000850,REQ-002146,HSP-018,Ventilator,1,CONFIRMED,2026-09-14 05:20:04,2026-09-14 05:20:52,2026-09-14 05:35:02
RSV-000851,REQ-002147,HSP-013,ICU,1,CONFIRMED,2026-09-14 06:30:22,2026-09-14 06:30:38,2026-09-14 06:45:22
RSV-000852,REQ-002147,HSP-013,Ventilator,1,CONFIRMED,2026-09-14 06:30:24,2026-09-14 06:30:46,2026-09-14 06:45:22
RSV-000853,REQ-002150,HSP-001,General Bed,1,CONFIRMED,2026-09-14 07:06:34,2026-09-14 07:06:50,2026-09-14 07:21:34
RSV-000854,REQ-002154,HSP-002,ICU,1,CONFIRMED,2026-09-14 07:33:54,2026-09-14 07:34:39,2026-09-14 07:48:54
RSV-000855,REQ-002153,HSP-003,ICU,1,FAILED,2026-09-14 07:36:08,,2026-09-14 07:46:08
RSV-000856,REQ-002157,HSP-007,General Bed,1,CANCELLED,2026-09-14 08:00:16,2026-09-14 08:00:45,2026-09-14 08:10:16
RSV-000857,REQ-002157,HSP-020,General Bed,1,CONFIRMED,2026-09-14 08:02:35,2026-09-14 08:03:14,2026-09-14 08:17:35
RSV-000858,REQ-002160,HSP-008,General Bed,1,CONFIRMED,2026-09-14 08:13:40,2026-09-14 08:14:36,2026-09-14 08:28:40
RSV-000859,REQ-002163,HSP-008,ICU,1,CONFIRMED,2026-09-14 08:35:01,2026-09-14 08:35:15,2026-09-14 08:50:01
RSV-000860,REQ-002163,HSP-008,Ventilator,1,CONFIRMED,2026-09-14 08:35:03,2026-09-14 08:35:21,2026-09-14 08:50:01
RSV-000861,REQ-002167,HSP-013,General Bed,1,CONFIRMED,2026-09-14 08:51:09,2026-09-14 08:51:53,2026-09-14 09:06:09
RSV-000862,REQ-002170,HSP-019,General Bed,1,FAILED,2026-09-14 08:56:02,,2026-09-14 09:06:02
RSV-000863,REQ-002172,HSP-013,ICU,1,CONFIRMED,2026-09-14 09:23:07,2026-09-14 09:24:06,2026-09-14 09:38:07
RSV-000864,REQ-002172,HSP-013,Ventilator,1,CONFIRMED,2026-09-14 09:23:09,2026-09-14 09:24:07,2026-09-14 09:38:07
RSV-000865,REQ-002176,HSP-002,ICU,1,EXPIRED,2026-09-14 09:42:52,,2026-09-14 09:52:52
RSV-000866,REQ-002182,HSP-013,ICU,1,EXPIRED,2026-09-14 10:44:54,,2026-09-14 10:54:54
RSV-000867,REQ-002186,HSP-002,ICU,1,CONFIRMED,2026-09-14 11:12:53,2026-09-14 11:13:09,2026-09-14 11:27:53
RSV-000868,REQ-002193,HSP-001,General Bed,1,CONFIRMED,2026-09-14 11:57:03,2026-09-14 11:57:13,2026-09-14 12:12:03
RSV-000869,REQ-002198,HSP-013,General Bed,1,CONFIRMED,2026-09-14 12:51:48,2026-09-14 12:52:10,2026-09-14 13:06:48
RSV-000870,REQ-002200,HSP-008,General Bed,1,CONFIRMED,2026-09-14 12:53:06,2026-09-14 12:54:01,2026-09-14 13:08:06
RSV-000871,REQ-002207,HSP-003,ICU,1,CANCELLED,2026-09-14 13:48:11,2026-09-14 13:48:43,2026-09-14 13:58:11
RSV-000872,REQ-002208,HSP-003,ICU,1,FAILED,2026-09-14 13:49:40,,2026-09-14 13:59:40
RSV-000873,REQ-002208,HSP-007,ICU,1,CONFIRMED,2026-09-14 13:51:17,2026-09-14 13:52:31,2026-09-14 14:06:17
RSV-000874,REQ-002207,HSP-005,ICU,1,CONFIRMED,2026-09-14 13:52:02,2026-09-14 13:52:56,2026-09-14 14:07:02
RSV-000875,REQ-002210,HSP-013,ICU,1,CONFIRMED,2026-09-14 13:57:39,2026-09-14 13:57:58,2026-09-14 14:12:39
RSV-000876,REQ-002211,HSP-013,General Bed,1,CONFIRMED,2026-09-14 14:01:41,2026-09-14 14:02:21,2026-09-14 14:16:41
RSV-000877,REQ-002215,HSP-007,General Bed,1,CONFIRMED,2026-09-14 14:21:26,2026-09-14 14:21:51,2026-09-14 14:36:26
RSV-000878,REQ-002224,HSP-019,ICU,1,CONFIRMED,2026-09-14 15:44:17,2026-09-14 15:45:00,2026-09-14 15:59:17
RSV-000879,REQ-002225,HSP-004,General Bed,1,EXPIRED,2026-09-14 15:59:59,,2026-09-14 16:09:59
RSV-000880,REQ-002228,HSP-013,Oxygen Bed,1,CONFIRMED,2026-09-14 16:06:46,2026-09-14 16:07:42,2026-09-14 16:21:46
RSV-000881,REQ-002229,HSP-003,Oxygen Bed,1,CONFIRMED,2026-09-14 16:10:38,2026-09-14 16:11:06,2026-09-14 16:25:38
RSV-000882,REQ-002230,HSP-013,ICU,1,CONFIRMED,2026-09-14 16:12:32,2026-09-14 16:12:42,2026-09-14 16:27:32
RSV-000883,REQ-002230,HSP-013,Ventilator,1,CONFIRMED,2026-09-14 16:12:34,2026-09-14 16:12:50,2026-09-14 16:27:32
RSV-000884,REQ-002231,HSP-013,ICU,1,FAILED,2026-09-14 16:12:49,,2026-09-14 16:22:49
RSV-000885,REQ-002231,HSP-003,ICU,1,CONFIRMED,2026-09-14 16:17:05,2026-09-14 16:18:10,2026-09-14 16:32:05
RSV-000886,REQ-002234,HSP-012,ICU,1,CONFIRMED,2026-09-14 16:36:33,2026-09-14 16:37:23,2026-09-14 16:51:33
RSV-000887,REQ-002234,HSP-012,Ventilator,1,CONFIRMED,2026-09-14 16:36:35,2026-09-14 16:37:32,2026-09-14 16:51:33
RSV-000888,REQ-002235,HSP-007,General Bed,1,CONFIRMED,2026-09-14 16:42:39,2026-09-14 16:43:19,2026-09-14 16:57:39
RSV-000889,REQ-002237,HSP-002,ICU,1,CONFIRMED,2026-09-14 16:44:37,2026-09-14 16:45:01,2026-09-14 16:59:37
RSV-000890,REQ-002240,HSP-012,Oxygen Bed,1,CONFIRMED,2026-09-14 16:52:03,2026-09-14 16:52:39,2026-09-14 17:07:03
RSV-000891,REQ-002241,HSP-008,General Bed,1,CONFIRMED,2026-09-14 16:55:58,2026-09-14 16:56:27,2026-09-14 17:10:58
RSV-000892,REQ-002243,HSP-013,General Bed,1,CONFIRMED,2026-09-14 17:01:57,2026-09-14 17:03:07,2026-09-14 17:16:57
RSV-000893,REQ-002247,HSP-018,ICU,1,CONFIRMED,2026-09-14 17:14:04,2026-09-14 17:14:29,2026-09-14 17:29:04
RSV-000894,REQ-002252,HSP-019,General Bed,1,CONFIRMED,2026-09-14 17:46:34,2026-09-14 17:47:33,2026-09-14 18:01:34
RSV-000895,REQ-002265,HSP-012,ICU,1,FAILED,2026-09-14 20:01:12,,2026-09-14 20:11:12
RSV-000896,REQ-002265,HSP-020,ICU,1,CONFIRMED,2026-09-14 20:05:41,2026-09-14 20:06:37,2026-09-14 20:20:41
RSV-000897,REQ-002265,HSP-020,Ventilator,1,CONFIRMED,2026-09-14 20:05:43,2026-09-14 20:06:44,2026-09-14 20:20:41
RSV-000898,REQ-002270,HSP-002,ICU,1,CONFIRMED,2026-09-14 21:11:34,2026-09-14 21:11:54,2026-09-14 21:26:34
RSV-000899,REQ-002270,HSP-002,Ventilator,1,CONFIRMED,2026-09-14 21:11:36,2026-09-14 21:12:01,2026-09-14 21:26:34
RSV-000900,REQ-002276,HSP-020,ICU,1,CONFIRMED,2026-09-14 21:23:06,2026-09-14 21:23:34,2026-09-14 21:38:06
RSV-000901,REQ-002276,HSP-020,Ventilator,1,CONFIRMED,2026-09-14 21:23:08,2026-09-14 21:23:43,2026-09-14 21:38:06
RSV-000902,REQ-002277,HSP-013,ICU,1,CONFIRMED,2026-09-14 21:24:18,2026-09-14 21:24:32,2026-09-14 21:39:18
RSV-000903,REQ-002285,HSP-012,Oxygen Bed,1,CONFIRMED,2026-09-14 22:34:10,2026-09-14 22:34:34,2026-09-14 22:49:10
RSV-000904,REQ-002285,HSP-012,Ventilator,1,CONFIRMED,2026-09-14 22:34:12,2026-09-14 22:34:35,2026-09-14 22:49:10
RSV-000905,REQ-002286,HSP-007,ICU,1,CONFIRMED,2026-09-14 22:37:35,2026-09-14 22:38:09,2026-09-14 22:52:35
RSV-000906,REQ-002292,HSP-013,ICU,1,CONFIRMED,2026-09-15 00:18:18,2026-09-15 00:19:06,2026-09-15 00:33:18
RSV-000907,REQ-002298,HSP-019,ICU,1,FAILED,2026-09-15 01:55:00,,2026-09-15 02:05:00
RSV-000908,REQ-002299,HSP-004,ICU,1,CONFIRMED,2026-09-15 03:28:35,2026-09-15 03:28:46,2026-09-15 03:43:35
RSV-000909,REQ-002300,HSP-009,Oxygen Bed,1,CONFIRMED,2026-09-15 03:45:25,2026-09-15 03:46:10,2026-09-15 04:00:25
RSV-000910,REQ-002301,HSP-001,ICU,1,CONFIRMED,2026-09-15 04:09:11,2026-09-15 04:10:08,2026-09-15 04:24:11
RSV-000911,REQ-002304,HSP-001,General Bed,1,CONFIRMED,2026-09-15 06:04:06,2026-09-15 06:04:53,2026-09-15 06:19:06
RSV-000912,REQ-002305,HSP-005,ICU,1,CONFIRMED,2026-09-15 06:32:16,2026-09-15 06:32:57,2026-09-15 06:47:16
RSV-000913,REQ-002311,HSP-008,ICU,1,CONFIRMED,2026-09-15 07:52:59,2026-09-15 07:53:51,2026-09-15 08:07:59
RSV-000914,REQ-002316,HSP-013,General Bed,1,CONFIRMED,2026-09-15 08:32:39,2026-09-15 08:33:49,2026-09-15 08:47:39
RSV-000915,REQ-002318,HSP-019,ICU,1,CONFIRMED,2026-09-15 08:44:37,2026-09-15 08:45:17,2026-09-15 08:59:37
RSV-000916,REQ-002318,HSP-019,Ventilator,1,CONFIRMED,2026-09-15 08:44:39,2026-09-15 08:45:21,2026-09-15 08:59:37
RSV-000917,REQ-002320,HSP-008,General Bed,1,CONFIRMED,2026-09-15 08:46:19,2026-09-15 08:47:09,2026-09-15 09:01:19
RSV-000918,REQ-002321,HSP-018,ICU,1,CONFIRMED,2026-09-15 08:59:13,2026-09-15 08:59:49,2026-09-15 09:14:13
RSV-000919,REQ-002321,HSP-018,Ventilator,1,CONFIRMED,2026-09-15 08:59:15,2026-09-15 08:59:56,2026-09-15 09:14:13
RSV-000920,REQ-002326,HSP-008,General Bed,1,CONFIRMED,2026-09-15 09:43:04,2026-09-15 09:43:57,2026-09-15 09:58:04
RSV-000921,REQ-002328,HSP-018,General Bed,1,CONFIRMED,2026-09-15 09:49:11,2026-09-15 09:49:53,2026-09-15 10:04:11
RSV-000922,REQ-002332,HSP-003,Oxygen Bed,1,CONFIRMED,2026-09-15 10:03:34,2026-09-15 10:04:06,2026-09-15 10:18:34
RSV-000923,REQ-002333,HSP-003,ICU,1,CONFIRMED,2026-09-15 10:14:05,2026-09-15 10:15:08,2026-09-15 10:29:05
RSV-000924,REQ-002337,HSP-008,General Bed,1,EXPIRED,2026-09-15 10:39:35,,2026-09-15 10:49:35
RSV-000925,REQ-002339,HSP-001,Ventilator,1,FAILED,2026-09-15 10:51:05,,2026-09-15 11:01:05
RSV-000926,REQ-002344,HSP-024,ICU,1,CONFIRMED,2026-09-15 11:08:57,2026-09-15 11:09:14,2026-09-15 11:23:57
RSV-000927,REQ-002345,HSP-004,General Bed,1,CONFIRMED,2026-09-15 11:13:37,2026-09-15 11:14:27,2026-09-15 11:28:37
RSV-000928,REQ-002346,HSP-012,Oxygen Bed,1,CONFIRMED,2026-09-15 11:16:07,2026-09-15 11:17:01,2026-09-15 11:31:07
RSV-000929,REQ-002349,HSP-019,General Bed,1,CONFIRMED,2026-09-15 11:27:48,2026-09-15 11:28:02,2026-09-15 11:42:48
RSV-000930,REQ-002356,HSP-012,ICU,1,CONFIRMED,2026-09-15 12:21:34,2026-09-15 12:22:19,2026-09-15 12:36:34
RSV-000931,REQ-002356,HSP-012,Ventilator,1,CONFIRMED,2026-09-15 12:21:36,2026-09-15 12:22:25,2026-09-15 12:36:34
RSV-000932,REQ-002357,HSP-012,General Bed,1,CONFIRMED,2026-09-15 12:25:10,2026-09-15 12:25:27,2026-09-15 12:40:10
RSV-000933,REQ-002359,HSP-001,ICU,1,CONFIRMED,2026-09-15 12:35:21,2026-09-15 12:35:34,2026-09-15 12:50:21
RSV-000934,REQ-002364,HSP-013,ICU,1,CONFIRMED,2026-09-15 12:57:54,2026-09-15 12:58:23,2026-09-15 13:12:54
RSV-000935,REQ-002368,HSP-012,ICU,1,CONFIRMED,2026-09-15 13:29:56,2026-09-15 13:30:35,2026-09-15 13:44:56
RSV-000936,REQ-002368,HSP-012,Ventilator,1,CONFIRMED,2026-09-15 13:29:58,2026-09-15 13:30:36,2026-09-15 13:44:56
RSV-000937,REQ-002371,HSP-024,ICU,1,CONFIRMED,2026-09-15 13:51:19,2026-09-15 13:51:34,2026-09-15 14:06:19
RSV-000938,REQ-002374,HSP-006,General Bed,1,CONFIRMED,2026-09-15 14:40:18,2026-09-15 14:41:09,2026-09-15 14:55:18
RSV-000939,REQ-002379,HSP-002,ICU,1,CONFIRMED,2026-09-15 15:09:28,2026-09-15 15:10:22,2026-09-15 15:24:28
RSV-000940,REQ-002381,HSP-004,General Bed,1,CONFIRMED,2026-09-15 15:15:01,2026-09-15 15:15:54,2026-09-15 15:30:01
RSV-000941,REQ-002383,HSP-011,General Bed,1,RELEASED,2026-09-15 15:17:31,2026-09-15 15:17:57,2026-09-15 15:27:31
RSV-000942,REQ-002384,HSP-004,General Bed,1,EXPIRED,2026-09-15 15:17:53,,2026-09-15 15:27:53
RSV-000943,REQ-002383,HSP-012,General Bed,1,CANCELLED,2026-09-15 15:20:29,2026-09-15 15:20:39,2026-09-15 15:30:29
RSV-000944,REQ-002383,HSP-006,General Bed,1,CONFIRMED,2026-09-15 15:23:00,2026-09-15 15:23:38,2026-09-15 15:38:00
RSV-000945,REQ-002385,HSP-013,General Bed,1,RELEASED,2026-09-15 15:25:33,2026-09-15 15:25:45,2026-09-15 15:35:33
RSV-000946,REQ-002385,HSP-014,General Bed,1,CONFIRMED,2026-09-15 15:27:10,2026-09-15 15:27:41,2026-09-15 15:42:10
RSV-000947,REQ-002387,HSP-004,ICU,1,CONFIRMED,2026-09-15 15:48:13,2026-09-15 15:49:10,2026-09-15 16:03:13
RSV-000948,REQ-002387,HSP-004,Ventilator,1,CONFIRMED,2026-09-15 15:48:15,2026-09-15 15:49:19,2026-09-15 16:03:13
RSV-000949,REQ-002388,HSP-004,ICU,1,FAILED,2026-09-15 15:48:28,,2026-09-15 15:58:28
RSV-000950,REQ-002388,HSP-020,ICU,1,CONFIRMED,2026-09-15 15:53:22,2026-09-15 15:53:33,2026-09-15 16:08:22
RSV-000951,REQ-002390,HSP-004,Oxygen Bed,1,EXPIRED,2026-09-15 16:00:47,,2026-09-15 16:10:47
RSV-000952,REQ-002393,HSP-019,ICU,1,CONFIRMED,2026-09-15 16:08:00,2026-09-15 16:09:12,2026-09-15 16:23:00
RSV-000953,REQ-002393,HSP-019,Ventilator,1,CONFIRMED,2026-09-15 16:08:02,2026-09-15 16:09:12,2026-09-15 16:23:00
RSV-000954,REQ-002392,HSP-007,ICU,1,FAILED,2026-09-15 16:10:11,,2026-09-15 16:20:11
RSV-000955,REQ-002394,HSP-024,ICU,1,CONFIRMED,2026-09-15 16:13:27,2026-09-15 16:14:02,2026-09-15 16:28:27
RSV-000956,REQ-002394,HSP-024,Ventilator,1,CONFIRMED,2026-09-15 16:13:29,2026-09-15 16:14:03,2026-09-15 16:28:27
RSV-000957,REQ-002395,HSP-013,General Bed,1,CONFIRMED,2026-09-15 16:15:35,2026-09-15 16:15:47,2026-09-15 16:30:35
RSV-000958,REQ-002396,HSP-020,Oxygen Bed,1,CONFIRMED,2026-09-15 16:33:39,2026-09-15 16:34:27,2026-09-15 16:48:39
RSV-000959,REQ-002397,HSP-007,ICU,1,CONFIRMED,2026-09-15 16:40:37,2026-09-15 16:41:47,2026-09-15 16:55:37
RSV-000960,REQ-002397,HSP-007,Ventilator,1,CONFIRMED,2026-09-15 16:40:39,2026-09-15 16:41:47,2026-09-15 16:55:37
RSV-000961,REQ-002412,HSP-004,General Bed,1,CONFIRMED,2026-09-15 17:39:45,2026-09-15 17:40:03,2026-09-15 17:54:45
RSV-000962,REQ-002415,HSP-013,Oxygen Bed,1,FAILED,2026-09-15 18:14:12,,2026-09-15 18:24:12
RSV-000963,REQ-002415,HSP-022,Oxygen Bed,1,CONFIRMED,2026-09-15 18:19:45,2026-09-15 18:19:54,2026-09-15 18:34:45
RSV-000964,REQ-002419,HSP-018,Oxygen Bed,1,CONFIRMED,2026-09-15 18:55:09,2026-09-15 18:55:32,2026-09-15 19:10:09
RSV-000965,REQ-002420,HSP-024,General Bed,1,CONFIRMED,2026-09-15 19:00:19,2026-09-15 19:01:24,2026-09-15 19:15:19
RSV-000966,REQ-002423,HSP-012,ICU,1,CONFIRMED,2026-09-15 19:22:14,2026-09-15 19:22:36,2026-09-15 19:37:14
RSV-000967,REQ-002424,HSP-012,ICU,1,FAILED,2026-09-15 19:22:16,,2026-09-15 19:32:16
RSV-000968,REQ-002424,HSP-006,ICU,1,CONFIRMED,2026-09-15 19:24:56,2026-09-15 19:26:03,2026-09-15 19:39:56
RSV-000969,REQ-002424,HSP-006,Ventilator,1,CONFIRMED,2026-09-15 19:24:58,2026-09-15 19:26:09,2026-09-15 19:39:56
RSV-000970,REQ-002431,HSP-018,ICU,1,CONFIRMED,2026-09-15 19:55:54,2026-09-15 19:56:03,2026-09-15 20:10:54
RSV-000971,REQ-002431,HSP-018,Ventilator,1,CONFIRMED,2026-09-15 19:55:56,2026-09-15 19:56:12,2026-09-15 20:10:54
RSV-000972,REQ-002432,HSP-013,General Bed,1,CONFIRMED,2026-09-15 19:56:09,2026-09-15 19:56:41,2026-09-15 20:11:09
RSV-000973,REQ-002434,HSP-004,ICU,1,CONFIRMED,2026-09-15 20:01:22,2026-09-15 20:01:34,2026-09-15 20:16:22
RSV-000974,REQ-002434,HSP-004,Ventilator,1,CONFIRMED,2026-09-15 20:01:24,2026-09-15 20:01:37,2026-09-15 20:16:22
RSV-000975,REQ-002435,HSP-012,General Bed,1,CONFIRMED,2026-09-15 20:08:52,2026-09-15 20:09:16,2026-09-15 20:23:52
RSV-000976,REQ-002448,HSP-008,ICU,2,CONFIRMED,2026-09-15 21:50:34,2026-09-15 21:51:03,2026-09-15 22:05:34
RSV-000977,REQ-002452,HSP-002,ICU,1,CONFIRMED,2026-09-15 22:12:29,2026-09-15 22:13:40,2026-09-15 22:27:29
RSV-000978,REQ-002453,HSP-002,ICU,1,FAILED,2026-09-15 22:12:34,,2026-09-15 22:22:34
RSV-000979,REQ-002453,HSP-008,ICU,1,CONFIRMED,2026-09-15 22:17:46,2026-09-15 22:18:57,2026-09-15 22:32:46
RSV-000980,REQ-002453,HSP-008,Ventilator,1,CONFIRMED,2026-09-15 22:17:48,2026-09-15 22:18:57,2026-09-15 22:32:46
RSV-000981,REQ-002463,HSP-020,Oxygen Bed,1,CONFIRMED,2026-09-15 23:52:49,2026-09-15 23:53:10,2026-09-16 00:07:49
RSV-000982,REQ-002476,HSP-001,General Bed,1,CONFIRMED,2026-09-16 04:43:59,2026-09-16 04:44:09,2026-09-16 04:58:59
RSV-000983,REQ-002480,HSP-002,ICU,2,CONFIRMED,2026-09-16 06:22:48,2026-09-16 06:23:12,2026-09-16 06:37:48
RSV-000984,REQ-002480,HSP-002,Ventilator,1,CONFIRMED,2026-09-16 06:22:50,2026-09-16 06:23:17,2026-09-16 06:37:48
RSV-000985,REQ-002479,HSP-007,ICU,1,CONFIRMED,2026-09-16 06:25:16,2026-09-16 06:26:24,2026-09-16 06:40:16
RSV-000986,REQ-002479,HSP-007,Ventilator,1,CONFIRMED,2026-09-16 06:25:18,2026-09-16 06:26:26,2026-09-16 06:40:16
RSV-000987,REQ-002485,HSP-001,ICU,1,CONFIRMED,2026-09-16 07:12:26,2026-09-16 07:13:33,2026-09-16 07:27:26
RSV-000988,REQ-002488,HSP-004,Oxygen Bed,1,CONFIRMED,2026-09-16 08:22:22,2026-09-16 08:22:58,2026-09-16 08:37:22
RSV-000989,REQ-002496,HSP-003,ICU,1,RELEASED,2026-09-16 09:59:23,2026-09-16 09:59:52,2026-09-16 10:09:23
RSV-000990,REQ-002496,HSP-005,ICU,1,CONFIRMED,2026-09-16 10:04:31,2026-09-16 10:05:09,2026-09-16 10:19:31
RSV-000991,REQ-002500,HSP-012,ICU,1,CONFIRMED,2026-09-16 10:29:42,2026-09-16 10:30:41,2026-09-16 10:44:42
RSV-000992,REQ-002510,HSP-002,ICU,1,CONFIRMED,2026-09-16 11:34:14,2026-09-16 11:34:47,2026-09-16 11:49:14
RSV-000993,REQ-002510,HSP-002,Ventilator,1,CONFIRMED,2026-09-16 11:34:16,2026-09-16 11:34:56,2026-09-16 11:49:14
RSV-000994,REQ-002512,HSP-018,General Bed,1,CONFIRMED,2026-09-16 11:40:27,2026-09-16 11:40:37,2026-09-16 11:55:27
RSV-000995,REQ-002513,HSP-019,ICU,1,CONFIRMED,2026-09-16 11:54:53,2026-09-16 11:55:15,2026-09-16 12:09:53
RSV-000996,REQ-002513,HSP-019,Ventilator,1,CONFIRMED,2026-09-16 11:54:55,2026-09-16 11:55:15,2026-09-16 12:09:53
RSV-000997,REQ-002516,HSP-002,ICU,1,CONFIRMED,2026-09-16 12:17:07,2026-09-16 12:17:33,2026-09-16 12:32:07
RSV-000998,REQ-002516,HSP-002,Ventilator,1,CONFIRMED,2026-09-16 12:17:09,2026-09-16 12:17:41,2026-09-16 12:32:07
RSV-000999,REQ-002523,HSP-020,ICU,1,CONFIRMED,2026-09-16 13:16:59,2026-09-16 13:17:44,2026-09-16 13:31:59
RSV-001000,REQ-002526,HSP-001,General Bed,1,CONFIRMED,2026-09-16 13:23:18,2026-09-16 13:23:36,2026-09-16 13:38:18
RSV-001001,REQ-002529,HSP-012,Oxygen Bed,1,CONFIRMED,2026-09-16 13:30:30,2026-09-16 13:31:00,2026-09-16 13:45:30
RSV-001002,REQ-002531,HSP-002,General Bed,1,CONFIRMED,2026-09-16 13:32:22,2026-09-16 13:33:08,2026-09-16 13:47:22
RSV-001003,REQ-002536,HSP-012,General Bed,1,CONFIRMED,2026-09-16 13:46:05,2026-09-16 13:46:26,2026-09-16 14:01:05
RSV-001004,REQ-002538,HSP-008,ICU,1,CONFIRMED,2026-09-16 13:56:29,2026-09-16 13:56:52,2026-09-16 14:11:29
RSV-001005,REQ-002538,HSP-008,Ventilator,1,CONFIRMED,2026-09-16 13:56:31,2026-09-16 13:56:59,2026-09-16 14:11:29
RSV-001006,REQ-002539,HSP-008,ICU,1,FAILED,2026-09-16 13:56:48,,2026-09-16 14:06:48
RSV-001007,REQ-002539,HSP-007,ICU,1,CANCELLED,2026-09-16 14:00:11,2026-09-16 14:00:29,2026-09-16 14:10:11
RSV-001008,REQ-002541,HSP-002,Oxygen Bed,1,CONFIRMED,2026-09-16 14:10:50,2026-09-16 14:11:24,2026-09-16 14:25:50
RSV-001009,REQ-002545,HSP-002,General Bed,1,CONFIRMED,2026-09-16 14:59:20,2026-09-16 15:00:15,2026-09-16 15:14:20
RSV-001010,REQ-002547,HSP-008,ICU,1,CONFIRMED,2026-09-16 15:19:54,2026-09-16 15:21:08,2026-09-16 15:34:54
RSV-001011,REQ-002547,HSP-008,Ventilator,1,CONFIRMED,2026-09-16 15:19:56,2026-09-16 15:21:14,2026-09-16 15:34:54
RSV-001012,REQ-002548,HSP-008,ICU,1,FAILED,2026-09-16 15:20:14,,2026-09-16 15:30:14
RSV-001013,REQ-002548,HSP-002,ICU,1,CONFIRMED,2026-09-16 15:27:05,2026-09-16 15:27:18,2026-09-16 15:42:05
RSV-001014,REQ-002549,HSP-011,General Bed,1,CONFIRMED,2026-09-16 15:37:38,2026-09-16 15:38:09,2026-09-16 15:52:38
RSV-001015,REQ-002552,HSP-018,ICU,1,CONFIRMED,2026-09-16 16:13:57,2026-09-16 16:15:10,2026-09-16 16:28:57
RSV-001016,REQ-002552,HSP-018,Ventilator,1,CONFIRMED,2026-09-16 16:13:59,2026-09-16 16:15:16,2026-09-16 16:28:57
RSV-001017,REQ-002556,HSP-015,General Bed,1,FAILED,2026-09-16 16:20:00,,2026-09-16 16:30:00
RSV-001018,REQ-002565,HSP-007,ICU,1,CONFIRMED,2026-09-16 17:20:28,2026-09-16 17:20:42,2026-09-16 17:35:28
RSV-001019,REQ-002566,HSP-002,General Bed,2,CONFIRMED,2026-09-16 17:24:57,2026-09-16 17:26:03,2026-09-16 17:39:57
RSV-001020,REQ-002568,HSP-005,Oxygen Bed,1,CONFIRMED,2026-09-16 17:36:30,2026-09-16 17:36:52,2026-09-16 17:51:30
RSV-001021,REQ-002567,HSP-008,ICU,1,CONFIRMED,2026-09-16 17:37:47,2026-09-16 17:38:33,2026-09-16 17:52:47
RSV-001022,REQ-002581,HSP-012,ICU,1,CONFIRMED,2026-09-16 18:30:11,2026-09-16 18:31:13,2026-09-16 18:45:11
RSV-001023,REQ-002582,HSP-008,General Bed,1,CONFIRMED,2026-09-16 18:34:25,2026-09-16 18:35:02,2026-09-16 18:49:25
RSV-001024,REQ-002588,HSP-012,ICU,1,CONFIRMED,2026-09-16 19:06:08,2026-09-16 19:06:41,2026-09-16 19:21:08
RSV-001025,REQ-002589,HSP-012,ICU,1,FAILED,2026-09-16 19:06:19,,2026-09-16 19:16:19
RSV-001026,REQ-002589,HSP-013,ICU,1,CONFIRMED,2026-09-16 19:07:56,2026-09-16 19:08:09,2026-09-16 19:22:56
RSV-001027,REQ-002592,HSP-001,ICU,1,CONFIRMED,2026-09-16 19:27:29,2026-09-16 19:28:28,2026-09-16 19:42:29
RSV-001028,REQ-002593,HSP-001,ICU,1,FAILED,2026-09-16 19:27:58,,2026-09-16 19:37:58
RSV-001029,REQ-002593,HSP-015,ICU,1,CONFIRMED,2026-09-16 19:30:59,2026-09-16 19:31:43,2026-09-16 19:45:59
RSV-001030,REQ-002593,HSP-015,Ventilator,1,CONFIRMED,2026-09-16 19:31:01,2026-09-16 19:31:49,2026-09-16 19:45:59
RSV-001031,REQ-002598,HSP-002,General Bed,1,CONFIRMED,2026-09-16 19:58:04,2026-09-16 19:58:29,2026-09-16 20:13:04
RSV-001032,REQ-002601,HSP-018,General Bed,1,CONFIRMED,2026-09-16 20:18:00,2026-09-16 20:18:09,2026-09-16 20:33:00
RSV-001033,REQ-002603,HSP-004,Oxygen Bed,1,EXPIRED,2026-09-16 20:25:55,,2026-09-16 20:35:55
RSV-001034,REQ-002606,HSP-001,General Bed,1,CONFIRMED,2026-09-16 20:36:40,2026-09-16 20:37:39,2026-09-16 20:51:40
RSV-001035,REQ-002609,HSP-004,General Bed,1,CONFIRMED,2026-09-16 20:57:00,2026-09-16 20:57:30,2026-09-16 21:12:00
RSV-001036,REQ-002611,HSP-013,General Bed,1,CONFIRMED,2026-09-16 21:16:09,2026-09-16 21:17:00,2026-09-16 21:31:09
RSV-001037,REQ-002613,HSP-020,General Bed,1,CONFIRMED,2026-09-16 21:34:54,2026-09-16 21:35:37,2026-09-16 21:49:54
RSV-001038,REQ-002615,HSP-013,ICU,1,CONFIRMED,2026-09-16 21:41:19,2026-09-16 21:41:28,2026-09-16 21:56:19
RSV-001039,REQ-002615,HSP-013,Ventilator,1,CONFIRMED,2026-09-16 21:41:21,2026-09-16 21:41:37,2026-09-16 21:56:19
RSV-001040,REQ-002618,HSP-003,ICU,1,CONFIRMED,2026-09-16 22:58:29,2026-09-16 22:59:18,2026-09-16 23:13:29
RSV-001041,REQ-002619,HSP-002,ICU,1,CONFIRMED,2026-09-16 23:11:59,2026-09-16 23:13:09,2026-09-16 23:26:59
RSV-001042,REQ-002624,HSP-013,ICU,1,CONFIRMED,2026-09-16 23:39:13,2026-09-16 23:39:27,2026-09-16 23:54:13
RSV-001043,REQ-002624,HSP-013,Ventilator,1,CONFIRMED,2026-09-16 23:39:15,2026-09-16 23:39:34,2026-09-16 23:54:13
RSV-001044,REQ-002625,HSP-008,ICU,1,CONFIRMED,2026-09-16 23:44:05,2026-09-16 23:44:24,2026-09-16 23:59:05
RSV-001045,REQ-002627,HSP-012,ICU,1,CONFIRMED,2026-09-16 23:46:26,2026-09-16 23:46:44,2026-09-17 00:01:26
RSV-001046,REQ-002627,HSP-012,Ventilator,1,CONFIRMED,2026-09-16 23:46:28,2026-09-16 23:46:46,2026-09-17 00:01:26
RSV-001047,REQ-002631,HSP-008,General Bed,1,CONFIRMED,2026-09-17 00:24:39,2026-09-17 00:25:51,2026-09-17 00:39:39
RSV-001048,REQ-002641,HSP-008,General Bed,1,CONFIRMED,2026-09-17 02:05:11,2026-09-17 02:05:59,2026-09-17 02:20:11
RSV-001049,REQ-002642,HSP-002,ICU,1,CONFIRMED,2026-09-17 03:34:45,2026-09-17 03:35:46,2026-09-17 03:49:45
RSV-001050,REQ-002642,HSP-002,Ventilator,1,CONFIRMED,2026-09-17 03:34:47,2026-09-17 03:35:54,2026-09-17 03:49:45
RSV-001051,REQ-002644,HSP-002,ICU,1,CONFIRMED,2026-09-17 06:03:08,2026-09-17 06:04:18,2026-09-17 06:18:08
RSV-001052,REQ-002645,HSP-013,ICU,1,EXPIRED,2026-09-17 06:15:08,,2026-09-17 06:25:08
RSV-001053,REQ-002650,HSP-002,Oxygen Bed,1,CONFIRMED,2026-09-17 07:10:43,2026-09-17 07:11:25,2026-09-17 07:25:43
RSV-001054,REQ-002651,HSP-007,ICU,1,CONFIRMED,2026-09-17 07:20:48,2026-09-17 07:21:10,2026-09-17 07:35:48
RSV-001055,REQ-002651,HSP-007,Ventilator,1,CONFIRMED,2026-09-17 07:20:50,2026-09-17 07:21:11,2026-09-17 07:35:48
RSV-001056,REQ-002665,HSP-025,Oxygen Bed,1,CONFIRMED,2026-09-17 09:14:55,2026-09-17 09:15:12,2026-09-17 09:29:55
RSV-001057,REQ-002669,HSP-001,ICU,1,CONFIRMED,2026-09-17 09:50:10,2026-09-17 09:51:13,2026-09-17 10:05:10
RSV-001058,REQ-002669,HSP-001,Ventilator,1,CONFIRMED,2026-09-17 09:50:12,2026-09-17 09:51:21,2026-09-17 10:05:10
RSV-001059,REQ-002671,HSP-019,ICU,1,CONFIRMED,2026-09-17 09:55:09,2026-09-17 09:56:01,2026-09-17 10:10:09
RSV-001060,REQ-002670,HSP-019,ICU,1,FAILED,2026-09-17 09:56:19,,2026-09-17 10:06:19
RSV-001061,REQ-002672,HSP-002,ICU,1,EXPIRED,2026-09-17 09:59:43,,2026-09-17 10:09:43
RSV-001062,REQ-002674,HSP-002,ICU,1,CONFIRMED,2026-09-17 10:16:59,2026-09-17 10:18:12,2026-09-17 10:31:59
RSV-001063,REQ-002674,HSP-002,Ventilator,1,CONFIRMED,2026-09-17 10:17:01,2026-09-17 10:18:16,2026-09-17 10:31:59
RSV-001064,REQ-002676,HSP-004,ICU,1,FAILED,2026-09-17 10:19:56,,2026-09-17 10:29:56
RSV-001065,REQ-002676,HSP-003,ICU,1,CONFIRMED,2026-09-17 10:23:18,2026-09-17 10:24:28,2026-09-17 10:38:18
RSV-001066,REQ-002680,HSP-013,ICU,1,CONFIRMED,2026-09-17 10:43:52,2026-09-17 10:44:17,2026-09-17 10:58:52
RSV-001067,REQ-002681,HSP-013,ICU,1,FAILED,2026-09-17 10:44:21,,2026-09-17 10:54:21
RSV-001068,REQ-002682,HSP-002,ICU,1,CONFIRMED,2026-09-17 10:49:04,2026-09-17 10:50:16,2026-09-17 11:04:04
RSV-001069,REQ-002689,HSP-012,Oxygen Bed,1,CONFIRMED,2026-09-17 11:15:52,2026-09-17 11:16:24,2026-09-17 11:30:52
RSV-001070,REQ-002694,HSP-002,General Bed,1,CONFIRMED,2026-09-17 11:45:02,2026-09-17 11:45:26,2026-09-17 12:00:02
RSV-001071,REQ-002693,HSP-002,ICU,1,EXPIRED,2026-09-17 11:45:04,,2026-09-17 11:55:04
RSV-001072,REQ-002704,HSP-012,Oxygen Bed,1,CONFIRMED,2026-09-17 12:47:14,2026-09-17 12:48:08,2026-09-17 13:02:14
RSV-001073,REQ-002709,HSP-020,Oxygen Bed,1,CONFIRMED,2026-09-17 13:11:39,2026-09-17 13:12:18,2026-09-17 13:26:39
RSV-001074,REQ-002715,HSP-013,ICU,1,CONFIRMED,2026-09-17 14:11:41,2026-09-17 14:12:26,2026-09-17 14:26:41
RSV-001075,REQ-002718,HSP-007,ICU,1,CONFIRMED,2026-09-17 14:17:52,2026-09-17 14:18:53,2026-09-17 14:32:52
RSV-001076,REQ-002717,HSP-001,ICU,1,CONFIRMED,2026-09-17 14:18:43,2026-09-17 14:19:41,2026-09-17 14:33:43
RSV-001077,REQ-002730,HSP-012,Oxygen Bed,1,CONFIRMED,2026-09-17 17:02:11,2026-09-17 17:02:21,2026-09-17 17:17:11
RSV-001078,REQ-002731,HSP-009,General Bed,1,CONFIRMED,2026-09-17 17:04:37,2026-09-17 17:05:41,2026-09-17 17:19:37
RSV-001079,REQ-002733,HSP-013,ICU,1,CONFIRMED,2026-09-17 17:11:12,2026-09-17 17:12:26,2026-09-17 17:26:12
RSV-001080,REQ-002733,HSP-013,Ventilator,1,CONFIRMED,2026-09-17 17:11:14,2026-09-17 17:12:26,2026-09-17 17:26:12
RSV-001081,REQ-002737,HSP-002,ICU,1,CONFIRMED,2026-09-17 17:55:04,2026-09-17 17:55:46,2026-09-17 18:10:04
RSV-001082,REQ-002737,HSP-002,Ventilator,1,CONFIRMED,2026-09-17 17:55:06,2026-09-17 17:55:54,2026-09-17 18:10:04
RSV-001083,REQ-002739,HSP-007,ICU,1,CONFIRMED,2026-09-17 18:03:53,2026-09-17 18:04:31,2026-09-17 18:18:53
RSV-001084,REQ-002739,HSP-007,Ventilator,1,CONFIRMED,2026-09-17 18:03:55,2026-09-17 18:04:33,2026-09-17 18:18:53
RSV-001085,REQ-002746,HSP-004,General Bed,1,CONFIRMED,2026-09-17 18:42:39,2026-09-17 18:43:15,2026-09-17 18:57:39
RSV-001086,REQ-002747,HSP-012,Oxygen Bed,1,CONFIRMED,2026-09-17 18:52:02,2026-09-17 18:53:13,2026-09-17 19:07:02
RSV-001087,REQ-002748,HSP-002,General Bed,1,CONFIRMED,2026-09-17 18:54:33,2026-09-17 18:55:37,2026-09-17 19:09:33
RSV-001088,REQ-002750,HSP-019,ICU,1,CONFIRMED,2026-09-17 19:04:06,2026-09-17 19:04:27,2026-09-17 19:19:06
RSV-001089,REQ-002750,HSP-019,Ventilator,1,CONFIRMED,2026-09-17 19:04:08,2026-09-17 19:04:31,2026-09-17 19:19:06
RSV-001090,REQ-002751,HSP-007,Oxygen Bed,1,CONFIRMED,2026-09-17 19:11:40,2026-09-17 19:12:27,2026-09-17 19:26:40
RSV-001091,REQ-002756,HSP-009,General Bed,1,CONFIRMED,2026-09-17 19:41:14,2026-09-17 19:41:51,2026-09-17 19:56:14
RSV-001092,REQ-002758,HSP-002,ICU,1,CONFIRMED,2026-09-17 19:52:31,2026-09-17 19:53:09,2026-09-17 20:07:31
RSV-001093,REQ-002758,HSP-002,Ventilator,1,CONFIRMED,2026-09-17 19:52:33,2026-09-17 19:53:12,2026-09-17 20:07:31
RSV-001094,REQ-002760,HSP-007,Oxygen Bed,1,CONFIRMED,2026-09-17 20:13:23,2026-09-17 20:13:39,2026-09-17 20:28:23
RSV-001095,REQ-002761,HSP-019,ICU,1,CONFIRMED,2026-09-17 20:19:58,2026-09-17 20:20:38,2026-09-17 20:34:58
RSV-001096,REQ-002764,HSP-025,ICU,1,CONFIRMED,2026-09-17 20:30:19,2026-09-17 20:30:52,2026-09-17 20:45:19
RSV-001097,REQ-002765,HSP-002,General Bed,1,CONFIRMED,2026-09-17 20:38:29,2026-09-17 20:39:01,2026-09-17 20:53:29
RSV-001098,REQ-002766,HSP-013,ICU,1,CONFIRMED,2026-09-17 20:47:00,2026-09-17 20:48:03,2026-09-17 21:02:00
RSV-001099,REQ-002773,HSP-013,ICU,1,CONFIRMED,2026-09-17 21:27:57,2026-09-17 21:28:23,2026-09-17 21:42:57
RSV-001100,REQ-002773,HSP-013,Ventilator,1,CONFIRMED,2026-09-17 21:27:59,2026-09-17 21:28:23,2026-09-17 21:42:57
RSV-001101,REQ-002774,HSP-024,General Bed,1,CONFIRMED,2026-09-17 21:53:31,2026-09-17 21:54:40,2026-09-17 22:08:31
RSV-001102,REQ-002776,HSP-002,ICU,4,CONFIRMED,2026-09-17 22:26:06,2026-09-17 22:26:50,2026-09-17 22:41:06
RSV-001103,REQ-002776,HSP-002,Ventilator,1,CONFIRMED,2026-09-17 22:26:08,2026-09-17 22:26:55,2026-09-17 22:41:06
RSV-001104,REQ-002791,HSP-012,ICU,1,CONFIRMED,2026-09-18 01:30:46,2026-09-18 01:31:44,2026-09-18 01:45:46
RSV-001105,REQ-002791,HSP-012,Ventilator,1,CONFIRMED,2026-09-18 01:30:48,2026-09-18 01:31:50,2026-09-18 01:45:46
RSV-001106,REQ-002793,HSP-013,General Bed,1,CONFIRMED,2026-09-18 02:12:45,2026-09-18 02:13:15,2026-09-18 02:27:45
RSV-001107,REQ-002799,HSP-013,ICU,1,CONFIRMED,2026-09-18 05:29:41,2026-09-18 05:30:26,2026-09-18 05:44:41
RSV-001108,REQ-002800,HSP-013,ICU,1,FAILED,2026-09-18 05:29:59,,2026-09-18 05:39:59
RSV-001109,REQ-002800,HSP-003,ICU,1,CONFIRMED,2026-09-18 05:37:44,2026-09-18 05:38:19,2026-09-18 05:52:44
RSV-001110,REQ-002808,HSP-002,General Bed,1,CONFIRMED,2026-09-18 07:07:00,2026-09-18 07:07:27,2026-09-18 07:22:00
RSV-001111,REQ-002825,HSP-008,General Bed,1,CONFIRMED,2026-09-18 09:05:09,2026-09-18 09:06:02,2026-09-18 09:20:09
RSV-001112,REQ-002828,HSP-012,General Bed,1,CONFIRMED,2026-09-18 09:26:01,2026-09-18 09:27:05,2026-09-18 09:41:01
RSV-001113,REQ-002832,HSP-002,ICU,1,CONFIRMED,2026-09-18 09:42:36,2026-09-18 09:42:46,2026-09-18 09:57:36
RSV-001114,REQ-002836,HSP-007,ICU,1,CONFIRMED,2026-09-18 09:54:51,2026-09-18 09:55:04,2026-09-18 10:09:51
RSV-001115,REQ-002835,HSP-012,ICU,1,CONFIRMED,2026-09-18 09:55:19,2026-09-18 09:56:24,2026-09-18 10:10:19
RSV-001116,REQ-002837,HSP-012,ICU,1,FAILED,2026-09-18 09:55:31,,2026-09-18 10:05:31
RSV-001117,REQ-002837,HSP-007,ICU,1,CONFIRMED,2026-09-18 10:03:15,2026-09-18 10:04:26,2026-09-18 10:18:15
RSV-001118,REQ-002844,HSP-003,ICU,1,CONFIRMED,2026-09-18 10:48:06,2026-09-18 10:48:23,2026-09-18 11:03:06
RSV-001119,REQ-002852,HSP-002,ICU,1,CONFIRMED,2026-09-18 11:52:35,2026-09-18 11:53:13,2026-09-18 12:07:35
RSV-001120,REQ-002853,HSP-002,ICU,1,CONFIRMED,2026-09-18 11:57:54,2026-09-18 11:58:41,2026-09-18 12:12:54
RSV-001121,REQ-002853,HSP-002,Ventilator,1,CONFIRMED,2026-09-18 11:57:56,2026-09-18 11:58:47,2026-09-18 12:12:54
RSV-001122,REQ-002855,HSP-006,General Bed,1,CONFIRMED,2026-09-18 12:11:02,2026-09-18 12:12:01,2026-09-18 12:26:02
RSV-001123,REQ-002863,HSP-001,General Bed,1,CONFIRMED,2026-09-18 12:55:31,2026-09-18 12:55:51,2026-09-18 13:10:31
RSV-001124,REQ-002864,HSP-002,ICU,1,RELEASED,2026-09-18 13:04:16,2026-09-18 13:04:25,2026-09-18 13:14:16
RSV-001125,REQ-002865,HSP-002,ICU,1,CONFIRMED,2026-09-18 13:05:09,2026-09-18 13:06:09,2026-09-18 13:20:09
RSV-001126,REQ-002864,HSP-001,ICU,1,CONFIRMED,2026-09-18 13:08:35,2026-09-18 13:08:48,2026-09-18 13:23:35
RSV-001127,REQ-002872,HSP-002,ICU,1,RELEASED,2026-09-18 13:46:21,2026-09-18 13:46:31,2026-09-18 13:56:21
RSV-001128,REQ-002876,HSP-012,ICU,1,CONFIRMED,2026-09-18 14:08:05,2026-09-18 14:08:14,2026-09-18 14:23:05
RSV-001129,REQ-002878,HSP-002,ICU,1,CONFIRMED,2026-09-18 14:11:16,2026-09-18 14:12:07,2026-09-18 14:26:16
RSV-001130,REQ-002880,HSP-001,ICU,1,CONFIRMED,2026-09-18 14:12:05,2026-09-18 14:13:18,2026-09-18 14:27:05
RSV-001131,REQ-002880,HSP-001,Ventilator,1,CONFIRMED,2026-09-18 14:12:07,2026-09-18 14:13:26,2026-09-18 14:27:05
RSV-001132,REQ-002884,HSP-019,General Bed,1,CONFIRMED,2026-09-18 14:47:36,2026-09-18 14:48:04,2026-09-18 15:02:36
RSV-001133,REQ-002889,HSP-002,ICU,1,CONFIRMED,2026-09-18 15:01:34,2026-09-18 15:02:38,2026-09-18 15:16:34
RSV-001134,REQ-002889,HSP-002,Ventilator,1,CONFIRMED,2026-09-18 15:01:36,2026-09-18 15:02:47,2026-09-18 15:16:34
RSV-001135,REQ-002888,HSP-011,General Bed,1,EXPIRED,2026-09-18 15:02:00,,2026-09-18 15:12:00
RSV-001136,REQ-002892,HSP-015,ICU,1,CONFIRMED,2026-09-18 15:14:05,2026-09-18 15:14:59,2026-09-18 15:29:05
RSV-001137,REQ-002892,HSP-015,Ventilator,1,CONFIRMED,2026-09-18 15:14:07,2026-09-18 15:15:04,2026-09-18 15:29:05
RSV-001138,REQ-002893,HSP-019,ICU,1,CONFIRMED,2026-09-18 15:14:31,2026-09-18 15:15:00,2026-09-18 15:29:31
RSV-001139,REQ-002895,HSP-004,Oxygen Bed,1,CONFIRMED,2026-09-18 15:37:46,2026-09-18 15:37:57,2026-09-18 15:52:46
RSV-001140,REQ-002897,HSP-012,General Bed,1,CONFIRMED,2026-09-18 15:41:20,2026-09-18 15:42:13,2026-09-18 15:56:20
RSV-001141,REQ-002901,HSP-020,ICU,1,CONFIRMED,2026-09-18 15:45:20,2026-09-18 15:46:22,2026-09-18 16:00:20
RSV-001142,REQ-002902,HSP-013,ICU,1,CONFIRMED,2026-09-18 15:50:16,2026-09-18 15:50:57,2026-09-18 16:05:16
RSV-001143,REQ-002902,HSP-013,Ventilator,1,CONFIRMED,2026-09-18 15:50:18,2026-09-18 15:51:03,2026-09-18 16:05:16
RSV-001144,REQ-002908,HSP-012,ICU,1,CONFIRMED,2026-09-18 16:50:08,2026-09-18 16:50:23,2026-09-18 17:05:08
RSV-001145,REQ-002909,HSP-012,ICU,1,FAILED,2026-09-18 16:50:35,,2026-09-18 17:00:35
RSV-001146,REQ-002911,HSP-001,General Bed,1,CONFIRMED,2026-09-18 16:54:37,2026-09-18 16:55:29,2026-09-18 17:09:37
RSV-001147,REQ-002909,HSP-007,ICU,1,CONFIRMED,2026-09-18 16:55:00,2026-09-18 16:56:12,2026-09-18 17:10:00
RSV-001148,REQ-002918,HSP-008,ICU,1,CONFIRMED,2026-09-18 17:37:28,2026-09-18 17:38:41,2026-09-18 17:52:28
RSV-001149,REQ-002918,HSP-008,Ventilator,1,CONFIRMED,2026-09-18 17:37:30,2026-09-18 17:38:43,2026-09-18 17:52:28
RSV-001150,REQ-002917,HSP-024,ICU,1,CONFIRMED,2026-09-18 17:38:17,2026-09-18 17:39:27,2026-09-18 17:53:17
RSV-001151,REQ-002915,HSP-024,Ventilator,1,FAILED,2026-09-18 17:38:54,,2026-09-18 17:48:54
RSV-001152,REQ-002915,HSP-008,ICU,1,CONFIRMED,2026-09-18 17:41:55,2026-09-18 17:42:03,2026-09-18 17:56:55
RSV-001153,REQ-002915,HSP-008,Ventilator,1,CONFIRMED,2026-09-18 17:41:57,2026-09-18 17:42:07,2026-09-18 17:56:55
RSV-001154,REQ-002922,HSP-004,ICU,1,CONFIRMED,2026-09-18 17:47:10,2026-09-18 17:48:20,2026-09-18 18:02:10
RSV-001155,REQ-002924,HSP-002,General Bed,1,CONFIRMED,2026-09-18 18:09:47,2026-09-18 18:10:01,2026-09-18 18:24:47
RSV-001156,REQ-002925,HSP-002,ICU,1,CONFIRMED,2026-09-18 18:12:20,2026-09-18 18:12:53,2026-09-18 18:27:20
RSV-001157,REQ-002928,HSP-012,General Bed,1,CONFIRMED,2026-09-18 18:24:32,2026-09-18 18:25:44,2026-09-18 18:39:32
RSV-001158,REQ-002929,HSP-024,ICU,1,CONFIRMED,2026-09-18 18:25:04,2026-09-18 18:26:10,2026-09-18 18:40:04
RSV-001159,REQ-002929,HSP-024,Ventilator,1,CONFIRMED,2026-09-18 18:25:06,2026-09-18 18:26:12,2026-09-18 18:40:04
RSV-001160,REQ-002930,HSP-009,General Bed,1,CONFIRMED,2026-09-18 18:33:54,2026-09-18 18:34:48,2026-09-18 18:48:54
RSV-001161,REQ-002933,HSP-008,ICU,1,CONFIRMED,2026-09-18 18:51:56,2026-09-18 18:52:42,2026-09-18 19:06:56
RSV-001162,REQ-002935,HSP-012,ICU,1,CANCELLED,2026-09-18 19:06:43,2026-09-18 19:07:09,2026-09-18 19:16:43
RSV-001163,REQ-002936,HSP-002,ICU,1,CONFIRMED,2026-09-18 19:11:00,2026-09-18 19:11:35,2026-09-18 19:26:00
RSV-001164,REQ-002936,HSP-002,Ventilator,1,CONFIRMED,2026-09-18 19:11:02,2026-09-18 19:11:44,2026-09-18 19:26:00
RSV-001165,REQ-002935,HSP-006,ICU,1,CONFIRMED,2026-09-18 19:11:16,2026-09-18 19:11:41,2026-09-18 19:26:16
RSV-001166,REQ-002935,HSP-006,Ventilator,1,CONFIRMED,2026-09-18 19:11:18,2026-09-18 19:11:41,2026-09-18 19:26:16
RSV-001167,REQ-002938,HSP-004,ICU,1,CONFIRMED,2026-09-18 19:18:17,2026-09-18 19:19:22,2026-09-18 19:33:17
RSV-001168,REQ-002948,HSP-013,ICU,1,CONFIRMED,2026-09-18 21:05:39,2026-09-18 21:06:19,2026-09-18 21:20:39
RSV-001169,REQ-002958,HSP-012,Oxygen Bed,1,CONFIRMED,2026-09-18 22:31:35,2026-09-18 22:32:30,2026-09-18 22:46:35
RSV-001170,REQ-002961,HSP-001,General Bed,1,CONFIRMED,2026-09-18 22:40:35,2026-09-18 22:40:44,2026-09-18 22:55:35
RSV-001171,REQ-002971,HSP-007,ICU,1,EXPIRED,2026-09-19 00:06:39,,2026-09-19 00:16:39
RSV-001172,REQ-002973,HSP-012,ICU,1,CONFIRMED,2026-09-19 00:14:34,2026-09-19 00:14:59,2026-09-19 00:29:34
RSV-001173,REQ-002985,HSP-007,Oxygen Bed,1,RELEASED,2026-09-19 02:33:39,2026-09-19 02:34:12,2026-09-19 02:43:39
RSV-001174,REQ-002985,HSP-014,Oxygen Bed,1,CONFIRMED,2026-09-19 02:35:39,2026-09-19 02:36:50,2026-09-19 02:50:39
RSV-001175,REQ-002988,HSP-019,ICU,1,CONFIRMED,2026-09-19 03:58:38,2026-09-19 03:59:05,2026-09-19 04:13:38
RSV-001176,REQ-002988,HSP-019,Ventilator,1,CONFIRMED,2026-09-19 03:58:40,2026-09-19 03:59:14,2026-09-19 04:13:38
RSV-001177,REQ-002990,HSP-006,ICU,1,CONFIRMED,2026-09-19 04:44:11,2026-09-19 04:44:23,2026-09-19 04:59:11
RSV-001178,REQ-002992,HSP-018,ICU,1,CONFIRMED,2026-09-19 05:12:18,2026-09-19 05:12:56,2026-09-19 05:27:18
RSV-001179,REQ-002995,HSP-013,ICU,1,CONFIRMED,2026-09-19 05:52:17,2026-09-19 05:52:52,2026-09-19 06:07:17
RSV-001180,REQ-002995,HSP-013,Ventilator,1,CONFIRMED,2026-09-19 05:52:19,2026-09-19 05:52:54,2026-09-19 06:07:17
RSV-001181,REQ-002996,HSP-012,ICU,1,CONFIRMED,2026-09-19 06:06:27,2026-09-19 06:07:18,2026-09-19 06:21:27
RSV-001182,REQ-002999,HSP-001,General Bed,1,CONFIRMED,2026-09-19 07:10:32,2026-09-19 07:10:40,2026-09-19 07:25:32
RSV-001183,REQ-003016,HSP-002,General Bed,1,CONFIRMED,2026-09-19 10:31:06,2026-09-19 10:32:04,2026-09-19 10:46:06
RSV-001184,REQ-003021,HSP-004,General Bed,1,CONFIRMED,2026-09-19 11:11:31,2026-09-19 11:11:49,2026-09-19 11:26:31
RSV-001185,REQ-003022,HSP-015,ICU,1,CONFIRMED,2026-09-19 11:26:57,2026-09-19 11:28:10,2026-09-19 11:41:57
RSV-001186,REQ-003023,HSP-020,ICU,1,EXPIRED,2026-09-19 11:40:17,,2026-09-19 11:50:17
RSV-001187,REQ-003026,HSP-007,ICU,1,CONFIRMED,2026-09-19 12:16:12,2026-09-19 12:16:27,2026-09-19 12:31:12
RSV-001188,REQ-003030,HSP-012,ICU,1,CONFIRMED,2026-09-19 12:23:44,2026-09-19 12:24:44,2026-09-19 12:38:44
RSV-001189,REQ-003030,HSP-012,Ventilator,1,CONFIRMED,2026-09-19 12:23:46,2026-09-19 12:24:51,2026-09-19 12:38:44
RSV-001190,REQ-003032,HSP-002,General Bed,1,EXPIRED,2026-09-19 12:43:25,,2026-09-19 12:53:25
RSV-001191,REQ-003034,HSP-018,ICU,1,CONFIRMED,2026-09-19 12:53:59,2026-09-19 12:54:39,2026-09-19 13:08:59
RSV-001192,REQ-003034,HSP-018,Ventilator,1,CONFIRMED,2026-09-19 12:54:01,2026-09-19 12:54:46,2026-09-19 13:08:59
RSV-001193,REQ-003035,HSP-012,ICU,1,CONFIRMED,2026-09-19 13:11:56,2026-09-19 13:12:39,2026-09-19 13:26:56
RSV-001194,REQ-003036,HSP-012,ICU,1,FAILED,2026-09-19 13:12:21,,2026-09-19 13:22:21
RSV-001195,REQ-003036,HSP-003,ICU,1,FAILED,2026-09-19 13:17:06,,2026-09-19 13:27:06
RSV-001196,REQ-003038,HSP-012,ICU,1,CONFIRMED,2026-09-19 13:17:45,2026-09-19 13:18:37,2026-09-19 13:32:45
RSV-001197,REQ-003038,HSP-012,Ventilator,1,CONFIRMED,2026-09-19 13:17:47,2026-09-19 13:18:38,2026-09-19 13:32:45
RSV-001198,REQ-003039,HSP-013,ICU,1,RELEASED,2026-09-19 13:24:07,2026-09-19 13:24:17,2026-09-19 13:34:07
RSV-001199,REQ-003044,HSP-008,ICU,1,CONFIRMED,2026-09-19 13:52:08,2026-09-19 13:52:19,2026-09-19 14:07:08
RSV-001200,REQ-003047,HSP-002,Oxygen Bed,1,CONFIRMED,2026-09-19 14:04:59,2026-09-19 14:06:00,2026-09-19 14:19:59
RSV-001201,REQ-003049,HSP-012,ICU,1,CONFIRMED,2026-09-19 14:24:26,2026-09-19 14:24:53,2026-09-19 14:39:26
RSV-001202,REQ-003052,HSP-002,ICU,1,CONFIRMED,2026-09-19 14:33:08,2026-09-19 14:34:22,2026-09-19 14:48:08
RSV-001203,REQ-003054,HSP-004,General Bed,1,CONFIRMED,2026-09-19 14:48:49,2026-09-19 14:49:58,2026-09-19 15:03:49
RSV-001204,REQ-003055,HSP-012,ICU,1,CONFIRMED,2026-09-19 14:52:06,2026-09-19 14:52:34,2026-09-19 15:07:06
RSV-001205,REQ-003056,HSP-013,ICU,1,CONFIRMED,2026-09-19 14:55:18,2026-09-19 14:56:03,2026-09-19 15:10:18
RSV-001206,REQ-003057,HSP-001,ICU,1,CONFIRMED,2026-09-19 15:10:39,2026-09-19 15:11:13,2026-09-19 15:25:39
RSV-001207,REQ-003057,HSP-001,Ventilator,1,CONFIRMED,2026-09-19 15:10:41,2026-09-19 15:11:21,2026-09-19 15:25:39
RSV-001208,REQ-003058,HSP-004,ICU,1,CONFIRMED,2026-09-19 15:12:45,2026-09-19 15:12:57,2026-09-19 15:27:45
RSV-001209,REQ-003060,HSP-008,ICU,1,CONFIRMED,2026-09-19 15:25:11,2026-09-19 15:25:19,2026-09-19 15:40:11
RSV-001210,REQ-003061,HSP-008,ICU,1,FAILED,2026-09-19 15:25:18,,2026-09-19 15:35:18
RSV-001211,REQ-003062,HSP-002,ICU,1,EXPIRED,2026-09-19 15:29:47,,2026-09-19 15:39:47
RSV-001212,REQ-003061,HSP-002,ICU,1,CONFIRMED,2026-09-19 15:30:53,2026-09-19 15:32:01,2026-09-19 15:45:53
RSV-001213,REQ-003063,HSP-024,ICU,1,CONFIRMED,2026-09-19 15:31:48,2026-09-19 15:32:49,2026-09-19 15:46:48
RSV-001214,REQ-003066,HSP-008,ICU,1,CONFIRMED,2026-09-19 15:36:15,2026-09-19 15:36:32,2026-09-19 15:51:15
RSV-001215,REQ-003067,HSP-008,ICU,1,FAILED,2026-09-19 15:36:19,,2026-09-19 15:46:19
RSV-001216,REQ-003068,HSP-020,General Bed,1,FAILED,2026-09-19 15:37:52,,2026-09-19 15:47:52
RSV-001217,REQ-003067,HSP-002,ICU,1,CONFIRMED,2026-09-19 15:38:42,2026-09-19 15:39:32,2026-09-19 15:53:42
RSV-001218,REQ-003067,HSP-002,Ventilator,1,CONFIRMED,2026-09-19 15:38:44,2026-09-19 15:39:38,2026-09-19 15:53:42
RSV-001219,REQ-003068,HSP-014,General Bed,1,CONFIRMED,2026-09-19 15:39:12,2026-09-19 15:39:39,2026-09-19 15:54:12
RSV-001220,REQ-003071,HSP-008,Oxygen Bed,1,CONFIRMED,2026-09-19 15:53:06,2026-09-19 15:53:57,2026-09-19 16:08:06
RSV-001221,REQ-003071,HSP-008,Ventilator,1,CONFIRMED,2026-09-19 15:53:08,2026-09-19 15:54:05,2026-09-19 16:08:06
RSV-001222,REQ-003079,HSP-008,Oxygen Bed,1,CONFIRMED,2026-09-19 16:21:25,2026-09-19 16:22:33,2026-09-19 16:36:25
RSV-001223,REQ-003081,HSP-008,ICU,1,CONFIRMED,2026-09-19 16:27:12,2026-09-19 16:28:26,2026-09-19 16:42:12
RSV-001224,REQ-003081,HSP-008,Ventilator,1,CONFIRMED,2026-09-19 16:27:14,2026-09-19 16:28:27,2026-09-19 16:42:12
RSV-001225,REQ-003083,HSP-009,General Bed,1,CONFIRMED,2026-09-19 16:30:29,2026-09-19 16:30:49,2026-09-19 16:45:29
RSV-001226,REQ-003082,HSP-018,General Bed,1,CONFIRMED,2026-09-19 16:32:17,2026-09-19 16:32:30,2026-09-19 16:47:17
RSV-001227,REQ-003082,HSP-018,Ventilator,1,CONFIRMED,2026-09-19 16:32:19,2026-09-19 16:32:37,2026-09-19 16:47:17
RSV-001228,REQ-003104,HSP-001,ICU,1,CONFIRMED,2026-09-19 18:10:29,2026-09-19 18:11:08,2026-09-19 18:25:29
RSV-001229,REQ-003104,HSP-001,Ventilator,1,CONFIRMED,2026-09-19 18:10:31,2026-09-19 18:11:14,2026-09-19 18:25:29
RSV-001230,REQ-003106,HSP-013,Oxygen Bed,1,CONFIRMED,2026-09-19 18:21:18,2026-09-19 18:22:28,2026-09-19 18:36:18
RSV-001231,REQ-003107,HSP-009,Oxygen Bed,1,CONFIRMED,2026-09-19 18:25:22,2026-09-19 18:25:56,2026-09-19 18:40:22
RSV-001232,REQ-003109,HSP-003,ICU,1,CONFIRMED,2026-09-19 18:33:17,2026-09-19 18:34:04,2026-09-19 18:48:17
RSV-001233,REQ-003110,HSP-020,ICU,1,CONFIRMED,2026-09-19 18:35:23,2026-09-19 18:36:13,2026-09-19 18:50:23
RSV-001234,REQ-003112,HSP-018,ICU,1,CONFIRMED,2026-09-19 18:40:47,2026-09-19 18:41:41,2026-09-19 18:55:47
RSV-001235,REQ-003114,HSP-008,ICU,1,CONFIRMED,2026-09-19 18:43:40,2026-09-19 18:44:01,2026-09-19 18:58:40
RSV-001236,REQ-003114,HSP-008,Ventilator,1,CONFIRMED,2026-09-19 18:43:42,2026-09-19 18:44:02,2026-09-19 18:58:40
RSV-001237,REQ-003120,HSP-013,General Bed,1,CONFIRMED,2026-09-19 19:31:05,2026-09-19 19:32:02,2026-09-19 19:46:05
RSV-001238,REQ-003119,HSP-002,General Bed,1,CONFIRMED,2026-09-19 19:31:53,2026-09-19 19:32:45,2026-09-19 19:46:53
RSV-001239,REQ-003121,HSP-020,ICU,1,CONFIRMED,2026-09-19 19:38:24,2026-09-19 19:38:52,2026-09-19 19:53:24
RSV-001240,REQ-003122,HSP-013,ICU,1,CONFIRMED,2026-09-19 19:46:22,2026-09-19 19:47:17,2026-09-19 20:01:22
RSV-001241,REQ-003123,HSP-018,Oxygen Bed,1,CONFIRMED,2026-09-19 19:47:54,2026-09-19 19:48:22,2026-09-19 20:02:54
RSV-001242,REQ-003125,HSP-007,Oxygen Bed,1,CONFIRMED,2026-09-19 20:05:10,2026-09-19 20:06:05,2026-09-19 20:20:10
RSV-001243,REQ-003127,HSP-002,ICU,1,CONFIRMED,2026-09-19 20:17:20,2026-09-19 20:18:31,2026-09-19 20:32:20
RSV-001244,REQ-003129,HSP-002,General Bed,1,FAILED,2026-09-19 20:38:39,,2026-09-19 20:48:39
RSV-001245,REQ-003130,HSP-001,ICU,1,CONFIRMED,2026-09-19 20:51:13,2026-09-19 20:52:27,2026-09-19 21:06:13
RSV-001246,REQ-003133,HSP-009,General Bed,1,CONFIRMED,2026-09-19 21:03:46,2026-09-19 21:04:41,2026-09-19 21:18:46
RSV-001247,REQ-003134,HSP-009,General Bed,1,CONFIRMED,2026-09-19 21:06:06,2026-09-19 21:06:45,2026-09-19 21:21:06
RSV-001248,REQ-003136,HSP-012,ICU,1,FAILED,2026-09-19 21:22:03,,2026-09-19 21:32:03
RSV-001249,REQ-003136,HSP-006,ICU,1,RELEASED,2026-09-19 21:27:45,2026-09-19 21:28:17,2026-09-19 21:37:45
RSV-001250,REQ-003136,HSP-007,ICU,1,CONFIRMED,2026-09-19 21:30:20,2026-09-19 21:31:08,2026-09-19 21:45:20
RSV-001251,REQ-003137,HSP-010,ICU,1,FAILED,2026-09-19 21:35:04,,2026-09-19 21:45:04
RSV-001252,REQ-003137,HSP-007,ICU,1,CONFIRMED,2026-09-19 21:40:10,2026-09-19 21:40:23,2026-09-19 21:55:10
RSV-001253,REQ-003140,HSP-002,General Bed,1,CONFIRMED,2026-09-19 22:14:46,2026-09-19 22:15:59,2026-09-19 22:29:46
RSV-001254,REQ-003151,HSP-002,ICU,1,CONFIRMED,2026-09-19 23:44:26,2026-09-19 23:45:23,2026-09-19 23:59:26
RSV-001255,REQ-003151,HSP-002,Ventilator,1,CONFIRMED,2026-09-19 23:44:28,2026-09-19 23:45:23,2026-09-19 23:59:26
RSV-001256,REQ-003161,HSP-001,ICU,2,RELEASED,2026-09-20 02:27:30,2026-09-20 02:27:56,2026-09-20 02:37:30
RSV-001257,REQ-003161,HSP-020,ICU,2,CANCELLED,2026-09-20 02:29:03,2026-09-20 02:29:16,2026-09-20 02:39:03
RSV-001258,REQ-003161,HSP-007,ICU,2,RELEASED,2026-09-20 02:35:15,2026-09-20 02:35:51,2026-09-20 02:45:15
RSV-001259,REQ-003163,HSP-012,General Bed,1,EXPIRED,2026-09-20 03:22:59,,2026-09-20 03:32:59
RSV-001260,REQ-003164,HSP-013,ICU,2,CONFIRMED,2026-09-20 03:30:39,2026-09-20 03:31:34,2026-09-20 03:45:39
RSV-001261,REQ-003164,HSP-013,Ventilator,1,CONFIRMED,2026-09-20 03:30:41,2026-09-20 03:31:37,2026-09-20 03:45:39
RSV-001262,REQ-003168,HSP-006,ICU,1,RELEASED,2026-09-20 04:02:30,2026-09-20 04:03:05,2026-09-20 04:12:30
RSV-001263,REQ-003167,HSP-007,Oxygen Bed,1,CONFIRMED,2026-09-20 04:03:55,2026-09-20 04:05:09,2026-09-20 04:18:55
RSV-001264,REQ-003168,HSP-007,ICU,1,CONFIRMED,2026-09-20 04:04:40,2026-09-20 04:05:33,2026-09-20 04:19:40
RSV-001265,REQ-003168,HSP-007,Ventilator,1,CONFIRMED,2026-09-20 04:04:42,2026-09-20 04:05:40,2026-09-20 04:19:40
RSV-001266,REQ-003170,HSP-004,General Bed,1,CONFIRMED,2026-09-20 04:31:34,2026-09-20 04:31:44,2026-09-20 04:46:34
RSV-001267,REQ-003181,HSP-002,ICU,1,CONFIRMED,2026-09-20 06:53:25,2026-09-20 06:53:58,2026-09-20 07:08:25
RSV-001268,REQ-003186,HSP-013,ICU,1,CONFIRMED,2026-09-20 07:36:18,2026-09-20 07:37:16,2026-09-20 07:51:18
RSV-001269,REQ-003195,HSP-005,ICU,1,CANCELLED,2026-09-20 09:00:48,2026-09-20 09:01:11,2026-09-20 09:10:48
RSV-001270,REQ-003195,HSP-003,ICU,1,CONFIRMED,2026-09-20 09:06:15,2026-09-20 09:06:49,2026-09-20 09:21:15
RSV-001271,REQ-003198,HSP-012,ICU,1,EXPIRED,2026-09-20 09:11:45,,2026-09-20 09:21:45
RSV-001272,REQ-003204,HSP-018,Oxygen Bed,1,CONFIRMED,2026-09-20 09:34:29,2026-09-20 09:35:39,2026-09-20 09:49:29
RSV-001273,REQ-003210,HSP-014,General Bed,1,CONFIRMED,2026-09-20 10:12:23,2026-09-20 10:12:59,2026-09-20 10:27:23
RSV-001274,REQ-003211,HSP-012,Oxygen Bed,1,FAILED,2026-09-20 10:27:07,,2026-09-20 10:37:07
RSV-001275,REQ-003211,HSP-020,Oxygen Bed,1,RELEASED,2026-09-20 10:31:05,2026-09-20 10:31:26,2026-09-20 10:41:05
RSV-001276,REQ-003212,HSP-023,General Bed,1,CONFIRMED,2026-09-20 10:33:02,2026-09-20 10:34:01,2026-09-20 10:48:02
RSV-001277,REQ-003218,HSP-012,General Bed,1,CONFIRMED,2026-09-20 11:14:08,2026-09-20 11:15:07,2026-09-20 11:29:08
RSV-001278,REQ-003220,HSP-007,ICU,1,CANCELLED,2026-09-20 11:32:59,2026-09-20 11:33:18,2026-09-20 11:42:59
RSV-001279,REQ-003221,HSP-013,General Bed,1,FAILED,2026-09-20 11:33:47,,2026-09-20 11:43:47
RSV-001280,REQ-003220,HSP-020,ICU,1,CONFIRMED,2026-09-20 11:35:57,2026-09-20 11:37:08,2026-09-20 11:50:57
RSV-001281,REQ-003220,HSP-020,Ventilator,1,CONFIRMED,2026-09-20 11:35:59,2026-09-20 11:37:08,2026-09-20 11:50:57
RSV-001282,REQ-003221,HSP-022,General Bed,1,CONFIRMED,2026-09-20 11:40:04,2026-09-20 11:40:29,2026-09-20 11:55:04
RSV-001283,REQ-003223,HSP-012,Oxygen Bed,1,EXPIRED,2026-09-20 11:49:06,,2026-09-20 11:59:06
RSV-001284,REQ-003224,HSP-008,ICU,1,CONFIRMED,2026-09-20 11:53:10,2026-09-20 11:53:25,2026-09-20 12:08:10
RSV-001285,REQ-003224,HSP-008,Ventilator,1,CONFIRMED,2026-09-20 11:53:12,2026-09-20 11:53:30,2026-09-20 12:08:10
RSV-001286,REQ-003226,HSP-007,General Bed,1,CONFIRMED,2026-09-20 12:03:02,2026-09-20 12:03:14,2026-09-20 12:18:02
RSV-001287,REQ-003229,HSP-004,General Bed,1,CONFIRMED,2026-09-20 12:08:38,2026-09-20 12:09:25,2026-09-20 12:23:38
RSV-001288,REQ-003230,HSP-018,Oxygen Bed,1,EXPIRED,2026-09-20 12:09:45,,2026-09-20 12:19:45
RSV-001289,REQ-003232,HSP-007,ICU,1,CONFIRMED,2026-09-20 12:55:24,2026-09-20 12:55:51,2026-09-20 13:10:24
RSV-001290,REQ-003232,HSP-007,Ventilator,1,CONFIRMED,2026-09-20 12:55:26,2026-09-20 12:55:57,2026-09-20 13:10:24
RSV-001291,REQ-003233,HSP-024,ICU,1,CONFIRMED,2026-09-20 12:55:41,2026-09-20 12:55:53,2026-09-20 13:10:41
RSV-001292,REQ-003233,HSP-024,Ventilator,1,CONFIRMED,2026-09-20 12:55:43,2026-09-20 12:55:57,2026-09-20 13:10:41
RSV-001293,REQ-003234,HSP-015,General Bed,1,CONFIRMED,2026-09-20 13:02:16,2026-09-20 13:03:15,2026-09-20 13:17:16
RSV-001294,REQ-003243,HSP-020,General Bed,1,RELEASED,2026-09-20 14:06:07,2026-09-20 14:06:27,2026-09-20 14:16:07
RSV-001295,REQ-003244,HSP-013,ICU,1,CONFIRMED,2026-09-20 14:06:51,2026-09-20 14:07:21,2026-09-20 14:21:51
RSV-001296,REQ-003243,HSP-014,General Bed,1,CONFIRMED,2026-09-20 14:09:33,2026-09-20 14:09:52,2026-09-20 14:24:33
RSV-001297,REQ-003249,HSP-002,Oxygen Bed,1,CONFIRMED,2026-09-20 14:29:29,2026-09-20 14:29:45,2026-09-20 14:44:29
RSV-001298,REQ-003248,HSP-001,General Bed,1,CONFIRMED,2026-09-20 14:29:49,2026-09-20 14:30:24,2026-09-20 14:44:49
RSV-001299,REQ-003250,HSP-006,ICU,1,CONFIRMED,2026-09-20 14:37:46,2026-09-20 14:37:57,2026-09-20 14:52:46
RSV-001300,REQ-003250,HSP-006,Ventilator,1,CONFIRMED,2026-09-20 14:37:48,2026-09-20 14:38:04,2026-09-20 14:52:46
RSV-001301,REQ-003252,HSP-002,General Bed,1,CONFIRMED,2026-09-20 14:39:52,2026-09-20 14:40:42,2026-09-20 14:54:52
RSV-001302,REQ-003255,HSP-002,General Bed,1,CONFIRMED,2026-09-20 15:08:56,2026-09-20 15:09:20,2026-09-20 15:23:56
RSV-001303,REQ-003255,HSP-002,Ventilator,1,CONFIRMED,2026-09-20 15:08:58,2026-09-20 15:09:29,2026-09-20 15:23:56
RSV-001304,REQ-003257,HSP-001,ICU,1,CONFIRMED,2026-09-20 15:15:31,2026-09-20 15:16:10,2026-09-20 15:30:31
RSV-001305,REQ-003258,HSP-001,ICU,1,FAILED,2026-09-20 15:15:40,,2026-09-20 15:25:40
RSV-001306,REQ-003258,HSP-020,ICU,1,FAILED,2026-09-20 15:23:05,,2026-09-20 15:33:05
RSV-001307,REQ-003260,HSP-002,General Bed,1,CONFIRMED,2026-09-20 15:48:27,2026-09-20 15:49:12,2026-09-20 16:03:27
RSV-001308,REQ-003261,HSP-003,General Bed,1,CONFIRMED,2026-09-20 15:56:44,2026-09-20 15:56:59,2026-09-20 16:11:44
RSV-001309,REQ-003268,HSP-002,ICU,1,CANCELLED,2026-09-20 17:33:21,2026-09-20 17:33:31,2026-09-20 17:43:21
RSV-001310,REQ-003268,HSP-005,ICU,1,CONFIRMED,2026-09-20 17:38:33,2026-09-20 17:39:31,2026-09-20 17:53:33
RSV-001311,REQ-003272,HSP-023,General Bed,1,CONFIRMED,2026-09-20 18:12:41,2026-09-20 18:13:33,2026-09-20 18:27:41
RSV-001312,REQ-003277,HSP-012,ICU,1,CONFIRMED,2026-09-20 18:36:25,2026-09-20 18:37:38,2026-09-20 18:51:25
RSV-001313,REQ-003277,HSP-012,Ventilator,1,CONFIRMED,2026-09-20 18:36:27,2026-09-20 18:37:46,2026-09-20 18:51:25
RSV-001314,REQ-003278,HSP-001,General Bed,1,CONFIRMED,2026-09-20 18:36:35,2026-09-20 18:37:16,2026-09-20 18:51:35
RSV-001315,REQ-003280,HSP-002,ICU,1,CONFIRMED,2026-09-20 18:40:17,2026-09-20 18:41:02,2026-09-20 18:55:17
RSV-001316,REQ-003288,HSP-018,Oxygen Bed,1,CONFIRMED,2026-09-20 19:12:59,2026-09-20 19:14:07,2026-09-20 19:27:59
RSV-001317,REQ-003291,HSP-015,ICU,1,CONFIRMED,2026-09-20 19:20:09,2026-09-20 19:21:06,2026-09-20 19:35:09
RSV-001318,REQ-003291,HSP-015,Ventilator,1,CONFIRMED,2026-09-20 19:20:11,2026-09-20 19:21:15,2026-09-20 19:35:09
RSV-001319,REQ-003295,HSP-015,General Bed,1,CONFIRMED,2026-09-20 19:49:20,2026-09-20 19:49:31,2026-09-20 20:04:20
RSV-001320,REQ-003296,HSP-002,General Bed,1,CONFIRMED,2026-09-20 19:51:44,2026-09-20 19:52:18,2026-09-20 20:06:44
RSV-001321,REQ-003298,HSP-013,ICU,1,RELEASED,2026-09-20 19:55:51,2026-09-20 19:56:13,2026-09-20 20:05:51
RSV-001322,REQ-003297,HSP-024,General Bed,1,CONFIRMED,2026-09-20 19:56:15,2026-09-20 19:57:02,2026-09-20 20:11:15
RSV-001323,REQ-003298,HSP-007,ICU,1,CONFIRMED,2026-09-20 20:02:05,2026-09-20 20:03:10,2026-09-20 20:17:05
RSV-001324,REQ-003298,HSP-007,Ventilator,1,CONFIRMED,2026-09-20 20:02:07,2026-09-20 20:03:19,2026-09-20 20:17:05
RSV-001325,REQ-003300,HSP-002,ICU,1,CONFIRMED,2026-09-20 20:27:26,2026-09-20 20:28:10,2026-09-20 20:42:26
RSV-001326,REQ-003304,HSP-012,Oxygen Bed,1,RELEASED,2026-09-20 20:59:16,2026-09-20 20:59:44,2026-09-20 21:09:16
RSV-001327,REQ-003305,HSP-001,General Bed,1,CONFIRMED,2026-09-20 20:59:29,2026-09-20 21:00:30,2026-09-20 21:14:29
RSV-001328,REQ-003306,HSP-015,Oxygen Bed,1,CONFIRMED,2026-09-20 21:02:40,2026-09-20 21:03:18,2026-09-20 21:17:40
RSV-001329,REQ-003304,HSP-006,Oxygen Bed,1,CONFIRMED,2026-09-20 21:05:17,2026-09-20 21:05:41,2026-09-20 21:20:17
RSV-001330,REQ-003313,HSP-009,General Bed,1,CONFIRMED,2026-09-20 21:37:04,2026-09-20 21:38:17,2026-09-20 21:52:04
RSV-001331,REQ-003317,HSP-004,General Bed,1,CONFIRMED,2026-09-20 21:51:57,2026-09-20 21:52:05,2026-09-20 22:06:57
RSV-001332,REQ-003317,HSP-004,Ventilator,1,CONFIRMED,2026-09-20 21:51:59,2026-09-20 21:52:10,2026-09-20 22:06:57
RSV-001333,REQ-003319,HSP-013,Oxygen Bed,1,CONFIRMED,2026-09-20 22:18:44,2026-09-20 22:19:22,2026-09-20 22:33:44
RSV-001334,REQ-003324,HSP-002,Oxygen Bed,1,RELEASED,2026-09-20 23:02:21,2026-09-20 23:02:33,2026-09-20 23:12:21
RSV-001335,REQ-003324,HSP-001,Oxygen Bed,1,CONFIRMED,2026-09-20 23:08:54,2026-09-20 23:09:45,2026-09-20 23:23:54
RSV-001336,REQ-003327,HSP-007,ICU,1,CANCELLED,2026-09-21 00:27:14,2026-09-21 00:27:38,2026-09-21 00:37:14
RSV-001337,REQ-003329,HSP-001,General Bed,1,EXPIRED,2026-09-21 00:36:05,,2026-09-21 00:46:05
RSV-001338,REQ-003335,HSP-002,General Bed,1,CONFIRMED,2026-09-21 04:14:08,2026-09-21 04:14:43,2026-09-21 04:29:08
RSV-001339,REQ-003337,HSP-004,Oxygen Bed,1,CONFIRMED,2026-09-21 05:44:10,2026-09-21 05:45:22,2026-09-21 05:59:10
RSV-001340,REQ-003339,HSP-011,General Bed,1,CONFIRMED,2026-09-21 06:30:45,2026-09-21 06:31:33,2026-09-21 06:45:45
RSV-001341,REQ-003340,HSP-017,General Bed,1,CONFIRMED,2026-09-21 06:48:40,2026-09-21 06:49:47,2026-09-21 07:03:40
RSV-001342,REQ-003349,HSP-004,ICU,1,CONFIRMED,2026-09-21 08:16:44,2026-09-21 08:17:18,2026-09-21 08:31:44
RSV-001343,REQ-003357,HSP-002,ICU,1,CONFIRMED,2026-09-21 08:42:37,2026-09-21 08:43:39,2026-09-21 08:57:37
RSV-001344,REQ-003356,HSP-012,ICU,1,CONFIRMED,2026-09-21 08:43:41,2026-09-21 08:44:54,2026-09-21 08:58:41
RSV-001345,REQ-003358,HSP-002,General Bed,1,CONFIRMED,2026-09-21 08:51:49,2026-09-21 08:52:38,2026-09-21 09:06:49
RSV-001346,REQ-003362,HSP-001,General Bed,1,CONFIRMED,2026-09-21 09:57:41,2026-09-21 09:58:46,2026-09-21 10:12:41
RSV-001347,REQ-003363,HSP-002,ICU,1,CONFIRMED,2026-09-21 09:58:56,2026-09-21 09:59:50,2026-09-21 10:13:56
RSV-001348,REQ-003363,HSP-002,Ventilator,1,CONFIRMED,2026-09-21 09:58:58,2026-09-21 09:59:59,2026-09-21 10:13:56
RSV-001349,REQ-003368,HSP-018,ICU,1,CONFIRMED,2026-09-21 10:48:04,2026-09-21 10:48:56,2026-09-21 11:03:04
RSV-001350,REQ-003374,HSP-024,General Bed,1,CONFIRMED,2026-09-21 11:06:42,2026-09-21 11:07:33,2026-09-21 11:21:42
RSV-001351,REQ-003382,HSP-003,General Bed,1,CONFIRMED,2026-09-21 11:33:58,2026-09-21 11:34:32,2026-09-21 11:48:58
RSV-001352,REQ-003383,HSP-003,ICU,1,CONFIRMED,2026-09-21 11:36:19,2026-09-21 11:36:48,2026-09-21 11:51:19
RSV-001353,REQ-003384,HSP-008,General Bed,1,CONFIRMED,2026-09-21 11:57:03,2026-09-21 11:57:59,2026-09-21 12:12:03
RSV-001354,REQ-003386,HSP-011,General Bed,1,CONFIRMED,2026-09-21 11:58:32,2026-09-21 11:59:14,2026-09-21 12:13:32
RSV-001355,REQ-003390,HSP-007,ICU,1,CONFIRMED,2026-09-21 12:12:21,2026-09-21 12:12:53,2026-09-21 12:27:21
RSV-001356,REQ-003390,HSP-007,Ventilator,1,CONFIRMED,2026-09-21 12:12:23,2026-09-21 12:12:58,2026-09-21 12:27:21
RSV-001357,REQ-003391,HSP-007,ICU,1,FAILED,2026-09-21 12:12:41,,2026-09-21 12:22:41
RSV-001358,REQ-003391,HSP-020,ICU,1,RELEASED,2026-09-21 12:14:02,2026-09-21 12:14:32,2026-09-21 12:24:02
RSV-001359,REQ-003393,HSP-002,ICU,1,CONFIRMED,2026-09-21 12:30:21,2026-09-21 12:31:12,2026-09-21 12:45:21
RSV-001360,REQ-003393,HSP-002,Ventilator,1,CONFIRMED,2026-09-21 12:30:23,2026-09-21 12:31:12,2026-09-21 12:45:21
RSV-001361,REQ-003395,HSP-018,ICU,1,EXPIRED,2026-09-21 12:38:02,,2026-09-21 12:48:02
RSV-001362,REQ-003403,HSP-001,ICU,1,CONFIRMED,2026-09-21 13:59:26,2026-09-21 14:00:14,2026-09-21 14:14:26
RSV-001363,REQ-003404,HSP-018,General Bed,1,CONFIRMED,2026-09-21 14:20:11,2026-09-21 14:21:05,2026-09-21 14:35:11
RSV-001364,REQ-003410,HSP-001,Oxygen Bed,1,CONFIRMED,2026-09-21 14:46:37,2026-09-21 14:47:51,2026-09-21 15:01:37
RSV-001365,REQ-003420,HSP-004,ICU,1,CONFIRMED,2026-09-21 16:06:37,2026-09-21 16:07:09,2026-09-21 16:21:37
RSV-001366,REQ-003420,HSP-004,Ventilator,1,CONFIRMED,2026-09-21 16:06:39,2026-09-21 16:07:11,2026-09-21 16:21:37
RSV-001367,REQ-003426,HSP-004,ICU,1,CONFIRMED,2026-09-21 17:08:19,2026-09-21 17:08:49,2026-09-21 17:23:19
RSV-001368,REQ-003429,HSP-009,ICU,1,EXPIRED,2026-09-21 18:03:46,,2026-09-21 18:13:46
RSV-001369,REQ-003430,HSP-013,ICU,1,CONFIRMED,2026-09-21 18:09:22,2026-09-21 18:09:33,2026-09-21 18:24:22
RSV-001370,REQ-003431,HSP-001,General Bed,1,CONFIRMED,2026-09-21 18:14:00,2026-09-21 18:14:09,2026-09-21 18:29:00
RSV-001371,REQ-003433,HSP-008,General Bed,1,EXPIRED,2026-09-21 18:33:43,,2026-09-21 18:43:43
RSV-001372,REQ-003436,HSP-003,General Bed,1,CONFIRMED,2026-09-21 19:05:15,2026-09-21 19:06:21,2026-09-21 19:20:15
RSV-001373,REQ-003439,HSP-002,ICU,1,CONFIRMED,2026-09-21 19:17:13,2026-09-21 19:17:35,2026-09-21 19:32:13
RSV-001374,REQ-003440,HSP-013,ICU,1,CONFIRMED,2026-09-21 19:18:22,2026-09-21 19:18:45,2026-09-21 19:33:22
RSV-001375,REQ-003446,HSP-006,General Bed,1,CONFIRMED,2026-09-21 19:39:47,2026-09-21 19:40:43,2026-09-21 19:54:47
RSV-001376,REQ-003451,HSP-013,ICU,1,RELEASED,2026-09-21 20:07:53,2026-09-21 20:08:11,2026-09-21 20:17:53
RSV-001377,REQ-003451,HSP-020,ICU,1,CONFIRMED,2026-09-21 20:14:35,2026-09-21 20:15:44,2026-09-21 20:29:35
RSV-001378,REQ-003461,HSP-012,ICU,1,CONFIRMED,2026-09-21 22:00:40,2026-09-21 22:01:54,2026-09-21 22:15:40
RSV-001379,REQ-003461,HSP-012,Ventilator,1,CONFIRMED,2026-09-21 22:00:42,2026-09-21 22:01:54,2026-09-21 22:15:40
RSV-001380,REQ-003464,HSP-004,General Bed,1,CANCELLED,2026-09-21 22:28:42,2026-09-21 22:29:10,2026-09-21 22:38:42
RSV-001381,REQ-003464,HSP-018,General Bed,1,CONFIRMED,2026-09-21 22:32:36,2026-09-21 22:32:47,2026-09-21 22:47:36
RSV-001382,REQ-003469,HSP-013,Oxygen Bed,1,FAILED,2026-09-21 23:06:19,,2026-09-21 23:16:19
RSV-001383,REQ-003469,HSP-004,Oxygen Bed,1,CONFIRMED,2026-09-21 23:12:05,2026-09-21 23:12:17,2026-09-21 23:27:05
RSV-001384,REQ-003472,HSP-008,General Bed,1,EXPIRED,2026-09-21 23:47:04,,2026-09-21 23:57:04
RSV-001385,REQ-003473,HSP-004,General Bed,1,CONFIRMED,2026-09-22 00:03:54,2026-09-22 00:04:37,2026-09-22 00:18:54
RSV-001386,REQ-003474,HSP-007,ICU,1,CANCELLED,2026-09-22 00:58:50,2026-09-22 00:59:18,2026-09-22 01:08:50
RSV-001387,REQ-003474,HSP-020,ICU,1,CONFIRMED,2026-09-22 00:59:56,2026-09-22 01:00:43,2026-09-22 01:14:56
RSV-001388,REQ-003477,HSP-024,ICU,1,CONFIRMED,2026-09-22 02:01:56,2026-09-22 02:02:12,2026-09-22 02:16:56
RSV-001389,REQ-003477,HSP-024,Ventilator,1,CONFIRMED,2026-09-22 02:01:58,2026-09-22 02:02:16,2026-09-22 02:16:56
RSV-001390,REQ-003479,HSP-013,ICU,1,CONFIRMED,2026-09-22 02:33:01,2026-09-22 02:33:29,2026-09-22 02:48:01
RSV-001391,REQ-003479,HSP-013,Ventilator,1,CONFIRMED,2026-09-22 02:33:03,2026-09-22 02:33:37,2026-09-22 02:48:01
RSV-001392,REQ-003482,HSP-004,ICU,1,CONFIRMED,2026-09-22 02:52:33,2026-09-22 02:52:59,2026-09-22 03:07:33
RSV-001393,REQ-003483,HSP-018,ICU,1,CONFIRMED,2026-09-22 04:16:05,2026-09-22 04:16:28,2026-09-22 04:31:05
RSV-001394,REQ-003485,HSP-002,ICU,1,CONFIRMED,2026-09-22 05:40:11,2026-09-22 05:40:33,2026-09-22 05:55:11
RSV-001395,REQ-003485,HSP-002,Ventilator,1,CONFIRMED,2026-09-22 05:40:13,2026-09-22 05:40:34,2026-09-22 05:55:11
RSV-001396,REQ-003486,HSP-019,General Bed,1,CANCELLED,2026-09-22 06:08:49,2026-09-22 06:09:20,2026-09-22 06:18:49
RSV-001397,REQ-003487,HSP-002,ICU,1,CONFIRMED,2026-09-22 06:28:51,2026-09-22 06:28:59,2026-09-22 06:43:51
RSV-001398,REQ-003487,HSP-002,Ventilator,1,CONFIRMED,2026-09-22 06:28:53,2026-09-22 06:29:01,2026-09-22 06:43:51
RSV-001399,REQ-003488,HSP-013,General Bed,1,CONFIRMED,2026-09-22 06:46:00,2026-09-22 06:47:06,2026-09-22 07:01:00
RSV-001400,REQ-003491,HSP-002,ICU,1,CONFIRMED,2026-09-22 07:09:15,2026-09-22 07:09:31,2026-09-22 07:24:15
RSV-001401,REQ-003491,HSP-002,Ventilator,1,CONFIRMED,2026-09-22 07:09:17,2026-09-22 07:09:34,2026-09-22 07:24:15
RSV-001402,REQ-003492,HSP-002,General Bed,1,CONFIRMED,2026-09-22 07:11:27,2026-09-22 07:12:02,2026-09-22 07:26:27
RSV-001403,REQ-003492,HSP-002,Ventilator,1,CONFIRMED,2026-09-22 07:11:29,2026-09-22 07:12:11,2026-09-22 07:26:27
RSV-001404,REQ-003493,HSP-018,Oxygen Bed,1,CONFIRMED,2026-09-22 07:18:50,2026-09-22 07:19:58,2026-09-22 07:33:50
RSV-001405,REQ-003496,HSP-013,ICU,1,CONFIRMED,2026-09-22 07:21:37,2026-09-22 07:22:06,2026-09-22 07:36:37
RSV-001406,REQ-003496,HSP-013,Ventilator,1,CONFIRMED,2026-09-22 07:21:39,2026-09-22 07:22:14,2026-09-22 07:36:37
RSV-001407,REQ-003499,HSP-004,Oxygen Bed,1,CONFIRMED,2026-09-22 07:42:30,2026-09-22 07:43:10,2026-09-22 07:57:30
RSV-001408,REQ-003498,HSP-007,General Bed,1,EXPIRED,2026-09-22 07:43:15,,2026-09-22 07:53:15
RSV-001409,REQ-003507,HSP-013,ICU,1,EXPIRED,2026-09-22 09:22:15,,2026-09-22 09:32:15
RSV-001410,REQ-003509,HSP-013,ICU,1,CONFIRMED,2026-09-22 09:24:40,2026-09-22 09:24:57,2026-09-22 09:39:40
RSV-001411,REQ-003510,HSP-001,Oxygen Bed,1,CONFIRMED,2026-09-22 09:28:35,2026-09-22 09:29:10,2026-09-22 09:43:35
RSV-001412,REQ-003511,HSP-002,General Bed,1,CONFIRMED,2026-09-22 09:36:37,2026-09-22 09:37:27,2026-09-22 09:51:37
RSV-001413,REQ-003521,HSP-012,ICU,1,CONFIRMED,2026-09-22 10:51:12,2026-09-22 10:51:50,2026-09-22 11:06:12
RSV-001414,REQ-003521,HSP-012,Ventilator,1,CONFIRMED,2026-09-22 10:51:14,2026-09-22 10:51:57,2026-09-22 11:06:12
RSV-001415,REQ-003524,HSP-013,ICU,1,CONFIRMED,2026-09-22 11:02:15,2026-09-22 11:03:08,2026-09-22 11:17:15
RSV-001416,REQ-003526,HSP-008,Oxygen Bed,1,CONFIRMED,2026-09-22 11:26:20,2026-09-22 11:26:33,2026-09-22 11:41:20
RSV-001417,REQ-003528,HSP-004,Oxygen Bed,1,CONFIRMED,2026-09-22 11:38:43,2026-09-22 11:39:28,2026-09-22 11:53:43
RSV-001418,REQ-003529,HSP-020,ICU,1,CONFIRMED,2026-09-22 11:44:42,2026-09-22 11:45:24,2026-09-22 11:59:42
RSV-001419,REQ-003534,HSP-013,General Bed,1,CONFIRMED,2026-09-22 12:25:19,2026-09-22 12:25:46,2026-09-22 12:40:19
RSV-001420,REQ-003535,HSP-001,Oxygen Bed,1,CONFIRMED,2026-09-22 12:42:10,2026-09-22 12:42:40,2026-09-22 12:57:10
RSV-001421,REQ-003540,HSP-012,Oxygen Bed,1,EXPIRED,2026-09-22 12:59:56,,2026-09-22 13:09:56
RSV-001422,REQ-003546,HSP-007,ICU,1,CONFIRMED,2026-09-22 14:05:26,2026-09-22 14:05:46,2026-09-22 14:20:26
RSV-001423,REQ-003546,HSP-007,Ventilator,1,CONFIRMED,2026-09-22 14:05:28,2026-09-22 14:05:50,2026-09-22 14:20:26
RSV-001424,REQ-003549,HSP-007,ICU,1,CONFIRMED,2026-09-22 14:30:26,2026-09-22 14:31:26,2026-09-22 14:45:26
RSV-001425,REQ-003554,HSP-007,ICU,1,CONFIRMED,2026-09-22 15:00:58,2026-09-22 15:02:07,2026-09-22 15:15:58
RSV-001426,REQ-003554,HSP-007,Ventilator,1,CONFIRMED,2026-09-22 15:01:00,2026-09-22 15:02:08,2026-09-22 15:15:58
RSV-001427,REQ-003557,HSP-002,ICU,2,CONFIRMED,2026-09-22 15:43:48,2026-09-22 15:44:23,2026-09-22 15:58:48
RSV-001428,REQ-003557,HSP-002,Ventilator,1,CONFIRMED,2026-09-22 15:43:50,2026-09-22 15:44:30,2026-09-22 15:58:48
RSV-001429,REQ-003567,HSP-008,ICU,1,CONFIRMED,2026-09-22 17:38:43,2026-09-22 17:39:41,2026-09-22 17:53:43
RSV-001430,REQ-003580,HSP-002,General Bed,1,CONFIRMED,2026-09-22 18:55:09,2026-09-22 18:55:37,2026-09-22 19:10:09
RSV-001431,REQ-003581,HSP-008,ICU,1,CONFIRMED,2026-09-22 18:57:07,2026-09-22 18:58:04,2026-09-22 19:12:07
RSV-001432,REQ-003583,HSP-017,General Bed,1,FAILED,2026-09-22 18:58:26,,2026-09-22 19:08:26
RSV-001433,REQ-003584,HSP-007,Ventilator,1,FAILED,2026-09-22 19:04:19,,2026-09-22 19:14:19
RSV-001434,REQ-003583,HSP-002,General Bed,1,CONFIRMED,2026-09-22 19:05:18,2026-09-22 19:05:43,2026-09-22 19:20:18
RSV-001435,REQ-003590,HSP-013,ICU,1,CONFIRMED,2026-09-22 19:50:18,2026-09-22 19:50:33,2026-09-22 20:05:18
RSV-001436,REQ-003590,HSP-013,Ventilator,1,CONFIRMED,2026-09-22 19:50:20,2026-09-22 19:50:36,2026-09-22 20:05:18
RSV-001437,REQ-003591,HSP-013,ICU,1,FAILED,2026-09-22 19:50:45,,2026-09-22 20:00:45
RSV-001438,REQ-003591,HSP-020,ICU,1,CONFIRMED,2026-09-22 19:53:44,2026-09-22 19:54:38,2026-09-22 20:08:44
RSV-001439,REQ-003591,HSP-020,Ventilator,1,CONFIRMED,2026-09-22 19:53:46,2026-09-22 19:54:43,2026-09-22 20:08:44
RSV-001440,REQ-003593,HSP-015,ICU,1,CONFIRMED,2026-09-22 20:20:47,2026-09-22 20:21:31,2026-09-22 20:35:47
RSV-001441,REQ-003594,HSP-015,ICU,1,FAILED,2026-09-22 20:21:07,,2026-09-22 20:31:07
RSV-001442,REQ-003595,HSP-002,General Bed,1,CONFIRMED,2026-09-22 20:23:24,2026-09-22 20:24:29,2026-09-22 20:38:24
RSV-001443,REQ-003597,HSP-018,Oxygen Bed,1,CONFIRMED,2026-09-22 20:39:00,2026-09-22 20:39:12,2026-09-22 20:54:00
RSV-001444,REQ-003597,HSP-018,Ventilator,1,CONFIRMED,2026-09-22 20:39:02,2026-09-22 20:39:14,2026-09-22 20:54:00
RSV-001445,REQ-003603,HSP-019,ICU,1,EXPIRED,2026-09-22 21:28:56,,2026-09-22 21:38:56
RSV-001446,REQ-003604,HSP-018,ICU,1,CONFIRMED,2026-09-22 21:29:23,2026-09-22 21:29:47,2026-09-22 21:44:23
RSV-001447,REQ-003604,HSP-018,Ventilator,1,CONFIRMED,2026-09-22 21:29:25,2026-09-22 21:29:56,2026-09-22 21:44:23
RSV-001448,REQ-003605,HSP-001,General Bed,1,CONFIRMED,2026-09-22 21:31:08,2026-09-22 21:31:29,2026-09-22 21:46:08
RSV-001449,REQ-003608,HSP-001,ICU,1,CONFIRMED,2026-09-22 21:50:54,2026-09-22 21:51:07,2026-09-22 22:05:54
RSV-001450,REQ-003610,HSP-001,General Bed,2,CONFIRMED,2026-09-22 22:00:53,2026-09-22 22:01:30,2026-09-22 22:15:53
RSV-001451,REQ-003613,HSP-018,Oxygen Bed,1,CONFIRMED,2026-09-22 22:20:40,2026-09-22 22:21:26,2026-09-22 22:35:40
RSV-001452,REQ-003618,HSP-002,General Bed,1,CONFIRMED,2026-09-22 23:27:34,2026-09-22 23:28:09,2026-09-22 23:42:34
RSV-001453,REQ-003620,HSP-012,ICU,1,CONFIRMED,2026-09-22 23:46:37,2026-09-22 23:47:26,2026-09-23 00:01:37
RSV-001454,REQ-003620,HSP-012,Ventilator,1,CONFIRMED,2026-09-22 23:46:39,2026-09-22 23:47:30,2026-09-23 00:01:37
RSV-001455,REQ-003622,HSP-013,ICU,1,CONFIRMED,2026-09-22 23:52:57,2026-09-22 23:53:17,2026-09-23 00:07:57
RSV-001456,REQ-003622,HSP-013,Ventilator,1,CONFIRMED,2026-09-22 23:52:59,2026-09-22 23:53:19,2026-09-23 00:07:57
RSV-001457,REQ-003624,HSP-002,ICU,1,CONFIRMED,2026-09-23 00:00:08,2026-09-23 00:00:36,2026-09-23 00:15:08
RSV-001458,REQ-003626,HSP-007,General Bed,1,CONFIRMED,2026-09-23 00:48:14,2026-09-23 00:49:17,2026-09-23 01:03:14
RSV-001459,REQ-003630,HSP-018,Oxygen Bed,1,CANCELLED,2026-09-23 01:05:40,2026-09-23 01:06:03,2026-09-23 01:15:40
RSV-001460,REQ-003638,HSP-013,ICU,1,CONFIRMED,2026-09-23 05:29:57,2026-09-23 05:30:23,2026-09-23 05:44:57
RSV-001461,REQ-003640,HSP-002,Oxygen Bed,1,CONFIRMED,2026-09-23 06:08:05,2026-09-23 06:09:16,2026-09-23 06:23:05
RSV-001462,REQ-003640,HSP-002,Ventilator,1,CONFIRMED,2026-09-23 06:08:07,2026-09-23 06:09:20,2026-09-23 06:23:05
RSV-001463,REQ-003643,HSP-008,ICU,1,CONFIRMED,2026-09-23 07:03:27,2026-09-23 07:03:56,2026-09-23 07:18:27
RSV-001464,REQ-003644,HSP-002,Oxygen Bed,1,CONFIRMED,2026-09-23 07:09:07,2026-09-23 07:09:44,2026-09-23 07:24:07
RSV-001465,REQ-003653,HSP-002,ICU,1,CONFIRMED,2026-09-23 09:19:08,2026-09-23 09:19:35,2026-09-23 09:34:08
RSV-001466,REQ-003653,HSP-002,Ventilator,1,CONFIRMED,2026-09-23 09:19:10,2026-09-23 09:19:39,2026-09-23 09:34:08
RSV-001467,REQ-003657,HSP-012,General Bed,1,CONFIRMED,2026-09-23 09:34:44,2026-09-23 09:35:56,2026-09-23 09:49:44
RSV-001468,REQ-003661,HSP-019,General Bed,1,CANCELLED,2026-09-23 09:46:10,2026-09-23 09:46:47,2026-09-23 09:56:10
RSV-001469,REQ-003661,HSP-010,General Bed,1,CONFIRMED,2026-09-23 09:52:09,2026-09-23 09:52:26,2026-09-23 10:07:09
RSV-001470,REQ-003664,HSP-013,ICU,1,CONFIRMED,2026-09-23 10:02:36,2026-09-23 10:03:48,2026-09-23 10:17:36
RSV-001471,REQ-003664,HSP-013,Ventilator,1,CONFIRMED,2026-09-23 10:02:38,2026-09-23 10:03:48,2026-09-23 10:17:36
RSV-001472,REQ-003670,HSP-012,ICU,1,CONFIRMED,2026-09-23 10:43:33,2026-09-23 10:44:05,2026-09-23 10:58:33
RSV-001473,REQ-003671,HSP-012,General Bed,1,CONFIRMED,2026-09-23 10:45:06,2026-09-23 10:46:04,2026-09-23 11:00:06
RSV-001474,REQ-003677,HSP-018,General Bed,1,CONFIRMED,2026-09-23 11:02:25,2026-09-23 11:03:22,2026-09-23 11:17:25
RSV-001475,REQ-003678,HSP-011,General Bed,1,CONFIRMED,2026-09-23 11:04:05,2026-09-23 11:04:24,2026-09-23 11:19:05
RSV-001476,REQ-003681,HSP-009,General Bed,1,CONFIRMED,2026-09-23 11:18:56,2026-09-23 11:20:09,2026-09-23 11:33:56
RSV-001477,REQ-003686,HSP-024,ICU,1,CONFIRMED,2026-09-23 12:09:26,2026-09-23 12:09:43,2026-09-23 12:24:26
RSV-001478,REQ-003686,HSP-024,Ventilator,1,CONFIRMED,2026-09-23 12:09:28,2026-09-23 12:09:49,2026-09-23 12:24:26
RSV-001479,REQ-003688,HSP-001,ICU,1,CONFIRMED,2026-09-23 12:40:26,2026-09-23 12:41:19,2026-09-23 12:55:26
RSV-001480,REQ-003693,HSP-012,ICU,1,CONFIRMED,2026-09-23 13:10:21,2026-09-23 13:11:12,2026-09-23 13:25:21
RSV-001481,REQ-003704,HSP-014,General Bed,1,FAILED,2026-09-23 14:40:56,,2026-09-23 14:50:56
RSV-001482,REQ-003704,HSP-020,General Bed,1,CONFIRMED,2026-09-23 14:44:57,2026-09-23 14:45:37,2026-09-23 14:59:57
RSV-001483,REQ-003706,HSP-004,Oxygen Bed,1,CONFIRMED,2026-09-23 14:54:11,2026-09-23 14:54:51,2026-09-23 15:09:11
RSV-001484,REQ-003708,HSP-007,ICU,1,RELEASED,2026-09-23 15:09:09,2026-09-23 15:09:37,2026-09-23 15:19:09
RSV-001485,REQ-003708,HSP-020,ICU,1,CONFIRMED,2026-09-23 15:15:21,2026-09-23 15:16:32,2026-09-23 15:30:21
RSV-001486,REQ-003709,HSP-012,ICU,1,CONFIRMED,2026-09-23 15:15:26,2026-09-23 15:16:31,2026-09-23 15:30:26
RSV-001487,REQ-003709,HSP-012,Ventilator,1,CONFIRMED,2026-09-23 15:15:28,2026-09-23 15:16:37,2026-09-23 15:30:26
RSV-001488,REQ-003714,HSP-004,ICU,1,CONFIRMED,2026-09-23 15:55:16,2026-09-23 15:55:44,2026-09-23 16:10:16
RSV-001489,REQ-003721,HSP-004,ICU,1,CONFIRMED,2026-09-23 16:21:30,2026-09-23 16:21:40,2026-09-23 16:36:30
RSV-001490,REQ-003722,HSP-004,ICU,1,FAILED,2026-09-23 16:21:33,,2026-09-23 16:31:33
RSV-001491,REQ-003722,HSP-003,ICU,1,CONFIRMED,2026-09-23 16:23:04,2026-09-23 16:23:47,2026-09-23 16:38:04
RSV-001492,REQ-003734,HSP-004,ICU,1,CONFIRMED,2026-09-23 17:43:12,2026-09-23 17:44:05,2026-09-23 17:58:12
RSV-001493,REQ-003737,HSP-002,ICU,1,CONFIRMED,2026-09-23 18:37:11,2026-09-23 18:37:45,2026-09-23 18:52:11
RSV-001494,REQ-003737,HSP-002,Ventilator,1,CONFIRMED,2026-09-23 18:37:13,2026-09-23 18:37:50,2026-09-23 18:52:11
RSV-001495,REQ-003746,HSP-012,General Bed,1,CONFIRMED,2026-09-23 19:29:57,2026-09-23 19:30:25,2026-09-23 19:44:57
RSV-001496,REQ-003747,HSP-004,General Bed,1,CONFIRMED,2026-09-23 19:36:32,2026-09-23 19:36:46,2026-09-23 19:51:32
RSV-001497,REQ-003749,HSP-001,General Bed,1,CONFIRMED,2026-09-23 19:41:00,2026-09-23 19:41:55,2026-09-23 19:56:00
RSV-001498,REQ-003754,HSP-012,ICU,1,CONFIRMED,2026-09-23 20:05:01,2026-09-23 20:05:40,2026-09-23 20:20:01
RSV-001499,REQ-003755,HSP-001,ICU,1,CONFIRMED,2026-09-23 20:05:41,2026-09-23 20:06:46,2026-09-23 20:20:41
RSV-001500,REQ-003755,HSP-001,Ventilator,1,CONFIRMED,2026-09-23 20:05:43,2026-09-23 20:06:51,2026-09-23 20:20:41
RSV-001501,REQ-003757,HSP-001,General Bed,1,CONFIRMED,2026-09-23 20:24:10,2026-09-23 20:24:56,2026-09-23 20:39:10
RSV-001502,REQ-003758,HSP-012,General Bed,1,CONFIRMED,2026-09-23 21:03:49,2026-09-23 21:04:47,2026-09-23 21:18:49
RSV-001503,REQ-003759,HSP-012,ICU,1,CONFIRMED,2026-09-23 21:14:09,2026-09-23 21:15:03,2026-09-23 21:29:09
RSV-001504,REQ-003759,HSP-012,Ventilator,1,CONFIRMED,2026-09-23 21:14:11,2026-09-23 21:15:11,2026-09-23 21:29:09
RSV-001505,REQ-003763,HSP-007,General Bed,1,CONFIRMED,2026-09-23 21:37:36,2026-09-23 21:38:47,2026-09-23 21:52:36
RSV-001506,REQ-003765,HSP-001,ICU,1,CONFIRMED,2026-09-23 21:52:30,2026-09-23 21:53:04,2026-09-23 22:07:30
RSV-001507,REQ-003766,HSP-008,ICU,1,CONFIRMED,2026-09-23 21:57:28,2026-09-23 21:58:33,2026-09-23 22:12:28
RSV-001508,REQ-003772,HSP-001,General Bed,1,FAILED,2026-09-23 22:24:20,,2026-09-23 22:34:20
RSV-001509,REQ-003772,HSP-004,General Bed,1,CANCELLED,2026-09-23 22:25:44,2026-09-23 22:26:07,2026-09-23 22:35:44
RSV-001510,REQ-003773,HSP-007,ICU,1,CONFIRMED,2026-09-23 22:27:50,2026-09-23 22:28:10,2026-09-23 22:42:50
RSV-001511,REQ-003772,HSP-015,General Bed,1,CANCELLED,2026-09-23 22:31:14,2026-09-23 22:31:27,2026-09-23 22:41:14
RSV-001512,REQ-003772,HSP-017,General Bed,1,CONFIRMED,2026-09-23 22:36:29,2026-09-23 22:37:18,2026-09-23 22:51:29
RSV-001513,REQ-003775,HSP-007,Ventilator,1,FAILED,2026-09-23 22:42:51,,2026-09-23 22:52:51
RSV-001514,REQ-003775,HSP-013,ICU,1,CONFIRMED,2026-09-23 22:47:55,2026-09-23 22:48:59,2026-09-23 23:02:55
RSV-001515,REQ-003775,HSP-013,Ventilator,1,CONFIRMED,2026-09-23 22:47:57,2026-09-23 22:49:07,2026-09-23 23:02:55
RSV-001516,REQ-003776,HSP-002,ICU,1,CONFIRMED,2026-09-23 22:51:07,2026-09-23 22:52:04,2026-09-23 23:06:07
RSV-001517,REQ-003778,HSP-011,General Bed,1,CONFIRMED,2026-09-23 23:17:32,2026-09-23 23:18:18,2026-09-23 23:32:32
RSV-001518,REQ-003789,HSP-002,General Bed,1,EXPIRED,2026-09-24 00:46:55,,2026-09-24 00:56:55
RSV-001519,REQ-003792,HSP-002,ICU,1,CONFIRMED,2026-09-24 02:16:00,2026-09-24 02:16:53,2026-09-24 02:31:00
RSV-001520,REQ-003792,HSP-002,Ventilator,1,CONFIRMED,2026-09-24 02:16:02,2026-09-24 02:16:53,2026-09-24 02:31:00
RSV-001521,REQ-003793,HSP-002,ICU,1,FAILED,2026-09-24 02:16:19,,2026-09-24 02:26:19
RSV-001522,REQ-003793,HSP-001,ICU,1,CONFIRMED,2026-09-24 02:18:13,2026-09-24 02:18:47,2026-09-24 02:33:13
RSV-001523,REQ-003793,HSP-001,Ventilator,1,CONFIRMED,2026-09-24 02:18:15,2026-09-24 02:18:51,2026-09-24 02:33:13
RSV-001524,REQ-003795,HSP-003,General Bed,1,CONFIRMED,2026-09-24 04:47:03,2026-09-24 04:47:35,2026-09-24 05:02:03
RSV-001525,REQ-003798,HSP-002,General Bed,1,EXPIRED,2026-09-24 06:10:14,,2026-09-24 06:20:14
RSV-001526,REQ-003799,HSP-018,ICU,1,CONFIRMED,2026-09-24 06:13:40,2026-09-24 06:13:49,2026-09-24 06:28:40
RSV-001527,REQ-003803,HSP-012,ICU,1,CONFIRMED,2026-09-24 07:28:33,2026-09-24 07:29:10,2026-09-24 07:43:33
RSV-001528,REQ-003813,HSP-005,ICU,1,CONFIRMED,2026-09-24 09:00:31,2026-09-24 09:01:14,2026-09-24 09:15:31
RSV-001529,REQ-003812,HSP-024,ICU,1,CONFIRMED,2026-09-24 09:01:15,2026-09-24 09:02:17,2026-09-24 09:16:15
RSV-001530,REQ-003812,HSP-024,Ventilator,1,CONFIRMED,2026-09-24 09:01:17,2026-09-24 09:02:26,2026-09-24 09:16:15
RSV-001531,REQ-003816,HSP-017,ICU,1,CONFIRMED,2026-09-24 09:33:53,2026-09-24 09:34:09,2026-09-24 09:48:53
RSV-001532,REQ-003825,HSP-023,General Bed,1,CONFIRMED,2026-09-24 11:21:29,2026-09-24 11:22:17,2026-09-24 11:36:29
RSV-001533,REQ-003827,HSP-012,ICU,1,CONFIRMED,2026-09-24 11:33:12,2026-09-24 11:33:27,2026-09-24 11:48:12
RSV-001534,REQ-003827,HSP-012,Ventilator,1,CONFIRMED,2026-09-24 11:33:14,2026-09-24 11:33:28,2026-09-24 11:48:12
RSV-001535,REQ-003828,HSP-009,ICU,1,CONFIRMED,2026-09-24 11:37:19,2026-09-24 11:38:05,2026-09-24 11:52:19
RSV-001536,REQ-003836,HSP-020,ICU,1,CANCELLED,2026-09-24 13:02:36,2026-09-24 13:02:56,2026-09-24 13:12:36
RSV-001537,REQ-003836,HSP-007,ICU,1,CONFIRMED,2026-09-24 13:07:25,2026-09-24 13:07:56,2026-09-24 13:22:25
RSV-001538,REQ-003836,HSP-007,Ventilator,1,CONFIRMED,2026-09-24 13:07:27,2026-09-24 13:07:59,2026-09-24 13:22:25
RSV-001539,REQ-003846,HSP-012,ICU,1,CONFIRMED,2026-09-24 13:44:23,2026-09-24 13:44:41,2026-09-24 13:59:23
RSV-001540,REQ-003847,HSP-012,ICU,1,FAILED,2026-09-24 13:44:44,,2026-09-24 13:54:44
RSV-001541,REQ-003847,HSP-006,ICU,1,FAILED,2026-09-24 13:47:44,,2026-09-24 13:57:44
RSV-001542,REQ-003847,HSP-020,ICU,1,CONFIRMED,2026-09-24 13:50:22,2026-09-24 13:50:58,2026-09-24 14:05:22
RSV-001543,REQ-003850,HSP-001,General Bed,1,CONFIRMED,2026-09-24 13:59:10,2026-09-24 13:59:45,2026-09-24 14:14:10
RSV-001544,REQ-003851,HSP-013,General Bed,1,CONFIRMED,2026-09-24 14:00:48,2026-09-24 14:01:01,2026-09-24 14:15:48
RSV-001545,REQ-003853,HSP-001,ICU,1,CONFIRMED,2026-09-24 14:23:42,2026-09-24 14:23:56,2026-09-24 14:38:42
RSV-001546,REQ-003853,HSP-001,Ventilator,1,CONFIRMED,2026-09-24 14:23:44,2026-09-24 14:24:04,2026-09-24 14:38:42
RSV-001547,REQ-003864,HSP-007,ICU,1,CONFIRMED,2026-09-24 15:50:12,2026-09-24 15:50:26,2026-09-24 16:05:12
RSV-001548,REQ-003865,HSP-007,ICU,1,FAILED,2026-09-24 15:50:14,,2026-09-24 16:00:14
RSV-001549,REQ-003865,HSP-020,ICU,1,CONFIRMED,2026-09-24 15:56:20,2026-09-24 15:57:04,2026-09-24 16:11:20
RSV-001550,REQ-003868,HSP-013,ICU,1,CONFIRMED,2026-09-24 16:29:33,2026-09-24 16:30:47,2026-09-24 16:44:33
RSV-001551,REQ-003870,HSP-002,ICU,1,CONFIRMED,2026-09-24 16:44:13,2026-09-24 16:45:27,2026-09-24 16:59:13
RSV-001552,REQ-003870,HSP-002,Ventilator,1,CONFIRMED,2026-09-24 16:44:15,2026-09-24 16:45:29,2026-09-24 16:59:13
RSV-001553,REQ-003877,HSP-020,ICU,1,CONFIRMED,2026-09-24 17:12:41,2026-09-24 17:13:29,2026-09-24 17:27:41
RSV-001554,REQ-003882,HSP-020,ICU,1,CONFIRMED,2026-09-24 17:38:32,2026-09-24 17:38:53,2026-09-24 17:53:32
RSV-001555,REQ-003882,HSP-020,Ventilator,1,CONFIRMED,2026-09-24 17:38:34,2026-09-24 17:38:56,2026-09-24 17:53:32
RSV-001556,REQ-003884,HSP-001,General Bed,1,CONFIRMED,2026-09-24 17:52:47,2026-09-24 17:53:33,2026-09-24 18:07:47
RSV-001557,REQ-003885,HSP-022,ICU,1,CONFIRMED,2026-09-24 17:57:13,2026-09-24 17:58:12,2026-09-24 18:12:13
RSV-001558,REQ-003886,HSP-024,ICU,1,CONFIRMED,2026-09-24 18:09:55,2026-09-24 18:10:25,2026-09-24 18:24:55
RSV-001559,REQ-003886,HSP-024,Ventilator,1,CONFIRMED,2026-09-24 18:09:57,2026-09-24 18:10:32,2026-09-24 18:24:55
RSV-001560,REQ-003888,HSP-002,ICU,1,CONFIRMED,2026-09-24 18:14:04,2026-09-24 18:14:19,2026-09-24 18:29:04
RSV-001561,REQ-003887,HSP-002,Oxygen Bed,1,CONFIRMED,2026-09-24 18:15:45,2026-09-24 18:15:58,2026-09-24 18:30:45
RSV-001562,REQ-003893,HSP-013,ICU,1,CONFIRMED,2026-09-24 18:24:59,2026-09-24 18:26:02,2026-09-24 18:39:59
RSV-001563,REQ-003893,HSP-013,Ventilator,1,CONFIRMED,2026-09-24 18:25:01,2026-09-24 18:26:07,2026-09-24 18:39:59
RSV-001564,REQ-003892,HSP-018,Oxygen Bed,1,FAILED,2026-09-24 18:27:09,,2026-09-24 18:37:09
RSV-001565,REQ-003892,HSP-004,Oxygen Bed,1,FAILED,2026-09-24 18:33:28,,2026-09-24 18:43:28
RSV-001566,REQ-003892,HSP-003,Oxygen Bed,1,CONFIRMED,2026-09-24 18:39:00,2026-09-24 18:40:06,2026-09-24 18:54:00
RSV-001567,REQ-003899,HSP-006,General Bed,1,CONFIRMED,2026-09-24 18:59:21,2026-09-24 18:59:51,2026-09-24 19:14:21
RSV-001568,REQ-003901,HSP-002,ICU,1,CONFIRMED,2026-09-24 19:01:04,2026-09-24 19:01:20,2026-09-24 19:16:04
RSV-001569,REQ-003909,HSP-009,Oxygen Bed,1,FAILED,2026-09-24 19:55:11,,2026-09-24 20:05:11
RSV-001570,REQ-003909,HSP-017,Oxygen Bed,1,CONFIRMED,2026-09-24 19:58:13,2026-09-24 19:59:06,2026-09-24 20:13:13
RSV-001571,REQ-003913,HSP-020,Oxygen Bed,1,CONFIRMED,2026-09-24 20:18:30,2026-09-24 20:18:51,2026-09-24 20:33:30
RSV-001572,REQ-003913,HSP-020,Ventilator,1,CONFIRMED,2026-09-24 20:18:32,2026-09-24 20:18:52,2026-09-24 20:33:30
RSV-001573,REQ-003916,HSP-001,General Bed,1,CONFIRMED,2026-09-24 20:21:18,2026-09-24 20:22:31,2026-09-24 20:36:18
RSV-001574,REQ-003930,HSP-012,ICU,1,CONFIRMED,2026-09-24 21:50:36,2026-09-24 21:51:21,2026-09-24 22:05:36
RSV-001575,REQ-003937,HSP-012,ICU,1,CONFIRMED,2026-09-24 22:52:30,2026-09-24 22:52:44,2026-09-24 23:07:30
RSV-001576,REQ-003939,HSP-019,ICU,1,CONFIRMED,2026-09-24 23:10:56,2026-09-24 23:11:50,2026-09-24 23:25:56
RSV-001577,REQ-003939,HSP-019,Ventilator,1,CONFIRMED,2026-09-24 23:10:58,2026-09-24 23:11:51,2026-09-24 23:25:56
RSV-001578,REQ-003942,HSP-002,ICU,1,CONFIRMED,2026-09-25 00:10:09,2026-09-25 00:10:34,2026-09-25 00:25:09
RSV-001579,REQ-003945,HSP-024,General Bed,1,CONFIRMED,2026-09-25 00:49:45,2026-09-25 00:50:08,2026-09-25 01:04:45
RSV-001580,REQ-003964,HSP-013,ICU,1,CONFIRMED,2026-09-25 06:28:50,2026-09-25 06:29:25,2026-09-25 06:43:50
RSV-001581,REQ-003965,HSP-001,ICU,1,CONFIRMED,2026-09-25 06:30:44,2026-09-25 06:31:04,2026-09-25 06:45:44
RSV-001582,REQ-003967,HSP-013,ICU,1,CONFIRMED,2026-09-25 06:48:47,2026-09-25 06:49:06,2026-09-25 07:03:47
RSV-001583,REQ-003968,HSP-008,General Bed,1,CONFIRMED,2026-09-25 06:52:46,2026-09-25 06:53:44,2026-09-25 07:07:46
RSV-001584,REQ-003972,HSP-012,ICU,1,CONFIRMED,2026-09-25 07:25:35,2026-09-25 07:26:44,2026-09-25 07:40:35
RSV-001585,REQ-003979,HSP-012,ICU,1,CONFIRMED,2026-09-25 08:19:06,2026-09-25 08:19:59,2026-09-25 08:34:06
RSV-001586,REQ-003979,HSP-012,Ventilator,1,CONFIRMED,2026-09-25 08:19:08,2026-09-25 08:20:03,2026-09-25 08:34:06
RSV-001587,REQ-003986,HSP-002,Oxygen Bed,1,CONFIRMED,2026-09-25 09:16:27,2026-09-25 09:17:19,2026-09-25 09:31:27
RSV-001588,REQ-003986,HSP-002,Ventilator,1,CONFIRMED,2026-09-25 09:16:29,2026-09-25 09:17:25,2026-09-25 09:31:27
RSV-001589,REQ-003994,HSP-012,General Bed,1,CONFIRMED,2026-09-25 10:06:29,2026-09-25 10:07:09,2026-09-25 10:21:29
RSV-001590,REQ-003993,HSP-012,ICU,1,CONFIRMED,2026-09-25 10:08:41,2026-09-25 10:09:00,2026-09-25 10:23:41
RSV-001591,REQ-003997,HSP-002,General Bed,1,CONFIRMED,2026-09-25 10:27:34,2026-09-25 10:28:12,2026-09-25 10:42:34
RSV-001592,REQ-004001,HSP-015,ICU,1,CONFIRMED,2026-09-25 10:50:35,2026-09-25 10:51:38,2026-09-25 11:05:35
RSV-001593,REQ-004003,HSP-009,Oxygen Bed,1,RELEASED,2026-09-25 10:52:31,2026-09-25 10:52:43,2026-09-25 11:02:31
RSV-001594,REQ-004004,HSP-002,ICU,1,CONFIRMED,2026-09-25 10:54:48,2026-09-25 10:55:21,2026-09-25 11:09:48
RSV-001595,REQ-004003,HSP-002,Oxygen Bed,1,CONFIRMED,2026-09-25 10:59:21,2026-09-25 11:00:13,2026-09-25 11:14:21
RSV-001596,REQ-004005,HSP-004,General Bed,1,CONFIRMED,2026-09-25 11:04:52,2026-09-25 11:05:08,2026-09-25 11:19:52
RSV-001597,REQ-004007,HSP-018,ICU,1,CONFIRMED,2026-09-25 11:10:55,2026-09-25 11:11:14,2026-09-25 11:25:55
RSV-001598,REQ-004007,HSP-018,Ventilator,1,CONFIRMED,2026-09-25 11:10:57,2026-09-25 11:11:14,2026-09-25 11:25:55
RSV-001599,REQ-004008,HSP-007,ICU,1,CONFIRMED,2026-09-25 11:13:05,2026-09-25 11:13:30,2026-09-25 11:28:05
RSV-001600,REQ-004008,HSP-007,Ventilator,1,CONFIRMED,2026-09-25 11:13:07,2026-09-25 11:13:36,2026-09-25 11:28:05
RSV-001601,REQ-004009,HSP-007,ICU,4,FAILED,2026-09-25 11:13:07,,2026-09-25 11:23:07
RSV-001602,REQ-004013,HSP-002,General Bed,1,CONFIRMED,2026-09-25 11:42:17,2026-09-25 11:42:49,2026-09-25 11:57:17
RSV-001603,REQ-004020,HSP-012,ICU,1,EXPIRED,2026-09-25 12:00:45,,2026-09-25 12:10:45
RSV-001604,REQ-004021,HSP-013,General Bed,1,EXPIRED,2026-09-25 12:05:09,,2026-09-25 12:15:09
RSV-001605,REQ-004023,HSP-013,ICU,1,RELEASED,2026-09-25 12:05:51,2026-09-25 12:06:02,2026-09-25 12:15:51
RSV-001606,REQ-004023,HSP-007,ICU,1,CONFIRMED,2026-09-25 12:08:01,2026-09-25 12:08:48,2026-09-25 12:23:01
RSV-001607,REQ-004024,HSP-013,ICU,1,CONFIRMED,2026-09-25 12:09:05,2026-09-25 12:09:17,2026-09-25 12:24:05
RSV-001608,REQ-004028,HSP-020,General Bed,1,CONFIRMED,2026-09-25 12:11:49,2026-09-25 12:12:31,2026-09-25 12:26:49
RSV-001609,REQ-004030,HSP-013,ICU,1,FAILED,2026-09-25 12:20:38,,2026-09-25 12:30:38
RSV-001610,REQ-004030,HSP-007,ICU,1,CANCELLED,2026-09-25 12:22:55,2026-09-25 12:23:12,2026-09-25 12:32:55
RSV-001611,REQ-004031,HSP-001,ICU,1,CONFIRMED,2026-09-25 12:23:49,2026-09-25 12:24:09,2026-09-25 12:38:49
RSV-001612,REQ-004035,HSP-002,ICU,1,CONFIRMED,2026-09-25 13:09:10,2026-09-25 13:10:17,2026-09-25 13:24:10
RSV-001613,REQ-004035,HSP-002,Ventilator,1,CONFIRMED,2026-09-25 13:09:12,2026-09-25 13:10:18,2026-09-25 13:24:10
RSV-001614,REQ-004047,HSP-018,Oxygen Bed,1,CONFIRMED,2026-09-25 14:52:26,2026-09-25 14:52:39,2026-09-25 15:07:26
RSV-001615,REQ-004048,HSP-002,Oxygen Bed,1,CONFIRMED,2026-09-25 14:56:00,2026-09-25 14:56:38,2026-09-25 15:11:00
RSV-001616,REQ-004060,HSP-019,ICU,1,CONFIRMED,2026-09-25 17:17:51,2026-09-25 17:18:14,2026-09-25 17:32:51
RSV-001617,REQ-004060,HSP-019,Ventilator,1,CONFIRMED,2026-09-25 17:17:53,2026-09-25 17:18:21,2026-09-25 17:32:51
RSV-001618,REQ-004061,HSP-018,Oxygen Bed,1,CONFIRMED,2026-09-25 17:25:04,2026-09-25 17:25:24,2026-09-25 17:40:04
RSV-001619,REQ-004065,HSP-018,ICU,1,CONFIRMED,2026-09-25 17:41:14,2026-09-25 17:42:00,2026-09-25 17:56:14
RSV-001620,REQ-004065,HSP-018,Ventilator,1,CONFIRMED,2026-09-25 17:41:16,2026-09-25 17:42:01,2026-09-25 17:56:14
RSV-001621,REQ-004078,HSP-013,ICU,1,CONFIRMED,2026-09-25 18:34:26,2026-09-25 18:35:26,2026-09-25 18:49:26
RSV-001622,REQ-004086,HSP-012,ICU,1,CANCELLED,2026-09-25 18:57:00,2026-09-25 18:57:37,2026-09-25 19:07:00
RSV-001623,REQ-004086,HSP-006,ICU,1,CONFIRMED,2026-09-25 19:02:24,2026-09-25 19:03:38,2026-09-25 19:17:24
RSV-001624,REQ-004087,HSP-002,ICU,2,CONFIRMED,2026-09-25 19:05:58,2026-09-25 19:06:27,2026-09-25 19:20:58
RSV-001625,REQ-004087,HSP-002,Ventilator,1,CONFIRMED,2026-09-25 19:06:00,2026-09-25 19:06:30,2026-09-25 19:20:58
RSV-001626,REQ-004100,HSP-009,ICU,1,EXPIRED,2026-09-25 20:21:29,,2026-09-25 20:31:29
RSV-001627,REQ-004102,HSP-002,ICU,1,CONFIRMED,2026-09-25 20:42:46,2026-09-25 20:43:16,2026-09-25 20:57:46
RSV-001628,REQ-004102,HSP-002,Ventilator,1,CONFIRMED,2026-09-25 20:42:48,2026-09-25 20:43:24,2026-09-25 20:57:46
RSV-001629,REQ-004109,HSP-020,General Bed,1,RELEASED,2026-09-25 21:09:10,2026-09-25 21:09:49,2026-09-25 21:19:10
RSV-001630,REQ-004108,HSP-012,ICU,1,CONFIRMED,2026-09-25 21:09:47,2026-09-25 21:10:35,2026-09-25 21:24:47
RSV-001631,REQ-004109,HSP-014,General Bed,1,CONFIRMED,2026-09-25 21:12:38,2026-09-25 21:12:47,2026-09-25 21:27:38
RSV-001632,REQ-004114,HSP-007,ICU,1,CONFIRMED,2026-09-25 21:29:24,2026-09-25 21:29:32,2026-09-25 21:44:24
RSV-001633,REQ-004116,HSP-013,ICU,1,EXPIRED,2026-09-25 21:47:50,,2026-09-25 21:57:50
RSV-001634,REQ-004126,HSP-001,Oxygen Bed,1,CONFIRMED,2026-09-25 23:04:37,2026-09-25 23:05:42,2026-09-25 23:19:37
RSV-001635,REQ-004128,HSP-009,Oxygen Bed,1,CONFIRMED,2026-09-25 23:17:52,2026-09-25 23:18:17,2026-09-25 23:32:52
RSV-001636,REQ-004129,HSP-002,ICU,1,CONFIRMED,2026-09-25 23:25:42,2026-09-25 23:26:12,2026-09-25 23:40:42
RSV-001637,REQ-004130,HSP-002,ICU,1,FAILED,2026-09-25 23:26:00,,2026-09-25 23:36:00
RSV-001638,REQ-004130,HSP-005,ICU,1,CONFIRMED,2026-09-25 23:30:17,2026-09-25 23:31:28,2026-09-25 23:45:17
RSV-001639,REQ-004134,HSP-002,General Bed,1,CONFIRMED,2026-09-26 00:18:58,2026-09-26 00:19:13,2026-09-26 00:33:58
RSV-001640,REQ-004136,HSP-006,General Bed,1,CONFIRMED,2026-09-26 00:50:03,2026-09-26 00:51:05,2026-09-26 01:05:03
RSV-001641,REQ-004137,HSP-007,General Bed,1,RELEASED,2026-09-26 01:03:36,2026-09-26 01:04:04,2026-09-26 01:13:36
RSV-001642,REQ-004137,HSP-020,General Bed,1,CONFIRMED,2026-09-26 01:04:39,2026-09-26 01:05:32,2026-09-26 01:19:39
RSV-001643,REQ-004141,HSP-001,General Bed,1,CONFIRMED,2026-09-26 02:50:57,2026-09-26 02:51:28,2026-09-26 03:05:57
RSV-001644,REQ-004144,HSP-011,General Bed,1,CONFIRMED,2026-09-26 03:12:01,2026-09-26 03:12:19,2026-09-26 03:27:01
RSV-001645,REQ-004149,HSP-002,ICU,1,CONFIRMED,2026-09-26 04:30:44,2026-09-26 04:31:41,2026-09-26 04:45:44
RSV-001646,REQ-004151,HSP-002,General Bed,1,CONFIRMED,2026-09-26 05:05:56,2026-09-26 05:06:29,2026-09-26 05:20:56
RSV-001647,REQ-004152,HSP-009,General Bed,1,CONFIRMED,2026-09-26 06:28:55,2026-09-26 06:29:54,2026-09-26 06:43:55
RSV-001648,REQ-004155,HSP-018,ICU,1,CONFIRMED,2026-09-26 07:02:21,2026-09-26 07:03:09,2026-09-26 07:17:21
RSV-001649,REQ-004155,HSP-018,Ventilator,1,CONFIRMED,2026-09-26 07:02:23,2026-09-26 07:03:18,2026-09-26 07:17:21
RSV-001650,REQ-004160,HSP-018,ICU,1,CONFIRMED,2026-09-26 07:43:01,2026-09-26 07:43:59,2026-09-26 07:58:01
RSV-001651,REQ-004160,HSP-018,Ventilator,1,CONFIRMED,2026-09-26 07:43:03,2026-09-26 07:44:05,2026-09-26 07:58:01
RSV-001652,REQ-004161,HSP-009,General Bed,1,CONFIRMED,2026-09-26 07:54:27,2026-09-26 07:55:33,2026-09-26 08:09:27
RSV-001653,REQ-004166,HSP-002,ICU,1,CONFIRMED,2026-09-26 08:20:40,2026-09-26 08:21:18,2026-09-26 08:35:40
RSV-001654,REQ-004166,HSP-002,Ventilator,1,CONFIRMED,2026-09-26 08:20:42,2026-09-26 08:21:26,2026-09-26 08:35:40
RSV-001655,REQ-004167,HSP-002,ICU,1,FAILED,2026-09-26 08:20:52,,2026-09-26 08:30:52
RSV-001656,REQ-004167,HSP-008,ICU,1,CONFIRMED,2026-09-26 08:30:10,2026-09-26 08:30:40,2026-09-26 08:45:10
RSV-001657,REQ-004170,HSP-013,ICU,1,CONFIRMED,2026-09-26 08:50:02,2026-09-26 08:50:29,2026-09-26 09:05:02
RSV-001658,REQ-004176,HSP-012,ICU,1,CONFIRMED,2026-09-26 09:19:18,2026-09-26 09:19:49,2026-09-26 09:34:18
RSV-001659,REQ-004176,HSP-012,Ventilator,1,CONFIRMED,2026-09-26 09:19:20,2026-09-26 09:19:52,2026-09-26 09:34:18
RSV-001660,REQ-004182,HSP-007,ICU,1,RELEASED,2026-09-26 09:56:35,2026-09-26 09:57:11,2026-09-26 10:06:35
RSV-001661,REQ-004182,HSP-020,ICU,1,CONFIRMED,2026-09-26 09:58:42,2026-09-26 09:59:48,2026-09-26 10:13:42
RSV-001662,REQ-004183,HSP-009,ICU,1,CONFIRMED,2026-09-26 09:59:50,2026-09-26 10:00:35,2026-09-26 10:14:50
RSV-001663,REQ-004187,HSP-012,ICU,1,EXPIRED,2026-09-26 10:29:44,,2026-09-26 10:39:44
RSV-001664,REQ-004192,HSP-012,ICU,1,CONFIRMED,2026-09-26 10:51:09,2026-09-26 10:52:11,2026-09-26 11:06:09
RSV-001665,REQ-004194,HSP-001,ICU,1,CONFIRMED,2026-09-26 11:00:18,2026-09-26 11:00:59,2026-09-26 11:15:18
RSV-001666,REQ-004194,HSP-001,Ventilator,1,CONFIRMED,2026-09-26 11:00:20,2026-09-26 11:00:59,2026-09-26 11:15:18
RSV-001667,REQ-004203,HSP-001,General Bed,1,CONFIRMED,2026-09-26 11:41:23,2026-09-26 11:41:51,2026-09-26 11:56:23
RSV-001668,REQ-004207,HSP-020,Oxygen Bed,1,CANCELLED,2026-09-26 12:04:17,2026-09-26 12:04:25,2026-09-26 12:14:17
RSV-001669,REQ-004207,HSP-007,Oxygen Bed,1,CONFIRMED,2026-09-26 12:07:01,2026-09-26 12:07:22,2026-09-26 12:22:01
RSV-001670,REQ-004220,HSP-008,General Bed,1,CONFIRMED,2026-09-26 13:43:42,2026-09-26 13:44:07,2026-09-26 13:58:42
RSV-001671,REQ-004221,HSP-011,General Bed,1,CONFIRMED,2026-09-26 13:48:43,2026-09-26 13:49:31,2026-09-26 14:03:43
RSV-001672,REQ-004223,HSP-007,ICU,1,CONFIRMED,2026-09-26 13:56:37,2026-09-26 13:57:19,2026-09-26 14:11:37
RSV-001673,REQ-004224,HSP-004,General Bed,1,CONFIRMED,2026-09-26 14:12:40,2026-09-26 14:12:53,2026-09-26 14:27:40
RSV-001674,REQ-004228,HSP-012,ICU,1,CONFIRMED,2026-09-26 14:53:19,2026-09-26 14:54:26,2026-09-26 15:08:19
RSV-001675,REQ-004229,HSP-012,ICU,1,FAILED,2026-09-26 14:53:30,,2026-09-26 15:03:30
RSV-001676,REQ-004229,HSP-006,ICU,1,FAILED,2026-09-26 14:56:36,,2026-09-26 15:06:36
RSV-001677,REQ-004229,HSP-007,ICU,1,CONFIRMED,2026-09-26 15:00:35,2026-09-26 15:01:19,2026-09-26 15:15:35
RSV-001678,REQ-004231,HSP-024,ICU,1,FAILED,2026-09-26 15:30:47,,2026-09-26 15:40:47
RSV-001679,REQ-004231,HSP-008,ICU,1,CONFIRMED,2026-09-26 15:33:38,2026-09-26 15:34:05,2026-09-26 15:48:38
RSV-001680,REQ-004237,HSP-002,General Bed,1,CONFIRMED,2026-09-26 16:30:07,2026-09-26 16:30:24,2026-09-26 16:45:07
RSV-001681,REQ-004239,HSP-013,ICU,1,CONFIRMED,2026-09-26 16:33:27,2026-09-26 16:33:55,2026-09-26 16:48:27
RSV-001682,REQ-004239,HSP-013,Ventilator,1,CONFIRMED,2026-09-26 16:33:29,2026-09-26 16:34:03,2026-09-26 16:48:27
RSV-001683,REQ-004241,HSP-018,ICU,1,CONFIRMED,2026-09-26 17:08:23,2026-09-26 17:09:16,2026-09-26 17:23:23
RSV-001684,REQ-004240,HSP-002,ICU,1,CONFIRMED,2026-09-26 17:09:24,2026-09-26 17:10:32,2026-09-26 17:24:24
RSV-001685,REQ-004240,HSP-002,Ventilator,1,CONFIRMED,2026-09-26 17:09:26,2026-09-26 17:10:37,2026-09-26 17:24:24
RSV-001686,REQ-004244,HSP-007,ICU,1,CONFIRMED,2026-09-26 17:21:25,2026-09-26 17:21:45,2026-09-26 17:36:25
RSV-001687,REQ-004244,HSP-007,Ventilator,1,CONFIRMED,2026-09-26 17:21:27,2026-09-26 17:21:49,2026-09-26 17:36:25
RSV-001688,REQ-004246,HSP-012,ICU,1,CONFIRMED,2026-09-26 17:30:51,2026-09-26 17:32:04,2026-09-26 17:45:51
RSV-001689,REQ-004256,HSP-008,ICU,1,CONFIRMED,2026-09-26 18:22:59,2026-09-26 18:23:47,2026-09-26 18:37:59
RSV-001690,REQ-004257,HSP-002,ICU,1,CONFIRMED,2026-09-26 18:28:16,2026-09-26 18:29:14,2026-09-26 18:43:16
RSV-001691,REQ-004264,HSP-008,ICU,1,CONFIRMED,2026-09-26 19:04:03,2026-09-26 19:04:51,2026-09-26 19:19:03
RSV-001692,REQ-004265,HSP-001,ICU,1,CONFIRMED,2026-09-26 19:05:09,2026-09-26 19:05:18,2026-09-26 19:20:09
RSV-001693,REQ-004265,HSP-001,Ventilator,1,CONFIRMED,2026-09-26 19:05:11,2026-09-26 19:05:25,2026-09-26 19:20:09
RSV-001694,REQ-004268,HSP-008,ICU,1,CANCELLED,2026-09-26 19:23:22,2026-09-26 19:23:53,2026-09-26 19:33:22
RSV-001695,REQ-004267,HSP-007,ICU,1,FAILED,2026-09-26 19:25:41,,2026-09-26 19:35:41
RSV-001696,REQ-004268,HSP-009,ICU,1,CONFIRMED,2026-09-26 19:26:32,2026-09-26 19:27:35,2026-09-26 19:41:32
RSV-001697,REQ-004269,HSP-008,ICU,1,CONFIRMED,2026-09-26 19:33:44,2026-09-26 19:34:32,2026-09-26 19:48:44
RSV-001698,REQ-004269,HSP-008,Ventilator,1,CONFIRMED,2026-09-26 19:33:46,2026-09-26 19:34:34,2026-09-26 19:48:44
RSV-001699,REQ-004274,HSP-001,General Bed,1,CONFIRMED,2026-09-26 20:17:01,2026-09-26 20:17:48,2026-09-26 20:32:01
RSV-001700,REQ-004280,HSP-002,General Bed,1,FAILED,2026-09-26 21:12:05,,2026-09-26 21:22:05
RSV-001701,REQ-004280,HSP-015,General Bed,1,CONFIRMED,2026-09-26 21:14:31,2026-09-26 21:15:42,2026-09-26 21:29:31
RSV-001702,REQ-004286,HSP-018,ICU,1,CONFIRMED,2026-09-26 21:42:58,2026-09-26 21:43:58,2026-09-26 21:57:58
RSV-001703,REQ-004286,HSP-018,Ventilator,1,CONFIRMED,2026-09-26 21:43:00,2026-09-26 21:43:59,2026-09-26 21:57:58
RSV-001704,REQ-004287,HSP-008,ICU,1,EXPIRED,2026-09-26 21:52:12,,2026-09-26 22:02:12
RSV-001705,REQ-004289,HSP-002,ICU,1,CONFIRMED,2026-09-26 22:24:20,2026-09-26 22:25:23,2026-09-26 22:39:20
RSV-001706,REQ-004289,HSP-002,Ventilator,1,CONFIRMED,2026-09-26 22:24:22,2026-09-26 22:25:29,2026-09-26 22:39:20
RSV-001707,REQ-004290,HSP-007,ICU,1,CONFIRMED,2026-09-26 22:31:28,2026-09-26 22:31:47,2026-09-26 22:46:28
RSV-001708,REQ-004290,HSP-007,Ventilator,1,CONFIRMED,2026-09-26 22:31:30,2026-09-26 22:31:55,2026-09-26 22:46:28
RSV-001709,REQ-004293,HSP-008,General Bed,1,CONFIRMED,2026-09-26 23:25:29,2026-09-26 23:26:07,2026-09-26 23:40:29
RSV-001710,REQ-004294,HSP-013,ICU,1,CONFIRMED,2026-09-26 23:37:44,2026-09-26 23:38:32,2026-09-26 23:52:44
RSV-001711,REQ-004294,HSP-013,Ventilator,1,CONFIRMED,2026-09-26 23:37:46,2026-09-26 23:38:35,2026-09-26 23:52:44
RSV-001712,REQ-004296,HSP-019,General Bed,1,FAILED,2026-09-26 23:40:21,,2026-09-26 23:50:21
RSV-001713,REQ-004296,HSP-010,General Bed,1,CONFIRMED,2026-09-26 23:42:32,2026-09-26 23:42:44,2026-09-26 23:57:32
RSV-001714,REQ-004297,HSP-012,ICU,1,CONFIRMED,2026-09-26 23:50:09,2026-09-26 23:50:37,2026-09-27 00:05:09
RSV-001715,REQ-004298,HSP-012,ICU,1,FAILED,2026-09-26 23:50:26,,2026-09-27 00:00:26
RSV-001716,REQ-004298,HSP-003,ICU,1,CANCELLED,2026-09-26 23:51:57,2026-09-26 23:52:06,2026-09-27 00:01:57
RSV-001717,REQ-004299,HSP-012,Oxygen Bed,1,CONFIRMED,2026-09-26 23:57:45,2026-09-26 23:58:20,2026-09-27 00:12:45
RSV-001718,REQ-004300,HSP-013,Oxygen Bed,1,CONFIRMED,2026-09-27 00:06:06,2026-09-27 00:07:16,2026-09-27 00:21:06
RSV-001719,REQ-004301,HSP-002,General Bed,1,CONFIRMED,2026-09-27 00:11:51,2026-09-27 00:12:27,2026-09-27 00:26:51
RSV-001720,REQ-004302,HSP-017,General Bed,1,EXPIRED,2026-09-27 00:17:08,,2026-09-27 00:27:08
RSV-001721,REQ-004303,HSP-001,ICU,1,CONFIRMED,2026-09-27 00:25:24,2026-09-27 00:25:36,2026-09-27 00:40:24
RSV-001722,REQ-004304,HSP-003,General Bed,1,CONFIRMED,2026-09-27 01:16:30,2026-09-27 01:17:25,2026-09-27 01:31:30
RSV-001723,REQ-004305,HSP-013,ICU,1,CONFIRMED,2026-09-27 01:31:13,2026-09-27 01:31:55,2026-09-27 01:46:13
RSV-001724,REQ-004310,HSP-001,ICU,1,CONFIRMED,2026-09-27 03:32:41,2026-09-27 03:33:34,2026-09-27 03:47:41
RSV-001725,REQ-004310,HSP-001,Ventilator,1,CONFIRMED,2026-09-27 03:32:43,2026-09-27 03:33:35,2026-09-27 03:47:41
RSV-001726,REQ-004316,HSP-003,General Bed,1,CONFIRMED,2026-09-27 06:03:46,2026-09-27 06:04:58,2026-09-27 06:18:46
RSV-001727,REQ-004321,HSP-007,ICU,1,CONFIRMED,2026-09-27 07:39:13,2026-09-27 07:39:59,2026-09-27 07:54:13
RSV-001728,REQ-004321,HSP-007,Ventilator,1,CONFIRMED,2026-09-27 07:39:15,2026-09-27 07:40:02,2026-09-27 07:54:13
RSV-001729,REQ-004325,HSP-001,General Bed,1,CONFIRMED,2026-09-27 07:50:01,2026-09-27 07:50:58,2026-09-27 08:05:01
RSV-001730,REQ-004330,HSP-018,General Bed,1,CONFIRMED,2026-09-27 08:14:59,2026-09-27 08:15:59,2026-09-27 08:29:59
RSV-001731,REQ-004333,HSP-001,ICU,1,CONFIRMED,2026-09-27 08:30:29,2026-09-27 08:31:01,2026-09-27 08:45:29
RSV-001732,REQ-004336,HSP-002,Oxygen Bed,1,CONFIRMED,2026-09-27 08:52:03,2026-09-27 08:52:29,2026-09-27 09:07:03
RSV-001733,REQ-004339,HSP-001,General Bed,1,CONFIRMED,2026-09-27 09:33:21,2026-09-27 09:33:48,2026-09-27 09:48:21
RSV-001734,REQ-004340,HSP-012,ICU,1,CONFIRMED,2026-09-27 09:34:04,2026-09-27 09:34:37,2026-09-27 09:49:04
RSV-001735,REQ-004340,HSP-012,Ventilator,1,CONFIRMED,2026-09-27 09:34:06,2026-09-27 09:34:39,2026-09-27 09:49:04
RSV-001736,REQ-004341,HSP-002,ICU,1,CONFIRMED,2026-09-27 09:44:14,2026-09-27 09:45:20,2026-09-27 09:59:14
RSV-001737,REQ-004341,HSP-002,Ventilator,1,CONFIRMED,2026-09-27 09:44:16,2026-09-27 09:45:22,2026-09-27 09:59:14
RSV-001738,REQ-004345,HSP-002,General Bed,1,CONFIRMED,2026-09-27 10:05:04,2026-09-27 10:05:37,2026-09-27 10:20:04
RSV-001739,REQ-004347,HSP-003,General Bed,1,CONFIRMED,2026-09-27 10:11:07,2026-09-27 10:12:00,2026-09-27 10:26:07
RSV-001740,REQ-004349,HSP-005,Oxygen Bed,1,CANCELLED,2026-09-27 10:14:50,2026-09-27 10:15:16,2026-09-27 10:24:50
RSV-001741,REQ-004349,HSP-003,Oxygen Bed,1,CONFIRMED,2026-09-27 10:18:19,2026-09-27 10:18:53,2026-09-27 10:33:19
RSV-001742,REQ-004354,HSP-013,General Bed,1,CONFIRMED,2026-09-27 10:52:18,2026-09-27 10:53:30,2026-09-27 11:07:18
RSV-001743,REQ-004355,HSP-012,ICU,1,CONFIRMED,2026-09-27 10:59:03,2026-09-27 10:59:48,2026-09-27 11:14:03
RSV-001744,REQ-004355,HSP-012,Ventilator,1,CONFIRMED,2026-09-27 10:59:05,2026-09-27 10:59:51,2026-09-27 11:14:03
RSV-001745,REQ-004357,HSP-013,Oxygen Bed,1,CONFIRMED,2026-09-27 11:35:06,2026-09-27 11:35:38,2026-09-27 11:50:06
RSV-001746,REQ-004358,HSP-002,ICU,1,CONFIRMED,2026-09-27 11:37:59,2026-09-27 11:38:21,2026-09-27 11:52:59
RSV-001747,REQ-004361,HSP-002,General Bed,1,CONFIRMED,2026-09-27 12:05:19,2026-09-27 12:05:30,2026-09-27 12:20:19
RSV-001748,REQ-004374,HSP-002,ICU,1,CONFIRMED,2026-09-27 14:05:32,2026-09-27 14:05:52,2026-09-27 14:20:32
RSV-001749,REQ-004374,HSP-002,Ventilator,1,CONFIRMED,2026-09-27 14:05:34,2026-09-27 14:05:58,2026-09-27 14:20:32
RSV-001750,REQ-004378,HSP-013,ICU,1,CONFIRMED,2026-09-27 14:29:36,2026-09-27 14:30:20,2026-09-27 14:44:36
RSV-001751,REQ-004379,HSP-009,General Bed,1,CONFIRMED,2026-09-27 14:44:14,2026-09-27 14:45:15,2026-09-27 14:59:14
RSV-001752,REQ-004380,HSP-012,General Bed,1,CONFIRMED,2026-09-27 14:47:16,2026-09-27 14:48:05,2026-09-27 15:02:16
RSV-001753,REQ-004386,HSP-007,ICU,1,CONFIRMED,2026-09-27 15:44:50,2026-09-27 15:45:03,2026-09-27 15:59:50
RSV-001754,REQ-004386,HSP-007,Ventilator,1,CONFIRMED,2026-09-27 15:44:52,2026-09-27 15:45:10,2026-09-27 15:59:50
RSV-001755,REQ-004389,HSP-002,General Bed,1,CONFIRMED,2026-09-27 16:00:22,2026-09-27 16:00:37,2026-09-27 16:15:22
RSV-001756,REQ-004393,HSP-007,ICU,1,CONFIRMED,2026-09-27 16:19:46,2026-09-27 16:20:39,2026-09-27 16:34:46
RSV-001757,REQ-004393,HSP-007,Ventilator,1,CONFIRMED,2026-09-27 16:19:48,2026-09-27 16:20:42,2026-09-27 16:34:46
RSV-001758,REQ-004394,HSP-007,General Bed,1,CONFIRMED,2026-09-27 16:20:03,2026-09-27 16:20:17,2026-09-27 16:35:03
RSV-001759,REQ-004395,HSP-011,General Bed,1,CONFIRMED,2026-09-27 16:26:17,2026-09-27 16:26:51,2026-09-27 16:41:17
RSV-001760,REQ-004397,HSP-001,ICU,1,CONFIRMED,2026-09-27 16:27:52,2026-09-27 16:29:06,2026-09-27 16:42:52
RSV-001761,REQ-004402,HSP-013,ICU,1,CONFIRMED,2026-09-27 17:11:29,2026-09-27 17:12:09,2026-09-27 17:26:29
RSV-001762,REQ-004402,HSP-013,Ventilator,1,CONFIRMED,2026-09-27 17:11:31,2026-09-27 17:12:18,2026-09-27 17:26:29
RSV-001763,REQ-004404,HSP-012,ICU,1,CONFIRMED,2026-09-27 17:36:24,2026-09-27 17:36:45,2026-09-27 17:51:24
RSV-001764,REQ-004404,HSP-012,Ventilator,1,CONFIRMED,2026-09-27 17:36:26,2026-09-27 17:36:49,2026-09-27 17:51:24
RSV-001765,REQ-004406,HSP-013,General Bed,1,CONFIRMED,2026-09-27 18:05:28,2026-09-27 18:06:39,2026-09-27 18:20:28
RSV-001766,REQ-004408,HSP-012,ICU,1,CONFIRMED,2026-09-27 18:32:53,2026-09-27 18:33:55,2026-09-27 18:47:53
RSV-001767,REQ-004411,HSP-002,General Bed,1,CONFIRMED,2026-09-27 18:38:26,2026-09-27 18:38:39,2026-09-27 18:53:26
RSV-001768,REQ-004412,HSP-009,Oxygen Bed,1,CONFIRMED,2026-09-27 18:40:06,2026-09-27 18:40:39,2026-09-27 18:55:06
RSV-001769,REQ-004418,HSP-001,ICU,1,CONFIRMED,2026-09-27 19:13:50,2026-09-27 19:14:29,2026-09-27 19:28:50
RSV-001770,REQ-004423,HSP-002,ICU,1,CONFIRMED,2026-09-27 19:42:12,2026-09-27 19:42:43,2026-09-27 19:57:12
RSV-001771,REQ-004427,HSP-012,ICU,1,CONFIRMED,2026-09-27 20:18:55,2026-09-27 20:20:05,2026-09-27 20:33:55
RSV-001772,REQ-004427,HSP-012,Ventilator,1,CONFIRMED,2026-09-27 20:18:57,2026-09-27 20:20:14,2026-09-27 20:33:55
RSV-001773,REQ-004428,HSP-013,ICU,1,CONFIRMED,2026-09-27 20:38:06,2026-09-27 20:38:14,2026-09-27 20:53:06
RSV-001774,REQ-004431,HSP-001,General Bed,1,CONFIRMED,2026-09-27 21:05:27,2026-09-27 21:06:07,2026-09-27 21:20:27
RSV-001775,REQ-004437,HSP-012,ICU,1,CONFIRMED,2026-09-27 22:04:03,2026-09-27 22:04:46,2026-09-27 22:19:03
RSV-001776,REQ-004438,HSP-001,ICU,1,CONFIRMED,2026-09-27 22:04:45,2026-09-27 22:05:43,2026-09-27 22:19:45
RSV-001777,REQ-004439,HSP-024,ICU,2,CONFIRMED,2026-09-27 22:21:18,2026-09-27 22:21:28,2026-09-27 22:36:18
RSV-001778,REQ-004443,HSP-001,ICU,1,CONFIRMED,2026-09-27 23:36:45,2026-09-27 23:37:44,2026-09-27 23:51:45
RSV-001779,REQ-004443,HSP-001,Ventilator,1,CONFIRMED,2026-09-27 23:36:47,2026-09-27 23:37:44,2026-09-27 23:51:45
RSV-001780,REQ-004444,HSP-002,ICU,1,CONFIRMED,2026-09-27 23:57:04,2026-09-27 23:58:10,2026-09-28 00:12:04
RSV-001781,REQ-004444,HSP-002,Ventilator,1,CONFIRMED,2026-09-27 23:57:06,2026-09-27 23:58:19,2026-09-28 00:12:04
RSV-001782,REQ-004447,HSP-001,General Bed,1,CONFIRMED,2026-09-28 00:52:38,2026-09-28 00:53:40,2026-09-28 01:07:38
RSV-001783,REQ-004448,HSP-001,General Bed,1,CONFIRMED,2026-09-28 01:01:32,2026-09-28 01:01:42,2026-09-28 01:16:32
RSV-001784,REQ-004449,HSP-001,Oxygen Bed,1,CONFIRMED,2026-09-28 01:18:33,2026-09-28 01:19:19,2026-09-28 01:33:33
RSV-001785,REQ-004453,HSP-018,ICU,1,RELEASED,2026-09-28 01:55:29,2026-09-28 01:56:01,2026-09-28 02:05:29
RSV-001786,REQ-004455,HSP-007,ICU,1,CONFIRMED,2026-09-28 01:56:19,2026-09-28 01:57:32,2026-09-28 02:11:19
RSV-001787,REQ-004456,HSP-012,ICU,1,CONFIRMED,2026-09-28 03:11:28,2026-09-28 03:12:06,2026-09-28 03:26:28
RSV-001788,REQ-004456,HSP-012,Ventilator,1,CONFIRMED,2026-09-28 03:11:30,2026-09-28 03:12:14,2026-09-28 03:26:28
RSV-001789,REQ-004457,HSP-004,ICU,1,CONFIRMED,2026-09-28 03:31:29,2026-09-28 03:31:47,2026-09-28 03:46:29
RSV-001790,REQ-004457,HSP-004,Ventilator,1,CONFIRMED,2026-09-28 03:31:31,2026-09-28 03:31:50,2026-09-28 03:46:29
RSV-001791,REQ-004459,HSP-002,Oxygen Bed,1,CONFIRMED,2026-09-28 04:08:37,2026-09-28 04:08:58,2026-09-28 04:23:37
RSV-001792,REQ-004461,HSP-001,Oxygen Bed,1,CONFIRMED,2026-09-28 06:03:29,2026-09-28 06:03:46,2026-09-28 06:18:29
RSV-001793,REQ-004464,HSP-018,Oxygen Bed,1,CONFIRMED,2026-09-28 06:03:58,2026-09-28 06:04:56,2026-09-28 06:18:58
RSV-001794,REQ-004464,HSP-018,Ventilator,1,CONFIRMED,2026-09-28 06:04:00,2026-09-28 06:05:02,2026-09-28 06:18:58
RSV-001795,REQ-004468,HSP-018,General Bed,1,CONFIRMED,2026-09-28 06:05:41,2026-09-28 06:06:09,2026-09-28 06:20:41
RSV-001796,REQ-004468,HSP-018,Ventilator,1,CONFIRMED,2026-09-28 06:05:43,2026-09-28 06:06:12,2026-09-28 06:20:41
RSV-001797,REQ-004465,HSP-024,ICU,1,EXPIRED,2026-09-28 06:05:44,,2026-09-28 06:15:44
RSV-001798,REQ-004466,HSP-012,ICU,1,CONFIRMED,2026-09-28 06:05:50,2026-09-28 06:06:49,2026-09-28 06:20:50
RSV-001799,REQ-004469,HSP-002,ICU,1,CONFIRMED,2026-09-28 06:06:21,2026-09-28 06:06:37,2026-09-28 06:21:21
RSV-001800,REQ-004469,HSP-002,Ventilator,1,CONFIRMED,2026-09-28 06:06:23,2026-09-28 06:06:44,2026-09-28 06:21:21
RSV-001801,REQ-004471,HSP-002,General Bed,1,CONFIRMED,2026-09-28 06:08:15,2026-09-28 06:08:41,2026-09-28 06:23:15
RSV-001802,REQ-004473,HSP-004,General Bed,1,CONFIRMED,2026-09-28 06:10:57,2026-09-28 06:11:37,2026-09-28 06:25:57
RSV-001803,REQ-004477,HSP-002,ICU,1,EXPIRED,2026-09-28 06:11:28,,2026-09-28 06:21:28
RSV-001804,REQ-004478,HSP-007,General Bed,1,CANCELLED,2026-09-28 06:12:20,2026-09-28 06:12:51,2026-09-28 06:22:20
RSV-001805,REQ-004482,HSP-003,ICU,1,CONFIRMED,2026-09-28 06:13:43,2026-09-28 06:14:56,2026-09-28 06:28:43
RSV-001806,REQ-004479,HSP-013,ICU,1,CONFIRMED,2026-09-28 06:13:49,2026-09-28 06:14:59,2026-09-28 06:28:49
RSV-001807,REQ-004481,HSP-012,General Bed,1,FAILED,2026-09-28 06:15:14,,2026-09-28 06:25:14
RSV-001808,REQ-004478,HSP-020,General Bed,1,CONFIRMED,2026-09-28 06:16:53,2026-09-28 06:17:45,2026-09-28 06:31:53
RSV-001809,REQ-004488,HSP-009,Oxygen Bed,1,CONFIRMED,2026-09-28 06:17:14,2026-09-28 06:18:15,2026-09-28 06:32:14
RSV-001810,REQ-004489,HSP-002,ICU,1,EXPIRED,2026-09-28 06:18:51,,2026-09-28 06:28:51
RSV-001811,REQ-004481,HSP-006,General Bed,1,CONFIRMED,2026-09-28 06:20:36,2026-09-28 06:20:59,2026-09-28 06:35:36
RSV-001812,REQ-004495,HSP-002,Oxygen Bed,1,CONFIRMED,2026-09-28 06:22:11,2026-09-28 06:22:32,2026-09-28 06:37:11
RSV-001813,REQ-004496,HSP-002,ICU,1,CONFIRMED,2026-09-28 06:24:27,2026-09-28 06:25:25,2026-09-28 06:39:27
RSV-001814,REQ-004496,HSP-002,Ventilator,1,CONFIRMED,2026-09-28 06:24:29,2026-09-28 06:25:33,2026-09-28 06:39:27
RSV-001815,REQ-004497,HSP-004,ICU,1,CONFIRMED,2026-09-28 06:27:39,2026-09-28 06:28:11,2026-09-28 06:42:39
RSV-001816,REQ-004504,HSP-007,General Bed,1,CANCELLED,2026-09-28 06:28:35,2026-09-28 06:28:41,2026-09-28 06:38:35
RSV-001817,REQ-004503,HSP-013,ICU,1,CONFIRMED,2026-09-28 06:29:31,2026-09-28 06:30:17,2026-09-28 06:44:31
RSV-001818,REQ-004508,HSP-004,General Bed,1,CANCELLED,2026-09-28 06:31:20,2026-09-28 06:31:32,2026-09-28 06:41:20
RSV-001819,REQ-004507,HSP-011,General Bed,1,CONFIRMED,2026-09-28 06:31:38,2026-09-28 06:32:28,2026-09-28 06:46:38
RSV-001820,REQ-004506,HSP-001,ICU,1,CANCELLED,2026-09-28 06:31:46,2026-09-28 06:32:16,2026-09-28 06:41:46
RSV-001821,REQ-004513,HSP-013,General Bed,2,CONFIRMED,2026-09-28 06:31:53,2026-09-28 06:32:07,2026-09-28 06:46:53
RSV-001822,REQ-004514,HSP-024,Oxygen Bed,1,RELEASED,2026-09-28 06:32:52,2026-09-28 06:32:58,2026-09-28 06:42:52
RSV-001823,REQ-004504,HSP-020,General Bed,1,CONFIRMED,2026-09-28 06:33:18,2026-09-28 06:34:25,2026-09-28 06:48:18
RSV-001824,REQ-004511,HSP-012,ICU,1,CONFIRMED,2026-09-28 06:33:47,2026-09-28 06:34:37,2026-09-28 06:48:47
RSV-001825,REQ-004511,HSP-012,Ventilator,1,CONFIRMED,2026-09-28 06:33:49,2026-09-28 06:34:46,2026-09-28 06:48:47
RSV-001826,REQ-004506,HSP-007,ICU,1,FAILED,2026-09-28 06:34:06,,2026-09-28 06:44:06
RSV-001827,REQ-004520,HSP-008,ICU,1,CONFIRMED,2026-09-28 06:34:25,2026-09-28 06:34:35,2026-09-28 06:49:25
RSV-001828,REQ-004515,HSP-013,ICU,1,CONFIRMED,2026-09-28 06:34:26,2026-09-28 06:35:34,2026-09-28 06:49:26
RSV-001829,REQ-004520,HSP-008,Ventilator,1,CONFIRMED,2026-09-28 06:34:27,2026-09-28 06:34:37,2026-09-28 06:49:25
RSV-001830,REQ-004515,HSP-013,Ventilator,1,CONFIRMED,2026-09-28 06:34:28,2026-09-28 06:35:41,2026-09-28 06:49:26
RSV-001831,REQ-004519,HSP-001,ICU,1,CONFIRMED,2026-09-28 06:34:54,2026-09-28 06:35:19,2026-09-28 06:49:54
RSV-001832,REQ-004514,HSP-010,Oxygen Bed,1,CONFIRMED,2026-09-28 06:35:06,2026-09-28 06:35:40,2026-09-28 06:50:06
RSV-001833,REQ-004516,HSP-008,ICU,1,EXPIRED,2026-09-28 06:35:39,,2026-09-28 06:45:39
RSV-001834,REQ-004508,HSP-003,General Bed,1,CONFIRMED,2026-09-28 06:36:21,2026-09-28 06:36:37,2026-09-28 06:51:21
RSV-001835,REQ-004518,HSP-013,ICU,1,CONFIRMED,2026-09-28 06:36:37,2026-09-28 06:37:41,2026-09-28 06:51:37
RSV-001836,REQ-004528,HSP-012,ICU,1,CONFIRMED,2026-09-28 06:37:52,2026-09-28 06:38:24,2026-09-28 06:52:52
RSV-001837,REQ-004529,HSP-013,General Bed,1,CONFIRMED,2026-09-28 06:38:41,2026-09-28 06:39:18,2026-09-28 06:53:41
RSV-001838,REQ-004530,HSP-001,ICU,1,CONFIRMED,2026-09-28 06:39:24,2026-09-28 06:40:32,2026-09-28 06:54:24
RSV-001839,REQ-004530,HSP-001,Ventilator,1,CONFIRMED,2026-09-28 06:39:26,2026-09-28 06:40:33,2026-09-28 06:54:24
RSV-001840,REQ-004535,HSP-025,General Bed,1,CONFIRMED,2026-09-28 06:41:19,2026-09-28 06:41:32,2026-09-28 06:56:19
RSV-001841,REQ-004532,HSP-015,ICU,1,FAILED,2026-09-28 06:41:52,,2026-09-28 06:51:52
RSV-001842,REQ-004538,HSP-004,Oxygen Bed,1,CONFIRMED,2026-09-28 06:43:36,2026-09-28 06:44:31,2026-09-28 06:58:36
RSV-001843,REQ-004536,HSP-019,ICU,1,CONFIRMED,2026-09-28 06:44:04,2026-09-28 06:44:37,2026-09-28 06:59:04
RSV-001844,REQ-004539,HSP-012,General Bed,1,CONFIRMED,2026-09-28 06:44:33,2026-09-28 06:45:17,2026-09-28 06:59:33
RSV-001845,REQ-004537,HSP-013,Oxygen Bed,1,EXPIRED,2026-09-28 06:45:05,,2026-09-28 06:55:05
RSV-001846,REQ-004542,HSP-011,General Bed,1,EXPIRED,2026-09-28 06:45:54,,2026-09-28 06:55:54
RSV-001847,REQ-004546,HSP-012,ICU,1,CONFIRMED,2026-09-28 06:48:07,2026-09-28 06:49:17,2026-09-28 07:03:07
RSV-001848,REQ-004543,HSP-001,General Bed,1,EXPIRED,2026-09-28 06:48:16,,2026-09-28 06:58:16
RSV-001849,REQ-004547,HSP-012,Oxygen Bed,1,CONFIRMED,2026-09-28 06:49:44,2026-09-28 06:49:59,2026-09-28 07:04:44
RSV-001850,REQ-004551,HSP-013,Oxygen Bed,1,CONFIRMED,2026-09-28 06:51:07,2026-09-28 06:52:13,2026-09-28 07:06:07
RSV-001851,REQ-004554,HSP-004,Oxygen Bed,1,CONFIRMED,2026-09-28 06:53:11,2026-09-28 06:53:43,2026-09-28 07:08:11
RSV-001852,REQ-004553,HSP-011,General Bed,1,CONFIRMED,2026-09-28 06:54:16,2026-09-28 06:54:52,2026-09-28 07:09:16
RSV-001853,REQ-004561,HSP-001,ICU,1,CONFIRMED,2026-09-28 07:01:36,2026-09-28 07:02:23,2026-09-28 07:16:36
RSV-001854,REQ-004561,HSP-001,Ventilator,1,CONFIRMED,2026-09-28 07:01:38,2026-09-28 07:02:27,2026-09-28 07:16:36
RSV-001855,REQ-004564,HSP-018,ICU,1,CONFIRMED,2026-09-28 07:02:25,2026-09-28 07:02:33,2026-09-28 07:17:25
RSV-001856,REQ-004563,HSP-020,ICU,1,CONFIRMED,2026-09-28 07:04:17,2026-09-28 07:05:30,2026-09-28 07:19:17
RSV-001857,REQ-004567,HSP-013,General Bed,1,FAILED,2026-09-28 07:06:08,,2026-09-28 07:16:08
RSV-001858,REQ-004573,HSP-024,General Bed,1,CONFIRMED,2026-09-28 07:10:02,2026-09-28 07:10:26,2026-09-28 07:25:02
RSV-001859,REQ-004571,HSP-013,ICU,1,CONFIRMED,2026-09-28 07:10:50,2026-09-28 07:11:20,2026-09-28 07:25:50
RSV-001860,REQ-004576,HSP-001,ICU,1,CONFIRMED,2026-09-28 07:11:16,2026-09-28 07:12:05,2026-09-28 07:26:16
RSV-001861,REQ-004567,HSP-003,General Bed,1,CONFIRMED,2026-09-28 07:11:50,2026-09-28 07:12:58,2026-09-28 07:26:50
RSV-001862,REQ-004580,HSP-008,General Bed,1,CONFIRMED,2026-09-28 07:12:07,2026-09-28 07:12:16,2026-09-28 07:27:07
RSV-001863,REQ-004577,HSP-002,ICU,1,CONFIRMED,2026-09-28 07:12:45,2026-09-28 07:13:37,2026-09-28 07:27:45
RSV-001864,REQ-004577,HSP-002,Ventilator,1,CONFIRMED,2026-09-28 07:12:47,2026-09-28 07:13:40,2026-09-28 07:27:45
RSV-001865,REQ-004579,HSP-002,ICU,1,CONFIRMED,2026-09-28 07:14:08,2026-09-28 07:14:30,2026-09-28 07:29:08
RSV-001866,REQ-004579,HSP-002,Ventilator,1,CONFIRMED,2026-09-28 07:14:10,2026-09-28 07:14:34,2026-09-28 07:29:08
RSV-001867,REQ-004589,HSP-018,Oxygen Bed,1,CONFIRMED,2026-09-28 07:17:54,2026-09-28 07:18:51,2026-09-28 07:32:54
RSV-001868,REQ-004582,HSP-001,Oxygen Bed,1,CONFIRMED,2026-09-28 07:18:26,2026-09-28 07:19:19,2026-09-28 07:33:26
RSV-001869,REQ-004591,HSP-018,Oxygen Bed,1,CONFIRMED,2026-09-28 07:18:58,2026-09-28 07:19:31,2026-09-28 07:33:58
RSV-001870,REQ-004586,HSP-013,General Bed,1,EXPIRED,2026-09-28 07:19:46,,2026-09-28 07:29:46
RSV-001871,REQ-004590,HSP-002,General Bed,1,CONFIRMED,2026-09-28 07:20:00,2026-09-28 07:20:17,2026-09-28 07:35:00
RSV-001872,REQ-004594,HSP-009,General Bed,1,CONFIRMED,2026-09-28 07:20:28,2026-09-28 07:21:09,2026-09-28 07:35:28
RSV-001873,REQ-004593,HSP-012,General Bed,1,EXPIRED,2026-09-28 07:20:37,,2026-09-28 07:30:37
RSV-001874,REQ-004600,HSP-012,Oxygen Bed,1,CONFIRMED,2026-09-28 07:25:44,2026-09-28 07:26:10,2026-09-28 07:40:44
RSV-001875,REQ-004599,HSP-006,ICU,1,CONFIRMED,2026-09-28 07:26:52,2026-09-28 07:27:23,2026-09-28 07:41:52
RSV-001876,REQ-004604,HSP-012,Oxygen Bed,1,CONFIRMED,2026-09-28 07:27:01,2026-09-28 07:27:24,2026-09-28 07:42:01
RSV-001877,REQ-004598,HSP-012,ICU,1,EXPIRED,2026-09-28 07:27:23,,2026-09-28 07:37:23
RSV-001878,REQ-004601,HSP-007,General Bed,1,EXPIRED,2026-09-28 07:27:45,,2026-09-28 07:37:45
RSV-001879,REQ-004603,HSP-002,ICU,1,CONFIRMED,2026-09-28 07:29:36,2026-09-28 07:30:21,2026-09-28 07:44:36
RSV-001880,REQ-004603,HSP-002,Ventilator,1,CONFIRMED,2026-09-28 07:29:38,2026-09-28 07:30:24,2026-09-28 07:44:36
RSV-001881,REQ-004608,HSP-001,ICU,1,CONFIRMED,2026-09-28 07:34:06,2026-09-28 07:35:00,2026-09-28 07:49:06
RSV-001882,REQ-004611,HSP-011,General Bed,1,EXPIRED,2026-09-28 07:34:13,,2026-09-28 07:44:13
RSV-001883,REQ-004612,HSP-018,Oxygen Bed,1,CONFIRMED,2026-09-28 07:34:22,2026-09-28 07:34:53,2026-09-28 07:49:22
RSV-001884,REQ-004618,HSP-004,ICU,1,CONFIRMED,2026-09-28 07:37:00,2026-09-28 07:37:17,2026-09-28 07:52:00
RSV-001885,REQ-004615,HSP-012,General Bed,1,CONFIRMED,2026-09-28 07:37:58,2026-09-28 07:38:40,2026-09-28 07:52:58
RSV-001886,REQ-004620,HSP-018,Oxygen Bed,1,FAILED,2026-09-28 07:38:33,,2026-09-28 07:48:33
RSV-001887,REQ-004619,HSP-018,ICU,1,CONFIRMED,2026-09-28 07:38:39,2026-09-28 07:39:28,2026-09-28 07:53:39
RSV-001888,REQ-004619,HSP-018,Ventilator,1,CONFIRMED,2026-09-28 07:38:41,2026-09-28 07:39:37,2026-09-28 07:53:39
RSV-001889,REQ-004621,HSP-001,ICU,1,CONFIRMED,2026-09-28 07:41:13,2026-09-28 07:41:45,2026-09-28 07:56:13
RSV-001890,REQ-004621,HSP-001,Ventilator,1,CONFIRMED,2026-09-28 07:41:15,2026-09-28 07:41:48,2026-09-28 07:56:13
RSV-001891,REQ-004620,HSP-003,Oxygen Bed,1,CONFIRMED,2026-09-28 07:42:02,2026-09-28 07:43:06,2026-09-28 07:57:02
RSV-001892,REQ-004626,HSP-008,General Bed,1,CONFIRMED,2026-09-28 07:43:06,2026-09-28 07:43:23,2026-09-28 07:58:06
RSV-001893,REQ-004625,HSP-006,General Bed,1,CONFIRMED,2026-09-28 07:44:18,2026-09-28 07:44:57,2026-09-28 07:59:18
RSV-001894,REQ-004627,HSP-001,ICU,1,CONFIRMED,2026-09-28 07:46:36,2026-09-28 07:47:44,2026-09-28 08:01:36
RSV-001895,REQ-004627,HSP-001,Ventilator,1,CONFIRMED,2026-09-28 07:46:38,2026-09-28 07:47:49,2026-09-28 08:01:36
RSV-001896,REQ-004629,HSP-002,ICU,1,CONFIRMED,2026-09-28 07:48:07,2026-09-28 07:49:08,2026-09-28 08:03:07
RSV-001897,REQ-004630,HSP-002,General Bed,1,CONFIRMED,2026-09-28 07:49:19,2026-09-28 07:50:25,2026-09-28 08:04:19
RSV-001898,REQ-004632,HSP-012,ICU,1,CONFIRMED,2026-09-28 07:49:45,2026-09-28 07:50:02,2026-09-28 08:04:45
RSV-001899,REQ-004636,HSP-013,ICU,1,CONFIRMED,2026-09-28 07:51:08,2026-09-28 07:51:42,2026-09-28 08:06:08
RSV-001900,REQ-004640,HSP-024,ICU,1,CONFIRMED,2026-09-28 07:54:25,2026-09-28 07:55:29,2026-09-28 08:09:25
RSV-001901,REQ-004639,HSP-004,General Bed,1,CANCELLED,2026-09-28 07:54:28,2026-09-28 07:54:50,2026-09-28 08:04:28
RSV-001902,REQ-004644,HSP-007,ICU,1,RELEASED,2026-09-28 07:57:55,2026-09-28 07:58:22,2026-09-28 08:07:55
RSV-001903,REQ-004643,HSP-009,Oxygen Bed,1,CONFIRMED,2026-09-28 07:58:22,2026-09-28 07:59:02,2026-09-28 08:13:22
RSV-001904,REQ-004639,HSP-018,General Bed,1,CONFIRMED,2026-09-28 07:59:11,2026-09-28 08:00:20,2026-09-28 08:14:11
RSV-001905,REQ-004644,HSP-020,ICU,1,CONFIRMED,2026-09-28 08:01:43,2026-09-28 08:02:07,2026-09-28 08:16:43
RSV-001906,REQ-004645,HSP-008,ICU,4,CONFIRMED,2026-09-28 08:02:53,2026-09-28 08:03:57,2026-09-28 08:17:53
RSV-001907,REQ-004648,HSP-008,General Bed,2,CANCELLED,2026-09-28 08:05:43,2026-09-28 08:06:08,2026-09-28 08:15:43
RSV-001908,REQ-004649,HSP-002,ICU,2,EXPIRED,2026-09-28 08:07:09,,2026-09-28 08:17:09
RSV-001909,REQ-004648,HSP-002,General Bed,2,CONFIRMED,2026-09-28 08:12:04,2026-09-28 08:12:25,2026-09-28 08:27:04
RSV-001910,REQ-004663,HSP-023,General Bed,1,EXPIRED,2026-09-28 08:14:14,,2026-09-28 08:24:14
RSV-001911,REQ-004665,HSP-012,Oxygen Bed,1,CONFIRMED,2026-09-28 08:14:32,2026-09-28 08:15:35,2026-09-28 08:29:32
RSV-001912,REQ-004660,HSP-013,ICU,1,FAILED,2026-09-28 08:15:08,,2026-09-28 08:25:08
RSV-001913,REQ-004667,HSP-017,General Bed,1,EXPIRED,2026-09-28 08:15:33,,2026-09-28 08:25:33
RSV-001914,REQ-004661,HSP-007,ICU,1,EXPIRED,2026-09-28 08:15:39,,2026-09-28 08:25:39
RSV-001915,REQ-004669,HSP-008,ICU,1,EXPIRED,2026-09-28 08:17:40,,2026-09-28 08:27:40
RSV-001916,REQ-004670,HSP-006,Oxygen Bed,1,CONFIRMED,2026-09-28 08:18:18,2026-09-28 08:18:42,2026-09-28 08:33:18
RSV-001917,REQ-004660,HSP-012,ICU,1,RELEASED,2026-09-28 08:21:15,2026-09-28 08:21:25,2026-09-28 08:31:15
RSV-001918,REQ-004675,HSP-004,ICU,1,CONFIRMED,2026-09-28 08:21:26,2026-09-28 08:22:37,2026-09-28 08:36:26
RSV-001919,REQ-004680,HSP-024,General Bed,1,CONFIRMED,2026-09-28 08:23:42,2026-09-28 08:24:29,2026-09-28 08:38:42
RSV-001920,REQ-004679,HSP-012,ICU,1,CONFIRMED,2026-09-28 08:24:01,2026-09-28 08:25:01,2026-09-28 08:39:01
RSV-001921,REQ-004679,HSP-012,Ventilator,1,CONFIRMED,2026-09-28 08:24:03,2026-09-28 08:25:08,2026-09-28 08:39:01
RSV-001922,REQ-004681,HSP-012,ICU,1,CONFIRMED,2026-09-28 08:24:25,2026-09-28 08:24:40,2026-09-28 08:39:25
RSV-001923,REQ-004660,HSP-003,ICU,1,CONFIRMED,2026-09-28 08:24:35,2026-09-28 08:24:47,2026-09-28 08:39:35
RSV-001924,REQ-004682,HSP-008,ICU,1,CONFIRMED,2026-09-28 08:24:45,2026-09-28 08:25:54,2026-09-28 08:39:45
RSV-001925,REQ-004677,HSP-007,General Bed,1,CONFIRMED,2026-09-28 08:24:53,2026-09-28 08:25:20,2026-09-28 08:39:53
RSV-001926,REQ-004685,HSP-011,General Bed,1,CONFIRMED,2026-09-28 08:26:48,2026-09-28 08:27:10,2026-09-28 08:41:48
RSV-001927,REQ-004690,HSP-001,ICU,1,CONFIRMED,2026-09-28 08:29:04,2026-09-28 08:30:10,2026-09-28 08:44:04
RSV-001928,REQ-004696,HSP-018,Oxygen Bed,1,CANCELLED,2026-09-28 08:32:07,2026-09-28 08:32:18,2026-09-28 08:42:07
RSV-001929,REQ-004697,HSP-012,ICU,1,EXPIRED,2026-09-28 08:33:55,,2026-09-28 08:43:55
RSV-001930,REQ-004699,HSP-001,ICU,1,EXPIRED,2026-09-28 08:35:09,,2026-09-28 08:45:09
RSV-001931,REQ-004696,HSP-004,Oxygen Bed,1,CONFIRMED,2026-09-28 08:35:55,2026-09-28 08:37:04,2026-09-28 08:50:55
RSV-001932,REQ-004698,HSP-008,ICU,1,CONFIRMED,2026-09-28 08:35:59,2026-09-28 08:36:57,2026-09-28 08:50:59
RSV-001933,REQ-004698,HSP-008,Ventilator,1,CONFIRMED,2026-09-28 08:36:01,2026-09-28 08:37:02,2026-09-28 08:50:59
RSV-001934,REQ-004707,HSP-005,ICU,1,CONFIRMED,2026-09-28 08:36:29,2026-09-28 08:37:24,2026-09-28 08:51:29
RSV-001935,REQ-004707,HSP-005,Ventilator,1,CONFIRMED,2026-09-28 08:36:31,2026-09-28 08:37:31,2026-09-28 08:51:29
RSV-001936,REQ-004705,HSP-012,ICU,1,EXPIRED,2026-09-28 08:38:46,,2026-09-28 08:48:46
RSV-001937,REQ-004704,HSP-002,ICU,1,EXPIRED,2026-09-28 08:38:50,,2026-09-28 08:48:50
RSV-001938,REQ-004706,HSP-002,ICU,1,CONFIRMED,2026-09-28 08:38:53,2026-09-28 08:40:00,2026-09-28 08:53:53
RSV-001939,REQ-004706,HSP-002,Ventilator,1,CONFIRMED,2026-09-28 08:38:55,2026-09-28 08:40:00,2026-09-28 08:53:53
RSV-001940,REQ-004709,HSP-002,ICU,1,CONFIRMED,2026-09-28 08:39:27,2026-09-28 08:39:40,2026-09-28 08:54:27
RSV-001941,REQ-004709,HSP-002,Ventilator,1,CONFIRMED,2026-09-28 08:39:29,2026-09-28 08:39:40,2026-09-28 08:54:27
RSV-001942,REQ-004710,HSP-019,ICU,1,FAILED,2026-09-28 08:40:05,,2026-09-28 08:50:05
RSV-001943,REQ-004711,HSP-001,General Bed,1,EXPIRED,2026-09-28 08:41:34,,2026-09-28 08:51:34
RSV-001944,REQ-004712,HSP-020,General Bed,1,CANCELLED,2026-09-28 08:41:38,2026-09-28 08:42:00,2026-09-28 08:51:38
RSV-001945,REQ-004712,HSP-007,General Bed,1,FAILED,2026-09-28 08:45:01,,2026-09-28 08:55:01
RSV-001946,REQ-004723,HSP-001,ICU,1,RELEASED,2026-09-28 08:46:26,2026-09-28 08:46:45,2026-09-28 08:56:26
RSV-001947,REQ-004721,HSP-012,ICU,1,CONFIRMED,2026-09-28 08:46:59,2026-09-28 08:47:14,2026-09-28 09:01:59
RSV-001948,REQ-004727,HSP-002,ICU,1,CONFIRMED,2026-09-28 08:47:11,2026-09-28 08:47:56,2026-09-28 09:02:11
RSV-001949,REQ-004723,HSP-019,ICU,1,CONFIRMED,2026-09-28 08:48:07,2026-09-28 08:48:58,2026-09-28 09:03:07
RSV-001950,REQ-004725,HSP-001,ICU,1,CONFIRMED,2026-09-28 08:49:21,2026-09-28 08:50:18,2026-09-28 09:04:21
RSV-001951,REQ-004733,HSP-002,General Bed,1,CONFIRMED,2026-09-28 08:55:56,2026-09-28 08:57:10,2026-09-28 09:10:56
RSV-001952,REQ-004736,HSP-002,ICU,1,CONFIRMED,2026-09-28 08:59:08,2026-09-28 09:00:09,2026-09-28 09:14:08
RSV-001953,REQ-004736,HSP-002,Ventilator,1,CONFIRMED,2026-09-28 08:59:10,2026-09-28 09:00:18,2026-09-28 09:14:08
RSV-001954,REQ-004740,HSP-023,General Bed,1,CONFIRMED,2026-09-28 09:00:35,2026-09-28 09:01:40,2026-09-28 09:15:35
RSV-001955,REQ-004742,HSP-002,ICU,1,EXPIRED,2026-09-28 09:03:08,,2026-09-28 09:13:08
RSV-001956,REQ-004741,HSP-020,General Bed,1,CONFIRMED,2026-09-28 09:03:38,2026-09-28 09:04:43,2026-09-28 09:18:38
RSV-001957,REQ-004743,HSP-013,General Bed,1,CONFIRMED,2026-09-28 09:03:43,2026-09-28 09:04:25,2026-09-28 09:18:43
RSV-001958,REQ-004744,HSP-015,General Bed,1,CONFIRMED,2026-09-28 09:03:49,2026-09-28 09:04:29,2026-09-28 09:18:49
RSV-001959,REQ-004750,HSP-007,ICU,1,CONFIRMED,2026-09-28 09:05:17,2026-09-28 09:06:30,2026-09-28 09:20:17
RSV-001960,REQ-004750,HSP-007,Ventilator,1,CONFIRMED,2026-09-28 09:05:19,2026-09-28 09:06:38,2026-09-28 09:20:17
RSV-001961,REQ-004747,HSP-012,Oxygen Bed,1,CONFIRMED,2026-09-28 09:06:00,2026-09-28 09:06:15,2026-09-28 09:21:00
RSV-001962,REQ-004748,HSP-018,ICU,1,CONFIRMED,2026-09-28 09:06:00,2026-09-28 09:07:09,2026-09-28 09:21:00
RSV-001963,REQ-004753,HSP-024,ICU,1,CONFIRMED,2026-09-28 09:06:19,2026-09-28 09:07:21,2026-09-28 09:21:19
RSV-001964,REQ-004753,HSP-024,Ventilator,1,CONFIRMED,2026-09-28 09:06:21,2026-09-28 09:07:28,2026-09-28 09:21:19
RSV-001965,REQ-004746,HSP-009,General Bed,1,CONFIRMED,2026-09-28 09:06:42,2026-09-28 09:06:59,2026-09-28 09:21:42
RSV-001966,REQ-004756,HSP-019,ICU,1,CONFIRMED,2026-09-28 09:07:03,2026-09-28 09:07:39,2026-09-28 09:22:03
RSV-001967,REQ-004756,HSP-019,Ventilator,1,CONFIRMED,2026-09-28 09:07:05,2026-09-28 09:07:40,2026-09-28 09:22:03
RSV-001968,REQ-004752,HSP-007,General Bed,1,CANCELLED,2026-09-28 09:07:16,2026-09-28 09:07:29,2026-09-28 09:17:16
RSV-001969,REQ-004751,HSP-009,Oxygen Bed,1,EXPIRED,2026-09-28 09:08:14,,2026-09-28 09:18:14
RSV-001970,REQ-004754,HSP-006,General Bed,1,EXPIRED,2026-09-28 09:09:03,,2026-09-28 09:19:03
RSV-001971,REQ-004758,HSP-002,ICU,1,CONFIRMED,2026-09-28 09:10:47,2026-09-28 09:11:47,2026-09-28 09:25:47
RSV-001972,REQ-004758,HSP-002,Ventilator,1,CONFIRMED,2026-09-28 09:10:49,2026-09-28 09:11:47,2026-09-28 09:25:47
RSV-001973,REQ-004771,HSP-018,ICU,1,EXPIRED,2026-09-28 09:19:39,,2026-09-28 09:29:39
RSV-001974,REQ-004770,HSP-013,General Bed,1,CONFIRMED,2026-09-28 09:19:55,2026-09-28 09:21:08,2026-09-28 09:34:55
RSV-001975,REQ-004772,HSP-013,ICU,1,CONFIRMED,2026-09-28 09:20:39,2026-09-28 09:20:57,2026-09-28 09:35:39
RSV-001976,REQ-004773,HSP-013,ICU,1,CONFIRMED,2026-09-28 09:22:25,2026-09-28 09:23:00,2026-09-28 09:37:25
RSV-001977,REQ-004773,HSP-013,Ventilator,1,CONFIRMED,2026-09-28 09:22:27,2026-09-28 09:23:06,2026-09-28 09:37:25
RSV-001978,REQ-004775,HSP-001,Oxygen Bed,1,EXPIRED,2026-09-28 09:24:26,,2026-09-28 09:34:26
RSV-001979,REQ-004780,HSP-015,General Bed,1,CONFIRMED,2026-09-28 09:25:44,2026-09-28 09:26:46,2026-09-28 09:40:44
RSV-001980,REQ-004779,HSP-007,ICU,1,CONFIRMED,2026-09-28 09:26:19,2026-09-28 09:27:02,2026-09-28 09:41:19
RSV-001981,REQ-004783,HSP-001,General Bed,1,CONFIRMED,2026-09-28 09:28:23,2026-09-28 09:28:34,2026-09-28 09:43:23
RSV-001982,REQ-004786,HSP-013,ICU,1,CONFIRMED,2026-09-28 09:30:56,2026-09-28 09:31:15,2026-09-28 09:45:56
RSV-001983,REQ-004786,HSP-013,Ventilator,1,CONFIRMED,2026-09-28 09:30:58,2026-09-28 09:31:19,2026-09-28 09:45:56
RSV-001984,REQ-004784,HSP-007,ICU,1,CONFIRMED,2026-09-28 09:31:07,2026-09-28 09:31:19,2026-09-28 09:46:07
RSV-001985,REQ-004785,HSP-001,ICU,1,CONFIRMED,2026-09-28 09:32:07,2026-09-28 09:33:20,2026-09-28 09:47:07
RSV-001986,REQ-004791,HSP-001,General Bed,1,CONFIRMED,2026-09-28 09:33:52,2026-09-28 09:34:08,2026-09-28 09:48:52
RSV-001987,REQ-004794,HSP-003,General Bed,1,CONFIRMED,2026-09-28 09:36:28,2026-09-28 09:36:54,2026-09-28 09:51:28
RSV-001988,REQ-004796,HSP-001,ICU,1,CONFIRMED,2026-09-28 09:37:03,2026-09-28 09:37:57,2026-09-28 09:52:03
RSV-001989,REQ-004801,HSP-013,ICU,1,CONFIRMED,2026-09-28 09:40:30,2026-09-28 09:40:47,2026-09-28 09:55:30
RSV-001990,REQ-004801,HSP-013,Ventilator,1,CONFIRMED,2026-09-28 09:40:32,2026-09-28 09:40:53,2026-09-28 09:55:30
RSV-001991,REQ-004799,HSP-008,Oxygen Bed,1,CONFIRMED,2026-09-28 09:40:33,2026-09-28 09:40:54,2026-09-28 09:55:33
RSV-001992,REQ-004800,HSP-018,Oxygen Bed,1,CONFIRMED,2026-09-28 09:41:16,2026-09-28 09:42:08,2026-09-28 09:56:16
RSV-001993,REQ-004805,HSP-013,ICU,1,CONFIRMED,2026-09-28 09:42:31,2026-09-28 09:43:08,2026-09-28 09:57:31
RSV-001994,REQ-004802,HSP-013,General Bed,1,CONFIRMED,2026-09-28 09:42:32,2026-09-28 09:43:43,2026-09-28 09:57:32
RSV-001995,REQ-004805,HSP-013,Ventilator,1,CONFIRMED,2026-09-28 09:42:33,2026-09-28 09:43:14,2026-09-28 09:57:31
RSV-001996,REQ-004804,HSP-019,ICU,1,CONFIRMED,2026-09-28 09:43:29,2026-09-28 09:44:12,2026-09-28 09:58:29
RSV-001997,REQ-004804,HSP-019,Ventilator,1,CONFIRMED,2026-09-28 09:43:31,2026-09-28 09:44:13,2026-09-28 09:58:29
RSV-001998,REQ-004812,HSP-003,General Bed,1,CONFIRMED,2026-09-28 09:46:37,2026-09-28 09:47:09,2026-09-28 10:01:37
RSV-001999,REQ-004811,HSP-019,General Bed,1,EXPIRED,2026-09-28 09:46:44,,2026-09-28 09:56:44
RSV-002000,REQ-004816,HSP-008,General Bed,1,CONFIRMED,2026-09-28 09:49:24,2026-09-28 09:50:16,2026-09-28 10:04:24
RSV-002001,REQ-004820,HSP-002,General Bed,1,CONFIRMED,2026-09-28 09:50:42,2026-09-28 09:51:53,2026-09-28 10:05:42
RSV-002002,REQ-004818,HSP-018,General Bed,1,CONFIRMED,2026-09-28 09:52:07,2026-09-28 09:52:56,2026-09-28 10:07:07
RSV-002003,REQ-004821,HSP-008,ICU,1,CONFIRMED,2026-09-28 09:52:47,2026-09-28 09:53:29,2026-09-28 10:07:47
RSV-002004,REQ-004819,HSP-008,ICU,1,CONFIRMED,2026-09-28 09:53:40,2026-09-28 09:54:38,2026-09-28 10:08:40
RSV-002005,REQ-004824,HSP-020,ICU,1,EXPIRED,2026-09-28 09:54:18,,2026-09-28 10:04:18
RSV-002006,REQ-004825,HSP-002,General Bed,1,EXPIRED,2026-09-28 09:54:26,,2026-09-28 10:04:26
RSV-002007,REQ-004829,HSP-013,ICU,1,CONFIRMED,2026-09-28 09:56:12,2026-09-28 09:56:42,2026-09-28 10:11:12
RSV-002008,REQ-004831,HSP-005,General Bed,1,CONFIRMED,2026-09-28 09:58:49,2026-09-28 09:59:54,2026-09-28 10:13:49
RSV-002009,REQ-004837,HSP-019,ICU,1,CONFIRMED,2026-09-28 09:59:12,2026-09-28 10:00:04,2026-09-28 10:14:12
RSV-002010,REQ-004837,HSP-019,Ventilator,1,CONFIRMED,2026-09-28 09:59:14,2026-09-28 10:00:09,2026-09-28 10:14:12
RSV-002011,REQ-004834,HSP-003,Oxygen Bed,1,EXPIRED,2026-09-28 09:59:57,,2026-09-28 10:09:57
RSV-002012,REQ-004840,HSP-002,ICU,1,CONFIRMED,2026-09-28 10:01:55,2026-09-28 10:02:34,2026-09-28 10:16:55
RSV-002013,REQ-004841,HSP-012,ICU,1,CONFIRMED,2026-09-28 10:02:02,2026-09-28 10:02:50,2026-09-28 10:17:02
RSV-002014,REQ-004843,HSP-012,General Bed,1,CONFIRMED,2026-09-28 10:04:32,2026-09-28 10:05:36,2026-09-28 10:19:32
RSV-002015,REQ-004849,HSP-008,ICU,1,CONFIRMED,2026-09-28 10:06:02,2026-09-28 10:07:08,2026-09-28 10:21:02
RSV-002016,REQ-004845,HSP-012,ICU,1,FAILED,2026-09-28 10:06:55,,2026-09-28 10:16:55
RSV-002017,REQ-004850,HSP-013,Oxygen Bed,1,CONFIRMED,2026-09-28 10:07:00,2026-09-28 10:07:57,2026-09-28 10:22:00
RSV-002018,REQ-004847,HSP-002,ICU,1,EXPIRED,2026-09-28 10:07:08,,2026-09-28 10:17:08
RSV-002019,REQ-004848,HSP-004,ICU,1,CONFIRMED,2026-09-28 10:07:21,2026-09-28 10:08:05,2026-09-28 10:22:21
RSV-002020,REQ-004852,HSP-001,General Bed,1,FAILED,2026-09-28 10:08:18,,2026-09-28 10:18:18
RSV-002021,REQ-004853,HSP-019,Oxygen Bed,1,EXPIRED,2026-09-28 10:09:39,,2026-09-28 10:19:39
RSV-002022,REQ-004856,HSP-001,ICU,1,CONFIRMED,2026-09-28 10:10:18,2026-09-28 10:10:27,2026-09-28 10:25:18
RSV-002023,REQ-004852,HSP-022,General Bed,1,CONFIRMED,2026-09-28 10:12:11,2026-09-28 10:12:28,2026-09-28 10:27:11
RSV-002024,REQ-004857,HSP-005,ICU,1,CONFIRMED,2026-09-28 10:12:27,2026-09-28 10:12:56,2026-09-28 10:27:27
RSV-002025,REQ-004858,HSP-004,General Bed,1,CONFIRMED,2026-09-28 10:12:57,2026-09-28 10:13:16,2026-09-28 10:27:57
RSV-002026,REQ-004859,HSP-001,ICU,1,CONFIRMED,2026-09-28 10:13:31,2026-09-28 10:13:52,2026-09-28 10:28:31
RSV-002027,REQ-004845,HSP-007,ICU,1,CONFIRMED,2026-09-28 10:14:20,2026-09-28 10:14:35,2026-09-28 10:29:20
RSV-002028,REQ-004860,HSP-008,General Bed,1,CONFIRMED,2026-09-28 10:14:58,2026-09-28 10:15:18,2026-09-28 10:29:58
RSV-002029,REQ-004861,HSP-018,General Bed,1,CONFIRMED,2026-09-28 10:16:12,2026-09-28 10:16:25,2026-09-28 10:31:12
RSV-002030,REQ-004862,HSP-004,General Bed,1,EXPIRED,2026-09-28 10:16:54,,2026-09-28 10:26:54
RSV-002031,REQ-004864,HSP-002,ICU,1,CONFIRMED,2026-09-28 10:17:40,2026-09-28 10:18:48,2026-09-28 10:32:40
RSV-002032,REQ-004864,HSP-002,Ventilator,1,CONFIRMED,2026-09-28 10:17:42,2026-09-28 10:18:56,2026-09-28 10:32:40
RSV-002033,REQ-004869,HSP-012,ICU,1,CONFIRMED,2026-09-28 10:18:27,2026-09-28 10:19:02,2026-09-28 10:33:27
RSV-002034,REQ-004869,HSP-012,Ventilator,1,CONFIRMED,2026-09-28 10:18:29,2026-09-28 10:19:08,2026-09-28 10:33:27
RSV-002035,REQ-004876,HSP-007,ICU,1,CONFIRMED,2026-09-28 10:22:12,2026-09-28 10:22:54,2026-09-28 10:37:12
RSV-002036,REQ-004871,HSP-002,ICU,1,CONFIRMED,2026-09-28 10:22:15,2026-09-28 10:22:34,2026-09-28 10:37:15
RSV-002037,REQ-004877,HSP-002,ICU,1,CONFIRMED,2026-09-28 10:24:10,2026-09-28 10:24:55,2026-09-28 10:39:10
RSV-002038,REQ-004877,HSP-002,Ventilator,1,CONFIRMED,2026-09-28 10:24:12,2026-09-28 10:24:56,2026-09-28 10:39:10
RSV-002039,REQ-004878,HSP-007,General Bed,1,RELEASED,2026-09-28 10:25:51,2026-09-28 10:26:15,2026-09-28 10:35:51
RSV-002040,REQ-004880,HSP-013,ICU,1,EXPIRED,2026-09-28 10:26:29,,2026-09-28 10:36:29
RSV-002041,REQ-004882,HSP-002,ICU,1,CONFIRMED,2026-09-28 10:27:52,2026-09-28 10:28:25,2026-09-28 10:42:52
RSV-002042,REQ-004882,HSP-002,Ventilator,1,CONFIRMED,2026-09-28 10:27:54,2026-09-28 10:28:31,2026-09-28 10:42:52
RSV-002043,REQ-004887,HSP-007,ICU,1,CONFIRMED,2026-09-28 10:28:14,2026-09-28 10:29:00,2026-09-28 10:43:14
RSV-002044,REQ-004883,HSP-012,ICU,1,CONFIRMED,2026-09-28 10:28:24,2026-09-28 10:28:49,2026-09-28 10:43:24
RSV-002045,REQ-004883,HSP-012,Ventilator,1,CONFIRMED,2026-09-28 10:28:26,2026-09-28 10:28:55,2026-09-28 10:43:24
RSV-002046,REQ-004878,HSP-014,General Bed,1,CONFIRMED,2026-09-28 10:29:09,2026-09-28 10:29:51,2026-09-28 10:44:09
RSV-002047,REQ-004888,HSP-012,ICU,1,CONFIRMED,2026-09-28 10:30:56,2026-09-28 10:31:22,2026-09-28 10:45:56
RSV-002048,REQ-004888,HSP-012,Ventilator,1,CONFIRMED,2026-09-28 10:30:58,2026-09-28 10:31:22,2026-09-28 10:45:56
RSV-002049,REQ-004890,HSP-018,ICU,1,EXPIRED,2026-09-28 10:31:45,,2026-09-28 10:41:45
RSV-002050,REQ-004889,HSP-007,General Bed,1,CONFIRMED,2026-09-28 10:31:52,2026-09-28 10:32:47,2026-09-28 10:46:52
RSV-002051,REQ-004892,HSP-013,Oxygen Bed,1,EXPIRED,2026-09-28 10:33:56,,2026-09-28 10:43:56
RSV-002052,REQ-004897,HSP-012,ICU,1,CONFIRMED,2026-09-28 10:38:17,2026-09-28 10:39:10,2026-09-28 10:53:17
RSV-002053,REQ-004896,HSP-013,General Bed,1,CONFIRMED,2026-09-28 10:39:13,2026-09-28 10:40:25,2026-09-28 10:54:13
RSV-002054,REQ-004898,HSP-013,ICU,1,CONFIRMED,2026-09-28 10:39:28,2026-09-28 10:39:51,2026-09-28 10:54:28
RSV-002055,REQ-004898,HSP-013,Ventilator,1,CONFIRMED,2026-09-28 10:39:30,2026-09-28 10:39:59,2026-09-28 10:54:28
RSV-002056,REQ-004902,HSP-004,General Bed,1,RELEASED,2026-09-28 10:41:10,2026-09-28 10:41:28,2026-09-28 10:51:10
RSV-002057,REQ-004899,HSP-008,ICU,1,CONFIRMED,2026-09-28 10:41:11,2026-09-28 10:41:32,2026-09-28 10:56:11
RSV-002058,REQ-004899,HSP-008,Ventilator,1,CONFIRMED,2026-09-28 10:41:13,2026-09-28 10:41:39,2026-09-28 10:56:11
RSV-002059,REQ-004901,HSP-012,ICU,1,CONFIRMED,2026-09-28 10:41:15,2026-09-28 10:41:53,2026-09-28 10:56:15
RSV-002060,REQ-004901,HSP-012,Ventilator,1,CONFIRMED,2026-09-28 10:41:17,2026-09-28 10:41:53,2026-09-28 10:56:15
RSV-002061,REQ-004900,HSP-002,General Bed,1,EXPIRED,2026-09-28 10:42:05,,2026-09-28 10:52:05
RSV-002062,REQ-004903,HSP-011,General Bed,1,CONFIRMED,2026-09-28 10:44:40,2026-09-28 10:44:53,2026-09-28 10:59:40
RSV-002063,REQ-004910,HSP-018,Oxygen Bed,1,CONFIRMED,2026-09-28 10:44:52,2026-09-28 10:45:43,2026-09-28 10:59:52
RSV-002064,REQ-004912,HSP-012,ICU,1,CONFIRMED,2026-09-28 10:45:09,2026-09-28 10:46:19,2026-09-28 11:00:09
RSV-002065,REQ-004912,HSP-012,Ventilator,1,CONFIRMED,2026-09-28 10:45:11,2026-09-28 10:46:27,2026-09-28 11:00:09
RSV-002066,REQ-004913,HSP-013,Oxygen Bed,1,CONFIRMED,2026-09-28 10:45:34,2026-09-28 10:46:11,2026-09-28 11:00:34
RSV-002067,REQ-004905,HSP-002,General Bed,1,CONFIRMED,2026-09-28 10:45:48,2026-09-28 10:46:30,2026-09-28 11:00:48
RSV-002068,REQ-004914,HSP-012,ICU,1,CONFIRMED,2026-09-28 10:46:37,2026-09-28 10:47:17,2026-09-28 11:01:37
RSV-002069,REQ-004914,HSP-012,Ventilator,1,CONFIRMED,2026-09-28 10:46:39,2026-09-28 10:47:25,2026-09-28 11:01:37
RSV-002070,REQ-004908,HSP-002,General Bed,1,CONFIRMED,2026-09-28 10:46:50,2026-09-28 10:47:08,2026-09-28 11:01:50
RSV-002071,REQ-004902,HSP-003,General Bed,1,CONFIRMED,2026-09-28 10:47:17,2026-09-28 10:47:25,2026-09-28 11:02:17
RSV-002072,REQ-004911,HSP-018,Oxygen Bed,1,CONFIRMED,2026-09-28 10:47:31,2026-09-28 10:48:10,2026-09-28 11:02:31
RSV-002073,REQ-004916,HSP-008,General Bed,1,CONFIRMED,2026-09-28 10:47:53,2026-09-28 10:48:49,2026-09-28 11:02:53
RSV-002074,REQ-004923,HSP-012,General Bed,1,CONFIRMED,2026-09-28 10:52:58,2026-09-28 10:53:42,2026-09-28 11:07:58
RSV-002075,REQ-004921,HSP-020,General Bed,1,RELEASED,2026-09-28 10:53:48,2026-09-28 10:54:20,2026-09-28 11:03:48
RSV-002076,REQ-004922,HSP-007,General Bed,1,CONFIRMED,2026-09-28 10:53:55,2026-09-28 10:54:29,2026-09-28 11:08:55
RSV-002077,REQ-004929,HSP-001,ICU,1,CONFIRMED,2026-09-28 10:54:27,2026-09-28 10:55:27,2026-09-28 11:09:27
RSV-002078,REQ-004928,HSP-004,General Bed,1,CONFIRMED,2026-09-28 10:56:38,2026-09-28 10:57:04,2026-09-28 11:11:38
RSV-002079,REQ-004921,HSP-014,General Bed,1,CONFIRMED,2026-09-28 10:57:00,2026-09-28 10:58:12,2026-09-28 11:12:00
RSV-002080,REQ-004930,HSP-018,Oxygen Bed,1,CONFIRMED,2026-09-28 10:59:20,2026-09-28 11:00:00,2026-09-28 11:14:20
RSV-002081,REQ-004931,HSP-018,ICU,1,CONFIRMED,2026-09-28 10:59:38,2026-09-28 11:00:40,2026-09-28 11:14:38
RSV-002082,REQ-004931,HSP-018,Ventilator,1,CONFIRMED,2026-09-28 10:59:40,2026-09-28 11:00:46,2026-09-28 11:14:38
RSV-002083,REQ-004937,HSP-005,ICU,1,CONFIRMED,2026-09-28 11:03:34,2026-09-28 11:04:02,2026-09-28 11:18:34
RSV-002084,REQ-004936,HSP-024,ICU,1,RELEASED,2026-09-28 11:03:35,2026-09-28 11:03:49,2026-09-28 11:13:35
RSV-002085,REQ-004938,HSP-013,ICU,1,CONFIRMED,2026-09-28 11:04:09,2026-09-28 11:05:08,2026-09-28 11:19:09
RSV-002086,REQ-004935,HSP-007,ICU,1,EXPIRED,2026-09-28 11:04:20,,2026-09-28 11:14:20
RSV-002087,REQ-004939,HSP-002,ICU,1,CONFIRMED,2026-09-28 11:06:22,2026-09-28 11:07:24,2026-09-28 11:21:22
RSV-002088,REQ-004940,HSP-013,General Bed,1,CONFIRMED,2026-09-28 11:06:56,2026-09-28 11:07:56,2026-09-28 11:21:56
RSV-002089,REQ-004945,HSP-001,General Bed,1,CONFIRMED,2026-09-28 11:09:03,2026-09-28 11:09:17,2026-09-28 11:24:03
RSV-002090,REQ-004942,HSP-001,ICU,1,EXPIRED,2026-09-28 11:10:32,,2026-09-28 11:20:32
RSV-002091,REQ-004950,HSP-002,ICU,1,CONFIRMED,2026-09-28 11:13:45,2026-09-28 11:14:01,2026-09-28 11:28:45
RSV-002092,REQ-004950,HSP-002,Ventilator,1,CONFIRMED,2026-09-28 11:13:47,2026-09-28 11:14:06,2026-09-28 11:28:45
RSV-002093,REQ-004948,HSP-002,ICU,1,CONFIRMED,2026-09-28 11:14:15,2026-09-28 11:14:39,2026-09-28 11:29:15
RSV-002094,REQ-004947,HSP-004,Oxygen Bed,1,CONFIRMED,2026-09-28 11:15:47,2026-09-28 11:17:00,2026-09-28 11:30:47
RSV-002095,REQ-004949,HSP-002,ICU,1,EXPIRED,2026-09-28 11:16:25,,2026-09-28 11:26:25
RSV-002096,REQ-004953,HSP-024,ICU,1,CONFIRMED,2026-09-28 11:24:28,2026-09-28 11:25:20,2026-09-28 11:39:28
RSV-002097,REQ-004953,HSP-024,Ventilator,1,CONFIRMED,2026-09-28 11:24:30,2026-09-28 11:25:26,2026-09-28 11:39:28
RSV-002098,REQ-004956,HSP-006,ICU,1,EXPIRED,2026-09-28 11:26:11,,2026-09-28 11:36:11
RSV-002099,REQ-004962,HSP-006,General Bed,1,CONFIRMED,2026-09-28 11:32:09,2026-09-28 11:32:42,2026-09-28 11:47:09
RSV-002100,REQ-004968,HSP-008,ICU,2,PENDING,2026-09-28 11:36:13,,2026-09-28 11:46:13
RSV-002101,REQ-004970,HSP-004,General Bed,1,PENDING,2026-09-28 11:39:14,,2026-09-28 11:49:14
RSV-002102,REQ-004967,HSP-022,ICU,1,CANCELLED,2026-09-28 11:39:31,2026-09-28 11:39:41,2026-09-28 11:49:31
RSV-002103,REQ-004973,HSP-018,General Bed,1,CONFIRMED,2026-09-28 11:43:01,2026-09-28 11:43:48,2026-09-28 11:58:01
RSV-002104,REQ-004976,HSP-001,ICU,1,CONFIRMED,2026-09-28 11:43:01,2026-09-28 11:43:54,2026-09-28 11:58:01
RSV-002105,REQ-004976,HSP-001,Ventilator,1,CONFIRMED,2026-09-28 11:43:03,2026-09-28 11:43:55,2026-09-28 11:58:01
RSV-002106,REQ-004974,HSP-001,Oxygen Bed,1,FAILED,2026-09-28 11:43:56,,2026-09-28 11:53:56
RSV-002107,REQ-004979,HSP-008,ICU,1,PENDING,2026-09-28 11:45:24,,2026-09-28 11:55:24
RSV-002108,REQ-004974,HSP-015,Oxygen Bed,1,PENDING,2026-09-28 11:50:19,,2026-09-28 12:00:19
RSV-002109,REQ-004984,HSP-004,Oxygen Bed,1,PENDING,2026-09-28 11:50:38,,2026-09-28 12:00:38
RSV-002110,REQ-004987,HSP-008,General Bed,1,PENDING,2026-09-28 11:52:00,,2026-09-28 12:02:00
RSV-002111,REQ-004993,HSP-001,General Bed,1,PENDING,2026-09-28 11:55:28,,2026-09-28 12:05:28
RSV-002112,REQ-004992,HSP-001,ICU,1,PENDING,2026-09-28 11:56:03,,2026-09-28 12:06:03
RSV-002113,REQ-004999,HSP-004,General Bed,1,PENDING,2026-09-28 11:57:35,,2026-09-28 12:07:35
RSV-002114,REQ-005000,HSP-009,ICU,1,PENDING,2026-09-28 11:59:15,,2026-09-28 12:09:15
RSV-002115,REQ-004995,HSP-008,ICU,1,PENDING,2026-09-28 11:59:17,,2026-09-28 12:09:17
