update_id,hospital_id,resource_type,old_available_count,new_available_count,updated_at,update_source
UPD-000001,HSP-005,General Bed,36,32,2026-09-01 00:00:53,Simulation
UPD-000002,HSP-025,Oxygen Bed,3,5,2026-09-01 00:01:13,Admin
UPD-000003,HSP-021,Ventilator,1,0,2026-09-01 00:06:18,Hospital Staff
UPD-000004,HSP-011,General Bed,51,54,2026-09-01 00:10:26,Hospital Staff
UPD-000005,HSP-023,ICU,9,8,2026-09-01 00:11:49,Hospital Staff
UPD-000006,HSP-013,ICU,3,1,2026-09-01 00:13:19,Hospital Staff
UPD-000007,HSP-011,ICU,6,5,2026-09-01 00:18:28,Hospital Staff
UPD-000008,HSP-005,ICU,9,7,2026-09-01 00:21:45,Simulation
UPD-000009,HSP-010,General Bed,24,26,2026-09-01 00:22:10,Simulation
UPD-000010,HSP-025,Ventilator,2,1,2026-09-01 00:23:18,Simulation
UPD-000011,HSP-011,Oxygen Bed,17,14,2026-09-01 00:23:42,Admin
UPD-000012,HSP-009,Oxygen Bed,25,26,2026-09-01 00:24:52,Hospital Staff
UPD-000013,HSP-014,Ventilator,18,17,2026-09-01 00:31:52,Hospital Staff
UPD-000014,HSP-004,Ventilator,7,8,2026-09-01 00:31:57,Admin
UPD-000015,HSP-012,Oxygen Bed,61,64,2026-09-01 00:34:23,Hospital Staff
UPD-000016,HSP-024,General Bed,18,19,2026-09-01 00:39:26,Hospital Staff
UPD-000017,HSP-024,ICU,1,3,2026-09-01 00:43:02,Hospital Staff
UPD-000018,HSP-005,Ventilator,10,9,2026-09-01 00:45:51,Hospital Staff
UPD-000019,HSP-001,General Bed,143,147,2026-09-01 00:52:46,Hospital Staff
UPD-000020,HSP-001,Oxygen Bed,74,71,2026-09-01 00:53:53,Hospital Staff
UPD-000021,HSP-015,General Bed,58,52,2026-09-01 01:03:49,Hospital Staff
UPD-000022,HSP-005,ICU,7,9,2026-09-01 01:09:35,Admin
UPD-000023,HSP-002,General Bed,55,57,2026-09-01 01:11:33,Hospital Staff
UPD-000024,HSP-018,ICU,5,7,2026-09-01 01:18:05,Hospital Staff
UPD-000025,HSP-001,ICU,38,39,2026-09-01 01:19:55,Admin
UPD-000026,HSP-003,Ventilator,8,9,2026-09-01 01:22:51,Hospital Staff
UPD-000027,HSP-014,General Bed,63,69,2026-09-01 01:23:07,Hospital Staff
UPD-000028,HSP-011,ICU,5,4,2026-09-01 01:30:25,Admin
UPD-000029,HSP-011,Oxygen Bed,14,12,2026-09-01 01:33:37,Simulation
UPD-000030,HSP-025,ICU,1,3,2026-09-01 01:35:51,Simulation
UPD-000031,HSP-001,General Bed,147,146,2026-09-01 01:36:01,Hospital Staff
UPD-000032,HSP-024,General Bed,19,20,2026-09-01 01:39:14,Hospital Staff
UPD-000033,HSP-010,Ventilator,8,9,2026-09-01 01:39:19,Hospital Staff
UPD-000034,HSP-010,Ventilator,9,8,2026-09-01 01:41:39,Hospital Staff
UPD-000035,HSP-020,Oxygen Bed,37,38,2026-09-01 01:47:44,Hospital Staff
UPD-000036,HSP-001,Ventilator,6,5,2026-09-01 01:48:01,Hospital Staff
UPD-000037,HSP-006,Oxygen Bed,1,3,2026-09-01 01:48:05,Simulation
UPD-000038,HSP-012,Ventilator,15,14,2026-09-01 01:50:09,Hospital Staff
UPD-000039,HSP-020,ICU,18,17,2026-09-01 01:53:50,Hospital Staff
UPD-000040,HSP-021,General Bed,52,50,2026-09-01 02:12:04,Hospital Staff
UPD-000041,HSP-013,ICU,1,0,2026-09-01 02:12:48,Hospital Staff
UPD-000042,HSP-019,Ventilator,12,13,2026-09-01 02:14:55,Simulation
UPD-000043,HSP-012,ICU,22,20,2026-09-01 02:19:11,Hospital Staff
UPD-000044,HSP-010,General Bed,26,22,2026-09-01 02:25:28,Admin
UPD-000045,HSP-022,ICU,6,5,2026-09-01 02:34:01,Hospital Staff
UPD-000046,HSP-001,Oxygen Bed,71,70,2026-09-01 02:35:16,Admin
UPD-000047,HSP-016,General Bed,18,21,2026-09-01 02:36:25,Admin
UPD-000048,HSP-005,Oxygen Bed,4,3,2026-09-01 02:39:31,Hospital Staff
UPD-000049,HSP-021,ICU,11,10,2026-09-01 02:39:50,Hospital Staff
UPD-000050,HSP-021,ICU,10,11,2026-09-01 02:43:17,Hospital Staff
UPD-000051,HSP-010,Ventilator,8,9,2026-09-01 02:43:33,Hospital Staff
UPD-000052,HSP-006,ICU,2,0,2026-09-01 02:59:37,Hospital Staff
UPD-000053,HSP-014,Ventilator,17,16,2026-09-01 03:01:49,Simulation
UPD-000054,HSP-022,ICU,5,3,2026-09-01 03:01:50,Hospital Staff
UPD-000055,HSP-004,General Bed,56,59,2026-09-01 03:11:57,Hospital Staff
UPD-000056,HSP-013,Oxygen Bed,28,27,2026-09-01 03:12:56,Admin
UPD-000057,HSP-004,General Bed,59,54,2026-09-01 03:13:20,Simulation
UPD-000058,HSP-021,ICU,11,9,2026-09-01 03:15:21,Simulation
UPD-000059,HSP-018,Oxygen Bed,12,11,2026-09-01 03:18:21,Hospital Staff
UPD-000060,HSP-020,ICU,17,19,2026-09-01 03:18:53,Hospital Staff
UPD-000061,HSP-011,ICU,4,2,2026-09-01 03:19:49,Hospital Staff
UPD-000062,HSP-016,Ventilator,8,7,2026-09-01 03:31:13,Admin
UPD-000063,HSP-015,General Bed,52,55,2026-09-01 03:32:28,Hospital Staff
UPD-000064,HSP-010,Ventilator,9,10,2026-09-01 03:33:13,Admin
UPD-000065,HSP-004,Oxygen Bed,6,8,2026-09-01 03:40:12,Hospital Staff
UPD-000066,HSP-003,Ventilator,9,10,2026-09-01 03:43:14,Simulation
UPD-000067,HSP-010,Ventilator,10,11,2026-09-01 03:48:28,Hospital Staff
UPD-000068,HSP-022,ICU,3,5,2026-09-01 03:50:41,Simulation
UPD-000069,HSP-001,Ventilator,5,4,2026-09-01 03:52:52,Hospital Staff
UPD-000070,HSP-022,Oxygen Bed,9,10,2026-09-01 03:55:55,Hospital Staff
UPD-000071,HSP-007,General Bed,223,218,2026-09-01 03:58:45,Hospital Staff
UPD-000072,HSP-012,Ventilator,14,13,2026-09-01 04:10:35,Admin
UPD-000073,HSP-022,Oxygen Bed,10,13,2026-09-01 04:19:19,Admin
UPD-000074,HSP-022,ICU,5,7,2026-09-01 04:30:57,Hospital Staff
UPD-000075,HSP-002,Oxygen Bed,4,7,2026-09-01 04:33:57,Hospital Staff
UPD-000076,HSP-023,Oxygen Bed,20,18,2026-09-01 04:40:27,Admin
UPD-000077,HSP-005,ICU,9,8,2026-09-01 04:42:53,Hospital Staff
UPD-000078,HSP-006,General Bed,8,13,2026-09-01 04:50:08,Hospital Staff
UPD-000079,HSP-013,General Bed,4,0,2026-09-01 04:55:19,Admin
UPD-000080,HSP-007,Oxygen Bed,51,53,2026-09-01 04:57:03,Hospital Staff
UPD-000081,HSP-017,General Bed,44,42,2026-09-01 04:58:21,Admin
UPD-000082,HSP-002,ICU,5,4,2026-09-01 04:59:26,Hospital Staff
UPD-000083,HSP-001,ICU,39,38,2026-09-01 05:11:57,Admin
UPD-000084,HSP-023,Oxygen Bed,18,21,2026-09-01 05:12:02,Hospital Staff
UPD-000085,HSP-011,ICU,2,3,2026-09-01 05:13:11,Admin
UPD-000086,HSP-002,Oxygen Bed,7,9,2026-09-01 05:15:23,Hospital Staff
UPD-000087,HSP-002,ICU,4,3,2026-09-01 05:16:47,Hospital Staff
UPD-000088,HSP-023,Ventilator,2,1,2026-09-01 05:19:54,Hospital Staff
UPD-000089,HSP-024,Oxygen Bed,31,29,2026-09-01 05:23:52,Simulation
UPD-000090,HSP-024,Oxygen Bed,29,32,2026-09-01 05:27:24,Hospital Staff
UPD-000091,HSP-022,General Bed,8,9,2026-09-01 05:29:25,Simulation
UPD-000092,HSP-020,Oxygen Bed,38,39,2026-09-01 05:31:10,Admin
UPD-000093,HSP-007,General Bed,218,222,2026-09-01 05:39:31,Hospital Staff
UPD-000094,HSP-018,General Bed,17,11,2026-09-01 05:41:35,Hospital Staff
UPD-000095,HSP-003,General Bed,26,27,2026-09-01 05:41:36,Hospital Staff
UPD-000096,HSP-007,General Bed,222,224,2026-09-01 05:42:28,Admin
UPD-000097,HSP-013,Ventilator,10,9,2026-09-01 05:44:10,Hospital Staff
UPD-000098,HSP-007,General Bed,224,222,2026-09-01 05:46:09,Hospital Staff
UPD-000099,HSP-019,General Bed,114,112,2026-09-01 05:50:34,Hospital Staff
UPD-000100,HSP-003,General Bed,27,30,2026-09-01 05:59:00,Hospital Staff
UPD-000101,HSP-001,General Bed,146,140,2026-09-01 06:02:47,Hospital Staff
UPD-000102,HSP-009,Oxygen Bed,26,25,2026-09-01 06:03:29,Admin
UPD-000103,HSP-024,Oxygen Bed,32,33,2026-09-01 06:06:43,Hospital Staff
UPD-000104,HSP-012,Oxygen Bed,64,61,2026-09-01 06:07:11,Admin
UPD-000105,HSP-021,ICU,9,7,2026-09-01 06:09:01,Admin
UPD-000106,HSP-014,General Bed,69,71,2026-09-01 06:09:19,Hospital Staff
UPD-000107,HSP-014,Oxygen Bed,26,29,2026-09-01 06:16:27,Hospital Staff
UPD-000108,HSP-024,ICU,3,1,2026-09-01 06:16:38,Hospital Staff
UPD-000109,HSP-004,ICU,3,2,2026-09-01 06:20:36,Admin
UPD-000110,HSP-001,Ventilator,4,3,2026-09-01 06:25:06,Hospital Staff
UPD-000111,HSP-022,Oxygen Bed,13,10,2026-09-01 06:27:18,Hospital Staff
UPD-000112,HSP-022,ICU,7,8,2026-09-01 06:31:46,Hospital Staff
UPD-000113,HSP-025,General Bed,32,31,2026-09-01 06:38:00,Simulation
UPD-000114,HSP-004,General Bed,54,52,2026-09-01 06:38:02,Hospital Staff
UPD-000115,HSP-013,Oxygen Bed,27,24,2026-09-01 06:40:51,Hospital Staff
UPD-000116,HSP-021,Ventilator,0,1,2026-09-01 06:41:47,Hospital Staff
UPD-000117,HSP-013,General Bed,0,4,2026-09-01 06:47:25,Hospital Staff
UPD-000118,HSP-018,General Bed,11,6,2026-09-01 06:50:11,Simulation
UPD-000119,HSP-008,ICU,37,38,2026-09-01 07:00:12,Hospital Staff
UPD-000120,HSP-014,General Bed,71,73,2026-09-01 07:10:48,Hospital Staff
UPD-000121,HSP-021,Oxygen Bed,13,12,2026-09-01 07:12:00,Admin
UPD-000122,HSP-004,General Bed,52,57,2026-09-01 07:12:34,Hospital Staff
UPD-000123,HSP-007,ICU,38,39,2026-09-01 07:24:36,Hospital Staff
UPD-000124,HSP-007,ICU,39,37,2026-09-01 07:34:57,Hospital Staff
UPD-000125,HSP-022,Ventilator,3,4,2026-09-01 07:42:07,Admin
UPD-000126,HSP-008,Oxygen Bed,6,9,2026-09-01 07:45:06,Simulation
UPD-000127,HSP-010,Oxygen Bed,10,7,2026-09-01 07:45:29,Hospital Staff
UPD-000128,HSP-025,ICU,3,4,2026-09-01 07:48:16,Hospital Staff
UPD-000129,HSP-013,ICU,0,2,2026-09-01 07:50:15,Hospital Staff
UPD-000130,HSP-011,Ventilator,4,3,2026-09-01 07:53:43,Hospital Staff
UPD-000131,HSP-006,General Bed,13,15,2026-09-01 07:54:15,Hospital Staff
UPD-000132,HSP-025,ICU,4,2,2026-09-01 07:55:52,Hospital Staff
UPD-000133,HSP-004,Ventilator,8,7,2026-09-01 07:58:18,Hospital Staff
UPD-000134,HSP-007,Ventilator,21,20,2026-09-01 08:00:47,Hospital Staff
UPD-000135,HSP-015,Oxygen Bed,7,8,2026-09-01 08:01:26,Hospital Staff
UPD-000136,HSP-004,Oxygen Bed,8,5,2026-09-01 08:10:19,Hospital Staff
UPD-000137,HSP-023,Ventilator,1,0,2026-09-01 08:12:36,Hospital Staff
UPD-000138,HSP-007,Ventilator,20,19,2026-09-01 08:14:52,Hospital Staff
UPD-000139,HSP-004,General Bed,57,60,2026-09-01 08:23:58,Hospital Staff
UPD-000140,HSP-019,Oxygen Bed,53,55,2026-09-01 08:32:40,Hospital Staff
UPD-000141,HSP-003,ICU,4,6,2026-09-01 08:33:16,Hospital Staff
UPD-000142,HSP-006,Oxygen Bed,3,4,2026-09-01 08:34:02,Hospital Staff
UPD-000143,HSP-020,General Bed,211,213,2026-09-01 08:42:48,Hospital Staff
UPD-000144,HSP-015,General Bed,55,60,2026-09-01 08:44:04,Hospital Staff
UPD-000145,HSP-022,Ventilator,4,3,2026-09-01 08:47:20,Hospital Staff
UPD-000146,HSP-024,General Bed,20,16,2026-09-01 09:11:52,Hospital Staff
UPD-000147,HSP-002,ICU,3,1,2026-09-01 09:13:43,Admin
UPD-000148,HSP-023,General Bed,43,39,2026-09-01 09:28:10,Hospital Staff
UPD-000149,HSP-013,ICU,2,3,2026-09-01 09:32:27,Hospital Staff
UPD-000150,HSP-003,Oxygen Bed,4,6,2026-09-01 09:43:49,Admin
UPD-000151,HSP-010,Oxygen Bed,7,8,2026-09-01 09:59:14,Hospital Staff
UPD-000152,HSP-022,General Bed,9,6,2026-09-01 10:01:54,Hospital Staff
UPD-000153,HSP-001,Ventilator,3,2,2026-09-01 10:04:28,Hospital Staff
UPD-000154,HSP-003,General Bed,30,26,2026-09-01 10:08:34,Admin
UPD-000155,HSP-008,Ventilator,14,13,2026-09-01 10:30:12,Hospital Staff
UPD-000156,HSP-004,Ventilator,7,6,2026-09-01 10:59:02,Hospital Staff
UPD-000157,HSP-017,Oxygen Bed,0,3,2026-09-01 11:01:03,Hospital Staff
UPD-000158,HSP-004,Oxygen Bed,5,7,2026-09-01 11:02:08,Hospital Staff
UPD-000159,HSP-016,Ventilator,7,8,2026-09-01 11:02:18,Hospital Staff
UPD-000160,HSP-001,General Bed,140,137,2026-09-01 11:03:07,Admin
UPD-000161,HSP-017,Oxygen Bed,3,5,2026-09-01 11:07:10,Hospital Staff
UPD-000162,HSP-007,Ventilator,19,20,2026-09-01 11:22:56,Hospital Staff
UPD-000163,HSP-006,Ventilator,1,0,2026-09-01 11:24:09,Hospital Staff
UPD-000164,HSP-014,General Bed,73,67,2026-09-01 11:29:35,Simulation
UPD-000165,HSP-022,Oxygen Bed,10,7,2026-09-01 11:30:25,Hospital Staff
UPD-000166,HSP-022,ICU,8,10,2026-09-01 11:37:43,Hospital Staff
UPD-000167,HSP-009,ICU,3,5,2026-09-01 11:39:39,Hospital Staff
UPD-000168,HSP-017,Oxygen Bed,5,7,2026-09-01 11:43:45,Hospital Staff
UPD-000169,HSP-015,Ventilator,6,5,2026-09-01 11:46:05,Hospital Staff
UPD-000170,HSP-018,Oxygen Bed,11,14,2026-09-01 11:48:02,Hospital Staff
UPD-000171,HSP-022,Ventilator,3,2,2026-09-01 11:48:20,Simulation
UPD-000172,HSP-024,Ventilator,3,2,2026-09-01 12:00:00,Simulation
UPD-000173,HSP-015,ICU,0,1,2026-09-01 12:04:13,Simulation
UPD-000174,HSP-023,ICU,8,6,2026-09-01 12:05:24,Hospital Staff
UPD-000175,HSP-021,General Bed,50,53,2026-09-01 12:14:39,Admin
UPD-000176,HSP-007,Oxygen Bed,53,54,2026-09-01 12:20:13,Hospital Staff
UPD-000177,HSP-003,General Bed,26,32,2026-09-01 12:21:48,Hospital Staff
UPD-000178,HSP-022,ICU,10,12,2026-09-01 12:26:22,Hospital Staff
UPD-000179,HSP-014,ICU,7,6,2026-09-01 12:27:40,Admin
UPD-000180,HSP-016,Oxygen Bed,7,5,2026-09-01 12:30:09,Hospital Staff
UPD-000181,HSP-022,General Bed,6,7,2026-09-01 12:31:03,Simulation
UPD-000182,HSP-025,ICU,2,1,2026-09-01 12:38:02,Admin
UPD-000183,HSP-019,General Bed,112,116,2026-09-01 12:38:31,Hospital Staff
UPD-000184,HSP-021,Oxygen Bed,12,10,2026-09-01 12:40:53,Hospital Staff
UPD-000185,HSP-005,Oxygen Bed,3,2,2026-09-01 12:44:12,Admin
UPD-000186,HSP-003,Oxygen Bed,6,5,2026-09-01 13:00:34,Admin
UPD-000187,HSP-024,Oxygen Bed,33,36,2026-09-01 13:02:04,Hospital Staff
UPD-000188,HSP-004,Oxygen Bed,7,5,2026-09-01 13:10:22,Hospital Staff
UPD-000189,HSP-016,ICU,14,13,2026-09-01 13:10:54,Admin
UPD-000190,HSP-015,Oxygen Bed,8,10,2026-09-01 13:13:20,Hospital Staff
UPD-000191,HSP-016,General Bed,21,24,2026-09-01 13:14:28,Admin
UPD-000192,HSP-019,Ventilator,13,14,2026-09-01 13:17:52,Hospital Staff
UPD-000193,HSP-005,Ventilator,9,10,2026-09-01 13:17:56,Hospital Staff
UPD-000194,HSP-013,Oxygen Bed,24,23,2026-09-01 13:18:38,Hospital Staff
UPD-000195,HSP-025,ICU,1,3,2026-09-01 13:24:24,Hospital Staff
UPD-000196,HSP-010,ICU,10,11,2026-09-01 13:25:36,Hospital Staff
UPD-000197,HSP-018,Oxygen Bed,14,12,2026-09-01 13:29:47,Hospital Staff
UPD-000198,HSP-019,General Bed,116,117,2026-09-01 13:36:39,Simulation
UPD-000199,HSP-021,ICU,7,8,2026-09-01 13:40:27,Admin
UPD-000200,HSP-020,Oxygen Bed,39,38,2026-09-01 13:41:42,Hospital Staff
UPD-000201,HSP-006,Ventilator,0,1,2026-09-01 13:45:43,Admin
UPD-000202,HSP-016,Ventilator,8,9,2026-09-01 13:47:02,Admin
UPD-000203,HSP-002,Oxygen Bed,9,7,2026-09-01 13:56:43,Hospital Staff
UPD-000204,HSP-004,ICU,2,4,2026-09-01 14:09:05,Admin
UPD-000205,HSP-021,Oxygen Bed,10,9,2026-09-01 14:12:00,Hospital Staff
UPD-000206,HSP-011,ICU,3,4,2026-09-01 14:12:31,Hospital Staff
UPD-000207,HSP-006,ICU,0,1,2026-09-01 14:15:39,Hospital Staff
UPD-000208,HSP-014,ICU,6,7,2026-09-01 14:17:16,Simulation
UPD-000209,HSP-011,Ventilator,3,4,2026-09-01 14:22:53,Hospital Staff
UPD-000210,HSP-025,Ventilator,1,0,2026-09-01 14:24:21,Admin
UPD-000211,HSP-015,Ventilator,5,4,2026-09-01 14:29:09,Hospital Staff
UPD-000212,HSP-022,Oxygen Bed,7,4,2026-09-01 14:32:56,Hospital Staff
UPD-000213,HSP-010,Ventilator,11,12,2026-09-01 14:35:03,Hospital Staff
UPD-000214,HSP-024,Oxygen Bed,36,35,2026-09-01 14:37:10,Hospital Staff
UPD-000215,HSP-013,General Bed,4,3,2026-09-01 14:42:51,Hospital Staff
UPD-000216,HSP-001,Ventilator,2,3,2026-09-01 14:43:18,Hospital Staff
UPD-000217,HSP-015,General Bed,60,55,2026-09-01 14:45:24,Hospital Staff
UPD-000218,HSP-025,ICU,3,4,2026-09-01 14:48:20,Hospital Staff
UPD-000219,HSP-005,ICU,8,10,2026-09-01 14:50:33,Hospital Staff
UPD-000220,HSP-012,Oxygen Bed,61,63,2026-09-01 14:51:57,Hospital Staff
UPD-000221,HSP-009,Oxygen Bed,25,26,2026-09-01 14:53:03,Hospital Staff
UPD-000222,HSP-010,Ventilator,12,11,2026-09-01 15:04:27,Hospital Staff
UPD-000223,HSP-006,Oxygen Bed,4,2,2026-09-01 15:09:44,Hospital Staff
UPD-000224,HSP-005,ICU,10,9,2026-09-01 15:17:08,Hospital Staff
UPD-000225,HSP-022,Oxygen Bed,4,3,2026-09-01 15:30:52,Hospital Staff
UPD-000226,HSP-022,General Bed,7,9,2026-09-01 15:45:01,Simulation
UPD-000227,HSP-021,Ventilator,1,0,2026-09-01 15:47:22,Hospital Staff
UPD-000228,HSP-006,Oxygen Bed,2,5,2026-09-01 15:48:32,Hospital Staff
UPD-000229,HSP-002,Oxygen Bed,7,5,2026-09-01 15:49:45,Hospital Staff
UPD-000230,HSP-010,Oxygen Bed,8,7,2026-09-01 15:57:01,Hospital Staff
UPD-000231,HSP-023,Ventilator,0,1,2026-09-01 15:57:40,Simulation
UPD-000232,HSP-005,ICU,9,8,2026-09-01 16:02:17,Hospital Staff
UPD-000233,HSP-016,Oxygen Bed,5,3,2026-09-01 16:04:12,Hospital Staff
UPD-000234,HSP-008,Oxygen Bed,9,11,2026-09-01 16:09:55,Simulation
UPD-000235,HSP-009,General Bed,29,25,2026-09-01 16:10:40,Simulation
UPD-000236,HSP-010,ICU,11,10,2026-09-01 16:21:00,Admin
UPD-000237,HSP-025,Ventilator,0,1,2026-09-01 16:37:06,Hospital Staff
UPD-000238,HSP-003,General Bed,32,31,2026-09-01 16:40:56,Admin
UPD-000239,HSP-001,General Bed,137,131,2026-09-01 16:44:02,Simulation
UPD-000240,HSP-017,ICU,4,3,2026-09-01 16:45:10,Hospital Staff
UPD-000241,HSP-004,Ventilator,6,5,2026-09-01 16:48:26,Hospital Staff
UPD-000242,HSP-014,General Bed,67,62,2026-09-01 16:54:50,Hospital Staff
UPD-000243,HSP-008,General Bed,114,116,2026-09-01 16:58:51,Hospital Staff
UPD-000244,HSP-013,Oxygen Bed,23,24,2026-09-01 16:59:00,Hospital Staff
UPD-000245,HSP-015,Oxygen Bed,10,9,2026-09-01 17:03:39,Hospital Staff
UPD-000246,HSP-015,General Bed,55,51,2026-09-01 17:03:50,Hospital Staff
UPD-000247,HSP-019,General Bed,117,112,2026-09-01 17:04:07,Hospital Staff
UPD-000248,HSP-004,ICU,4,3,2026-09-01 17:04:17,Hospital Staff
UPD-000249,HSP-002,Ventilator,4,5,2026-09-01 17:05:55,Hospital Staff
UPD-000250,HSP-004,Ventilator,5,6,2026-09-01 17:09:36,Hospital Staff
UPD-000251,HSP-014,ICU,7,9,2026-09-01 17:12:04,Simulation
UPD-000252,HSP-002,Oxygen Bed,5,2,2026-09-01 17:25:09,Admin
UPD-000253,HSP-020,General Bed,213,210,2026-09-01 17:26:11,Simulation
UPD-000254,HSP-022,General Bed,9,14,2026-09-01 17:38:01,Hospital Staff
UPD-000255,HSP-024,ICU,1,3,2026-09-01 17:49:25,Hospital Staff
UPD-000256,HSP-025,ICU,4,2,2026-09-01 17:54:33,Simulation
UPD-000257,HSP-016,ICU,13,11,2026-09-01 18:05:09,Admin
UPD-000258,HSP-004,Oxygen Bed,5,3,2026-09-01 18:06:23,Hospital Staff
UPD-000259,HSP-011,Oxygen Bed,12,10,2026-09-01 18:10:27,Hospital Staff
UPD-000260,HSP-007,ICU,37,39,2026-09-01 18:11:36,Hospital Staff
UPD-000261,HSP-025,Oxygen Bed,5,2,2026-09-01 18:11:46,Admin
UPD-000262,HSP-017,General Bed,42,40,2026-09-01 18:14:09,Hospital Staff
UPD-000263,HSP-020,General Bed,210,208,2026-09-01 18:16:00,Hospital Staff
UPD-000264,HSP-005,Ventilator,10,11,2026-09-01 18:18:01,Hospital Staff
UPD-000265,HSP-014,Oxygen Bed,29,27,2026-09-01 18:21:45,Admin
UPD-000266,HSP-016,General Bed,24,29,2026-09-01 18:30:34,Hospital Staff
UPD-000267,HSP-003,Oxygen Bed,5,6,2026-09-01 18:30:53,Hospital Staff
UPD-000268,HSP-023,Ventilator,1,0,2026-09-01 18:35:17,Hospital Staff
UPD-000269,HSP-014,ICU,9,10,2026-09-01 18:36:33,Hospital Staff
UPD-000270,HSP-003,Ventilator,10,9,2026-09-01 18:56:42,Simulation
UPD-000271,HSP-006,General Bed,15,12,2026-09-01 18:59:44,Admin
UPD-000272,HSP-005,General Bed,32,31,2026-09-01 19:02:05,Hospital Staff
UPD-000273,HSP-003,Ventilator,9,10,2026-09-01 19:07:39,Admin
UPD-000274,HSP-016,Oxygen Bed,3,5,2026-09-01 19:08:49,Hospital Staff
UPD-000275,HSP-009,General Bed,25,20,2026-09-01 19:09:55,Hospital Staff
UPD-000276,HSP-011,ICU,4,5,2026-09-01 19:14:14,Admin
UPD-000277,HSP-025,General Bed,31,25,2026-09-01 19:23:54,Hospital Staff
UPD-000278,HSP-014,Oxygen Bed,27,25,2026-09-01 19:30:08,Admin
UPD-000279,HSP-007,Oxygen Bed,54,57,2026-09-01 19:32:00,Hospital Staff
UPD-000280,HSP-025,ICU,2,1,2026-09-01 19:38:15,Hospital Staff
UPD-000281,HSP-018,Ventilator,2,1,2026-09-01 19:48:04,Hospital Staff
UPD-000282,HSP-010,General Bed,22,23,2026-09-01 19:49:04,Simulation
UPD-000283,HSP-011,Ventilator,4,3,2026-09-01 19:51:58,Admin
UPD-000284,HSP-020,General Bed,208,206,2026-09-01 19:58:41,Hospital Staff
UPD-000285,HSP-022,Ventilator,2,1,2026-09-01 19:58:47,Hospital Staff
UPD-000286,HSP-007,Ventilator,20,19,2026-09-01 20:01:14,Hospital Staff
UPD-000287,HSP-002,Oxygen Bed,2,0,2026-09-01 20:03:16,Hospital Staff
UPD-000288,HSP-007,Ventilator,19,18,2026-09-01 20:04:08,Hospital Staff
UPD-000289,HSP-003,ICU,6,5,2026-09-01 20:04:16,Simulation
UPD-000290,HSP-010,General Bed,23,24,2026-09-01 20:05:52,Admin
UPD-000291,HSP-013,Oxygen Bed,24,27,2026-09-01 20:07:21,Admin
UPD-000292,HSP-009,ICU,5,4,2026-09-01 20:10:04,Hospital Staff
UPD-000293,HSP-012,Oxygen Bed,63,65,2026-09-01 20:11:20,Simulation
UPD-000294,HSP-017,General Bed,40,38,2026-09-01 20:24:48,Hospital Staff
UPD-000295,HSP-003,General Bed,31,34,2026-09-01 20:25:05,Admin
UPD-000296,HSP-012,Ventilator,13,12,2026-09-01 20:25:19,Hospital Staff
UPD-000297,HSP-008,ICU,38,37,2026-09-01 20:26:51,Admin
UPD-000298,HSP-015,Ventilator,4,3,2026-09-01 20:37:47,Admin
UPD-000299,HSP-017,ICU,3,2,2026-09-01 20:39:27,Hospital Staff
UPD-000300,HSP-003,Oxygen Bed,6,3,2026-09-01 20:40:11,Hospital Staff
UPD-000301,HSP-021,Oxygen Bed,9,7,2026-09-01 20:43:47,Hospital Staff
UPD-000302,HSP-006,General Bed,12,15,2026-09-01 20:52:48,Simulation
UPD-000303,HSP-005,General Bed,31,28,2026-09-01 20:54:49,Hospital Staff
UPD-000304,HSP-015,Oxygen Bed,9,11,2026-09-01 21:00:46,Hospital Staff
UPD-000305,HSP-025,Ventilator,1,0,2026-09-01 21:03:36,Hospital Staff
UPD-000306,HSP-025,General Bed,25,30,2026-09-01 21:08:06,Hospital Staff
UPD-000307,HSP-018,General Bed,6,8,2026-09-01 21:08:26,Hospital Staff
UPD-000308,HSP-004,Oxygen Bed,3,2,2026-09-01 21:08:55,Hospital Staff
UPD-000309,HSP-013,Ventilator,9,8,2026-09-01 21:19:18,Simulation
UPD-000310,HSP-013,General Bed,3,1,2026-09-01 21:20:45,Admin
UPD-000311,HSP-011,ICU,5,7,2026-09-01 21:39:39,Hospital Staff
UPD-000312,HSP-011,Oxygen Bed,10,9,2026-09-01 21:39:40,Simulation
UPD-000313,HSP-021,ICU,8,9,2026-09-01 21:40:00,Hospital Staff
UPD-000314,HSP-010,General Bed,24,22,2026-09-01 21:52:17,Hospital Staff
UPD-000315,HSP-005,Oxygen Bed,2,0,2026-09-01 21:54:48,Hospital Staff
UPD-000316,HSP-005,General Bed,28,22,2026-09-01 21:56:03,Hospital Staff
UPD-000317,HSP-020,Oxygen Bed,38,39,2026-09-01 22:02:06,Simulation
UPD-000318,HSP-015,Oxygen Bed,11,8,2026-09-01 22:04:19,Simulation
UPD-000319,HSP-021,General Bed,53,52,2026-09-01 22:04:53,Hospital Staff
UPD-000320,HSP-015,Oxygen Bed,8,10,2026-09-01 22:10:04,Hospital Staff
UPD-000321,HSP-012,Ventilator,12,11,2026-09-01 22:12:35,Hospital Staff
UPD-000322,HSP-013,Oxygen Bed,27,29,2026-09-01 22:16:59,Simulation
UPD-000323,HSP-003,Oxygen Bed,3,1,2026-09-01 22:19:31,Hospital Staff
UPD-000324,HSP-014,ICU,10,12,2026-09-01 22:19:33,Simulation
UPD-000325,HSP-012,General Bed,92,93,2026-09-01 22:20:41,Hospital Staff
UPD-000326,HSP-006,ICU,1,3,2026-09-01 22:34:22,Simulation
UPD-000327,HSP-022,General Bed,14,12,2026-09-01 22:37:32,Hospital Staff
UPD-000328,HSP-006,Ventilator,1,0,2026-09-01 22:38:06,Hospital Staff
UPD-000329,HSP-018,Oxygen Bed,12,14,2026-09-01 22:38:16,Admin
UPD-000330,HSP-001,ICU,38,36,2026-09-01 22:43:58,Hospital Staff
UPD-000331,HSP-021,Ventilator,0,1,2026-09-01 23:02:23,Simulation
UPD-000332,HSP-025,Ventilator,0,1,2026-09-01 23:02:31,Simulation
UPD-000333,HSP-010,General Bed,22,17,2026-09-01 23:15:27,Hospital Staff
UPD-000334,HSP-018,Oxygen Bed,14,11,2026-09-01 23:20:10,Hospital Staff
UPD-000335,HSP-006,ICU,3,1,2026-09-01 23:20:44,Hospital Staff
UPD-000336,HSP-025,ICU,1,3,2026-09-01 23:22:14,Simulation
UPD-000337,HSP-013,General Bed,1,5,2026-09-01 23:23:00,Hospital Staff
UPD-000338,HSP-009,Oxygen Bed,26,25,2026-09-01 23:29:57,Hospital Staff
UPD-000339,HSP-004,Ventilator,6,7,2026-09-01 23:32:18,Hospital Staff
UPD-000340,HSP-024,Ventilator,2,3,2026-09-01 23:33:35,Hospital Staff
UPD-000341,HSP-021,Ventilator,1,0,2026-09-01 23:40:07,Hospital Staff
UPD-000342,HSP-010,General Bed,17,13,2026-09-01 23:41:11,Simulation
UPD-000343,HSP-019,Ventilator,14,15,2026-09-01 23:43:45,Hospital Staff
UPD-000344,HSP-021,Ventilator,0,1,2026-09-01 23:44:49,Admin
UPD-000345,HSP-011,Ventilator,3,4,2026-09-01 23:47:41,Admin
UPD-000346,HSP-013,Oxygen Bed,29,28,2026-09-01 23:50:02,Simulation
UPD-000347,HSP-018,General Bed,8,7,2026-09-01 23:53:03,Admin
UPD-000348,HSP-019,General Bed,112,108,2026-09-01 23:55:18,Hospital Staff
UPD-000349,HSP-006,Ventilator,0,1,2026-09-01 23:55:35,Admin
UPD-000350,HSP-014,Ventilator,16,17,2026-09-01 23:58:54,Hospital Staff
UPD-000351,HSP-011,Oxygen Bed,9,8,2026-09-02 00:01:28,Simulation
UPD-000352,HSP-005,General Bed,22,19,2026-09-02 00:03:19,Hospital Staff
UPD-000353,HSP-001,ICU,36,38,2026-09-02 00:13:28,Simulation
UPD-000354,HSP-016,General Bed,29,35,2026-09-02 00:27:45,Hospital Staff
UPD-000355,HSP-001,ICU,38,37,2026-09-02 00:36:41,Simulation
UPD-000356,HSP-021,ICU,9,8,2026-09-02 01:02:37,Hospital Staff
UPD-000357,HSP-010,Oxygen Bed,7,10,2026-09-02 01:04:48,Simulation
UPD-000358,HSP-024,General Bed,16,15,2026-09-02 01:09:39,Simulation
UPD-000359,HSP-004,Oxygen Bed,2,3,2026-09-02 01:13:54,Simulation
UPD-000360,HSP-005,General Bed,19,14,2026-09-02 01:14:48,Admin
UPD-000361,HSP-021,ICU,8,9,2026-09-02 01:15:40,Hospital Staff
UPD-000362,HSP-012,Ventilator,11,10,2026-09-02 01:25:25,Hospital Staff
UPD-000363,HSP-005,Oxygen Bed,0,2,2026-09-02 01:26:23,Hospital Staff
UPD-000364,HSP-025,ICU,3,1,2026-09-02 01:27:55,Simulation
UPD-000365,HSP-025,ICU,1,3,2026-09-02 01:31:06,Hospital Staff
UPD-000366,HSP-019,ICU,25,23,2026-09-02 01:31:14,Hospital Staff
UPD-000367,HSP-024,ICU,3,2,2026-09-02 01:31:14,Hospital Staff
UPD-000368,HSP-021,General Bed,52,56,2026-09-02 01:32:59,Hospital Staff
UPD-000369,HSP-009,Oxygen Bed,25,23,2026-09-02 01:48:58,Hospital Staff
UPD-000370,HSP-006,General Bed,15,14,2026-09-02 01:49:17,Hospital Staff
UPD-000371,HSP-005,Ventilator,11,10,2026-09-02 01:54:54,Hospital Staff
UPD-000372,HSP-012,Oxygen Bed,65,67,2026-09-02 02:00:19,Admin
UPD-000373,HSP-018,Oxygen Bed,11,12,2026-09-02 02:01:22,Hospital Staff
UPD-000374,HSP-015,Oxygen Bed,10,13,2026-09-02 02:02:14,Simulation
UPD-000375,HSP-017,Oxygen Bed,7,5,2026-09-02 02:02:20,Hospital Staff
UPD-000376,HSP-003,Ventilator,10,11,2026-09-02 02:03:27,Admin
UPD-000377,HSP-007,ICU,39,38,2026-09-02 02:04:16,Admin
UPD-000378,HSP-008,General Bed,116,114,2026-09-02 02:09:06,Hospital Staff
UPD-000379,HSP-001,Oxygen Bed,70,72,2026-09-02 02:15:26,Hospital Staff
UPD-000380,HSP-005,Ventilator,10,9,2026-09-02 02:16:53,Hospital Staff
UPD-000381,HSP-010,Oxygen Bed,10,13,2026-09-02 02:17:02,Hospital Staff
UPD-000382,HSP-011,Oxygen Bed,8,5,2026-09-02 02:22:41,Hospital Staff
UPD-000383,HSP-020,Ventilator,34,35,2026-09-02 02:23:26,Simulation
UPD-000384,HSP-009,ICU,4,2,2026-09-02 02:27:22,Hospital Staff
UPD-000385,HSP-007,General Bed,222,217,2026-09-02 02:36:21,Hospital Staff
UPD-000386,HSP-005,Oxygen Bed,2,0,2026-09-02 02:40:44,Hospital Staff
UPD-000387,HSP-006,ICU,1,2,2026-09-02 02:40:52,Hospital Staff
UPD-000388,HSP-021,General Bed,56,54,2026-09-02 02:42:02,Admin
UPD-000389,HSP-008,Ventilator,13,12,2026-09-02 02:48:34,Hospital Staff
UPD-000390,HSP-015,Oxygen Bed,13,10,2026-09-02 03:02:05,Hospital Staff
UPD-000391,HSP-007,Oxygen Bed,57,58,2026-09-02 03:03:42,Simulation
UPD-000392,HSP-009,General Bed,20,25,2026-09-02 03:05:05,Hospital Staff
UPD-000393,HSP-003,Ventilator,11,10,2026-09-02 03:12:37,Admin
UPD-000394,HSP-023,ICU,6,7,2026-09-02 03:13:12,Admin
UPD-000395,HSP-020,General Bed,206,211,2026-09-02 03:18:39,Hospital Staff
UPD-000396,HSP-025,General Bed,30,31,2026-09-02 03:20:07,Simulation
UPD-000397,HSP-004,General Bed,60,56,2026-09-02 03:21:26,Hospital Staff
UPD-000398,HSP-008,Ventilator,12,13,2026-09-02 03:35:24,Hospital Staff
UPD-000399,HSP-013,General Bed,5,9,2026-09-02 03:43:49,Hospital Staff
UPD-000400,HSP-016,ICU,11,9,2026-09-02 03:44:25,Hospital Staff
UPD-000401,HSP-012,Ventilator,10,9,2026-09-02 03:44:38,Hospital Staff
UPD-000402,HSP-022,ICU,12,10,2026-09-02 03:45:25,Hospital Staff
UPD-000403,HSP-021,ICU,9,11,2026-09-02 03:48:13,Hospital Staff
UPD-000404,HSP-014,ICU,12,14,2026-09-02 03:59:57,Hospital Staff
UPD-000405,HSP-004,Oxygen Bed,3,5,2026-09-02 04:04:09,Simulation
UPD-000406,HSP-001,Oxygen Bed,72,70,2026-09-02 04:06:40,Simulation
UPD-000407,HSP-011,Ventilator,4,3,2026-09-02 04:12:13,Hospital Staff
UPD-000408,HSP-018,General Bed,7,12,2026-09-02 04:12:38,Hospital Staff
UPD-000409,HSP-024,Ventilator,3,4,2026-09-02 04:16:51,Hospital Staff
UPD-000410,HSP-004,ICU,3,5,2026-09-02 04:18:02,Hospital Staff
UPD-000411,HSP-007,ICU,38,39,2026-09-02 04:25:11,Admin
UPD-000412,HSP-011,Oxygen Bed,5,7,2026-09-02 04:36:01,Hospital Staff
UPD-000413,HSP-016,General Bed,35,33,2026-09-02 04:37:55,Admin
UPD-000414,HSP-023,General Bed,39,34,2026-09-02 04:38:53,Admin
UPD-000415,HSP-015,General Bed,51,57,2026-09-02 04:45:29,Admin
UPD-000416,HSP-005,Oxygen Bed,0,2,2026-09-02 04:47:59,Simulation
UPD-000417,HSP-007,Ventilator,18,19,2026-09-02 04:49:22,Hospital Staff
UPD-000418,HSP-023,Oxygen Bed,21,22,2026-09-02 04:54:48,Hospital Staff
UPD-000419,HSP-007,Ventilator,19,20,2026-09-02 04:54:59,Admin
UPD-000420,HSP-025,ICU,3,4,2026-09-02 04:55:16,Admin
UPD-000421,HSP-010,Ventilator,11,10,2026-09-02 04:55:53,Hospital Staff
UPD-000422,HSP-007,Oxygen Bed,58,57,2026-09-02 05:02:08,Hospital Staff
UPD-000423,HSP-020,General Bed,211,216,2026-09-02 05:05:14,Hospital Staff
UPD-000424,HSP-011,ICU,7,8,2026-09-02 05:08:32,Hospital Staff
UPD-000425,HSP-020,Ventilator,35,34,2026-09-02 05:11:21,Simulation
UPD-000426,HSP-013,Ventilator,8,7,2026-09-02 05:18:19,Simulation
UPD-000427,HSP-021,ICU,11,12,2026-09-02 05:21:54,Hospital Staff
UPD-000428,HSP-022,Oxygen Bed,3,4,2026-09-02 05:22:10,Admin
UPD-000429,HSP-024,Ventilator,4,5,2026-09-02 05:32:28,Admin
UPD-000430,HSP-019,General Bed,108,106,2026-09-02 05:33:15,Admin
UPD-000431,HSP-003,Ventilator,10,11,2026-09-02 05:39:23,Hospital Staff
UPD-000432,HSP-015,General Bed,57,59,2026-09-02 05:41:20,Hospital Staff
UPD-000433,HSP-021,Oxygen Bed,7,8,2026-09-02 05:55:53,Hospital Staff
UPD-000434,HSP-005,Ventilator,9,10,2026-09-02 05:57:40,Hospital Staff
UPD-000435,HSP-009,ICU,2,4,2026-09-02 06:04:23,Admin
UPD-000436,HSP-002,General Bed,57,55,2026-09-02 06:06:27,Hospital Staff
UPD-000437,HSP-006,ICU,2,0,2026-09-02 06:08:36,Simulation
UPD-000438,HSP-017,ICU,2,3,2026-09-02 06:08:42,Hospital Staff
UPD-000439,HSP-004,ICU,5,3,2026-09-02 06:13:38,Admin
UPD-000440,HSP-013,Oxygen Bed,28,29,2026-09-02 06:16:06,Hospital Staff
UPD-000441,HSP-024,General Bed,15,14,2026-09-02 06:17:12,Hospital Staff
UPD-000442,HSP-020,Ventilator,34,35,2026-09-02 06:27:31,Hospital Staff
UPD-000443,HSP-005,ICU,8,7,2026-09-02 06:30:15,Admin
UPD-000444,HSP-006,ICU,0,2,2026-09-02 06:33:04,Admin
UPD-000445,HSP-021,Oxygen Bed,8,9,2026-09-02 06:40:26,Hospital Staff
UPD-000446,HSP-003,Oxygen Bed,1,0,2026-09-02 06:41:32,Admin
UPD-000447,HSP-019,ICU,23,25,2026-09-02 06:41:53,Hospital Staff
UPD-000448,HSP-025,General Bed,31,33,2026-09-02 06:53:34,Hospital Staff
UPD-000449,HSP-007,Ventilator,20,21,2026-09-02 06:54:18,Admin
UPD-000450,HSP-005,General Bed,14,16,2026-09-02 07:04:26,Simulation
UPD-000451,HSP-003,Ventilator,11,12,2026-09-02 07:15:40,Hospital Staff
UPD-000452,HSP-024,Oxygen Bed,35,38,2026-09-02 07:19:22,Hospital Staff
UPD-000453,HSP-004,Ventilator,7,8,2026-09-02 07:29:02,Hospital Staff
UPD-000454,HSP-018,Ventilator,1,0,2026-09-02 07:29:32,Simulation
UPD-000455,HSP-005,General Bed,16,11,2026-09-02 07:30:49,Hospital Staff
UPD-000456,HSP-012,Oxygen Bed,67,64,2026-09-02 07:30:50,Hospital Staff
UPD-000457,HSP-008,General Bed,114,116,2026-09-02 07:37:29,Hospital Staff
UPD-000458,HSP-004,Ventilator,8,7,2026-09-02 07:40:07,Hospital Staff
UPD-000459,HSP-007,General Bed,217,211,2026-09-02 07:45:35,Hospital Staff
UPD-000460,HSP-006,General Bed,14,16,2026-09-02 07:57:25,Hospital Staff
UPD-000461,HSP-006,General Bed,16,10,2026-09-02 07:58:52,Simulation
UPD-000462,HSP-018,Oxygen Bed,12,11,2026-09-02 07:59:43,Admin
UPD-000463,HSP-025,General Bed,33,27,2026-09-02 08:02:11,Hospital Staff
UPD-000464,HSP-004,ICU,3,4,2026-09-02 08:03:49,Hospital Staff
UPD-000465,HSP-020,Ventilator,35,34,2026-09-02 08:05:37,Hospital Staff
UPD-000466,HSP-021,General Bed,54,52,2026-09-02 08:09:09,Hospital Staff
UPD-000467,HSP-005,General Bed,11,12,2026-09-02 08:09:54,Admin
UPD-000468,HSP-019,General Bed,106,101,2026-09-02 08:10:41,Hospital Staff
UPD-000469,HSP-014,Ventilator,17,18,2026-09-02 08:17:08,Hospital Staff
UPD-000470,HSP-002,Oxygen Bed,0,2,2026-09-02 08:20:04,Hospital Staff
UPD-000471,HSP-005,ICU,7,6,2026-09-02 08:20:18,Admin
UPD-000472,HSP-003,Oxygen Bed,0,3,2026-09-02 08:27:40,Hospital Staff
UPD-000473,HSP-008,ICU,37,36,2026-09-02 08:28:17,Admin
UPD-000474,HSP-021,Ventilator,1,0,2026-09-02 08:28:26,Hospital Staff
UPD-000475,HSP-022,Oxygen Bed,4,3,2026-09-02 08:29:01,Admin
UPD-000476,HSP-006,Oxygen Bed,5,3,2026-09-02 08:31:27,Simulation
UPD-000477,HSP-007,General Bed,211,206,2026-09-02 08:32:53,Simulation
UPD-000478,HSP-012,ICU,20,21,2026-09-02 08:47:00,Hospital Staff
UPD-000479,HSP-020,Ventilator,34,35,2026-09-02 08:48:21,Admin
UPD-000480,HSP-017,ICU,3,4,2026-09-02 08:55:19,Hospital Staff
UPD-000481,HSP-003,Oxygen Bed,3,4,2026-09-02 08:56:08,Admin
UPD-000482,HSP-008,General Bed,116,114,2026-09-02 08:56:22,Hospital Staff
UPD-000483,HSP-024,Oxygen Bed,38,41,2026-09-02 09:02:34,Admin
UPD-000484,HSP-001,ICU,37,36,2026-09-02 09:09:15,Admin
UPD-000485,HSP-017,General Bed,38,34,2026-09-02 09:20:18,Hospital Staff
UPD-000486,HSP-015,Ventilator,3,4,2026-09-02 09:24:41,Hospital Staff
UPD-000487,HSP-013,ICU,3,4,2026-09-02 09:25:09,Hospital Staff
UPD-000488,HSP-003,Ventilator,12,11,2026-09-02 09:34:37,Hospital Staff
UPD-000489,HSP-017,ICU,4,3,2026-09-02 09:35:59,Admin
UPD-000490,HSP-006,Oxygen Bed,3,4,2026-09-02 09:36:43,Hospital Staff
UPD-000491,HSP-022,General Bed,12,17,2026-09-02 09:43:38,Hospital Staff
UPD-000492,HSP-008,Oxygen Bed,11,9,2026-09-02 09:46:36,Hospital Staff
UPD-000493,HSP-007,General Bed,206,212,2026-09-02 09:55:09,Admin
UPD-000494,HSP-022,Oxygen Bed,3,4,2026-09-02 09:55:13,Hospital Staff
UPD-000495,HSP-012,ICU,21,20,2026-09-02 09:57:54,Hospital Staff
UPD-000496,HSP-015,Oxygen Bed,10,12,2026-09-02 10:01:34,Admin
UPD-000497,HSP-016,General Bed,33,39,2026-09-02 10:05:13,Simulation
UPD-000498,HSP-021,Oxygen Bed,9,7,2026-09-02 10:07:20,Simulation
UPD-000499,HSP-013,ICU,4,6,2026-09-02 10:08:36,Admin
UPD-000500,HSP-024,Ventilator,5,6,2026-09-02 10:20:11,Hospital Staff
UPD-000501,HSP-022,ICU,10,8,2026-09-02 10:21:48,Hospital Staff
UPD-000502,HSP-013,Ventilator,7,6,2026-09-02 10:23:55,Simulation
UPD-000503,HSP-021,General Bed,52,48,2026-09-02 10:25:42,Hospital Staff
UPD-000504,HSP-023,Oxygen Bed,22,21,2026-09-02 10:31:45,Hospital Staff
UPD-000505,HSP-001,General Bed,131,125,2026-09-02 10:34:55,Hospital Staff
UPD-000506,HSP-012,General Bed,93,88,2026-09-02 10:35:49,Simulation
UPD-000507,HSP-019,ICU,25,26,2026-09-02 10:36:22,Hospital Staff
UPD-000508,HSP-006,Ventilator,1,2,2026-09-02 10:37:23,Simulation
UPD-000509,HSP-015,General Bed,59,54,2026-09-02 10:39:50,Hospital Staff
UPD-000510,HSP-017,General Bed,34,29,2026-09-02 10:44:19,Hospital Staff
UPD-000511,HSP-002,General Bed,55,56,2026-09-02 10:48:01,Hospital Staff
UPD-000512,HSP-011,Oxygen Bed,7,8,2026-09-02 10:50:01,Hospital Staff
UPD-000513,HSP-021,Oxygen Bed,7,4,2026-09-02 10:50:01,Admin
UPD-000514,HSP-006,Ventilator,2,1,2026-09-02 11:19:37,Simulation
UPD-000515,HSP-008,Ventilator,13,14,2026-09-02 11:26:23,Hospital Staff
UPD-000516,HSP-022,General Bed,17,16,2026-09-02 11:28:34,Simulation
UPD-000517,HSP-011,Oxygen Bed,8,10,2026-09-02 11:35:55,Hospital Staff
UPD-000518,HSP-024,ICU,2,1,2026-09-02 11:44:43,Hospital Staff
UPD-000519,HSP-014,General Bed,62,65,2026-09-02 11:44:51,Hospital Staff
UPD-000520,HSP-025,Ventilator,1,0,2026-09-02 11:47:17,Hospital Staff
UPD-000521,HSP-016,Oxygen Bed,5,8,2026-09-02 11:49:42,Hospital Staff
UPD-000522,HSP-023,Oxygen Bed,21,24,2026-09-02 11:50:09,Simulation
UPD-000523,HSP-012,ICU,20,22,2026-09-02 11:53:25,Simulation
UPD-000524,HSP-020,General Bed,216,215,2026-09-02 11:56:08,Hospital Staff
UPD-000525,HSP-008,Ventilator,14,13,2026-09-02 12:07:13,Hospital Staff
UPD-000526,HSP-019,General Bed,101,99,2026-09-02 12:14:46,Hospital Staff
UPD-000527,HSP-020,ICU,19,18,2026-09-02 12:22:11,Hospital Staff
UPD-000528,HSP-018,Ventilator,0,1,2026-09-02 12:27:58,Hospital Staff
UPD-000529,HSP-009,General Bed,25,20,2026-09-02 12:30:25,Simulation
UPD-000530,HSP-007,Ventilator,21,22,2026-09-02 12:35:49,Simulation
UPD-000531,HSP-018,ICU,7,8,2026-09-02 12:36:22,Hospital Staff
UPD-000532,HSP-006,ICU,2,3,2026-09-02 12:38:09,Hospital Staff
UPD-000533,HSP-020,ICU,18,17,2026-09-02 12:38:57,Hospital Staff
UPD-000534,HSP-014,Oxygen Bed,25,28,2026-09-02 12:41:43,Hospital Staff
UPD-000535,HSP-015,Oxygen Bed,12,15,2026-09-02 12:46:06,Admin
UPD-000536,HSP-011,General Bed,54,48,2026-09-02 12:49:18,Hospital Staff
UPD-000537,HSP-020,Oxygen Bed,39,37,2026-09-02 12:51:16,Hospital Staff
UPD-000538,HSP-021,Oxygen Bed,4,5,2026-09-02 12:51:48,Hospital Staff
UPD-000539,HSP-006,Oxygen Bed,4,1,2026-09-02 12:54:12,Hospital Staff
UPD-000540,HSP-002,Ventilator,5,4,2026-09-02 12:54:38,Hospital Staff
UPD-000541,HSP-019,General Bed,99,101,2026-09-02 12:59:41,Simulation
UPD-000542,HSP-002,General Bed,56,62,2026-09-02 13:08:24,Admin
UPD-000543,HSP-009,ICU,4,2,2026-09-02 13:09:45,Hospital Staff
UPD-000544,HSP-008,General Bed,114,118,2026-09-02 13:11:31,Hospital Staff
UPD-000545,HSP-015,General Bed,54,57,2026-09-02 13:12:22,Hospital Staff
UPD-000546,HSP-009,Oxygen Bed,23,26,2026-09-02 13:16:39,Hospital Staff
UPD-000547,HSP-011,Ventilator,3,2,2026-09-02 13:22:42,Admin
UPD-000548,HSP-013,ICU,6,7,2026-09-02 13:23:21,Simulation
UPD-000549,HSP-002,Oxygen Bed,2,0,2026-09-02 13:24:29,Hospital Staff
UPD-000550,HSP-025,Ventilator,0,1,2026-09-02 13:28:09,Simulation
UPD-000551,HSP-006,Oxygen Bed,1,4,2026-09-02 13:30:02,Simulation
UPD-000552,HSP-016,General Bed,39,40,2026-09-02 13:36:01,Simulation
UPD-000553,HSP-002,ICU,1,3,2026-09-02 13:41:03,Hospital Staff
UPD-000554,HSP-008,General Bed,118,112,2026-09-02 13:44:00,Simulation
UPD-000555,HSP-015,Ventilator,4,3,2026-09-02 13:45:05,Admin
UPD-000556,HSP-015,ICU,1,3,2026-09-02 13:48:25,Hospital Staff
UPD-000557,HSP-021,ICU,12,14,2026-09-02 13:53:01,Hospital Staff
UPD-000558,HSP-019,Oxygen Bed,55,53,2026-09-02 14:01:14,Hospital Staff
UPD-000559,HSP-008,ICU,36,37,2026-09-02 14:02:00,Admin
UPD-000560,HSP-012,General Bed,88,93,2026-09-02 14:04:31,Hospital Staff
UPD-000561,HSP-016,Ventilator,9,8,2026-09-02 14:06:50,Admin
UPD-000562,HSP-021,Ventilator,0,1,2026-09-02 14:08:28,Hospital Staff
UPD-000563,HSP-021,Ventilator,1,2,2026-09-02 14:10:20,Hospital Staff
UPD-000564,HSP-001,General Bed,125,126,2026-09-02 14:18:03,Admin
UPD-000565,HSP-023,Oxygen Bed,24,25,2026-09-02 14:20:33,Simulation
UPD-000566,HSP-008,Oxygen Bed,9,11,2026-09-02 14:20:43,Hospital Staff
UPD-000567,HSP-015,Oxygen Bed,15,13,2026-09-02 14:21:43,Hospital Staff
UPD-000568,HSP-006,Oxygen Bed,4,1,2026-09-02 14:31:58,Hospital Staff
UPD-000569,HSP-017,Oxygen Bed,5,8,2026-09-02 14:37:09,Simulation
UPD-000570,HSP-014,Oxygen Bed,28,27,2026-09-02 14:45:48,Hospital Staff
UPD-000571,HSP-007,ICU,39,40,2026-09-02 14:46:13,Hospital Staff
UPD-000572,HSP-022,Oxygen Bed,4,7,2026-09-02 14:49:33,Hospital Staff
UPD-000573,HSP-007,ICU,40,41,2026-09-02 14:50:03,Admin
UPD-000574,HSP-007,ICU,41,40,2026-09-02 14:53:29,Hospital Staff
UPD-000575,HSP-018,Ventilator,1,2,2026-09-02 14:57:48,Hospital Staff
UPD-000576,HSP-004,Oxygen Bed,5,3,2026-09-02 15:02:22,Admin
UPD-000577,HSP-019,Ventilator,15,14,2026-09-02 15:04:38,Simulation
UPD-000578,HSP-005,General Bed,12,8,2026-09-02 15:08:55,Simulation
UPD-000579,HSP-007,Ventilator,22,21,2026-09-02 15:14:46,Hospital Staff
UPD-000580,HSP-008,Oxygen Bed,11,10,2026-09-02 15:18:26,Admin
UPD-000581,HSP-002,Ventilator,4,5,2026-09-02 15:24:35,Hospital Staff
UPD-000582,HSP-022,General Bed,16,20,2026-09-02 15:30:13,Admin
UPD-000583,HSP-006,General Bed,10,4,2026-09-02 15:41:51,Hospital Staff
UPD-000584,HSP-014,Oxygen Bed,27,30,2026-09-02 15:47:55,Admin
UPD-000585,HSP-007,ICU,40,42,2026-09-02 16:09:55,Hospital Staff
UPD-000586,HSP-011,Ventilator,2,1,2026-09-02 16:16:08,Simulation
UPD-000587,HSP-003,ICU,5,4,2026-09-02 16:21:00,Hospital Staff
UPD-000588,HSP-019,General Bed,101,97,2026-09-02 16:27:40,Simulation
UPD-000589,HSP-022,ICU,8,9,2026-09-02 16:30:06,Hospital Staff
UPD-000590,HSP-011,Ventilator,1,2,2026-09-02 16:30:24,Hospital Staff
UPD-000591,HSP-020,ICU,17,16,2026-09-02 16:31:35,Hospital Staff
UPD-000592,HSP-008,Ventilator,13,12,2026-09-02 16:41:06,Admin
UPD-000593,HSP-019,Oxygen Bed,53,51,2026-09-02 16:45:08,Hospital Staff
UPD-000594,HSP-003,General Bed,34,33,2026-09-02 16:45:40,Hospital Staff
UPD-000595,HSP-021,Ventilator,2,1,2026-09-02 16:45:51,Hospital Staff
UPD-000596,HSP-024,ICU,1,3,2026-09-02 16:55:05,Admin
UPD-000597,HSP-024,General Bed,14,15,2026-09-02 16:58:27,Hospital Staff
UPD-000598,HSP-009,ICU,2,1,2026-09-02 17:05:11,Hospital Staff
UPD-000599,HSP-023,Oxygen Bed,25,22,2026-09-02 17:12:27,Hospital Staff
UPD-000600,HSP-015,ICU,3,1,2026-09-02 17:13:54,Hospital Staff
UPD-000601,HSP-022,ICU,9,8,2026-09-02 17:15:50,Hospital Staff
UPD-000602,HSP-011,Oxygen Bed,10,8,2026-09-02 17:34:15,Simulation
UPD-000603,HSP-021,Ventilator,1,2,2026-09-02 17:35:41,Admin
UPD-000604,HSP-001,General Bed,126,122,2026-09-02 17:37:01,Hospital Staff
UPD-000605,HSP-023,Oxygen Bed,22,24,2026-09-02 17:43:03,Admin
UPD-000606,HSP-023,Ventilator,0,1,2026-09-02 17:44:31,Hospital Staff
UPD-000607,HSP-023,ICU,7,6,2026-09-02 17:48:09,Simulation
UPD-000608,HSP-024,General Bed,15,17,2026-09-02 17:51:45,Admin
UPD-000609,HSP-019,Ventilator,14,15,2026-09-02 17:55:29,Admin
UPD-000610,HSP-017,General Bed,29,32,2026-09-02 18:01:25,Hospital Staff
UPD-000611,HSP-002,ICU,3,1,2026-09-02 18:05:23,Simulation
UPD-000612,HSP-004,ICU,4,2,2026-09-02 18:06:17,Simulation
UPD-000613,HSP-019,ICU,26,28,2026-09-02 18:09:21,Hospital Staff
UPD-000614,HSP-020,ICU,16,15,2026-09-02 18:10:44,Hospital Staff
UPD-000615,HSP-022,ICU,8,7,2026-09-02 18:18:46,Hospital Staff
UPD-000616,HSP-005,General Bed,8,5,2026-09-02 18:19:23,Simulation
UPD-000617,HSP-017,General Bed,32,30,2026-09-02 18:22:03,Admin
UPD-000618,HSP-002,General Bed,62,66,2026-09-02 18:25:00,Simulation
UPD-000619,HSP-024,Ventilator,6,5,2026-09-02 18:30:30,Hospital Staff
UPD-000620,HSP-024,General Bed,17,23,2026-09-02 18:33:45,Admin
UPD-000621,HSP-025,Oxygen Bed,2,5,2026-09-02 18:35:13,Hospital Staff
UPD-000622,HSP-020,General Bed,215,210,2026-09-02 18:39:29,Hospital Staff
UPD-000623,HSP-012,General Bed,93,91,2026-09-02 18:39:57,Hospital Staff
UPD-000624,HSP-010,General Bed,13,19,2026-09-02 18:41:45,Hospital Staff
UPD-000625,HSP-023,ICU,6,8,2026-09-02 18:42:57,Hospital Staff
UPD-000626,HSP-010,ICU,10,11,2026-09-02 18:45:45,Simulation
UPD-000627,HSP-024,General Bed,23,24,2026-09-02 18:53:33,Simulation
UPD-000628,HSP-019,General Bed,97,103,2026-09-02 18:56:49,Hospital Staff
UPD-000629,HSP-012,Ventilator,9,8,2026-09-02 19:02:58,Admin
UPD-000630,HSP-019,Oxygen Bed,51,53,2026-09-02 19:18:05,Hospital Staff
UPD-000631,HSP-010,ICU,11,10,2026-09-02 19:21:33,Simulation
UPD-000632,HSP-021,Oxygen Bed,5,8,2026-09-02 19:22:31,Hospital Staff
UPD-000633,HSP-023,General Bed,34,37,2026-09-02 19:28:57,Hospital Staff
UPD-000634,HSP-005,Oxygen Bed,2,4,2026-09-02 19:58:20,Hospital Staff
UPD-000635,HSP-023,Oxygen Bed,24,21,2026-09-02 19:58:43,Admin
UPD-000636,HSP-020,Oxygen Bed,37,40,2026-09-02 20:07:05,Hospital Staff
UPD-000637,HSP-010,ICU,10,12,2026-09-02 20:11:44,Hospital Staff
UPD-000638,HSP-009,Oxygen Bed,26,27,2026-09-02 20:20:41,Hospital Staff
UPD-000639,HSP-001,General Bed,122,124,2026-09-02 20:29:09,Hospital Staff
UPD-000640,HSP-017,ICU,3,1,2026-09-02 20:33:14,Hospital Staff
UPD-000641,HSP-015,General Bed,57,63,2026-09-02 20:36:31,Hospital Staff
UPD-000642,HSP-013,General Bed,9,6,2026-09-02 20:40:16,Simulation
UPD-000643,HSP-003,ICU,4,3,2026-09-02 20:49:22,Simulation
UPD-000644,HSP-004,ICU,2,1,2026-09-02 20:53:03,Hospital Staff
UPD-000645,HSP-007,Oxygen Bed,57,56,2026-09-02 20:55:27,Hospital Staff
UPD-000646,HSP-015,Oxygen Bed,13,12,2026-09-02 20:56:13,Hospital Staff
UPD-000647,HSP-008,ICU,37,36,2026-09-02 21:00:34,Hospital Staff
UPD-000648,HSP-008,ICU,36,34,2026-09-02 21:00:42,Hospital Staff
UPD-000649,HSP-003,Oxygen Bed,4,1,2026-09-02 21:01:03,Simulation
UPD-000650,HSP-010,Oxygen Bed,13,14,2026-09-02 21:03:10,Hospital Staff
UPD-000651,HSP-005,General Bed,5,10,2026-09-02 21:04:53,Hospital Staff
UPD-000652,HSP-020,Ventilator,35,34,2026-09-02 21:06:06,Admin
UPD-000653,HSP-002,Oxygen Bed,0,1,2026-09-02 21:11:13,Admin
UPD-000654,HSP-002,Oxygen Bed,1,3,2026-09-02 21:30:58,Admin
UPD-000655,HSP-014,Oxygen Bed,30,27,2026-09-02 21:32:16,Simulation
UPD-000656,HSP-022,ICU,7,9,2026-09-02 22:01:26,Simulation
UPD-000657,HSP-014,Oxygen Bed,27,26,2026-09-02 22:05:54,Hospital Staff
UPD-000658,HSP-017,Oxygen Bed,8,6,2026-09-02 22:06:58,Admin
UPD-000659,HSP-008,Ventilator,12,11,2026-09-02 22:12:49,Hospital Staff
UPD-000660,HSP-018,Oxygen Bed,11,12,2026-09-02 22:13:05,Hospital Staff
UPD-000661,HSP-011,General Bed,48,44,2026-09-02 22:14:55,Hospital Staff
UPD-000662,HSP-001,Ventilator,3,4,2026-09-02 22:20:31,Hospital Staff
UPD-000663,HSP-013,Oxygen Bed,29,26,2026-09-02 22:20:36,Admin
UPD-000664,HSP-009,General Bed,20,14,2026-09-02 22:32:44,Simulation
UPD-000665,HSP-025,Oxygen Bed,5,4,2026-09-02 22:33:20,Hospital Staff
UPD-000666,HSP-014,Ventilator,18,17,2026-09-02 22:35:28,Hospital Staff
UPD-000667,HSP-017,Oxygen Bed,6,8,2026-09-02 22:40:15,Hospital Staff
UPD-000668,HSP-018,Ventilator,2,3,2026-09-02 22:40:41,Hospital Staff
UPD-000669,HSP-012,Ventilator,8,9,2026-09-02 22:45:28,Simulation
UPD-000670,HSP-019,Oxygen Bed,53,52,2026-09-02 22:48:44,Hospital Staff
UPD-000671,HSP-007,Ventilator,21,20,2026-09-02 22:49:04,Hospital Staff
UPD-000672,HSP-021,Oxygen Bed,8,5,2026-09-02 22:57:12,Hospital Staff
UPD-000673,HSP-013,General Bed,6,11,2026-09-02 22:57:30,Hospital Staff
UPD-000674,HSP-021,ICU,14,15,2026-09-02 23:02:01,Admin
UPD-000675,HSP-007,Oxygen Bed,56,58,2026-09-02 23:04:11,Hospital Staff
UPD-000676,HSP-014,Oxygen Bed,26,24,2026-09-02 23:07:12,Hospital Staff
UPD-000677,HSP-001,Ventilator,4,3,2026-09-02 23:09:16,Admin
UPD-000678,HSP-012,Oxygen Bed,64,62,2026-09-02 23:10:44,Admin
UPD-000679,HSP-004,General Bed,56,55,2026-09-02 23:12:39,Hospital Staff
UPD-000680,HSP-005,General Bed,10,5,2026-09-02 23:19:18,Hospital Staff
UPD-000681,HSP-007,Oxygen Bed,58,60,2026-09-02 23:20:58,Admin
UPD-000682,HSP-021,ICU,15,16,2026-09-02 23:22:55,Hospital Staff
UPD-000683,HSP-020,General Bed,210,214,2026-09-02 23:25:32,Hospital Staff
UPD-000684,HSP-005,Ventilator,10,9,2026-09-02 23:34:27,Hospital Staff
UPD-000685,HSP-017,General Bed,30,28,2026-09-02 23:45:41,Simulation
UPD-000686,HSP-012,ICU,22,20,2026-09-02 23:48:45,Admin
UPD-000687,HSP-006,ICU,3,1,2026-09-03 00:05:22,Simulation
UPD-000688,HSP-010,ICU,12,13,2026-09-03 00:07:44,Hospital Staff
UPD-000689,HSP-025,Ventilator,1,2,2026-09-03 00:13:58,Simulation
UPD-000690,HSP-017,General Bed,28,31,2026-09-03 00:16:59,Hospital Staff
UPD-000691,HSP-003,Oxygen Bed,1,3,2026-09-03 00:19:19,Hospital Staff
UPD-000692,HSP-002,General Bed,66,63,2026-09-03 00:20:31,Admin
UPD-000693,HSP-003,Oxygen Bed,3,0,2026-09-03 00:21:11,Hospital Staff
UPD-000694,HSP-012,Oxygen Bed,62,61,2026-09-03 00:21:22,Hospital Staff
UPD-000695,HSP-001,General Bed,124,121,2026-09-03 00:26:42,Hospital Staff
UPD-000696,HSP-020,General Bed,214,218,2026-09-03 00:27:19,Admin
UPD-000697,HSP-008,General Bed,112,111,2026-09-03 00:27:37,Admin
UPD-000698,HSP-012,Ventilator,9,10,2026-09-03 00:29:06,Simulation
UPD-000699,HSP-006,Ventilator,1,2,2026-09-03 00:34:01,Simulation
UPD-000700,HSP-005,Oxygen Bed,4,1,2026-09-03 00:40:10,Hospital Staff
UPD-000701,HSP-009,Oxygen Bed,27,29,2026-09-03 00:40:50,Hospital Staff
UPD-000702,HSP-003,Oxygen Bed,0,3,2026-09-03 00:51:26,Hospital Staff
UPD-000703,HSP-007,Oxygen Bed,60,63,2026-09-03 00:52:45,Hospital Staff
UPD-000704,HSP-002,General Bed,63,66,2026-09-03 00:58:35,Hospital Staff
UPD-000705,HSP-010,General Bed,19,25,2026-09-03 01:02:23,Admin
UPD-000706,HSP-022,Oxygen Bed,7,4,2026-09-03 01:09:46,Hospital Staff
UPD-000707,HSP-019,Oxygen Bed,52,50,2026-09-03 01:16:43,Hospital Staff
UPD-000708,HSP-022,ICU,9,7,2026-09-03 01:23:50,Simulation
UPD-000709,HSP-006,Oxygen Bed,1,4,2026-09-03 01:27:19,Admin
UPD-000710,HSP-001,Ventilator,3,4,2026-09-03 01:29:54,Hospital Staff
UPD-000711,HSP-023,Oxygen Bed,21,22,2026-09-03 01:34:06,Simulation
UPD-000712,HSP-013,Ventilator,6,7,2026-09-03 01:39:18,Hospital Staff
UPD-000713,HSP-011,Ventilator,2,1,2026-09-03 01:45:57,Admin
UPD-000714,HSP-023,Oxygen Bed,22,24,2026-09-03 01:48:07,Hospital Staff
UPD-000715,HSP-019,Oxygen Bed,50,47,2026-09-03 01:51:50,Hospital Staff
UPD-000716,HSP-022,Oxygen Bed,4,5,2026-09-03 02:02:01,Admin
UPD-000717,HSP-021,General Bed,48,51,2026-09-03 02:06:46,Hospital Staff
UPD-000718,HSP-006,ICU,1,2,2026-09-03 02:19:53,Hospital Staff
UPD-000719,HSP-025,ICU,4,3,2026-09-03 02:20:30,Hospital Staff
UPD-000720,HSP-008,ICU,34,33,2026-09-03 02:22:41,Hospital Staff
UPD-000721,HSP-017,General Bed,31,35,2026-09-03 02:26:13,Hospital Staff
UPD-000722,HSP-001,General Bed,121,127,2026-09-03 02:26:25,Hospital Staff
UPD-000723,HSP-007,General Bed,212,217,2026-09-03 02:33:16,Simulation
UPD-000724,HSP-018,Ventilator,3,4,2026-09-03 02:37:38,Hospital Staff
UPD-000725,HSP-015,General Bed,63,59,2026-09-03 02:39:48,Hospital Staff
UPD-000726,HSP-011,General Bed,44,46,2026-09-03 02:45:31,Hospital Staff
UPD-000727,HSP-014,General Bed,65,66,2026-09-03 02:48:01,Hospital Staff
UPD-000728,HSP-011,General Bed,46,45,2026-09-03 02:51:43,Hospital Staff
UPD-000729,HSP-003,Ventilator,11,10,2026-09-03 02:54:53,Simulation
UPD-000730,HSP-017,ICU,1,0,2026-09-03 03:06:07,Hospital Staff
UPD-000731,HSP-023,Oxygen Bed,24,25,2026-09-03 03:08:58,Hospital Staff
UPD-000732,HSP-012,Ventilator,10,11,2026-09-03 03:12:19,Hospital Staff
UPD-000733,HSP-006,Oxygen Bed,4,3,2026-09-03 03:12:44,Simulation
UPD-000734,HSP-009,General Bed,14,8,2026-09-03 03:17:28,Hospital Staff
UPD-000735,HSP-015,Oxygen Bed,12,9,2026-09-03 03:31:01,Admin
UPD-000736,HSP-016,Ventilator,8,9,2026-09-03 03:34:53,Hospital Staff
UPD-000737,HSP-020,ICU,15,13,2026-09-03 03:36:42,Admin
UPD-000738,HSP-005,Ventilator,9,8,2026-09-03 03:37:01,Simulation
UPD-000739,HSP-022,General Bed,20,21,2026-09-03 03:41:09,Admin
UPD-000740,HSP-007,Oxygen Bed,63,62,2026-09-03 03:41:52,Hospital Staff
UPD-000741,HSP-016,ICU,9,8,2026-09-03 03:44:56,Hospital Staff
UPD-000742,HSP-004,General Bed,55,51,2026-09-03 03:46:55,Admin
UPD-000743,HSP-022,ICU,7,5,2026-09-03 03:54:53,Hospital Staff
UPD-000744,HSP-009,General Bed,8,11,2026-09-03 03:57:11,Simulation
UPD-000745,HSP-017,ICU,0,2,2026-09-03 04:03:59,Hospital Staff
UPD-000746,HSP-002,Ventilator,5,6,2026-09-03 04:04:25,Hospital Staff
UPD-000747,HSP-013,Oxygen Bed,26,29,2026-09-03 04:07:01,Simulation
UPD-000748,HSP-022,General Bed,21,27,2026-09-03 04:11:05,Hospital Staff
UPD-000749,HSP-018,Ventilator,4,5,2026-09-03 04:11:16,Admin
UPD-000750,HSP-007,Oxygen Bed,62,60,2026-09-03 04:18:14,Hospital Staff
UPD-000751,HSP-016,ICU,8,7,2026-09-03 04:19:09,Hospital Staff
UPD-000752,HSP-008,Ventilator,11,10,2026-09-03 04:22:30,Admin
UPD-000753,HSP-015,General Bed,59,55,2026-09-03 04:27:32,Hospital Staff
UPD-000754,HSP-024,Oxygen Bed,41,44,2026-09-03 04:34:51,Hospital Staff
UPD-000755,HSP-005,ICU,6,8,2026-09-03 04:37:40,Hospital Staff
UPD-000756,HSP-019,Ventilator,15,14,2026-09-03 04:40:50,Hospital Staff
UPD-000757,HSP-019,ICU,28,29,2026-09-03 04:44:56,Admin
UPD-000758,HSP-012,ICU,20,19,2026-09-03 04:45:39,Hospital Staff
UPD-000759,HSP-011,ICU,8,6,2026-09-03 04:48:41,Admin
UPD-000760,HSP-023,Oxygen Bed,25,24,2026-09-03 04:54:27,Simulation
UPD-000761,HSP-002,General Bed,66,69,2026-09-03 05:00:32,Hospital Staff
UPD-000762,HSP-010,ICU,13,11,2026-09-03 05:03:03,Hospital Staff
UPD-000763,HSP-024,Ventilator,5,4,2026-09-03 05:04:42,Hospital Staff
UPD-000764,HSP-022,Ventilator,1,0,2026-09-03 05:10:53,Hospital Staff
UPD-000765,HSP-017,ICU,2,4,2026-09-03 05:11:35,Hospital Staff
UPD-000766,HSP-011,General Bed,45,51,2026-09-03 05:17:44,Hospital Staff
UPD-000767,HSP-022,Ventilator,0,1,2026-09-03 05:19:55,Hospital Staff
UPD-000768,HSP-024,ICU,3,4,2026-09-03 05:20:53,Admin
UPD-000769,HSP-018,Ventilator,5,4,2026-09-03 05:22:12,Hospital Staff
UPD-000770,HSP-013,General Bed,11,13,2026-09-03 05:24:08,Admin
UPD-000771,HSP-004,General Bed,51,49,2026-09-03 05:25:07,Admin
UPD-000772,HSP-014,ICU,14,13,2026-09-03 05:28:48,Simulation
UPD-000773,HSP-008,General Bed,111,113,2026-09-03 05:29:09,Simulation
UPD-000774,HSP-007,Oxygen Bed,60,59,2026-09-03 05:34:44,Hospital Staff
UPD-000775,HSP-013,General Bed,13,8,2026-09-03 05:35:32,Admin
UPD-000776,HSP-019,Oxygen Bed,47,49,2026-09-03 05:35:38,Admin
UPD-000777,HSP-015,Oxygen Bed,9,8,2026-09-03 05:36:10,Hospital Staff
UPD-000778,HSP-006,Oxygen Bed,3,4,2026-09-03 05:42:15,Admin
UPD-000779,HSP-004,Ventilator,7,8,2026-09-03 06:04:51,Hospital Staff
UPD-000780,HSP-013,Ventilator,7,6,2026-09-03 06:07:13,Hospital Staff
UPD-000781,HSP-001,General Bed,127,133,2026-09-03 06:09:50,Hospital Staff
UPD-000782,HSP-009,Oxygen Bed,29,26,2026-09-03 06:10:02,Admin
UPD-000783,HSP-009,ICU,1,2,2026-09-03 06:18:55,Hospital Staff
UPD-000784,HSP-019,ICU,29,30,2026-09-03 06:18:56,Hospital Staff
UPD-000785,HSP-002,General Bed,69,65,2026-09-03 06:19:03,Hospital Staff
UPD-000786,HSP-016,Ventilator,9,8,2026-09-03 06:19:48,Hospital Staff
UPD-000787,HSP-024,Ventilator,4,3,2026-09-03 06:29:45,Hospital Staff
UPD-000788,HSP-006,ICU,2,1,2026-09-03 06:34:30,Hospital Staff
UPD-000789,HSP-016,Ventilator,8,7,2026-09-03 06:39:29,Admin
UPD-000790,HSP-005,Ventilator,8,9,2026-09-03 06:57:49,Simulation
UPD-000791,HSP-013,Ventilator,6,5,2026-09-03 06:59:13,Hospital Staff
UPD-000792,HSP-015,Ventilator,3,4,2026-09-03 07:04:07,Hospital Staff
UPD-000793,HSP-023,Ventilator,1,2,2026-09-03 07:12:25,Hospital Staff
UPD-000794,HSP-002,Ventilator,6,7,2026-09-03 07:16:03,Simulation
UPD-000795,HSP-013,ICU,7,5,2026-09-03 07:27:45,Admin
UPD-000796,HSP-005,Oxygen Bed,1,3,2026-09-03 07:29:38,Hospital Staff
UPD-000797,HSP-001,Ventilator,4,5,2026-09-03 07:33:33,Simulation
UPD-000798,HSP-004,General Bed,49,54,2026-09-03 07:37:09,Hospital Staff
UPD-000799,HSP-007,Oxygen Bed,59,57,2026-09-03 07:38:03,Hospital Staff
UPD-000800,HSP-023,ICU,8,7,2026-09-03 07:38:11,Hospital Staff
UPD-000801,HSP-004,Oxygen Bed,3,6,2026-09-03 07:43:24,Admin
UPD-000802,HSP-017,Oxygen Bed,8,7,2026-09-03 07:44:58,Hospital Staff
UPD-000803,HSP-020,Oxygen Bed,40,43,2026-09-03 07:48:25,Admin
UPD-000804,HSP-010,ICU,11,10,2026-09-03 07:48:57,Hospital Staff
UPD-000805,HSP-006,ICU,1,0,2026-09-03 07:50:44,Hospital Staff
UPD-000806,HSP-010,Oxygen Bed,14,11,2026-09-03 07:53:37,Hospital Staff
UPD-000807,HSP-010,ICU,10,8,2026-09-03 07:55:45,Hospital Staff
UPD-000808,HSP-002,Ventilator,7,8,2026-09-03 08:04:50,Simulation
UPD-000809,HSP-002,General Bed,65,67,2026-09-03 08:06:13,Admin
UPD-000810,HSP-013,Oxygen Bed,29,30,2026-09-03 08:13:11,Simulation
UPD-000811,HSP-016,Ventilator,7,8,2026-09-03 08:13:20,Hospital Staff
UPD-000812,HSP-013,Oxygen Bed,30,29,2026-09-03 08:22:41,Simulation
UPD-000813,HSP-020,Ventilator,34,33,2026-09-03 08:24:11,Hospital Staff
UPD-000814,HSP-004,General Bed,54,59,2026-09-03 08:28:41,Simulation
UPD-000815,HSP-017,ICU,4,3,2026-09-03 08:36:36,Hospital Staff
UPD-000816,HSP-023,Ventilator,2,3,2026-09-03 08:38:02,Hospital Staff
UPD-000817,HSP-024,Ventilator,3,2,2026-09-03 08:38:50,Admin
UPD-000818,HSP-019,ICU,30,32,2026-09-03 08:51:15,Hospital Staff
UPD-000819,HSP-008,Oxygen Bed,10,11,2026-09-03 08:52:52,Hospital Staff
UPD-000820,HSP-017,ICU,3,1,2026-09-03 08:53:53,Admin
UPD-000821,HSP-021,Ventilator,2,3,2026-09-03 08:54:00,Hospital Staff
UPD-000822,HSP-015,Oxygen Bed,8,5,2026-09-03 08:57:16,Hospital Staff
UPD-000823,HSP-009,ICU,2,4,2026-09-03 08:57:28,Simulation
UPD-000824,HSP-013,Ventilator,5,6,2026-09-03 09:00:42,Admin
UPD-000825,HSP-023,General Bed,37,33,2026-09-03 09:04:40,Hospital Staff
UPD-000826,HSP-018,ICU,8,6,2026-09-03 09:11:50,Simulation
UPD-000827,HSP-020,Oxygen Bed,43,42,2026-09-03 09:16:39,Admin
UPD-000828,HSP-006,Ventilator,2,1,2026-09-03 09:17:08,Admin
UPD-000829,HSP-020,Oxygen Bed,42,39,2026-09-03 09:17:48,Hospital Staff
UPD-000830,HSP-010,General Bed,25,23,2026-09-03 09:19:36,Simulation
UPD-000831,HSP-003,Oxygen Bed,3,2,2026-09-03 09:24:54,Hospital Staff
UPD-000832,HSP-022,Ventilator,1,2,2026-09-03 09:24:56,Hospital Staff
UPD-000833,HSP-019,Oxygen Bed,49,50,2026-09-03 09:25:19,Hospital Staff
UPD-000834,HSP-021,General Bed,51,52,2026-09-03 09:26:18,Hospital Staff
UPD-000835,HSP-010,Oxygen Bed,11,10,2026-09-03 09:31:01,Hospital Staff
UPD-000836,HSP-008,Ventilator,10,9,2026-09-03 09:32:42,Hospital Staff
UPD-000837,HSP-006,Ventilator,1,2,2026-09-03 09:34:40,Hospital Staff
UPD-000838,HSP-024,Oxygen Bed,44,46,2026-09-03 09:37:32,Admin
UPD-000839,HSP-013,ICU,5,7,2026-09-03 09:41:31,Hospital Staff
UPD-000840,HSP-014,Ventilator,17,18,2026-09-03 09:43:38,Hospital Staff
UPD-000841,HSP-014,Ventilator,18,17,2026-09-03 09:43:48,Admin
UPD-000842,HSP-017,Oxygen Bed,7,8,2026-09-03 09:45:37,Hospital Staff
UPD-000843,HSP-006,General Bed,4,5,2026-09-03 09:48:30,Hospital Staff
UPD-000844,HSP-011,ICU,6,4,2026-09-03 09:52:38,Hospital Staff
UPD-000845,HSP-008,Ventilator,9,10,2026-09-03 09:55:13,Hospital Staff
UPD-000846,HSP-019,Oxygen Bed,50,53,2026-09-03 09:57:13,Hospital Staff
UPD-000847,HSP-016,ICU,7,8,2026-09-03 09:57:32,Admin
UPD-000848,HSP-001,Ventilator,5,6,2026-09-03 09:58:52,Hospital Staff
UPD-000849,HSP-020,General Bed,218,216,2026-09-03 09:59:57,Simulation
UPD-000850,HSP-008,Ventilator,10,9,2026-09-03 10:00:06,Hospital Staff
UPD-000851,HSP-009,Oxygen Bed,26,27,2026-09-03 10:04:18,Hospital Staff
UPD-000852,HSP-012,Ventilator,11,10,2026-09-03 10:08:35,Hospital Staff
UPD-000853,HSP-023,ICU,7,8,2026-09-03 10:15:36,Hospital Staff
UPD-000854,HSP-012,ICU,19,20,2026-09-03 10:15:47,Simulation
UPD-000855,HSP-011,ICU,4,5,2026-09-03 10:16:07,Hospital Staff
UPD-000856,HSP-025,Ventilator,2,1,2026-09-03 10:16:21,Simulation
UPD-000857,HSP-020,Ventilator,33,32,2026-09-03 10:19:15,Admin
UPD-000858,HSP-018,Oxygen Bed,12,14,2026-09-03 10:19:32,Admin
UPD-000859,HSP-014,Oxygen Bed,24,23,2026-09-03 10:21:20,Admin
UPD-000860,HSP-010,General Bed,23,17,2026-09-03 10:24:41,Hospital Staff
UPD-000861,HSP-006,General Bed,5,11,2026-09-03 10:38:05,Admin
UPD-000862,HSP-017,Oxygen Bed,8,7,2026-09-03 10:39:14,Hospital Staff
UPD-000863,HSP-016,Ventilator,8,7,2026-09-03 10:43:39,Simulation
UPD-000864,HSP-010,ICU,8,10,2026-09-03 10:56:54,Admin
UPD-000865,HSP-010,ICU,10,11,2026-09-03 11:06:51,Hospital Staff
UPD-000866,HSP-025,Ventilator,1,0,2026-09-03 11:14:14,Hospital Staff
UPD-000867,HSP-017,ICU,1,3,2026-09-03 11:15:28,Admin
UPD-000868,HSP-016,Ventilator,7,6,2026-09-03 11:18:21,Admin
UPD-000869,HSP-015,General Bed,55,51,2026-09-03 11:20:01,Simulation
UPD-000870,HSP-009,ICU,4,6,2026-09-03 11:25:54,Hospital Staff
UPD-000871,HSP-025,Ventilator,0,1,2026-09-03 11:26:32,Simulation
UPD-000872,HSP-016,Oxygen Bed,8,5,2026-09-03 11:30:41,Hospital Staff
UPD-000873,HSP-001,Ventilator,6,7,2026-09-03 11:46:20,Hospital Staff
UPD-000874,HSP-004,General Bed,59,60,2026-09-03 11:46:50,Simulation
UPD-000875,HSP-025,Ventilator,1,2,2026-09-03 11:49:28,Admin
UPD-000876,HSP-006,Oxygen Bed,4,2,2026-09-03 11:52:18,Hospital Staff
UPD-000877,HSP-021,General Bed,52,46,2026-09-03 12:00:44,Simulation
UPD-000878,HSP-010,General Bed,17,22,2026-09-03 12:02:32,Hospital Staff
UPD-000879,HSP-012,Ventilator,10,9,2026-09-03 12:03:01,Admin
UPD-000880,HSP-024,ICU,4,6,2026-09-03 12:03:30,Hospital Staff
UPD-000881,HSP-008,ICU,33,31,2026-09-03 12:03:42,Hospital Staff
UPD-000882,HSP-011,Oxygen Bed,8,5,2026-09-03 12:04:50,Hospital Staff
UPD-000883,HSP-012,Oxygen Bed,61,58,2026-09-03 12:06:34,Hospital Staff
UPD-000884,HSP-016,Oxygen Bed,5,3,2026-09-03 12:09:51,Hospital Staff
UPD-000885,HSP-001,General Bed,133,132,2026-09-03 12:11:18,Hospital Staff
UPD-000886,HSP-016,ICU,8,9,2026-09-03 12:22:57,Admin
UPD-000887,HSP-014,ICU,13,15,2026-09-03 12:23:47,Hospital Staff
UPD-000888,HSP-008,ICU,31,29,2026-09-03 12:28:36,Hospital Staff
UPD-000889,HSP-023,General Bed,33,27,2026-09-03 12:30:13,Hospital Staff
UPD-000890,HSP-003,Oxygen Bed,2,5,2026-09-03 12:31:50,Hospital Staff
UPD-000891,HSP-014,ICU,15,14,2026-09-03 12:33:50,Hospital Staff
UPD-000892,HSP-012,General Bed,91,92,2026-09-03 12:38:28,Simulation
UPD-000893,HSP-020,Oxygen Bed,39,38,2026-09-03 12:57:26,Hospital Staff
UPD-000894,HSP-012,Oxygen Bed,58,55,2026-09-03 13:02:27,Simulation
UPD-000895,HSP-021,Oxygen Bed,5,4,2026-09-03 13:04:51,Simulation
UPD-000896,HSP-022,Oxygen Bed,5,6,2026-09-03 13:06:37,Hospital Staff
UPD-000897,HSP-009,ICU,6,4,2026-09-03 13:12:39,Hospital Staff
UPD-000898,HSP-017,ICU,3,2,2026-09-03 13:22:46,Hospital Staff
UPD-000899,HSP-010,General Bed,22,23,2026-09-03 13:22:51,Hospital Staff
UPD-000900,HSP-021,General Bed,46,51,2026-09-03 13:35:47,Hospital Staff
UPD-000901,HSP-005,Ventilator,9,8,2026-09-03 13:39:15,Admin
UPD-000902,HSP-010,ICU,11,13,2026-09-03 13:40:36,Hospital Staff
UPD-000903,HSP-001,Oxygen Bed,70,69,2026-09-03 13:42:49,Hospital Staff
UPD-000904,HSP-021,ICU,16,17,2026-09-03 13:46:53,Simulation
UPD-000905,HSP-001,Oxygen Bed,69,70,2026-09-03 13:47:57,Hospital Staff
UPD-000906,HSP-012,ICU,20,18,2026-09-03 13:50:26,Hospital Staff
UPD-000907,HSP-021,General Bed,51,49,2026-09-03 13:54:11,Hospital Staff
UPD-000908,HSP-014,General Bed,66,63,2026-09-03 14:03:30,Hospital Staff
UPD-000909,HSP-013,Ventilator,6,5,2026-09-03 14:05:15,Hospital Staff
UPD-000910,HSP-004,ICU,1,0,2026-09-03 14:09:19,Hospital Staff
UPD-000911,HSP-021,General Bed,49,45,2026-09-03 14:17:33,Admin
UPD-000912,HSP-023,ICU,8,10,2026-09-03 14:19:11,Hospital Staff
UPD-000913,HSP-001,General Bed,132,128,2026-09-03 14:36:37,Hospital Staff
UPD-000914,HSP-012,Oxygen Bed,55,52,2026-09-03 14:41:42,Admin
UPD-000915,HSP-021,Ventilator,3,2,2026-09-03 14:43:21,Hospital Staff
UPD-000916,HSP-006,Ventilator,2,1,2026-09-03 14:43:43,Hospital Staff
UPD-000917,HSP-021,General Bed,45,40,2026-09-03 14:47:44,Hospital Staff
UPD-000918,HSP-005,Oxygen Bed,3,4,2026-09-03 14:51:04,Simulation
UPD-000919,HSP-016,General Bed,40,44,2026-09-03 14:53:46,Hospital Staff
UPD-000920,HSP-025,Oxygen Bed,4,1,2026-09-03 14:59:37,Admin
UPD-000921,HSP-013,General Bed,8,9,2026-09-03 14:59:38,Hospital Staff
UPD-000922,HSP-016,Oxygen Bed,3,6,2026-09-03 15:02:53,Simulation
UPD-000923,HSP-010,ICU,13,11,2026-09-03 15:10:14,Hospital Staff
UPD-000924,HSP-005,Oxygen Bed,4,7,2026-09-03 15:18:33,Hospital Staff
UPD-000925,HSP-018,ICU,6,4,2026-09-03 15:19:39,Hospital Staff
UPD-000926,HSP-025,General Bed,27,26,2026-09-03 15:22:47,Hospital Staff
UPD-000927,HSP-018,Oxygen Bed,14,12,2026-09-03 15:23:31,Admin
UPD-000928,HSP-007,ICU,42,41,2026-09-03 15:23:48,Admin
UPD-000929,HSP-017,General Bed,35,39,2026-09-03 15:29:41,Admin
UPD-000930,HSP-018,Oxygen Bed,12,13,2026-09-03 15:49:55,Hospital Staff
UPD-000931,HSP-001,General Bed,128,132,2026-09-03 16:00:16,Hospital Staff
UPD-000932,HSP-005,Oxygen Bed,7,5,2026-09-03 16:03:53,Hospital Staff
UPD-000933,HSP-019,Oxygen Bed,53,55,2026-09-03 16:04:23,Admin
UPD-000934,HSP-022,Ventilator,2,3,2026-09-03 16:07:33,Hospital Staff
UPD-000935,HSP-012,Ventilator,9,10,2026-09-03 16:07:40,Hospital Staff
UPD-000936,HSP-015,General Bed,51,49,2026-09-03 16:10:54,Admin
UPD-000937,HSP-010,ICU,11,12,2026-09-03 16:17:20,Hospital Staff
UPD-000938,HSP-014,General Bed,63,57,2026-09-03 16:21:23,Hospital Staff
UPD-000939,HSP-025,Ventilator,2,1,2026-09-03 16:29:18,Admin
UPD-000940,HSP-004,General Bed,60,58,2026-09-03 16:30:21,Hospital Staff
UPD-000941,HSP-010,Ventilator,10,9,2026-09-03 16:40:45,Hospital Staff
UPD-000942,HSP-004,ICU,0,2,2026-09-03 16:42:35,Hospital Staff
UPD-000943,HSP-017,Oxygen Bed,7,4,2026-09-03 16:50:02,Hospital Staff
UPD-000944,HSP-014,Ventilator,17,16,2026-09-03 16:50:23,Admin
UPD-000945,HSP-011,ICU,5,3,2026-09-03 16:52:44,Simulation
UPD-000946,HSP-022,ICU,5,3,2026-09-03 17:04:01,Admin
UPD-000947,HSP-016,ICU,9,11,2026-09-03 17:14:09,Hospital Staff
UPD-000948,HSP-011,ICU,3,4,2026-09-03 17:14:18,Admin
UPD-000949,HSP-024,ICU,6,7,2026-09-03 17:14:33,Hospital Staff
UPD-000950,HSP-016,General Bed,44,40,2026-09-03 17:24:55,Admin
UPD-000951,HSP-002,General Bed,67,73,2026-09-03 17:25:26,Hospital Staff
UPD-000952,HSP-022,ICU,3,5,2026-09-03 17:26:29,Admin
UPD-000953,HSP-019,Oxygen Bed,55,56,2026-09-03 17:46:31,Hospital Staff
UPD-000954,HSP-017,Oxygen Bed,4,5,2026-09-03 17:53:22,Hospital Staff
UPD-000955,HSP-015,ICU,1,0,2026-09-03 17:54:41,Hospital Staff
UPD-000956,HSP-018,General Bed,12,17,2026-09-03 17:54:52,Hospital Staff
UPD-000957,HSP-021,General Bed,40,44,2026-09-03 18:02:19,Admin
UPD-000958,HSP-004,General Bed,58,53,2026-09-03 18:05:20,Hospital Staff
UPD-000959,HSP-001,Ventilator,7,6,2026-09-03 18:10:42,Admin
UPD-000960,HSP-006,Oxygen Bed,2,3,2026-09-03 18:13:05,Hospital Staff
UPD-000961,HSP-018,ICU,4,3,2026-09-03 18:13:43,Hospital Staff
UPD-000962,HSP-006,ICU,0,2,2026-09-03 18:19:00,Simulation
UPD-000963,HSP-020,ICU,13,12,2026-09-03 18:24:30,Simulation
UPD-000964,HSP-024,General Bed,24,20,2026-09-03 18:27:52,Hospital Staff
UPD-000965,HSP-010,Oxygen Bed,10,11,2026-09-03 18:28:11,Hospital Staff
UPD-000966,HSP-013,General Bed,9,15,2026-09-03 18:30:18,Admin
UPD-000967,HSP-019,Ventilator,14,13,2026-09-03 18:32:54,Hospital Staff
UPD-000968,HSP-017,ICU,2,4,2026-09-03 18:45:58,Admin
UPD-000969,HSP-016,General Bed,40,43,2026-09-03 18:48:06,Hospital Staff
UPD-000970,HSP-005,ICU,8,10,2026-09-03 18:48:30,Admin
UPD-000971,HSP-002,General Bed,73,76,2026-09-03 18:52:23,Admin
UPD-000972,HSP-023,General Bed,27,30,2026-09-03 19:06:59,Admin
UPD-000973,HSP-025,Oxygen Bed,1,4,2026-09-03 19:08:26,Hospital Staff
UPD-000974,HSP-012,General Bed,92,93,2026-09-03 19:08:53,Hospital Staff
UPD-000975,HSP-022,ICU,5,4,2026-09-03 19:10:12,Simulation
UPD-000976,HSP-019,General Bed,103,107,2026-09-03 19:11:21,Hospital Staff
UPD-000977,HSP-023,Ventilator,3,2,2026-09-03 19:15:36,Admin
UPD-000978,HSP-006,ICU,2,3,2026-09-03 19:27:44,Admin
UPD-000979,HSP-008,General Bed,113,108,2026-09-03 19:29:13,Admin
UPD-000980,HSP-022,General Bed,27,32,2026-09-03 19:34:15,Simulation
UPD-000981,HSP-010,ICU,12,10,2026-09-03 19:34:27,Hospital Staff
UPD-000982,HSP-019,ICU,32,30,2026-09-03 19:41:37,Simulation
UPD-000983,HSP-002,ICU,1,2,2026-09-03 19:42:20,Admin
UPD-000984,HSP-001,ICU,36,38,2026-09-03 19:53:25,Hospital Staff
UPD-000985,HSP-024,ICU,7,6,2026-09-03 19:54:54,Admin
UPD-000986,HSP-001,General Bed,132,126,2026-09-03 19:55:17,Admin
UPD-000987,HSP-020,ICU,12,10,2026-09-03 19:55:32,Simulation
UPD-000988,HSP-018,Ventilator,4,3,2026-09-03 19:58:02,Hospital Staff
UPD-000989,HSP-011,ICU,4,5,2026-09-03 19:58:05,Simulation
UPD-000990,HSP-003,Ventilator,10,11,2026-09-03 20:10:46,Simulation
UPD-000991,HSP-007,Ventilator,20,21,2026-09-03 20:18:40,Hospital Staff
UPD-000992,HSP-019,Ventilator,13,12,2026-09-03 20:19:23,Simulation
UPD-000993,HSP-011,General Bed,51,49,2026-09-03 20:26:36,Simulation
UPD-000994,HSP-016,Oxygen Bed,6,9,2026-09-03 20:26:38,Hospital Staff
UPD-000995,HSP-023,Ventilator,2,3,2026-09-03 20:30:37,Simulation
UPD-000996,HSP-017,Oxygen Bed,5,8,2026-09-03 20:34:22,Hospital Staff
UPD-000997,HSP-023,ICU,10,9,2026-09-03 20:34:53,Hospital Staff
UPD-000998,HSP-006,Oxygen Bed,3,4,2026-09-03 20:35:36,Hospital Staff
UPD-000999,HSP-020,ICU,10,9,2026-09-03 20:37:04,Hospital Staff
UPD-001000,HSP-006,ICU,3,1,2026-09-03 20:38:12,Hospital Staff
UPD-001001,HSP-022,General Bed,32,35,2026-09-03 20:45:31,Hospital Staff
UPD-001002,HSP-005,General Bed,5,7,2026-09-03 20:46:57,Admin
UPD-001003,HSP-013,ICU,7,5,2026-09-03 20:48:30,Admin
UPD-001004,HSP-023,ICU,9,7,2026-09-03 20:51:17,Hospital Staff
UPD-001005,HSP-015,ICU,0,2,2026-09-03 20:52:03,Hospital Staff
UPD-001006,HSP-017,General Bed,39,38,2026-09-03 20:59:05,Simulation
UPD-001007,HSP-016,General Bed,43,42,2026-09-03 21:00:20,Admin
UPD-001008,HSP-015,General Bed,49,55,2026-09-03 21:02:23,Hospital Staff
UPD-001009,HSP-015,Oxygen Bed,5,7,2026-09-03 21:02:48,Hospital Staff
UPD-001010,HSP-004,Oxygen Bed,6,7,2026-09-03 21:04:33,Hospital Staff
UPD-001011,HSP-006,Oxygen Bed,4,3,2026-09-03 21:06:28,Hospital Staff
UPD-001012,HSP-016,Oxygen Bed,9,12,2026-09-03 21:06:49,Hospital Staff
UPD-001013,HSP-020,ICU,9,7,2026-09-03 21:10:18,Admin
UPD-001014,HSP-021,Ventilator,2,1,2026-09-03 21:11:54,Admin
UPD-001015,HSP-010,Oxygen Bed,11,8,2026-09-03 21:12:29,Simulation
UPD-001016,HSP-017,General Bed,38,36,2026-09-03 21:15:18,Hospital Staff
UPD-001017,HSP-006,General Bed,11,5,2026-09-03 21:20:14,Admin
UPD-001018,HSP-007,Ventilator,21,20,2026-09-03 21:20:22,Hospital Staff
UPD-001019,HSP-015,Ventilator,4,5,2026-09-03 21:29:18,Admin
UPD-001020,HSP-016,Oxygen Bed,12,10,2026-09-03 21:41:35,Simulation
UPD-001021,HSP-008,ICU,29,27,2026-09-03 21:44:39,Simulation
UPD-001022,HSP-025,ICU,3,1,2026-09-03 21:54:03,Admin
UPD-001023,HSP-019,Ventilator,12,13,2026-09-03 21:58:09,Simulation
UPD-001024,HSP-007,Ventilator,20,21,2026-09-03 22:01:13,Simulation
UPD-001025,HSP-024,Ventilator,2,3,2026-09-03 22:01:22,Simulation
UPD-001026,HSP-022,Oxygen Bed,6,7,2026-09-03 22:06:03,Admin
UPD-001027,HSP-011,Ventilator,1,0,2026-09-03 22:10:08,Hospital Staff
UPD-001028,HSP-022,Ventilator,3,2,2026-09-03 22:21:20,Hospital Staff
UPD-001029,HSP-002,Ventilator,8,9,2026-09-03 22:27:01,Hospital Staff
UPD-001030,HSP-017,General Bed,36,32,2026-09-03 22:28:52,Hospital Staff
UPD-001031,HSP-018,Oxygen Bed,13,11,2026-09-03 22:35:14,Admin
UPD-001032,HSP-022,Ventilator,2,3,2026-09-03 22:40:35,Hospital Staff
UPD-001033,HSP-011,Oxygen Bed,5,2,2026-09-03 22:43:52,Hospital Staff
UPD-001034,HSP-001,ICU,38,39,2026-09-03 22:46:01,Hospital Staff
UPD-001035,HSP-021,General Bed,44,40,2026-09-03 22:47:16,Hospital Staff
UPD-001036,HSP-005,General Bed,7,3,2026-09-03 22:50:07,Hospital Staff
UPD-001037,HSP-003,Oxygen Bed,5,8,2026-09-03 22:57:29,Hospital Staff
UPD-001038,HSP-010,Ventilator,9,8,2026-09-03 23:02:35,Hospital Staff
UPD-001039,HSP-018,Oxygen Bed,11,13,2026-09-03 23:07:23,Hospital Staff
UPD-001040,HSP-014,ICU,14,16,2026-09-03 23:10:09,Hospital Staff
UPD-001041,HSP-002,General Bed,76,72,2026-09-03 23:11:02,Hospital Staff
UPD-001042,HSP-011,General Bed,49,48,2026-09-03 23:17:56,Hospital Staff
UPD-001043,HSP-019,General Bed,107,104,2026-09-03 23:19:35,Simulation
UPD-001044,HSP-017,Oxygen Bed,8,6,2026-09-03 23:25:09,Hospital Staff
UPD-001045,HSP-021,ICU,17,15,2026-09-03 23:25:30,Admin
UPD-001046,HSP-016,Ventilator,6,7,2026-09-03 23:31:55,Hospital Staff
UPD-001047,HSP-001,Oxygen Bed,70,68,2026-09-03 23:32:15,Hospital Staff
UPD-001048,HSP-007,Ventilator,21,22,2026-09-03 23:36:45,Hospital Staff
UPD-001049,HSP-007,Oxygen Bed,57,54,2026-09-03 23:37:51,Hospital Staff
UPD-001050,HSP-010,General Bed,23,24,2026-09-03 23:38:58,Simulation
UPD-001051,HSP-008,Oxygen Bed,11,8,2026-09-03 23:40:24,Hospital Staff
UPD-001052,HSP-008,ICU,27,26,2026-09-03 23:40:28,Simulation
UPD-001053,HSP-005,General Bed,3,4,2026-09-03 23:47:53,Simulation
UPD-001054,HSP-016,Oxygen Bed,10,12,2026-09-03 23:52:10,Hospital Staff
UPD-001055,HSP-014,General Bed,57,55,2026-09-03 23:52:56,Admin
UPD-001056,HSP-001,ICU,39,38,2026-09-03 23:55:13,Hospital Staff
UPD-001057,HSP-005,ICU,10,9,2026-09-03 23:57:31,Hospital Staff
UPD-001058,HSP-015,Ventilator,5,6,2026-09-04 00:00:01,Hospital Staff
UPD-001059,HSP-021,Ventilator,1,2,2026-09-04 00:04:47,Admin
UPD-001060,HSP-023,Oxygen Bed,24,21,2026-09-04 00:08:05,Hospital Staff
UPD-001061,HSP-016,Ventilator,7,8,2026-09-04 00:14:23,Simulation
UPD-001062,HSP-024,Oxygen Bed,46,49,2026-09-04 00:21:51,Hospital Staff
UPD-001063,HSP-011,Ventilator,0,1,2026-09-04 00:26:46,Simulation
UPD-001064,HSP-003,General Bed,33,28,2026-09-04 00:27:42,Admin
UPD-001065,HSP-018,Ventilator,3,4,2026-09-04 00:30:15,Hospital Staff
UPD-001066,HSP-023,ICU,7,5,2026-09-04 00:33:40,Hospital Staff
UPD-001067,HSP-016,Ventilator,8,7,2026-09-04 00:39:25,Hospital Staff
UPD-001068,HSP-009,ICU,4,5,2026-09-04 00:45:03,Hospital Staff
UPD-001069,HSP-004,General Bed,53,54,2026-09-04 00:45:40,Simulation
UPD-001070,HSP-009,Oxygen Bed,27,25,2026-09-04 00:46:22,Simulation
UPD-001071,HSP-016,Oxygen Bed,12,15,2026-09-04 00:47:00,Simulation
UPD-001072,HSP-011,Oxygen Bed,2,0,2026-09-04 00:53:23,Simulation
UPD-001073,HSP-020,General Bed,216,222,2026-09-04 01:01:16,Hospital Staff
UPD-001074,HSP-016,Oxygen Bed,15,13,2026-09-04 01:02:26,Hospital Staff
UPD-001075,HSP-018,ICU,3,4,2026-09-04 01:06:27,Simulation
UPD-001076,HSP-016,Oxygen Bed,13,15,2026-09-04 01:18:05,Admin
UPD-001077,HSP-025,Oxygen Bed,4,3,2026-09-04 01:23:30,Hospital Staff
UPD-001078,HSP-019,ICU,30,31,2026-09-04 01:27:15,Hospital Staff
UPD-001079,HSP-016,ICU,11,9,2026-09-04 01:27:56,Hospital Staff
UPD-001080,HSP-003,General Bed,28,32,2026-09-04 01:32:44,Hospital Staff
UPD-001081,HSP-018,ICU,4,6,2026-09-04 01:35:32,Admin
UPD-001082,HSP-022,Oxygen Bed,7,10,2026-09-04 01:37:44,Simulation
UPD-001083,HSP-019,ICU,31,30,2026-09-04 01:44:37,Simulation
UPD-001084,HSP-018,Oxygen Bed,13,11,2026-09-04 01:58:55,Hospital Staff
UPD-001085,HSP-019,General Bed,104,109,2026-09-04 01:59:56,Hospital Staff
UPD-001086,HSP-013,Oxygen Bed,29,27,2026-09-04 02:03:19,Admin
UPD-001087,HSP-003,Ventilator,11,12,2026-09-04 02:03:32,Hospital Staff
UPD-001088,HSP-005,ICU,9,10,2026-09-04 02:03:35,Admin
UPD-001089,HSP-022,General Bed,35,40,2026-09-04 02:03:36,Hospital Staff
UPD-001090,HSP-013,Oxygen Bed,27,28,2026-09-04 02:06:49,Simulation
UPD-001091,HSP-020,ICU,7,8,2026-09-04 02:07:58,Hospital Staff
UPD-001092,HSP-010,Oxygen Bed,8,6,2026-09-04 02:10:42,Simulation
UPD-001093,HSP-009,General Bed,11,13,2026-09-04 02:12:03,Admin
UPD-001094,HSP-002,Oxygen Bed,3,6,2026-09-04 02:12:24,Hospital Staff
UPD-001095,HSP-011,Oxygen Bed,0,3,2026-09-04 02:13:25,Admin
UPD-001096,HSP-020,ICU,8,6,2026-09-04 02:17:07,Hospital Staff
UPD-001097,HSP-013,General Bed,15,11,2026-09-04 02:17:25,Hospital Staff
UPD-001098,HSP-024,ICU,6,7,2026-09-04 02:17:33,Hospital Staff
UPD-001099,HSP-022,ICU,4,2,2026-09-04 02:18:15,Hospital Staff
UPD-001100,HSP-017,General Bed,32,30,2026-09-04 02:20:15,Simulation
UPD-001101,HSP-016,General Bed,42,43,2026-09-04 02:20:44,Hospital Staff
UPD-001102,HSP-020,Ventilator,32,33,2026-09-04 02:23:49,Hospital Staff
UPD-001103,HSP-023,Ventilator,3,4,2026-09-04 02:24:13,Admin
UPD-001104,HSP-017,General Bed,30,28,2026-09-04 02:25:25,Hospital Staff
UPD-001105,HSP-002,General Bed,72,74,2026-09-04 02:27:13,Hospital Staff
UPD-001106,HSP-008,Ventilator,9,10,2026-09-04 02:28:31,Hospital Staff
UPD-001107,HSP-019,General Bed,109,112,2026-09-04 02:41:02,Hospital Staff
UPD-001108,HSP-017,Oxygen Bed,6,4,2026-09-04 02:41:57,Hospital Staff
UPD-001109,HSP-018,General Bed,17,13,2026-09-04 02:42:47,Hospital Staff
UPD-001110,HSP-004,General Bed,54,58,2026-09-04 02:43:20,Hospital Staff
UPD-001111,HSP-010,Oxygen Bed,6,3,2026-09-04 02:47:12,Hospital Staff
UPD-001112,HSP-022,Ventilator,3,4,2026-09-04 02:58:45,Hospital Staff
UPD-001113,HSP-014,General Bed,55,60,2026-09-04 03:02:18,Simulation
UPD-001114,HSP-001,General Bed,126,120,2026-09-04 03:10:26,Hospital Staff
UPD-001115,HSP-007,ICU,41,43,2026-09-04 03:15:07,Simulation
UPD-001116,HSP-016,General Bed,43,37,2026-09-04 03:19:30,Admin
UPD-001117,HSP-014,Ventilator,16,17,2026-09-04 03:19:38,Simulation
UPD-001118,HSP-003,Ventilator,12,13,2026-09-04 03:26:33,Hospital Staff
UPD-001119,HSP-003,General Bed,32,28,2026-09-04 03:29:25,Admin
UPD-001120,HSP-025,Ventilator,1,2,2026-09-04 03:32:59,Hospital Staff
UPD-001121,HSP-004,ICU,2,0,2026-09-04 03:33:26,Hospital Staff
UPD-001122,HSP-006,ICU,1,3,2026-09-04 03:33:44,Admin
UPD-001123,HSP-018,General Bed,13,15,2026-09-04 03:48:02,Simulation
UPD-001124,HSP-023,ICU,5,6,2026-09-04 03:58:26,Hospital Staff
UPD-001125,HSP-005,ICU,10,9,2026-09-04 04:00:11,Hospital Staff
UPD-001126,HSP-012,Oxygen Bed,52,54,2026-09-04 04:02:38,Hospital Staff
UPD-001127,HSP-019,ICU,30,31,2026-09-04 04:04:31,Admin
UPD-001128,HSP-017,General Bed,28,29,2026-09-04 04:04:36,Admin
UPD-001129,HSP-020,ICU,6,5,2026-09-04 04:05:49,Hospital Staff
UPD-001130,HSP-006,Ventilator,1,2,2026-09-04 04:06:36,Hospital Staff
UPD-001131,HSP-009,Oxygen Bed,25,23,2026-09-04 04:09:50,Simulation
UPD-001132,HSP-009,ICU,5,6,2026-09-04 04:12:04,Hospital Staff
UPD-001133,HSP-012,ICU,18,19,2026-09-04 04:12:41,Hospital Staff
UPD-001134,HSP-020,Oxygen Bed,38,39,2026-09-04 04:25:23,Hospital Staff
UPD-001135,HSP-016,Oxygen Bed,15,17,2026-09-04 04:31:44,Hospital Staff
UPD-001136,HSP-004,Ventilator,8,7,2026-09-04 04:38:01,Hospital Staff
UPD-001137,HSP-005,Oxygen Bed,5,3,2026-09-04 04:40:07,Hospital Staff
UPD-001138,HSP-013,General Bed,11,5,2026-09-04 04:42:38,Hospital Staff
UPD-001139,HSP-005,Ventilator,8,9,2026-09-04 04:44:46,Hospital Staff
UPD-001140,HSP-008,Oxygen Bed,8,6,2026-09-04 04:44:57,Hospital Staff
UPD-001141,HSP-002,ICU,2,4,2026-09-04 04:47:11,Hospital Staff
UPD-001142,HSP-019,ICU,31,33,2026-09-04 04:53:22,Hospital Staff
UPD-001143,HSP-003,ICU,3,5,2026-09-04 05:18:50,Hospital Staff
UPD-001144,HSP-016,General Bed,37,38,2026-09-04 05:21:39,Simulation
UPD-001145,HSP-014,ICU,16,17,2026-09-04 05:21:50,Admin
UPD-001146,HSP-002,Oxygen Bed,6,3,2026-09-04 05:22:15,Hospital Staff
UPD-001147,HSP-024,ICU,7,5,2026-09-04 05:30:35,Hospital Staff
UPD-001148,HSP-003,ICU,5,3,2026-09-04 05:44:38,Admin
UPD-001149,HSP-024,Oxygen Bed,49,52,2026-09-04 05:47:52,Simulation
UPD-001150,HSP-023,General Bed,30,24,2026-09-04 05:50:31,Admin
UPD-001151,HSP-007,Oxygen Bed,54,57,2026-09-04 05:52:15,Hospital Staff
UPD-001152,HSP-021,Ventilator,2,1,2026-09-04 06:04:50,Hospital Staff
UPD-001153,HSP-011,General Bed,48,43,2026-09-04 06:10:58,Admin
UPD-001154,HSP-001,Oxygen Bed,68,66,2026-09-04 06:14:20,Hospital Staff
UPD-001155,HSP-020,Ventilator,33,32,2026-09-04 06:25:35,Hospital Staff
UPD-001156,HSP-011,Ventilator,1,0,2026-09-04 06:27:34,Hospital Staff
UPD-001157,HSP-018,Oxygen Bed,11,9,2026-09-04 06:27:41,Hospital Staff
UPD-001158,HSP-017,General Bed,29,25,2026-09-04 06:33:51,Hospital Staff
UPD-001159,HSP-003,Ventilator,13,12,2026-09-04 06:47:06,Admin
UPD-001160,HSP-005,Ventilator,9,8,2026-09-04 06:55:48,Simulation
UPD-001161,HSP-017,General Bed,25,29,2026-09-04 07:04:14,Admin
UPD-001162,HSP-012,ICU,19,21,2026-09-04 07:04:23,Hospital Staff
UPD-001163,HSP-021,ICU,15,16,2026-09-04 07:04:36,Hospital Staff
UPD-001164,HSP-003,Oxygen Bed,8,10,2026-09-04 07:10:12,Hospital Staff
UPD-001165,HSP-017,ICU,4,2,2026-09-04 07:13:51,Hospital Staff
UPD-001166,HSP-016,Oxygen Bed,17,18,2026-09-04 07:15:11,Simulation
UPD-001167,HSP-012,Oxygen Bed,54,53,2026-09-04 07:15:26,Hospital Staff
UPD-001168,HSP-020,Oxygen Bed,39,42,2026-09-04 07:18:38,Hospital Staff
UPD-001169,HSP-025,Oxygen Bed,3,1,2026-09-04 07:20:58,Hospital Staff
UPD-001170,HSP-024,ICU,5,6,2026-09-04 07:22:04,Admin
UPD-001171,HSP-012,Oxygen Bed,53,54,2026-09-04 07:24:32,Admin
UPD-001172,HSP-003,ICU,3,4,2026-09-04 07:26:26,Hospital Staff
UPD-001173,HSP-025,General Bed,26,30,2026-09-04 07:38:04,Hospital Staff
UPD-001174,HSP-019,ICU,33,31,2026-09-04 07:38:17,Simulation
UPD-001175,HSP-016,Oxygen Bed,18,19,2026-09-04 07:41:01,Simulation
UPD-001176,HSP-017,General Bed,29,34,2026-09-04 07:41:06,Admin
UPD-001177,HSP-023,ICU,6,4,2026-09-04 07:43:09,Simulation
UPD-001178,HSP-024,Ventilator,3,4,2026-09-04 07:44:49,Simulation
UPD-001179,HSP-006,Ventilator,2,1,2026-09-04 07:46:17,Simulation
UPD-001180,HSP-004,General Bed,58,57,2026-09-04 07:59:57,Hospital Staff
UPD-001181,HSP-018,General Bed,15,19,2026-09-04 08:06:32,Hospital Staff
UPD-001182,HSP-014,General Bed,60,58,2026-09-04 08:08:58,Hospital Staff
UPD-001183,HSP-016,General Bed,38,33,2026-09-04 08:10:52,Hospital Staff
UPD-001184,HSP-019,ICU,31,30,2026-09-04 08:12:54,Hospital Staff
UPD-001185,HSP-025,Oxygen Bed,1,2,2026-09-04 08:14:35,Hospital Staff
UPD-001186,HSP-013,General Bed,5,2,2026-09-04 08:18:21,Simulation
UPD-001187,HSP-003,Ventilator,12,11,2026-09-04 08:25:38,Hospital Staff
UPD-001188,HSP-019,General Bed,112,109,2026-09-04 08:28:38,Hospital Staff
UPD-001189,HSP-009,General Bed,13,18,2026-09-04 08:31:43,Hospital Staff
UPD-001190,HSP-012,ICU,21,19,2026-09-04 08:31:59,Hospital Staff
UPD-001191,HSP-005,Oxygen Bed,3,4,2026-09-04 08:33:05,Hospital Staff
UPD-001192,HSP-009,General Bed,18,21,2026-09-04 08:34:37,Hospital Staff
UPD-001193,HSP-002,Oxygen Bed,3,4,2026-09-04 08:37:38,Simulation
UPD-001194,HSP-005,ICU,9,10,2026-09-04 08:41:59,Hospital Staff
UPD-001195,HSP-001,Ventilator,6,7,2026-09-04 08:51:13,Simulation
UPD-001196,HSP-025,General Bed,30,34,2026-09-04 08:55:07,Hospital Staff
UPD-001197,HSP-020,ICU,5,6,2026-09-04 08:59:27,Admin
UPD-001198,HSP-017,General Bed,34,40,2026-09-04 09:03:42,Hospital Staff
UPD-001199,HSP-024,Ventilator,4,3,2026-09-04 09:10:51,Hospital Staff
UPD-001200,HSP-014,General Bed,58,55,2026-09-04 09:12:01,Hospital Staff
UPD-001201,HSP-018,ICU,6,5,2026-09-04 09:13:33,Hospital Staff
UPD-001202,HSP-020,Ventilator,32,31,2026-09-04 09:16:01,Hospital Staff
UPD-001203,HSP-012,ICU,19,21,2026-09-04 09:17:39,Hospital Staff
UPD-001204,HSP-008,Oxygen Bed,6,9,2026-09-04 09:28:23,Hospital Staff
UPD-001205,HSP-013,Ventilator,5,6,2026-09-04 09:30:30,Simulation
UPD-001206,HSP-008,General Bed,108,105,2026-09-04 09:34:24,Hospital Staff
UPD-001207,HSP-013,General Bed,2,0,2026-09-04 09:36:19,Hospital Staff
UPD-001208,HSP-012,General Bed,93,90,2026-09-04 09:40:00,Hospital Staff
UPD-001209,HSP-002,General Bed,74,68,2026-09-04 09:41:41,Hospital Staff
UPD-001210,HSP-017,Oxygen Bed,4,3,2026-09-04 09:43:42,Hospital Staff
UPD-001211,HSP-002,Ventilator,9,8,2026-09-04 09:49:13,Hospital Staff
UPD-001212,HSP-003,Ventilator,11,12,2026-09-04 09:55:01,Hospital Staff
UPD-001213,HSP-016,General Bed,33,37,2026-09-04 09:55:52,Simulation
UPD-001214,HSP-018,Ventilator,4,3,2026-09-04 09:56:55,Hospital Staff
UPD-001215,HSP-001,ICU,38,36,2026-09-04 10:04:04,Admin
UPD-001216,HSP-008,ICU,26,27,2026-09-04 10:04:08,Hospital Staff
UPD-001217,HSP-008,Oxygen Bed,9,11,2026-09-04 10:11:45,Simulation
UPD-001218,HSP-011,Oxygen Bed,3,0,2026-09-04 10:12:30,Hospital Staff
UPD-001219,HSP-020,General Bed,222,216,2026-09-04 10:13:44,Hospital Staff
UPD-001220,HSP-001,Oxygen Bed,66,65,2026-09-04 10:19:06,Simulation
UPD-001221,HSP-022,Ventilator,4,3,2026-09-04 10:24:48,Admin
UPD-001222,HSP-007,ICU,43,44,2026-09-04 10:31:12,Admin
UPD-001223,HSP-025,Ventilator,2,1,2026-09-04 10:32:36,Hospital Staff
UPD-001224,HSP-011,Ventilator,0,1,2026-09-04 10:33:20,Hospital Staff
UPD-001225,HSP-015,ICU,2,3,2026-09-04 10:39:50,Hospital Staff
UPD-001226,HSP-010,General Bed,24,26,2026-09-04 10:44:28,Hospital Staff
UPD-001227,HSP-021,General Bed,40,36,2026-09-04 10:47:45,Admin
UPD-001228,HSP-014,General Bed,55,53,2026-09-04 10:49:57,Hospital Staff
UPD-001229,HSP-001,Ventilator,7,8,2026-09-04 10:53:50,Hospital Staff
UPD-001230,HSP-006,ICU,3,1,2026-09-04 11:04:12,Simulation
UPD-001231,HSP-016,Oxygen Bed,19,18,2026-09-04 11:04:24,Simulation
UPD-001232,HSP-013,Oxygen Bed,28,29,2026-09-04 11:07:45,Hospital Staff
UPD-001233,HSP-008,Ventilator,10,9,2026-09-04 11:15:43,Simulation
UPD-001234,HSP-015,ICU,3,1,2026-09-04 11:22:14,Hospital Staff
UPD-001235,HSP-013,General Bed,0,2,2026-09-04 11:35:13,Hospital Staff
UPD-001236,HSP-022,General Bed,40,36,2026-09-04 11:50:07,Hospital Staff
UPD-001237,HSP-015,ICU,1,3,2026-09-04 11:58:06,Hospital Staff
UPD-001238,HSP-016,Oxygen Bed,18,16,2026-09-04 12:01:23,Hospital Staff
UPD-001239,HSP-023,General Bed,24,21,2026-09-04 12:01:25,Admin
UPD-001240,HSP-014,Oxygen Bed,23,22,2026-09-04 12:07:12,Simulation
UPD-001241,HSP-010,Oxygen Bed,3,1,2026-09-04 12:19:18,Admin
UPD-001242,HSP-015,Ventilator,6,7,2026-09-04 12:19:27,Admin
UPD-001243,HSP-023,ICU,4,5,2026-09-04 12:26:39,Admin
UPD-001244,HSP-003,ICU,4,3,2026-09-04 12:37:01,Simulation
UPD-001245,HSP-025,General Bed,34,37,2026-09-04 12:41:23,Admin
UPD-001246,HSP-011,General Bed,43,46,2026-09-04 12:43:06,Admin
UPD-001247,HSP-013,Oxygen Bed,29,26,2026-09-04 12:55:16,Hospital Staff
UPD-001248,HSP-025,Oxygen Bed,2,0,2026-09-04 12:57:59,Hospital Staff
UPD-001249,HSP-002,Oxygen Bed,4,6,2026-09-04 13:21:59,Admin
UPD-001250,HSP-009,Oxygen Bed,23,25,2026-09-04 13:22:34,Hospital Staff
UPD-001251,HSP-001,Oxygen Bed,65,62,2026-09-04 13:22:41,Admin
UPD-001252,HSP-008,General Bed,105,106,2026-09-04 13:23:37,Hospital Staff
UPD-001253,HSP-008,General Bed,106,107,2026-09-04 13:27:51,Admin
UPD-001254,HSP-013,General Bed,2,4,2026-09-04 13:33:14,Hospital Staff
UPD-001255,HSP-023,Oxygen Bed,21,19,2026-09-04 13:38:20,Hospital Staff
UPD-001256,HSP-016,ICU,9,8,2026-09-04 13:48:54,Admin
UPD-001257,HSP-021,Oxygen Bed,4,2,2026-09-04 13:54:49,Admin
UPD-001258,HSP-016,General Bed,37,31,2026-09-04 13:57:38,Hospital Staff
UPD-001259,HSP-012,Ventilator,10,9,2026-09-04 13:57:43,Hospital Staff
UPD-001260,HSP-017,ICU,2,3,2026-09-04 13:58:31,Hospital Staff
UPD-001261,HSP-011,ICU,5,3,2026-09-04 13:59:26,Hospital Staff
UPD-001262,HSP-014,ICU,17,15,2026-09-04 14:04:08,Admin
UPD-001263,HSP-012,Ventilator,9,10,2026-09-04 14:05:37,Hospital Staff
UPD-001264,HSP-021,General Bed,36,41,2026-09-04 14:14:21,Hospital Staff
UPD-001265,HSP-001,ICU,36,34,2026-09-04 14:26:14,Simulation
UPD-001266,HSP-002,Ventilator,8,7,2026-09-04 14:29:08,Hospital Staff
UPD-001267,HSP-004,General Bed,57,62,2026-09-04 14:30:26,Hospital Staff
UPD-001268,HSP-014,Ventilator,17,16,2026-09-04 14:34:23,Simulation
UPD-001269,HSP-008,Oxygen Bed,11,8,2026-09-04 14:38:29,Admin
UPD-001270,HSP-004,ICU,0,1,2026-09-04 14:43:55,Hospital Staff
UPD-001271,HSP-010,General Bed,26,21,2026-09-04 14:44:37,Hospital Staff
UPD-001272,HSP-015,Oxygen Bed,7,5,2026-09-04 14:45:01,Hospital Staff
UPD-001273,HSP-001,General Bed,120,114,2026-09-04 14:45:56,Hospital Staff
UPD-001274,HSP-022,General Bed,36,30,2026-09-04 14:51:39,Hospital Staff
UPD-001275,HSP-007,ICU,44,45,2026-09-04 14:51:51,Simulation
UPD-001276,HSP-010,ICU,10,8,2026-09-04 14:54:45,Hospital Staff
UPD-001277,HSP-022,Ventilator,3,4,2026-09-04 14:54:47,Hospital Staff
UPD-001278,HSP-009,ICU,6,8,2026-09-04 14:55:21,Hospital Staff
UPD-001279,HSP-005,Ventilator,8,9,2026-09-04 14:59:04,Hospital Staff
UPD-001280,HSP-022,General Bed,30,25,2026-09-04 14:59:12,Admin
UPD-001281,HSP-020,ICU,6,5,2026-09-04 15:08:30,Admin
UPD-001282,HSP-009,ICU,8,10,2026-09-04 15:08:42,Simulation
UPD-001283,HSP-021,Oxygen Bed,2,4,2026-09-04 15:10:24,Hospital Staff
UPD-001284,HSP-024,Oxygen Bed,52,50,2026-09-04 15:16:20,Hospital Staff
UPD-001285,HSP-016,Oxygen Bed,16,13,2026-09-04 15:21:54,Hospital Staff
UPD-001286,HSP-005,Oxygen Bed,4,5,2026-09-04 15:24:54,Hospital Staff
UPD-001287,HSP-024,ICU,6,8,2026-09-04 15:33:55,Admin
UPD-001288,HSP-012,General Bed,90,85,2026-09-04 15:34:52,Simulation
UPD-001289,HSP-005,Ventilator,9,8,2026-09-04 15:40:37,Hospital Staff
UPD-001290,HSP-010,Oxygen Bed,1,3,2026-09-04 15:49:19,Admin
UPD-001291,HSP-007,ICU,45,47,2026-09-04 15:51:50,Hospital Staff
UPD-001292,HSP-005,Ventilator,8,9,2026-09-04 15:52:44,Hospital Staff
UPD-001293,HSP-006,General Bed,5,9,2026-09-04 15:55:58,Simulation
UPD-001294,HSP-022,Ventilator,4,5,2026-09-04 15:56:52,Hospital Staff
UPD-001295,HSP-025,Oxygen Bed,0,3,2026-09-04 16:04:12,Admin
UPD-001296,HSP-025,Ventilator,1,2,2026-09-04 16:05:51,Simulation
UPD-001297,HSP-025,Oxygen Bed,3,1,2026-09-04 16:15:12,Hospital Staff
UPD-001298,HSP-008,ICU,27,28,2026-09-04 16:16:47,Hospital Staff
UPD-001299,HSP-006,ICU,1,3,2026-09-04 16:16:52,Admin
UPD-001300,HSP-004,Oxygen Bed,7,5,2026-09-04 16:17:58,Hospital Staff
UPD-001301,HSP-016,General Bed,31,29,2026-09-04 16:18:36,Hospital Staff
UPD-001302,HSP-009,General Bed,21,17,2026-09-04 16:20:13,Hospital Staff
UPD-001303,HSP-024,ICU,8,10,2026-09-04 16:21:51,Simulation
UPD-001304,HSP-016,Ventilator,7,8,2026-09-04 16:24:23,Hospital Staff
UPD-001305,HSP-008,Oxygen Bed,8,7,2026-09-04 16:26:24,Simulation
UPD-001306,HSP-009,General Bed,17,16,2026-09-04 16:31:47,Hospital Staff
UPD-001307,HSP-014,Oxygen Bed,22,19,2026-09-04 16:32:16,Hospital Staff
UPD-001308,HSP-007,ICU,47,48,2026-09-04 16:45:11,Hospital Staff
UPD-001309,HSP-004,ICU,1,3,2026-09-04 16:49:03,Hospital Staff
UPD-001310,HSP-024,ICU,10,9,2026-09-04 16:58:11,Hospital Staff
UPD-001311,HSP-013,Ventilator,6,7,2026-09-04 16:59:37,Hospital Staff
UPD-001312,HSP-006,Ventilator,1,2,2026-09-04 17:01:13,Hospital Staff
UPD-001313,HSP-024,Ventilator,3,4,2026-09-04 17:07:01,Hospital Staff
UPD-001314,HSP-015,General Bed,55,58,2026-09-04 17:11:09,Admin
UPD-001315,HSP-001,Ventilator,8,7,2026-09-04 17:26:47,Simulation
UPD-001316,HSP-014,General Bed,53,54,2026-09-04 17:28:39,Simulation
UPD-001317,HSP-006,General Bed,9,4,2026-09-04 17:32:39,Hospital Staff
UPD-001318,HSP-001,General Bed,114,113,2026-09-04 17:38:03,Hospital Staff
UPD-001319,HSP-022,Oxygen Bed,10,11,2026-09-04 17:40:12,Hospital Staff
UPD-001320,HSP-007,Ventilator,22,21,2026-09-04 17:49:08,Simulation
UPD-001321,HSP-021,ICU,16,15,2026-09-04 17:50:15,Hospital Staff
UPD-001322,HSP-021,Ventilator,1,2,2026-09-04 18:00:57,Hospital Staff
UPD-001323,HSP-020,Oxygen Bed,42,44,2026-09-04 18:01:05,Hospital Staff
UPD-001324,HSP-012,Ventilator,10,11,2026-09-04 18:14:35,Hospital Staff
UPD-001325,HSP-020,General Bed,216,213,2026-09-04 18:18:44,Hospital Staff
UPD-001326,HSP-025,General Bed,37,36,2026-09-04 18:20:00,Admin
UPD-001327,HSP-020,Oxygen Bed,44,46,2026-09-04 18:20:20,Admin
UPD-001328,HSP-024,ICU,9,10,2026-09-04 18:21:14,Admin
UPD-001329,HSP-012,General Bed,85,87,2026-09-04 18:23:08,Hospital Staff
UPD-001330,HSP-001,Ventilator,7,6,2026-09-04 18:23:26,Hospital Staff
UPD-001331,HSP-021,Ventilator,2,3,2026-09-04 18:27:52,Hospital Staff
UPD-001332,HSP-013,Oxygen Bed,26,28,2026-09-04 18:30:24,Simulation
UPD-001333,HSP-017,General Bed,40,41,2026-09-04 18:32:15,Hospital Staff
UPD-001334,HSP-005,ICU,10,9,2026-09-04 18:35:41,Hospital Staff
UPD-001335,HSP-009,Oxygen Bed,25,26,2026-09-04 18:42:00,Hospital Staff
UPD-001336,HSP-005,General Bed,4,10,2026-09-04 18:42:38,Hospital Staff
UPD-001337,HSP-016,Ventilator,8,9,2026-09-04 18:44:11,Hospital Staff
UPD-001338,HSP-018,Oxygen Bed,9,8,2026-09-04 18:57:25,Hospital Staff
UPD-001339,HSP-005,ICU,9,7,2026-09-04 18:57:38,Hospital Staff
UPD-001340,HSP-020,ICU,5,6,2026-09-04 18:58:01,Hospital Staff
UPD-001341,HSP-024,Oxygen Bed,50,52,2026-09-04 19:00:07,Hospital Staff
UPD-001342,HSP-023,General Bed,21,24,2026-09-04 19:05:07,Hospital Staff
UPD-001343,HSP-015,Ventilator,7,6,2026-09-04 19:05:28,Hospital Staff
UPD-001344,HSP-018,Oxygen Bed,8,10,2026-09-04 19:11:01,Simulation
UPD-001345,HSP-015,Ventilator,6,5,2026-09-04 19:11:11,Hospital Staff
UPD-001346,HSP-014,General Bed,54,52,2026-09-04 19:16:00,Admin
UPD-001347,HSP-019,Oxygen Bed,56,53,2026-09-04 19:19:10,Hospital Staff
UPD-001348,HSP-024,Oxygen Bed,52,49,2026-09-04 19:23:43,Hospital Staff
UPD-001349,HSP-001,Ventilator,6,5,2026-09-04 19:33:34,Hospital Staff
UPD-001350,HSP-025,ICU,1,3,2026-09-04 19:34:59,Hospital Staff
UPD-001351,HSP-006,Ventilator,2,1,2026-09-04 19:42:47,Admin
UPD-001352,HSP-023,ICU,5,6,2026-09-04 19:48:02,Hospital Staff
UPD-001353,HSP-018,General Bed,19,18,2026-09-04 19:49:40,Hospital Staff
UPD-001354,HSP-022,Ventilator,5,6,2026-09-04 19:53:27,Hospital Staff
UPD-001355,HSP-019,General Bed,109,107,2026-09-04 19:56:24,Admin
UPD-001356,HSP-009,Oxygen Bed,26,28,2026-09-04 20:01:39,Hospital Staff
UPD-001357,HSP-024,Ventilator,4,3,2026-09-04 20:03:22,Admin
UPD-001358,HSP-008,Ventilator,9,8,2026-09-04 20:03:36,Admin
UPD-001359,HSP-011,Oxygen Bed,0,1,2026-09-04 20:09:03,Hospital Staff
UPD-001360,HSP-003,General Bed,28,34,2026-09-04 20:26:59,Hospital Staff
UPD-001361,HSP-020,Ventilator,31,30,2026-09-04 20:28:22,Hospital Staff
UPD-001362,HSP-024,Ventilator,3,2,2026-09-04 20:29:50,Admin
UPD-001363,HSP-013,Ventilator,7,6,2026-09-04 20:30:00,Simulation
UPD-001364,HSP-013,General Bed,4,9,2026-09-04 20:37:56,Hospital Staff
UPD-001365,HSP-012,Ventilator,11,12,2026-09-04 20:40:12,Admin
UPD-001366,HSP-012,Ventilator,12,11,2026-09-04 20:52:38,Hospital Staff
UPD-001367,HSP-025,ICU,3,2,2026-09-04 20:57:18,Hospital Staff
UPD-001368,HSP-011,General Bed,46,40,2026-09-04 20:58:53,Admin
UPD-001369,HSP-025,Oxygen Bed,1,4,2026-09-04 21:05:33,Simulation
UPD-001370,HSP-022,Ventilator,6,7,2026-09-04 21:05:59,Simulation
UPD-001371,HSP-020,Ventilator,30,31,2026-09-04 21:08:59,Simulation
UPD-001372,HSP-017,Oxygen Bed,3,4,2026-09-04 21:12:42,Simulation
UPD-001373,HSP-010,Ventilator,8,7,2026-09-04 21:14:08,Simulation
UPD-001374,HSP-013,General Bed,9,8,2026-09-04 21:21:42,Hospital Staff
UPD-001375,HSP-022,Ventilator,7,6,2026-09-04 21:27:00,Simulation
UPD-001376,HSP-013,General Bed,8,9,2026-09-04 21:27:35,Hospital Staff
UPD-001377,HSP-002,ICU,4,6,2026-09-04 21:29:41,Simulation
UPD-001378,HSP-017,ICU,3,4,2026-09-04 21:30:17,Admin
UPD-001379,HSP-011,General Bed,40,43,2026-09-04 21:31:59,Hospital Staff
UPD-001380,HSP-015,ICU,3,1,2026-09-04 21:33:38,Simulation
UPD-001381,HSP-001,Oxygen Bed,62,65,2026-09-04 21:34:55,Hospital Staff
UPD-001382,HSP-024,Ventilator,2,3,2026-09-04 21:37:17,Hospital Staff
UPD-001383,HSP-007,ICU,48,47,2026-09-04 21:38:50,Hospital Staff
UPD-001384,HSP-014,General Bed,52,55,2026-09-04 21:44:56,Hospital Staff
UPD-001385,HSP-024,ICU,10,9,2026-09-04 21:50:14,Admin
UPD-001386,HSP-005,Oxygen Bed,5,6,2026-09-04 21:59:22,Hospital Staff
UPD-001387,HSP-012,Ventilator,11,10,2026-09-04 22:03:11,Simulation
UPD-001388,HSP-010,Ventilator,7,6,2026-09-04 22:03:55,Hospital Staff
UPD-001389,HSP-020,ICU,6,5,2026-09-04 22:05:39,Simulation
UPD-001390,HSP-005,Ventilator,9,8,2026-09-04 22:06:51,Hospital Staff
UPD-001391,HSP-022,ICU,2,0,2026-09-04 22:10:10,Simulation
UPD-001392,HSP-012,General Bed,87,91,2026-09-04 22:17:28,Hospital Staff
UPD-001393,HSP-013,ICU,5,4,2026-09-04 22:21:21,Simulation
UPD-001394,HSP-002,Oxygen Bed,6,8,2026-09-04 22:25:58,Admin
UPD-001395,HSP-017,General Bed,41,47,2026-09-04 22:28:48,Admin
UPD-001396,HSP-021,ICU,15,13,2026-09-04 22:29:39,Simulation
UPD-001397,HSP-012,General Bed,91,87,2026-09-04 22:31:16,Admin
UPD-001398,HSP-021,Oxygen Bed,4,6,2026-09-04 22:34:04,Hospital Staff
UPD-001399,HSP-022,Oxygen Bed,11,12,2026-09-04 22:37:39,Admin
UPD-001400,HSP-010,General Bed,21,27,2026-09-04 22:45:34,Hospital Staff
UPD-001401,HSP-003,ICU,3,1,2026-09-04 22:46:53,Hospital Staff
UPD-001402,HSP-011,Oxygen Bed,1,2,2026-09-04 22:58:49,Hospital Staff
UPD-001403,HSP-005,Ventilator,8,7,2026-09-04 22:59:59,Hospital Staff
UPD-001404,HSP-015,General Bed,58,60,2026-09-04 23:10:50,Hospital Staff
UPD-001405,HSP-024,ICU,9,8,2026-09-04 23:12:44,Hospital Staff
UPD-001406,HSP-022,Oxygen Bed,12,13,2026-09-04 23:24:14,Hospital Staff
UPD-001407,HSP-025,General Bed,36,40,2026-09-04 23:24:16,Hospital Staff
UPD-001408,HSP-017,Oxygen Bed,4,6,2026-09-04 23:27:48,Hospital Staff
UPD-001409,HSP-010,Ventilator,6,5,2026-09-04 23:31:27,Hospital Staff
UPD-001410,HSP-017,ICU,4,3,2026-09-04 23:39:44,Hospital Staff
UPD-001411,HSP-005,Ventilator,7,8,2026-09-04 23:47:49,Admin
UPD-001412,HSP-021,Ventilator,3,2,2026-09-04 23:48:24,Admin
UPD-001413,HSP-011,Oxygen Bed,2,4,2026-09-04 23:54:25,Simulation
UPD-001414,HSP-018,Oxygen Bed,10,11,2026-09-04 23:58:10,Hospital Staff
UPD-001415,HSP-008,Oxygen Bed,7,10,2026-09-05 00:01:05,Hospital Staff
UPD-001416,HSP-025,General Bed,40,41,2026-09-05 00:06:21,Admin
UPD-001417,HSP-020,General Bed,213,217,2026-09-05 00:07:06,Hospital Staff
UPD-001418,HSP-023,Oxygen Bed,19,17,2026-09-05 00:21:38,Simulation
UPD-001419,HSP-022,General Bed,25,24,2026-09-05 00:24:15,Admin
UPD-001420,HSP-005,ICU,7,8,2026-09-05 00:27:02,Admin
UPD-001421,HSP-012,Ventilator,10,9,2026-09-05 00:28:04,Hospital Staff
UPD-001422,HSP-014,Ventilator,16,17,2026-09-05 00:28:13,Hospital Staff
UPD-001423,HSP-025,ICU,2,3,2026-09-05 00:35:17,Hospital Staff
UPD-001424,HSP-015,General Bed,60,57,2026-09-05 00:36:55,Admin
UPD-001425,HSP-003,Oxygen Bed,10,13,2026-09-05 00:46:49,Simulation
UPD-001426,HSP-003,Ventilator,12,13,2026-09-05 00:48:25,Admin
UPD-001427,HSP-003,Oxygen Bed,13,11,2026-09-05 00:51:37,Hospital Staff
UPD-001428,HSP-001,Oxygen Bed,65,68,2026-09-05 00:52:49,Hospital Staff
UPD-001429,HSP-010,ICU,8,10,2026-09-05 01:00:37,Simulation
UPD-001430,HSP-008,ICU,28,29,2026-09-05 01:02:16,Hospital Staff
UPD-001431,HSP-011,General Bed,43,44,2026-09-05 01:07:48,Admin
UPD-001432,HSP-016,Ventilator,9,8,2026-09-05 01:08:03,Simulation
UPD-001433,HSP-009,Oxygen Bed,28,30,2026-09-05 01:09:48,Hospital Staff
UPD-001434,HSP-014,ICU,15,13,2026-09-05 01:28:24,Hospital Staff
UPD-001435,HSP-023,ICU,6,8,2026-09-05 01:34:28,Admin
UPD-001436,HSP-025,Ventilator,2,1,2026-09-05 01:36:53,Hospital Staff
UPD-001437,HSP-021,General Bed,41,36,2026-09-05 01:37:54,Simulation
UPD-001438,HSP-023,Ventilator,4,3,2026-09-05 01:42:08,Simulation
UPD-001439,HSP-013,Oxygen Bed,28,27,2026-09-05 01:46:56,Simulation
UPD-001440,HSP-014,Oxygen Bed,19,18,2026-09-05 01:48:38,Hospital Staff
UPD-001441,HSP-017,ICU,3,2,2026-09-05 01:50:11,Hospital Staff
UPD-001442,HSP-012,General Bed,87,92,2026-09-05 01:56:13,Hospital Staff
UPD-001443,HSP-006,ICU,3,1,2026-09-05 01:57:20,Hospital Staff
UPD-001444,HSP-011,Ventilator,1,2,2026-09-05 02:03:14,Admin
UPD-001445,HSP-011,ICU,3,4,2026-09-05 02:03:30,Hospital Staff
UPD-001446,HSP-024,Oxygen Bed,49,52,2026-09-05 02:12:33,Simulation
UPD-001447,HSP-013,General Bed,9,5,2026-09-05 02:14:16,Hospital Staff
UPD-001448,HSP-007,ICU,47,48,2026-09-05 02:15:16,Hospital Staff
UPD-001449,HSP-024,General Bed,20,22,2026-09-05 02:21:16,Admin
UPD-001450,HSP-006,Ventilator,1,0,2026-09-05 02:45:22,Hospital Staff
UPD-001451,HSP-020,Oxygen Bed,46,45,2026-09-05 03:02:49,Hospital Staff
UPD-001452,HSP-015,Ventilator,5,4,2026-09-05 03:06:47,Hospital Staff
UPD-001453,HSP-021,Ventilator,2,1,2026-09-05 03:12:31,Hospital Staff
UPD-001454,HSP-008,Oxygen Bed,10,11,2026-09-05 03:15:12,Hospital Staff
UPD-001455,HSP-024,Ventilator,3,2,2026-09-05 03:17:15,Hospital Staff
UPD-001456,HSP-009,Oxygen Bed,30,31,2026-09-05 03:18:57,Hospital Staff
UPD-001457,HSP-016,ICU,8,6,2026-09-05 03:19:34,Hospital Staff
UPD-001458,HSP-021,Ventilator,1,0,2026-09-05 03:20:22,Admin
UPD-001459,HSP-008,General Bed,107,106,2026-09-05 03:23:33,Hospital Staff
UPD-001460,HSP-020,ICU,5,4,2026-09-05 03:24:02,Admin
UPD-001461,HSP-015,ICU,1,3,2026-09-05 03:31:14,Admin
UPD-001462,HSP-022,ICU,0,1,2026-09-05 03:39:41,Admin
UPD-001463,HSP-010,ICU,10,11,2026-09-05 03:46:36,Hospital Staff
UPD-001464,HSP-022,ICU,1,2,2026-09-05 03:48:26,Hospital Staff
UPD-001465,HSP-015,Oxygen Bed,5,3,2026-09-05 03:49:41,Simulation
UPD-001466,HSP-009,ICU,10,9,2026-09-05 03:50:21,Hospital Staff
UPD-001467,HSP-006,ICU,1,0,2026-09-05 03:50:39,Admin
UPD-001468,HSP-010,ICU,11,10,2026-09-05 03:52:42,Admin
UPD-001469,HSP-012,General Bed,92,89,2026-09-05 03:56:19,Hospital Staff
UPD-001470,HSP-016,Oxygen Bed,13,15,2026-09-05 03:57:01,Hospital Staff
UPD-001471,HSP-021,ICU,13,12,2026-09-05 04:02:51,Simulation
UPD-001472,HSP-010,ICU,10,12,2026-09-05 04:04:20,Hospital Staff
UPD-001473,HSP-025,ICU,3,1,2026-09-05 04:10:36,Simulation
UPD-001474,HSP-008,Ventilator,8,9,2026-09-05 04:15:11,Simulation
UPD-001475,HSP-010,ICU,12,11,2026-09-05 04:17:59,Hospital Staff
UPD-001476,HSP-019,ICU,30,28,2026-09-05 04:22:34,Admin
UPD-001477,HSP-002,Ventilator,7,6,2026-09-05 04:45:58,Admin
UPD-001478,HSP-022,ICU,2,4,2026-09-05 04:46:15,Hospital Staff
UPD-001479,HSP-013,General Bed,5,10,2026-09-05 04:48:51,Hospital Staff
UPD-001480,HSP-019,Ventilator,13,12,2026-09-05 04:50:38,Hospital Staff
UPD-001481,HSP-013,ICU,4,6,2026-09-05 04:57:01,Simulation
UPD-001482,HSP-023,General Bed,24,28,2026-09-05 04:59:00,Hospital Staff
UPD-001483,HSP-011,Ventilator,2,3,2026-09-05 05:02:17,Hospital Staff
UPD-001484,HSP-016,Oxygen Bed,15,16,2026-09-05 05:05:38,Simulation
UPD-001485,HSP-008,Ventilator,9,8,2026-09-05 05:06:33,Hospital Staff
UPD-001486,HSP-012,Oxygen Bed,54,55,2026-09-05 05:12:57,Hospital Staff
UPD-001487,HSP-016,ICU,6,4,2026-09-05 05:21:08,Admin
UPD-001488,HSP-011,Ventilator,3,4,2026-09-05 05:23:50,Admin
UPD-001489,HSP-020,Oxygen Bed,45,47,2026-09-05 05:24:13,Hospital Staff
UPD-001490,HSP-013,ICU,6,7,2026-09-05 05:28:54,Hospital Staff
UPD-001491,HSP-017,General Bed,47,43,2026-09-05 05:31:39,Hospital Staff
UPD-001492,HSP-007,Ventilator,21,20,2026-09-05 05:37:43,Hospital Staff
UPD-001493,HSP-014,General Bed,55,61,2026-09-05 05:47:30,Simulation
UPD-001494,HSP-021,Ventilator,0,1,2026-09-05 05:48:31,Hospital Staff
UPD-001495,HSP-008,General Bed,106,112,2026-09-05 05:51:14,Hospital Staff
UPD-001496,HSP-022,General Bed,24,23,2026-09-05 05:52:22,Hospital Staff
UPD-001497,HSP-006,Ventilator,0,1,2026-09-05 06:06:54,Hospital Staff
UPD-001498,HSP-018,Ventilator,3,2,2026-09-05 06:07:33,Hospital Staff
UPD-001499,HSP-020,Oxygen Bed,47,50,2026-09-05 06:09:11,Hospital Staff
UPD-001500,HSP-013,General Bed,10,9,2026-09-05 06:12:56,Hospital Staff
UPD-001501,HSP-024,General Bed,22,23,2026-09-05 06:15:04,Hospital Staff
UPD-001502,HSP-003,Oxygen Bed,11,10,2026-09-05 06:23:28,Admin
UPD-001503,HSP-006,ICU,0,1,2026-09-05 06:29:53,Hospital Staff
UPD-001504,HSP-001,ICU,34,33,2026-09-05 06:34:48,Simulation
UPD-001505,HSP-024,Ventilator,2,3,2026-09-05 06:37:59,Hospital Staff
UPD-001506,HSP-011,Ventilator,4,5,2026-09-05 06:53:54,Simulation
UPD-001507,HSP-005,General Bed,10,15,2026-09-05 06:57:25,Hospital Staff
UPD-001508,HSP-021,General Bed,36,33,2026-09-05 06:58:59,Hospital Staff
UPD-001509,HSP-021,Oxygen Bed,6,8,2026-09-05 07:02:52,Hospital Staff
UPD-001510,HSP-025,Oxygen Bed,4,6,2026-09-05 07:06:10,Admin
UPD-001511,HSP-018,Ventilator,2,1,2026-09-05 07:08:12,Admin
UPD-001512,HSP-019,Ventilator,12,11,2026-09-05 07:11:26,Hospital Staff
UPD-001513,HSP-014,ICU,13,14,2026-09-05 07:15:37,Hospital Staff
UPD-001514,HSP-008,ICU,29,31,2026-09-05 07:20:19,Hospital Staff
UPD-001515,HSP-020,Oxygen Bed,50,48,2026-09-05 07:21:00,Hospital Staff
UPD-001516,HSP-022,General Bed,23,28,2026-09-05 07:27:42,Hospital Staff
UPD-001517,HSP-010,ICU,11,9,2026-09-05 07:34:47,Admin
UPD-001518,HSP-003,ICU,1,3,2026-09-05 07:44:57,Hospital Staff
UPD-001519,HSP-003,ICU,3,5,2026-09-05 07:47:45,Simulation
UPD-001520,HSP-009,ICU,9,10,2026-09-05 07:51:33,Admin
UPD-001521,HSP-002,Oxygen Bed,8,10,2026-09-05 07:55:42,Hospital Staff
UPD-001522,HSP-002,Ventilator,6,5,2026-09-05 07:58:42,Simulation
UPD-001523,HSP-001,Oxygen Bed,68,67,2026-09-05 08:02:53,Admin
UPD-001524,HSP-012,Ventilator,9,8,2026-09-05 08:03:47,Admin
UPD-001525,HSP-005,Oxygen Bed,6,5,2026-09-05 08:04:46,Hospital Staff
UPD-001526,HSP-025,General Bed,41,37,2026-09-05 08:08:00,Hospital Staff
UPD-001527,HSP-017,ICU,2,4,2026-09-05 08:08:40,Simulation
UPD-001528,HSP-011,General Bed,44,46,2026-09-05 08:10:30,Simulation
UPD-001529,HSP-006,Oxygen Bed,3,5,2026-09-05 08:14:29,Hospital Staff
UPD-001530,HSP-013,ICU,7,5,2026-09-05 08:19:10,Hospital Staff
UPD-001531,HSP-008,Ventilator,8,7,2026-09-05 08:21:03,Hospital Staff
UPD-001532,HSP-020,ICU,4,6,2026-09-05 08:28:05,Hospital Staff
UPD-001533,HSP-003,Ventilator,13,12,2026-09-05 08:34:37,Admin
UPD-001534,HSP-022,Oxygen Bed,13,14,2026-09-05 08:48:03,Simulation
UPD-001535,HSP-016,Oxygen Bed,16,15,2026-09-05 08:54:37,Simulation
UPD-001536,HSP-020,ICU,6,5,2026-09-05 08:57:28,Simulation
UPD-001537,HSP-015,General Bed,57,59,2026-09-05 08:59:59,Hospital Staff
UPD-001538,HSP-022,General Bed,28,33,2026-09-05 09:01:26,Hospital Staff
UPD-001539,HSP-007,Ventilator,20,19,2026-09-05 09:02:56,Hospital Staff
UPD-001540,HSP-021,ICU,12,10,2026-09-05 09:04:11,Simulation
UPD-001541,HSP-018,Oxygen Bed,11,13,2026-09-05 09:10:10,Hospital Staff
UPD-001542,HSP-003,General Bed,34,39,2026-09-05 09:10:34,Hospital Staff
UPD-001543,HSP-007,General Bed,217,213,2026-09-05 09:19:09,Hospital Staff
UPD-001544,HSP-009,ICU,10,12,2026-09-05 09:29:35,Hospital Staff
UPD-001545,HSP-002,ICU,6,7,2026-09-05 09:42:25,Hospital Staff
UPD-001546,HSP-011,ICU,4,2,2026-09-05 09:44:10,Hospital Staff
UPD-001547,HSP-009,ICU,12,14,2026-09-05 09:50:26,Hospital Staff
UPD-001548,HSP-003,ICU,5,3,2026-09-05 09:52:39,Hospital Staff
UPD-001549,HSP-010,General Bed,27,26,2026-09-05 09:54:30,Admin
UPD-001550,HSP-017,General Bed,43,41,2026-09-05 09:54:57,Admin
UPD-001551,HSP-024,ICU,8,6,2026-09-05 09:58:19,Admin
UPD-001552,HSP-021,General Bed,33,28,2026-09-05 10:05:52,Hospital Staff
UPD-001553,HSP-019,Oxygen Bed,53,54,2026-09-05 10:07:04,Hospital Staff
UPD-001554,HSP-013,ICU,5,7,2026-09-05 10:11:20,Hospital Staff
UPD-001555,HSP-008,Oxygen Bed,11,13,2026-09-05 10:12:39,Hospital Staff
UPD-001556,HSP-017,Oxygen Bed,6,4,2026-09-05 10:14:49,Simulation
UPD-001557,HSP-020,Ventilator,31,32,2026-09-05 10:20:58,Hospital Staff
UPD-001558,HSP-023,General Bed,28,34,2026-09-05 10:21:20,Hospital Staff
UPD-001559,HSP-007,General Bed,213,215,2026-09-05 10:21:54,Simulation
UPD-001560,HSP-017,Oxygen Bed,4,3,2026-09-05 10:22:50,Hospital Staff
UPD-001561,HSP-002,ICU,7,8,2026-09-05 10:26:54,Hospital Staff
UPD-001562,HSP-002,Ventilator,5,6,2026-09-05 10:30:57,Hospital Staff
UPD-001563,HSP-005,ICU,8,7,2026-09-05 10:37:21,Simulation
UPD-001564,HSP-011,Ventilator,5,6,2026-09-05 10:39:48,Admin
UPD-001565,HSP-025,General Bed,37,35,2026-09-05 10:42:35,Hospital Staff
UPD-001566,HSP-004,ICU,3,4,2026-09-05 10:44:50,Hospital Staff
UPD-001567,HSP-004,ICU,4,2,2026-09-05 10:48:25,Hospital Staff
UPD-001568,HSP-005,Oxygen Bed,5,8,2026-09-05 10:48:48,Hospital Staff
UPD-001569,HSP-011,General Bed,46,43,2026-09-05 10:50:14,Admin
UPD-001570,HSP-019,Ventilator,11,10,2026-09-05 10:51:46,Hospital Staff
UPD-001571,HSP-024,Ventilator,3,2,2026-09-05 10:51:49,Hospital Staff
UPD-001572,HSP-011,General Bed,43,45,2026-09-05 10:54:09,Hospital Staff
UPD-001573,HSP-003,Ventilator,12,11,2026-09-05 10:56:15,Hospital Staff
UPD-001574,HSP-006,Oxygen Bed,5,4,2026-09-05 11:03:08,Hospital Staff
UPD-001575,HSP-018,Ventilator,1,0,2026-09-05 11:05:51,Hospital Staff
UPD-001576,HSP-023,Oxygen Bed,17,20,2026-09-05 11:05:56,Hospital Staff
UPD-001577,HSP-015,Oxygen Bed,3,0,2026-09-05 11:11:07,Admin
UPD-001578,HSP-001,ICU,33,31,2026-09-05 11:13:21,Hospital Staff
UPD-001579,HSP-018,Oxygen Bed,13,12,2026-09-05 11:14:45,Simulation
UPD-001580,HSP-019,ICU,28,27,2026-09-05 11:25:56,Hospital Staff
UPD-001581,HSP-007,Ventilator,19,18,2026-09-05 11:28:44,Hospital Staff
UPD-001582,HSP-002,ICU,8,7,2026-09-05 11:32:22,Admin
UPD-001583,HSP-003,Oxygen Bed,10,9,2026-09-05 11:36:08,Hospital Staff
UPD-001584,HSP-019,Ventilator,10,9,2026-09-05 11:43:20,Admin
UPD-001585,HSP-017,General Bed,41,42,2026-09-05 11:50:02,Hospital Staff
UPD-001586,HSP-015,Ventilator,4,3,2026-09-05 11:50:18,Admin
UPD-001587,HSP-007,ICU,48,47,2026-09-05 11:52:11,Hospital Staff
UPD-001588,HSP-013,Oxygen Bed,27,30,2026-09-05 11:52:40,Hospital Staff
UPD-001589,HSP-011,Ventilator,6,7,2026-09-05 11:53:54,Hospital Staff
UPD-001590,HSP-008,General Bed,112,111,2026-09-05 11:54:03,Hospital Staff
UPD-001591,HSP-017,ICU,4,3,2026-09-05 11:55:09,Hospital Staff
UPD-001592,HSP-020,ICU,5,3,2026-09-05 12:04:06,Hospital Staff
UPD-001593,HSP-020,General Bed,217,214,2026-09-05 12:05:53,Hospital Staff
UPD-001594,HSP-020,General Bed,214,211,2026-09-05 12:10:28,Hospital Staff
UPD-001595,HSP-019,Ventilator,9,8,2026-09-05 12:11:24,Hospital Staff
UPD-001596,HSP-020,General Bed,211,210,2026-09-05 12:12:04,Admin
UPD-001597,HSP-014,Oxygen Bed,18,16,2026-09-05 12:12:29,Hospital Staff
UPD-001598,HSP-023,Oxygen Bed,20,17,2026-09-05 12:12:43,Admin
UPD-001599,HSP-003,General Bed,39,41,2026-09-05 12:22:42,Hospital Staff
UPD-001600,HSP-003,ICU,3,5,2026-09-05 12:25:20,Hospital Staff
UPD-001601,HSP-012,Oxygen Bed,55,52,2026-09-05 12:32:12,Hospital Staff
UPD-001602,HSP-019,Ventilator,8,7,2026-09-05 12:38:39,Hospital Staff
UPD-001603,HSP-025,Ventilator,1,0,2026-09-05 12:39:10,Admin
UPD-001604,HSP-007,Ventilator,18,19,2026-09-05 12:44:32,Hospital Staff
UPD-001605,HSP-025,Ventilator,0,1,2026-09-05 12:47:48,Simulation
UPD-001606,HSP-001,Oxygen Bed,67,66,2026-09-05 12:52:30,Hospital Staff
UPD-001607,HSP-019,Oxygen Bed,54,53,2026-09-05 12:52:43,Hospital Staff
UPD-001608,HSP-025,Ventilator,1,0,2026-09-05 12:54:17,Hospital Staff
UPD-001609,HSP-013,ICU,7,5,2026-09-05 12:57:15,Hospital Staff
UPD-001610,HSP-009,ICU,14,15,2026-09-05 13:10:25,Hospital Staff
UPD-001611,HSP-006,ICU,1,3,2026-09-05 13:11:39,Hospital Staff
UPD-001612,HSP-014,General Bed,61,57,2026-09-05 13:12:28,Admin
UPD-001613,HSP-013,General Bed,9,4,2026-09-05 13:14:25,Hospital Staff
UPD-001614,HSP-022,ICU,4,5,2026-09-05 13:14:26,Admin
UPD-001615,HSP-012,ICU,21,20,2026-09-05 13:18:16,Admin
UPD-001616,HSP-021,ICU,10,11,2026-09-05 13:18:23,Admin
UPD-001617,HSP-011,Oxygen Bed,4,7,2026-09-05 13:26:20,Admin
UPD-001618,HSP-014,ICU,14,12,2026-09-05 13:26:45,Hospital Staff
UPD-001619,HSP-006,ICU,3,1,2026-09-05 13:28:44,Simulation
UPD-001620,HSP-019,ICU,27,29,2026-09-05 13:29:30,Hospital Staff
UPD-001621,HSP-007,Oxygen Bed,57,54,2026-09-05 13:30:36,Hospital Staff
UPD-001622,HSP-024,ICU,6,5,2026-09-05 13:36:55,Hospital Staff
UPD-001623,HSP-024,Oxygen Bed,52,50,2026-09-05 13:59:55,Hospital Staff
UPD-001624,HSP-018,ICU,5,6,2026-09-05 14:16:14,Hospital Staff
UPD-001625,HSP-024,ICU,5,3,2026-09-05 14:17:22,Hospital Staff
UPD-001626,HSP-013,ICU,5,4,2026-09-05 14:18:17,Simulation
UPD-001627,HSP-013,Oxygen Bed,30,29,2026-09-05 14:22:08,Admin
UPD-001628,HSP-021,ICU,11,9,2026-09-05 14:23:42,Hospital Staff
UPD-001629,HSP-019,Oxygen Bed,53,54,2026-09-05 14:24:50,Hospital Staff
UPD-001630,HSP-010,ICU,9,11,2026-09-05 14:26:54,Hospital Staff
UPD-001631,HSP-022,Ventilator,6,5,2026-09-05 14:32:38,Hospital Staff
UPD-001632,HSP-020,Ventilator,32,33,2026-09-05 14:33:18,Hospital Staff
UPD-001633,HSP-024,ICU,3,5,2026-09-05 14:33:27,Hospital Staff
UPD-001634,HSP-015,Oxygen Bed,0,3,2026-09-05 14:35:57,Admin
UPD-001635,HSP-001,Ventilator,5,6,2026-09-05 14:37:06,Hospital Staff
UPD-001636,HSP-007,General Bed,215,211,2026-09-05 14:44:15,Simulation
UPD-001637,HSP-010,General Bed,26,28,2026-09-05 15:01:53,Hospital Staff
UPD-001638,HSP-020,General Bed,210,207,2026-09-05 15:03:40,Simulation
UPD-001639,HSP-014,Oxygen Bed,16,13,2026-09-05 15:04:09,Admin
UPD-001640,HSP-008,Ventilator,7,6,2026-09-05 15:12:53,Simulation
UPD-001641,HSP-002,ICU,7,8,2026-09-05 15:19:42,Hospital Staff
UPD-001642,HSP-003,Oxygen Bed,9,6,2026-09-05 15:24:56,Simulation
UPD-001643,HSP-007,General Bed,211,216,2026-09-05 15:32:48,Hospital Staff
UPD-001644,HSP-023,Ventilator,3,4,2026-09-05 15:41:30,Hospital Staff
UPD-001645,HSP-015,ICU,3,4,2026-09-05 15:46:07,Simulation
UPD-001646,HSP-015,General Bed,59,58,2026-09-05 15:47:18,Simulation
UPD-001647,HSP-003,Oxygen Bed,6,8,2026-09-05 15:48:26,Hospital Staff
UPD-001648,HSP-020,Ventilator,33,34,2026-09-05 15:51:57,Simulation
UPD-001649,HSP-014,ICU,12,14,2026-09-05 15:54:38,Admin
UPD-001650,HSP-018,ICU,6,7,2026-09-05 15:55:25,Hospital Staff
UPD-001651,HSP-007,ICU,47,45,2026-09-05 15:56:11,Hospital Staff
UPD-001652,HSP-021,General Bed,28,30,2026-09-05 16:00:45,Hospital Staff
UPD-001653,HSP-009,ICU,15,13,2026-09-05 16:01:01,Hospital Staff
UPD-001654,HSP-001,Oxygen Bed,66,68,2026-09-05 16:03:18,Hospital Staff
UPD-001655,HSP-023,Ventilator,4,3,2026-09-05 16:06:56,Hospital Staff
UPD-001656,HSP-015,Ventilator,3,2,2026-09-05 16:15:36,Hospital Staff
UPD-001657,HSP-004,ICU,2,3,2026-09-05 16:16:33,Simulation
UPD-001658,HSP-014,Ventilator,17,18,2026-09-05 16:19:02,Simulation
UPD-001659,HSP-003,ICU,5,6,2026-09-05 16:19:06,Simulation
UPD-001660,HSP-010,Oxygen Bed,3,5,2026-09-05 16:19:14,Hospital Staff
UPD-001661,HSP-004,General Bed,62,68,2026-09-05 16:19:28,Admin
UPD-001662,HSP-023,ICU,8,6,2026-09-05 16:21:49,Hospital Staff
UPD-001663,HSP-010,ICU,11,13,2026-09-05 16:22:25,Simulation
UPD-001664,HSP-003,Oxygen Bed,8,9,2026-09-05 16:24:27,Hospital Staff
UPD-001665,HSP-015,Ventilator,2,3,2026-09-05 16:42:27,Hospital Staff
UPD-001666,HSP-014,Ventilator,18,17,2026-09-05 16:46:53,Hospital Staff
UPD-001667,HSP-018,Ventilator,0,1,2026-09-05 16:49:19,Simulation
UPD-001668,HSP-024,General Bed,23,27,2026-09-05 16:51:54,Hospital Staff
UPD-001669,HSP-016,General Bed,29,30,2026-09-05 16:53:46,Simulation
UPD-001670,HSP-004,Ventilator,7,8,2026-09-05 16:55:31,Admin
UPD-001671,HSP-011,General Bed,45,48,2026-09-05 16:59:11,Admin
UPD-001672,HSP-015,General Bed,58,53,2026-09-05 17:02:26,Hospital Staff
UPD-001673,HSP-010,Ventilator,5,4,2026-09-05 17:05:14,Hospital Staff
UPD-001674,HSP-021,General Bed,30,26,2026-09-05 17:09:21,Hospital Staff
UPD-001675,HSP-021,Ventilator,1,2,2026-09-05 17:35:41,Simulation
UPD-001676,HSP-018,Oxygen Bed,12,10,2026-09-05 17:38:43,Hospital Staff
UPD-001677,HSP-002,ICU,8,7,2026-09-05 17:41:01,Simulation
UPD-001678,HSP-022,ICU,5,3,2026-09-05 17:41:06,Hospital Staff
UPD-001679,HSP-019,Ventilator,7,6,2026-09-05 17:41:07,Hospital Staff
UPD-001680,HSP-020,ICU,3,1,2026-09-05 17:41:21,Simulation
UPD-001681,HSP-025,Oxygen Bed,6,5,2026-09-05 17:45:11,Hospital Staff
UPD-001682,HSP-003,ICU,6,7,2026-09-05 17:47:34,Hospital Staff
UPD-001683,HSP-019,Ventilator,6,5,2026-09-05 17:50:38,Hospital Staff
UPD-001684,HSP-005,Oxygen Bed,8,7,2026-09-05 17:50:56,Hospital Staff
UPD-001685,HSP-014,Oxygen Bed,13,16,2026-09-05 17:53:07,Hospital Staff
UPD-001686,HSP-019,General Bed,107,104,2026-09-05 17:53:38,Hospital Staff
UPD-001687,HSP-001,Oxygen Bed,68,69,2026-09-05 17:59:01,Hospital Staff
UPD-001688,HSP-006,Oxygen Bed,4,6,2026-09-05 18:04:19,Hospital Staff
UPD-001689,HSP-014,Oxygen Bed,16,14,2026-09-05 18:04:19,Simulation
UPD-001690,HSP-021,General Bed,26,21,2026-09-05 18:05:57,Hospital Staff
UPD-001691,HSP-024,Oxygen Bed,50,47,2026-09-05 18:09:57,Hospital Staff
UPD-001692,HSP-014,ICU,14,13,2026-09-05 18:13:17,Simulation
UPD-001693,HSP-024,General Bed,27,25,2026-09-05 18:25:13,Hospital Staff
UPD-001694,HSP-009,ICU,13,11,2026-09-05 18:27:39,Simulation
UPD-001695,HSP-005,General Bed,15,13,2026-09-05 18:28:03,Hospital Staff
UPD-001696,HSP-010,Ventilator,4,5,2026-09-05 18:31:03,Simulation
UPD-001697,HSP-012,ICU,20,19,2026-09-05 18:34:59,Hospital Staff
UPD-001698,HSP-013,ICU,4,6,2026-09-05 18:41:29,Simulation
UPD-001699,HSP-020,Ventilator,34,33,2026-09-05 18:46:55,Hospital Staff
UPD-001700,HSP-016,ICU,4,5,2026-09-05 18:53:25,Simulation
UPD-001701,HSP-020,ICU,1,2,2026-09-05 19:11:58,Admin
UPD-001702,HSP-009,ICU,11,13,2026-09-05 19:13:20,Simulation
UPD-001703,HSP-009,General Bed,16,14,2026-09-05 19:20:02,Admin
UPD-001704,HSP-004,ICU,3,1,2026-09-05 19:20:27,Hospital Staff
UPD-001705,HSP-007,General Bed,216,221,2026-09-05 19:25:01,Simulation
UPD-001706,HSP-023,ICU,6,5,2026-09-05 19:37:52,Hospital Staff
UPD-001707,HSP-019,ICU,29,30,2026-09-05 19:47:13,Hospital Staff
UPD-001708,HSP-001,Ventilator,6,7,2026-09-05 19:51:55,Hospital Staff
UPD-001709,HSP-025,ICU,1,3,2026-09-05 19:52:09,Hospital Staff
UPD-001710,HSP-015,Ventilator,3,2,2026-09-05 19:54:13,Hospital Staff
UPD-001711,HSP-022,General Bed,33,28,2026-09-05 20:20:38,Hospital Staff
UPD-001712,HSP-012,ICU,19,18,2026-09-05 20:27:24,Hospital Staff
UPD-001713,HSP-025,Ventilator,0,1,2026-09-05 20:28:01,Hospital Staff
UPD-001714,HSP-018,Oxygen Bed,10,11,2026-09-05 20:38:12,Hospital Staff
UPD-001715,HSP-012,Oxygen Bed,52,49,2026-09-05 20:50:24,Hospital Staff
UPD-001716,HSP-020,ICU,2,3,2026-09-05 20:51:52,Admin
UPD-001717,HSP-005,General Bed,13,14,2026-09-05 20:52:17,Hospital Staff
UPD-001718,HSP-024,ICU,5,4,2026-09-05 20:54:20,Admin
UPD-001719,HSP-021,ICU,9,8,2026-09-05 20:57:59,Hospital Staff
UPD-001720,HSP-003,Ventilator,11,10,2026-09-05 21:05:42,Hospital Staff
UPD-001721,HSP-007,Oxygen Bed,54,52,2026-09-05 21:06:45,Simulation
UPD-001722,HSP-016,Oxygen Bed,15,14,2026-09-05 21:14:35,Simulation
UPD-001723,HSP-021,ICU,8,9,2026-09-05 21:17:10,Hospital Staff
UPD-001724,HSP-016,Ventilator,8,9,2026-09-05 21:21:50,Hospital Staff
UPD-001725,HSP-020,Oxygen Bed,48,51,2026-09-05 21:23:40,Hospital Staff
UPD-001726,HSP-019,Ventilator,5,4,2026-09-05 21:27:09,Hospital Staff
UPD-001727,HSP-005,Ventilator,8,9,2026-09-05 21:35:40,Simulation
UPD-001728,HSP-005,ICU,7,5,2026-09-05 21:41:08,Hospital Staff
UPD-001729,HSP-021,Oxygen Bed,8,9,2026-09-05 21:42:01,Simulation
UPD-001730,HSP-019,Ventilator,4,5,2026-09-05 21:42:19,Admin
UPD-001731,HSP-006,ICU,1,2,2026-09-05 21:55:40,Simulation
UPD-001732,HSP-018,ICU,7,5,2026-09-05 21:59:43,Hospital Staff
UPD-001733,HSP-007,General Bed,221,222,2026-09-05 22:04:14,Admin
UPD-001734,HSP-002,Ventilator,6,7,2026-09-05 22:04:39,Hospital Staff
UPD-001735,HSP-001,Oxygen Bed,69,72,2026-09-05 22:05:06,Admin
UPD-001736,HSP-023,General Bed,34,35,2026-09-05 22:09:41,Hospital Staff
UPD-001737,HSP-015,ICU,4,6,2026-09-05 22:10:57,Hospital Staff
UPD-001738,HSP-002,Oxygen Bed,10,7,2026-09-05 22:20:11,Admin
UPD-001739,HSP-009,Oxygen Bed,31,30,2026-09-05 22:21:54,Hospital Staff
UPD-001740,HSP-007,Oxygen Bed,52,53,2026-09-05 22:39:05,Hospital Staff
UPD-001741,HSP-016,ICU,5,7,2026-09-05 22:41:18,Hospital Staff
UPD-001742,HSP-004,Oxygen Bed,5,7,2026-09-05 22:43:37,Admin
UPD-001743,HSP-025,Ventilator,1,2,2026-09-05 22:49:02,Admin
UPD-001744,HSP-025,Oxygen Bed,5,3,2026-09-05 22:50:19,Hospital Staff
UPD-001745,HSP-022,Oxygen Bed,14,15,2026-09-05 22:51:33,Simulation
UPD-001746,HSP-013,Ventilator,6,7,2026-09-05 22:58:13,Simulation
UPD-001747,HSP-003,ICU,7,8,2026-09-05 23:01:28,Simulation
UPD-001748,HSP-011,General Bed,48,44,2026-09-05 23:01:29,Hospital Staff
UPD-001749,HSP-010,ICU,13,15,2026-09-05 23:02:54,Simulation
UPD-001750,HSP-024,Oxygen Bed,47,48,2026-09-05 23:04:11,Hospital Staff
UPD-001751,HSP-016,General Bed,30,31,2026-09-05 23:07:46,Simulation
UPD-001752,HSP-006,Ventilator,1,2,2026-09-05 23:08:18,Hospital Staff
UPD-001753,HSP-011,ICU,2,3,2026-09-05 23:09:45,Hospital Staff
UPD-001754,HSP-003,ICU,8,10,2026-09-05 23:21:17,Hospital Staff
UPD-001755,HSP-020,Oxygen Bed,51,54,2026-09-05 23:23:20,Simulation
UPD-001756,HSP-002,Oxygen Bed,7,9,2026-09-05 23:25:11,Hospital Staff
UPD-001757,HSP-007,ICU,45,47,2026-09-05 23:36:37,Hospital Staff
UPD-001758,HSP-024,General Bed,25,19,2026-09-05 23:39:04,Hospital Staff
UPD-001759,HSP-001,Oxygen Bed,72,71,2026-09-05 23:39:57,Hospital Staff
UPD-001760,HSP-020,ICU,3,5,2026-09-05 23:45:23,Hospital Staff
UPD-001761,HSP-016,General Bed,31,36,2026-09-05 23:47:37,Simulation
UPD-001762,HSP-012,ICU,18,19,2026-09-05 23:55:04,Hospital Staff
UPD-001763,HSP-025,General Bed,35,38,2026-09-06 00:00:54,Hospital Staff
UPD-001764,HSP-008,Ventilator,6,7,2026-09-06 00:07:40,Simulation
UPD-001765,HSP-010,Oxygen Bed,5,2,2026-09-06 00:08:16,Hospital Staff
UPD-001766,HSP-011,ICU,3,5,2026-09-06 00:13:25,Hospital Staff
UPD-001767,HSP-025,Ventilator,2,1,2026-09-06 00:14:51,Admin
UPD-001768,HSP-022,ICU,3,2,2026-09-06 00:16:57,Admin
UPD-001769,HSP-002,Ventilator,7,6,2026-09-06 00:18:35,Hospital Staff
UPD-001770,HSP-010,Ventilator,5,4,2026-09-06 00:19:55,Hospital Staff
UPD-001771,HSP-017,Oxygen Bed,3,1,2026-09-06 00:32:17,Admin
UPD-001772,HSP-004,Oxygen Bed,7,4,2026-09-06 00:33:15,Admin
UPD-001773,HSP-017,Oxygen Bed,1,4,2026-09-06 00:42:01,Hospital Staff
UPD-001774,HSP-009,Oxygen Bed,30,32,2026-09-06 00:44:18,Hospital Staff
UPD-001775,HSP-023,ICU,5,7,2026-09-06 00:48:46,Simulation
UPD-001776,HSP-001,General Bed,113,111,2026-09-06 01:04:38,Admin
UPD-001777,HSP-013,Oxygen Bed,29,28,2026-09-06 01:05:55,Admin
UPD-001778,HSP-011,General Bed,44,50,2026-09-06 01:07:22,Hospital Staff
UPD-001779,HSP-025,General Bed,38,34,2026-09-06 01:11:58,Simulation
UPD-001780,HSP-016,ICU,7,5,2026-09-06 01:12:05,Hospital Staff
UPD-001781,HSP-007,Ventilator,19,18,2026-09-06 01:24:01,Hospital Staff
UPD-001782,HSP-007,Ventilator,18,17,2026-09-06 01:24:21,Hospital Staff
UPD-001783,HSP-020,Oxygen Bed,54,56,2026-09-06 01:29:27,Hospital Staff
UPD-001784,HSP-004,ICU,1,2,2026-09-06 01:30:42,Simulation
UPD-001785,HSP-018,General Bed,18,17,2026-09-06 01:51:44,Simulation
UPD-001786,HSP-014,General Bed,57,54,2026-09-06 01:53:34,Hospital Staff
UPD-001787,HSP-018,Oxygen Bed,11,8,2026-09-06 01:53:39,Admin
UPD-001788,HSP-006,General Bed,4,0,2026-09-06 01:53:43,Admin
UPD-001789,HSP-016,Oxygen Bed,14,16,2026-09-06 01:57:51,Hospital Staff
UPD-001790,HSP-019,ICU,30,31,2026-09-06 02:12:05,Hospital Staff
UPD-001791,HSP-006,Oxygen Bed,6,3,2026-09-06 02:16:09,Admin
UPD-001792,HSP-004,Oxygen Bed,4,7,2026-09-06 02:17:41,Admin
UPD-001793,HSP-009,ICU,13,15,2026-09-06 02:18:25,Hospital Staff
UPD-001794,HSP-024,Ventilator,2,1,2026-09-06 02:23:25,Admin
UPD-001795,HSP-002,Oxygen Bed,9,10,2026-09-06 02:23:28,Hospital Staff
UPD-001796,HSP-003,ICU,10,9,2026-09-06 02:24:33,Hospital Staff
UPD-001797,HSP-005,ICU,5,7,2026-09-06 02:30:42,Simulation
UPD-001798,HSP-014,ICU,13,15,2026-09-06 02:34:16,Hospital Staff
UPD-001799,HSP-012,Oxygen Bed,49,51,2026-09-06 02:36:17,Hospital Staff
UPD-001800,HSP-011,ICU,5,6,2026-09-06 02:38:18,Simulation
UPD-001801,HSP-002,General Bed,68,64,2026-09-06 02:39:42,Hospital Staff
UPD-001802,HSP-018,ICU,5,6,2026-09-06 02:40:43,Hospital Staff
UPD-001803,HSP-009,ICU,15,16,2026-09-06 02:41:07,Admin
UPD-001804,HSP-021,Oxygen Bed,9,12,2026-09-06 02:44:18,Hospital Staff
UPD-001805,HSP-001,Oxygen Bed,71,73,2026-09-06 02:54:18,Admin
UPD-001806,HSP-021,General Bed,21,22,2026-09-06 02:59:57,Admin
UPD-001807,HSP-019,Oxygen Bed,54,57,2026-09-06 03:02:02,Hospital Staff
UPD-001808,HSP-013,General Bed,4,2,2026-09-06 03:11:03,Admin
UPD-001809,HSP-016,Ventilator,9,8,2026-09-06 03:11:28,Simulation
UPD-001810,HSP-019,General Bed,104,103,2026-09-06 03:16:07,Admin
UPD-001811,HSP-011,General Bed,50,44,2026-09-06 03:21:34,Admin
UPD-001812,HSP-021,ICU,9,7,2026-09-06 03:25:18,Hospital Staff
UPD-001813,HSP-012,Oxygen Bed,51,53,2026-09-06 03:32:48,Hospital Staff
UPD-001814,HSP-002,Oxygen Bed,10,13,2026-09-06 03:39:58,Hospital Staff
UPD-001815,HSP-024,Ventilator,1,0,2026-09-06 03:43:00,Simulation
UPD-001816,HSP-006,General Bed,0,1,2026-09-06 03:44:35,Simulation
UPD-001817,HSP-010,Ventilator,4,5,2026-09-06 03:50:17,Hospital Staff
UPD-001818,HSP-002,ICU,7,9,2026-09-06 03:57:07,Simulation
UPD-001819,HSP-004,ICU,2,1,2026-09-06 03:57:19,Hospital Staff
UPD-001820,HSP-017,General Bed,42,40,2026-09-06 03:58:39,Hospital Staff
UPD-001821,HSP-017,General Bed,40,45,2026-09-06 04:00:46,Hospital Staff
UPD-001822,HSP-009,ICU,16,17,2026-09-06 04:02:21,Hospital Staff
UPD-001823,HSP-012,Ventilator,8,7,2026-09-06 04:09:30,Admin
UPD-001824,HSP-007,General Bed,222,219,2026-09-06 04:09:50,Hospital Staff
UPD-001825,HSP-021,Ventilator,2,3,2026-09-06 04:23:40,Admin
UPD-001826,HSP-009,ICU,17,18,2026-09-06 04:32:58,Admin
UPD-001827,HSP-010,ICU,15,16,2026-09-06 04:37:11,Hospital Staff
UPD-001828,HSP-014,Ventilator,17,16,2026-09-06 04:38:10,Hospital Staff
UPD-001829,HSP-009,Oxygen Bed,32,33,2026-09-06 04:39:07,Admin
UPD-001830,HSP-008,General Bed,111,112,2026-09-06 04:44:32,Admin
UPD-001831,HSP-012,Ventilator,7,6,2026-09-06 04:47:27,Hospital Staff
UPD-001832,HSP-008,ICU,31,30,2026-09-06 04:48:32,Hospital Staff
UPD-001833,HSP-007,ICU,47,46,2026-09-06 04:57:02,Hospital Staff
UPD-001834,HSP-011,Oxygen Bed,7,6,2026-09-06 05:04:12,Hospital Staff
UPD-001835,HSP-020,Oxygen Bed,56,59,2026-09-06 05:07:46,Hospital Staff
UPD-001836,HSP-002,General Bed,64,61,2026-09-06 05:13:21,Hospital Staff
UPD-001837,HSP-018,ICU,6,4,2026-09-06 05:22:04,Hospital Staff
UPD-001838,HSP-007,Ventilator,17,18,2026-09-06 05:24:48,Hospital Staff
UPD-001839,HSP-010,Oxygen Bed,2,3,2026-09-06 05:26:04,Hospital Staff
UPD-001840,HSP-020,ICU,5,7,2026-09-06 05:30:14,Admin
UPD-001841,HSP-022,ICU,2,4,2026-09-06 05:43:19,Simulation
UPD-001842,HSP-003,Ventilator,10,11,2026-09-06 05:45:34,Simulation
UPD-001843,HSP-020,General Bed,207,212,2026-09-06 05:48:35,Simulation
UPD-001844,HSP-022,Ventilator,5,6,2026-09-06 05:54:30,Hospital Staff
UPD-001845,HSP-018,Ventilator,1,0,2026-09-06 05:59:16,Simulation
UPD-001846,HSP-021,ICU,7,6,2026-09-06 05:59:24,Simulation
UPD-001847,HSP-024,ICU,4,2,2026-09-06 06:00:17,Simulation
UPD-001848,HSP-016,ICU,5,3,2026-09-06 06:00:51,Hospital Staff
UPD-001849,HSP-020,ICU,7,5,2026-09-06 06:09:25,Admin
UPD-001850,HSP-011,General Bed,44,41,2026-09-06 06:13:11,Hospital Staff
UPD-001851,HSP-002,General Bed,61,64,2026-09-06 06:14:23,Hospital Staff
UPD-001852,HSP-007,ICU,46,47,2026-09-06 06:15:13,Hospital Staff
UPD-001853,HSP-018,ICU,4,6,2026-09-06 06:16:49,Simulation
UPD-001854,HSP-015,General Bed,53,59,2026-09-06 06:22:26,Hospital Staff
UPD-001855,HSP-020,ICU,5,6,2026-09-06 06:26:50,Hospital Staff
UPD-001856,HSP-021,Ventilator,3,2,2026-09-06 06:31:26,Simulation
UPD-001857,HSP-009,Oxygen Bed,33,30,2026-09-06 06:31:36,Admin
UPD-001858,HSP-025,General Bed,34,36,2026-09-06 06:31:48,Hospital Staff
UPD-001859,HSP-004,ICU,1,0,2026-09-06 06:37:34,Admin
UPD-001860,HSP-023,General Bed,35,33,2026-09-06 06:42:14,Admin
UPD-001861,HSP-006,ICU,2,3,2026-09-06 06:42:58,Hospital Staff
UPD-001862,HSP-022,ICU,4,5,2026-09-06 06:44:26,Hospital Staff
UPD-001863,HSP-004,Ventilator,8,7,2026-09-06 06:46:47,Simulation
UPD-001864,HSP-011,General Bed,41,47,2026-09-06 06:46:56,Hospital Staff
UPD-001865,HSP-013,Ventilator,7,8,2026-09-06 07:00:14,Hospital Staff
UPD-001866,HSP-003,General Bed,41,46,2026-09-06 07:00:24,Hospital Staff
UPD-001867,HSP-008,ICU,30,29,2026-09-06 07:09:45,Simulation
UPD-001868,HSP-014,Oxygen Bed,14,13,2026-09-06 07:13:12,Admin
UPD-001869,HSP-022,Oxygen Bed,15,12,2026-09-06 07:14:46,Hospital Staff
UPD-001870,HSP-011,Oxygen Bed,6,8,2026-09-06 07:15:22,Hospital Staff
UPD-001871,HSP-025,ICU,3,2,2026-09-06 07:22:37,Hospital Staff
UPD-001872,HSP-013,Oxygen Bed,28,30,2026-09-06 07:22:43,Hospital Staff
UPD-001873,HSP-013,Oxygen Bed,30,27,2026-09-06 07:34:10,Simulation
UPD-001874,HSP-006,Ventilator,2,1,2026-09-06 07:34:52,Hospital Staff
UPD-001875,HSP-024,Ventilator,0,1,2026-09-06 07:37:43,Hospital Staff
UPD-001876,HSP-007,ICU,47,48,2026-09-06 07:39:39,Hospital Staff
UPD-001877,HSP-009,ICU,18,17,2026-09-06 07:42:21,Hospital Staff
UPD-001878,HSP-022,General Bed,28,34,2026-09-06 07:43:28,Hospital Staff
UPD-001879,HSP-004,Oxygen Bed,7,4,2026-09-06 07:44:34,Hospital Staff
UPD-001880,HSP-010,ICU,16,17,2026-09-06 07:52:38,Hospital Staff
UPD-001881,HSP-019,General Bed,103,99,2026-09-06 07:56:06,Simulation
UPD-001882,HSP-012,Ventilator,6,5,2026-09-06 07:57:59,Hospital Staff
UPD-001883,HSP-016,Oxygen Bed,16,13,2026-09-06 08:03:48,Hospital Staff
UPD-001884,HSP-012,Ventilator,5,4,2026-09-06 08:04:38,Hospital Staff
UPD-001885,HSP-023,ICU,7,5,2026-09-06 08:06:50,Hospital Staff
UPD-001886,HSP-005,Ventilator,9,10,2026-09-06 08:09:26,Hospital Staff
UPD-001887,HSP-025,General Bed,36,32,2026-09-06 08:10:58,Simulation
UPD-001888,HSP-013,Oxygen Bed,27,26,2026-09-06 08:29:31,Hospital Staff
UPD-001889,HSP-018,ICU,6,4,2026-09-06 08:31:50,Hospital Staff
UPD-001890,HSP-022,General Bed,34,28,2026-09-06 08:32:43,Hospital Staff
UPD-001891,HSP-002,Ventilator,6,7,2026-09-06 08:33:48,Hospital Staff
UPD-001892,HSP-011,General Bed,47,53,2026-09-06 08:38:56,Simulation
UPD-001893,HSP-012,Oxygen Bed,53,56,2026-09-06 08:40:44,Admin
UPD-001894,HSP-016,ICU,3,1,2026-09-06 08:41:20,Hospital Staff
UPD-001895,HSP-005,ICU,7,6,2026-09-06 08:44:11,Hospital Staff
UPD-001896,HSP-024,Ventilator,1,0,2026-09-06 08:46:59,Hospital Staff
UPD-001897,HSP-023,General Bed,33,30,2026-09-06 08:53:15,Admin
UPD-001898,HSP-001,ICU,31,32,2026-09-06 08:55:02,Hospital Staff
UPD-001899,HSP-025,ICU,2,1,2026-09-06 08:59:27,Simulation
UPD-001900,HSP-004,General Bed,68,74,2026-09-06 09:03:22,Hospital Staff
UPD-001901,HSP-013,Oxygen Bed,26,23,2026-09-06 09:16:43,Hospital Staff
UPD-001902,HSP-011,ICU,6,4,2026-09-06 09:22:49,Admin
UPD-001903,HSP-014,ICU,15,13,2026-09-06 09:22:49,Admin
UPD-001904,HSP-001,ICU,32,30,2026-09-06 09:22:50,Admin
UPD-001905,HSP-009,Oxygen Bed,30,32,2026-09-06 09:22:53,Hospital Staff
UPD-001906,HSP-025,Oxygen Bed,3,1,2026-09-06 09:23:15,Hospital Staff
UPD-001907,HSP-007,Oxygen Bed,53,52,2026-09-06 09:24:42,Hospital Staff
UPD-001908,HSP-018,ICU,4,2,2026-09-06 09:25:10,Hospital Staff
UPD-001909,HSP-025,Oxygen Bed,1,4,2026-09-06 09:26:24,Hospital Staff
UPD-001910,HSP-008,General Bed,112,108,2026-09-06 09:30:22,Admin
UPD-001911,HSP-013,ICU,6,4,2026-09-06 09:32:50,Hospital Staff
UPD-001912,HSP-017,General Bed,45,42,2026-09-06 09:32:58,Hospital Staff
UPD-001913,HSP-012,Ventilator,4,5,2026-09-06 09:37:15,Admin
UPD-001914,HSP-008,ICU,29,30,2026-09-06 09:38:23,Admin
UPD-001915,HSP-022,General Bed,28,32,2026-09-06 09:41:36,Hospital Staff
UPD-001916,HSP-025,ICU,1,0,2026-09-06 09:57:36,Hospital Staff
UPD-001917,HSP-017,General Bed,42,38,2026-09-06 10:05:53,Hospital Staff
UPD-001918,HSP-008,ICU,30,32,2026-09-06 10:05:55,Hospital Staff
UPD-001919,HSP-002,Oxygen Bed,13,14,2026-09-06 10:07:48,Simulation
UPD-001920,HSP-017,ICU,3,1,2026-09-06 10:23:14,Simulation
UPD-001921,HSP-021,Ventilator,2,1,2026-09-06 10:25:59,Hospital Staff
UPD-001922,HSP-011,ICU,4,3,2026-09-06 10:31:12,Admin
UPD-001923,HSP-009,General Bed,14,19,2026-09-06 10:33:32,Hospital Staff
UPD-001924,HSP-005,ICU,6,4,2026-09-06 10:34:18,Admin
UPD-001925,HSP-025,Oxygen Bed,4,6,2026-09-06 10:40:02,Hospital Staff
UPD-001926,HSP-015,General Bed,59,58,2026-09-06 10:40:43,Hospital Staff
UPD-001927,HSP-025,ICU,0,2,2026-09-06 10:45:47,Admin
UPD-001928,HSP-001,Ventilator,7,6,2026-09-06 10:58:45,Simulation
UPD-001929,HSP-011,Ventilator,7,8,2026-09-06 11:01:01,Hospital Staff
UPD-001930,HSP-023,Oxygen Bed,17,16,2026-09-06 11:01:40,Hospital Staff
UPD-001931,HSP-020,ICU,6,7,2026-09-06 11:02:46,Hospital Staff
UPD-001932,HSP-023,ICU,5,3,2026-09-06 11:11:23,Admin
UPD-001933,HSP-013,ICU,4,2,2026-09-06 11:14:08,Hospital Staff
UPD-001934,HSP-021,General Bed,22,23,2026-09-06 11:18:52,Simulation
UPD-001935,HSP-017,General Bed,38,34,2026-09-06 11:27:16,Hospital Staff
UPD-001936,HSP-008,Ventilator,7,8,2026-09-06 11:27:25,Hospital Staff
UPD-001937,HSP-020,General Bed,212,207,2026-09-06 11:32:49,Hospital Staff
UPD-001938,HSP-011,General Bed,53,56,2026-09-06 11:32:59,Simulation
UPD-001939,HSP-025,ICU,2,3,2026-09-06 11:38:23,Admin
UPD-001940,HSP-021,General Bed,23,18,2026-09-06 11:39:27,Hospital Staff
UPD-001941,HSP-003,General Bed,46,42,2026-09-06 11:40:58,Hospital Staff
UPD-001942,HSP-005,Oxygen Bed,7,6,2026-09-06 11:42:38,Hospital Staff
UPD-001943,HSP-005,ICU,4,5,2026-09-06 11:43:15,Hospital Staff
UPD-001944,HSP-018,Ventilator,0,1,2026-09-06 11:44:05,Hospital Staff
UPD-001945,HSP-004,Ventilator,7,8,2026-09-06 11:45:21,Simulation
UPD-001946,HSP-019,Oxygen Bed,57,56,2026-09-06 11:50:49,Hospital Staff
UPD-001947,HSP-002,ICU,9,8,2026-09-06 11:52:19,Hospital Staff
UPD-001948,HSP-024,Oxygen Bed,48,46,2026-09-06 11:52:27,Hospital Staff
UPD-001949,HSP-019,General Bed,99,94,2026-09-06 11:54:00,Hospital Staff
UPD-001950,HSP-022,General Bed,32,37,2026-09-06 11:54:54,Simulation
UPD-001951,HSP-016,Ventilator,8,7,2026-09-06 11:57:05,Admin
UPD-001952,HSP-015,Oxygen Bed,3,2,2026-09-06 12:00:48,Simulation
UPD-001953,HSP-019,ICU,31,30,2026-09-06 12:01:03,Admin
UPD-001954,HSP-020,General Bed,207,201,2026-09-06 12:02:41,Admin
UPD-001955,HSP-019,ICU,30,29,2026-09-06 12:06:44,Simulation
UPD-001956,HSP-021,Oxygen Bed,12,11,2026-09-06 12:07:44,Hospital Staff
UPD-001957,HSP-005,General Bed,14,20,2026-09-06 12:09:40,Admin
UPD-001958,HSP-008,ICU,32,30,2026-09-06 12:11:49,Hospital Staff
UPD-001959,HSP-006,ICU,3,2,2026-09-06 12:11:57,Admin
UPD-001960,HSP-006,Ventilator,1,2,2026-09-06 12:13:06,Hospital Staff
UPD-001961,HSP-004,Ventilator,8,7,2026-09-06 12:14:27,Admin
UPD-001962,HSP-015,ICU,6,4,2026-09-06 12:15:12,Hospital Staff
UPD-001963,HSP-021,Oxygen Bed,11,14,2026-09-06 12:20:55,Simulation
UPD-001964,HSP-012,Ventilator,5,6,2026-09-06 12:24:11,Hospital Staff
UPD-001965,HSP-009,General Bed,19,20,2026-09-06 12:31:56,Hospital Staff
UPD-001966,HSP-005,Ventilator,10,11,2026-09-06 12:36:15,Simulation
UPD-001967,HSP-017,Oxygen Bed,4,3,2026-09-06 12:37:55,Hospital Staff
UPD-001968,HSP-002,Oxygen Bed,14,12,2026-09-06 12:44:08,Hospital Staff
UPD-001969,HSP-018,Oxygen Bed,8,11,2026-09-06 12:54:49,Simulation
UPD-001970,HSP-024,Oxygen Bed,46,45,2026-09-06 12:54:57,Hospital Staff
UPD-001971,HSP-024,Ventilator,0,1,2026-09-06 12:57:19,Hospital Staff
UPD-001972,HSP-017,Oxygen Bed,3,6,2026-09-06 12:58:52,Hospital Staff
UPD-001973,HSP-024,Ventilator,1,2,2026-09-06 13:01:59,Simulation
UPD-001974,HSP-022,Ventilator,6,7,2026-09-06 13:07:47,Admin
UPD-001975,HSP-016,ICU,1,3,2026-09-06 13:14:15,Hospital Staff
UPD-001976,HSP-013,General Bed,2,7,2026-09-06 13:15:17,Admin
UPD-001977,HSP-005,Ventilator,11,12,2026-09-06 13:20:12,Hospital Staff
UPD-001978,HSP-010,General Bed,28,22,2026-09-06 13:31:20,Hospital Staff
UPD-001979,HSP-005,Ventilator,12,11,2026-09-06 13:32:16,Admin
UPD-001980,HSP-016,Ventilator,7,8,2026-09-06 13:32:28,Hospital Staff
UPD-001981,HSP-004,General Bed,74,78,2026-09-06 13:32:29,Hospital Staff
UPD-001982,HSP-013,ICU,2,1,2026-09-06 13:35:06,Admin
UPD-001983,HSP-019,Ventilator,5,4,2026-09-06 13:36:32,Admin
UPD-001984,HSP-002,Ventilator,7,6,2026-09-06 13:38:30,Admin
UPD-001985,HSP-011,ICU,3,4,2026-09-06 13:38:55,Simulation
UPD-001986,HSP-024,General Bed,19,18,2026-09-06 13:43:41,Admin
UPD-001987,HSP-003,General Bed,42,37,2026-09-06 13:55:51,Simulation
UPD-001988,HSP-023,ICU,3,1,2026-09-06 13:55:54,Simulation
UPD-001989,HSP-020,Oxygen Bed,59,56,2026-09-06 13:56:11,Hospital Staff
UPD-001990,HSP-005,General Bed,20,25,2026-09-06 14:04:45,Hospital Staff
UPD-001991,HSP-016,Oxygen Bed,13,14,2026-09-06 14:05:32,Hospital Staff
UPD-001992,HSP-012,Oxygen Bed,56,59,2026-09-06 14:07:10,Hospital Staff
UPD-001993,HSP-015,General Bed,58,62,2026-09-06 14:07:54,Hospital Staff
UPD-001994,HSP-016,ICU,3,2,2026-09-06 14:09:53,Simulation
UPD-001995,HSP-014,Ventilator,16,15,2026-09-06 14:11:36,Hospital Staff
UPD-001996,HSP-004,ICU,0,1,2026-09-06 14:17:04,Hospital Staff
UPD-001997,HSP-011,General Bed,56,54,2026-09-06 14:20:17,Simulation
UPD-001998,HSP-005,Oxygen Bed,6,9,2026-09-06 14:21:24,Hospital Staff
UPD-001999,HSP-024,Oxygen Bed,45,44,2026-09-06 14:31:06,Hospital Staff
UPD-002000,HSP-017,Oxygen Bed,6,5,2026-09-06 14:39:23,Hospital Staff
UPD-002001,HSP-017,General Bed,34,38,2026-09-06 14:43:06,Hospital Staff
UPD-002002,HSP-021,ICU,6,4,2026-09-06 14:44:00,Hospital Staff
UPD-002003,HSP-022,ICU,5,7,2026-09-06 14:49:22,Hospital Staff
UPD-002004,HSP-012,Ventilator,6,7,2026-09-06 14:51:00,Hospital Staff
UPD-002005,HSP-011,Ventilator,8,7,2026-09-06 14:55:00,Simulation
UPD-002006,HSP-022,Ventilator,7,6,2026-09-06 14:59:58,Hospital Staff
UPD-002007,HSP-020,Ventilator,33,32,2026-09-06 15:01:44,Simulation
UPD-002008,HSP-006,Ventilator,2,1,2026-09-06 15:07:00,Admin
UPD-002009,HSP-018,Ventilator,1,2,2026-09-06 15:08:40,Hospital Staff
UPD-002010,HSP-006,Ventilator,1,2,2026-09-06 15:16:51,Hospital Staff
UPD-002011,HSP-015,Ventilator,2,1,2026-09-06 15:18:51,Hospital Staff
UPD-002012,HSP-022,ICU,7,8,2026-09-06 15:21:10,Hospital Staff
UPD-002013,HSP-001,General Bed,111,105,2026-09-06 15:28:55,Hospital Staff
UPD-002014,HSP-019,Oxygen Bed,56,58,2026-09-06 15:32:54,Hospital Staff
UPD-002015,HSP-003,Oxygen Bed,9,11,2026-09-06 15:35:54,Hospital Staff
UPD-002016,HSP-021,Ventilator,1,0,2026-09-06 15:37:23,Hospital Staff
UPD-002017,HSP-025,Oxygen Bed,6,4,2026-09-06 15:46:00,Hospital Staff
UPD-002018,HSP-009,General Bed,20,24,2026-09-06 15:47:23,Hospital Staff
UPD-002019,HSP-004,ICU,1,2,2026-09-06 15:49:28,Hospital Staff
UPD-002020,HSP-017,ICU,1,3,2026-09-06 15:52:03,Hospital Staff
UPD-002021,HSP-001,Ventilator,6,7,2026-09-06 16:03:37,Simulation
UPD-002022,HSP-014,Ventilator,15,14,2026-09-06 16:08:36,Hospital Staff
UPD-002023,HSP-024,Oxygen Bed,44,42,2026-09-06 16:09:45,Hospital Staff
UPD-002024,HSP-007,Oxygen Bed,52,50,2026-09-06 16:10:09,Simulation
UPD-002025,HSP-024,Ventilator,2,3,2026-09-06 16:12:13,Admin
UPD-002026,HSP-008,ICU,30,28,2026-09-06 16:13:44,Hospital Staff
UPD-002027,HSP-025,ICU,3,4,2026-09-06 16:23:01,Hospital Staff
UPD-002028,HSP-007,ICU,48,50,2026-09-06 16:23:51,Hospital Staff
UPD-002029,HSP-003,Oxygen Bed,11,8,2026-09-06 16:26:44,Hospital Staff
UPD-002030,HSP-012,Oxygen Bed,59,56,2026-09-06 16:27:02,Admin
UPD-002031,HSP-004,General Bed,78,80,2026-09-06 16:32:51,Hospital Staff
UPD-002032,HSP-004,ICU,2,1,2026-09-06 16:44:36,Hospital Staff
UPD-002033,HSP-010,Oxygen Bed,3,6,2026-09-06 16:44:53,Hospital Staff
UPD-002034,HSP-007,Ventilator,18,17,2026-09-06 16:45:35,Simulation
UPD-002035,HSP-017,Oxygen Bed,5,4,2026-09-06 16:57:45,Hospital Staff
UPD-002036,HSP-012,ICU,19,18,2026-09-06 16:59:37,Hospital Staff
UPD-002037,HSP-023,ICU,1,0,2026-09-06 17:07:24,Admin
UPD-002038,HSP-021,Oxygen Bed,14,16,2026-09-06 17:09:52,Admin
UPD-002039,HSP-021,General Bed,18,12,2026-09-06 17:26:33,Admin
UPD-002040,HSP-006,ICU,2,1,2026-09-06 17:30:34,Simulation
UPD-002041,HSP-019,General Bed,94,99,2026-09-06 17:32:48,Simulation
UPD-002042,HSP-008,Ventilator,8,9,2026-09-06 17:35:56,Hospital Staff
UPD-002043,HSP-010,ICU,17,19,2026-09-06 17:36:17,Hospital Staff
UPD-002044,HSP-022,General Bed,37,35,2026-09-06 17:36:35,Hospital Staff
UPD-002045,HSP-022,General Bed,35,33,2026-09-06 17:44:16,Simulation
UPD-002046,HSP-005,Oxygen Bed,9,11,2026-09-06 17:46:15,Hospital Staff
UPD-002047,HSP-021,General Bed,12,7,2026-09-06 17:49:46,Hospital Staff
UPD-002048,HSP-004,General Bed,80,74,2026-09-06 17:55:05,Simulation
UPD-002049,HSP-004,General Bed,74,80,2026-09-06 17:56:11,Simulation
UPD-002050,HSP-006,Ventilator,2,1,2026-09-06 17:57:58,Hospital Staff
UPD-002051,HSP-024,General Bed,18,16,2026-09-06 18:03:57,Simulation
UPD-002052,HSP-006,Ventilator,1,2,2026-09-06 18:04:35,Simulation
UPD-002053,HSP-006,General Bed,1,0,2026-09-06 18:05:03,Hospital Staff
UPD-002054,HSP-008,ICU,28,29,2026-09-06 18:09:02,Hospital Staff
UPD-002055,HSP-019,General Bed,99,94,2026-09-06 18:12:59,Admin
UPD-002056,HSP-001,Ventilator,7,8,2026-09-06 18:21:09,Admin
UPD-002057,HSP-021,Ventilator,0,1,2026-09-06 18:31:33,Hospital Staff
UPD-002058,HSP-005,Ventilator,11,12,2026-09-06 18:33:10,Admin
UPD-002059,HSP-004,Oxygen Bed,4,7,2026-09-06 18:33:41,Simulation
UPD-002060,HSP-019,Ventilator,4,5,2026-09-06 18:34:42,Hospital Staff
UPD-002061,HSP-001,ICU,30,29,2026-09-06 18:36:27,Admin
UPD-002062,HSP-025,Ventilator,1,2,2026-09-06 18:38:20,Admin
UPD-002063,HSP-020,Ventilator,32,33,2026-09-06 18:42:48,Simulation
UPD-002064,HSP-011,ICU,4,2,2026-09-06 18:45:47,Simulation
UPD-002065,HSP-015,Ventilator,1,0,2026-09-06 18:45:50,Admin
UPD-002066,HSP-007,General Bed,219,214,2026-09-06 18:46:31,Simulation
UPD-002067,HSP-004,Ventilator,7,8,2026-09-06 18:48:52,Hospital Staff
UPD-002068,HSP-020,Ventilator,33,34,2026-09-06 18:52:10,Hospital Staff
UPD-002069,HSP-020,Ventilator,34,33,2026-09-06 18:55:16,Hospital Staff
UPD-002070,HSP-004,Ventilator,8,7,2026-09-06 18:56:10,Simulation
UPD-002071,HSP-014,General Bed,54,51,2026-09-06 18:57:44,Hospital Staff
UPD-002072,HSP-005,General Bed,25,20,2026-09-06 18:59:34,Admin
UPD-002073,HSP-001,General Bed,105,100,2026-09-06 19:02:06,Hospital Staff
UPD-002074,HSP-021,Ventilator,1,0,2026-09-06 19:05:48,Simulation
UPD-002075,HSP-001,ICU,29,28,2026-09-06 19:12:04,Hospital Staff
UPD-002076,HSP-024,General Bed,16,13,2026-09-06 19:14:49,Hospital Staff
UPD-002077,HSP-011,Ventilator,7,8,2026-09-06 19:16:39,Hospital Staff
UPD-002078,HSP-012,Oxygen Bed,56,53,2026-09-06 19:18:52,Hospital Staff
UPD-002079,HSP-023,General Bed,30,28,2026-09-06 19:19:34,Admin
UPD-002080,HSP-015,ICU,4,5,2026-09-06 19:19:42,Simulation
UPD-002081,HSP-009,General Bed,24,19,2026-09-06 19:21:28,Hospital Staff
UPD-002082,HSP-014,ICU,13,15,2026-09-06 19:23:50,Hospital Staff
UPD-002083,HSP-001,Ventilator,8,9,2026-09-06 19:27:35,Hospital Staff
UPD-002084,HSP-006,Oxygen Bed,3,4,2026-09-06 19:29:43,Hospital Staff
UPD-002085,HSP-015,Oxygen Bed,2,4,2026-09-06 19:42:49,Hospital Staff
UPD-002086,HSP-021,General Bed,7,8,2026-09-06 19:47:48,Hospital Staff
UPD-002087,HSP-001,General Bed,100,98,2026-09-06 19:57:12,Simulation
UPD-002088,HSP-024,Ventilator,3,4,2026-09-06 19:57:12,Admin
UPD-002089,HSP-009,General Bed,19,17,2026-09-06 19:58:52,Hospital Staff
UPD-002090,HSP-010,ICU,19,20,2026-09-06 19:59:14,Hospital Staff
UPD-002091,HSP-009,Oxygen Bed,32,29,2026-09-06 20:00:59,Simulation
UPD-002092,HSP-024,Oxygen Bed,42,43,2026-09-06 20:03:46,Admin
UPD-002093,HSP-007,ICU,50,48,2026-09-06 20:07:01,Hospital Staff
UPD-002094,HSP-015,Ventilator,0,1,2026-09-06 20:08:53,Hospital Staff
UPD-002095,HSP-024,ICU,2,4,2026-09-06 20:10:00,Simulation
UPD-002096,HSP-001,Oxygen Bed,73,71,2026-09-06 20:12:03,Hospital Staff
UPD-002097,HSP-002,Oxygen Bed,12,15,2026-09-06 20:18:07,Admin
UPD-002098,HSP-025,Ventilator,2,1,2026-09-06 20:21:44,Hospital Staff
UPD-002099,HSP-016,General Bed,36,30,2026-09-06 20:27:13,Hospital Staff
UPD-002100,HSP-006,General Bed,0,6,2026-09-06 20:31:43,Hospital Staff
UPD-002101,HSP-017,General Bed,38,39,2026-09-06 20:38:37,Hospital Staff
UPD-002102,HSP-004,General Bed,80,86,2026-09-06 20:45:03,Admin
UPD-002103,HSP-004,Ventilator,7,8,2026-09-06 20:52:49,Hospital Staff
UPD-002104,HSP-001,General Bed,98,92,2026-09-06 20:56:42,Hospital Staff
UPD-002105,HSP-011,Oxygen Bed,8,6,2026-09-06 21:01:16,Hospital Staff
UPD-002106,HSP-011,Ventilator,8,7,2026-09-06 21:01:28,Hospital Staff
UPD-002107,HSP-014,Oxygen Bed,13,11,2026-09-06 21:02:39,Hospital Staff
UPD-002108,HSP-007,General Bed,214,211,2026-09-06 21:07:55,Admin
UPD-002109,HSP-012,ICU,18,16,2026-09-06 21:09:01,Hospital Staff
UPD-002110,HSP-019,ICU,29,31,2026-09-06 21:12:21,Hospital Staff
UPD-002111,HSP-012,ICU,16,18,2026-09-06 21:19:52,Hospital Staff
UPD-002112,HSP-019,Oxygen Bed,58,57,2026-09-06 21:20:39,Hospital Staff
UPD-002113,HSP-021,General Bed,8,4,2026-09-06 21:23:33,Admin
UPD-002114,HSP-003,Ventilator,11,10,2026-09-06 21:26:44,Hospital Staff
UPD-002115,HSP-010,General Bed,22,24,2026-09-06 21:39:49,Simulation
UPD-002116,HSP-004,Ventilator,8,7,2026-09-06 21:52:38,Hospital Staff
UPD-002117,HSP-008,Oxygen Bed,13,12,2026-09-06 21:53:23,Hospital Staff
UPD-002118,HSP-017,ICU,3,1,2026-09-06 21:56:34,Hospital Staff
UPD-002119,HSP-008,General Bed,108,111,2026-09-06 21:59:01,Hospital Staff
UPD-002120,HSP-007,Ventilator,17,16,2026-09-06 22:02:10,Simulation
UPD-002121,HSP-014,ICU,15,14,2026-09-06 22:02:35,Admin
UPD-002122,HSP-012,ICU,18,19,2026-09-06 22:05:20,Hospital Staff
UPD-002123,HSP-005,General Bed,20,21,2026-09-06 22:07:48,Simulation
UPD-002124,HSP-022,Oxygen Bed,12,9,2026-09-06 22:13:29,Admin
UPD-002125,HSP-022,ICU,8,6,2026-09-06 22:19:08,Hospital Staff
UPD-002126,HSP-012,General Bed,89,91,2026-09-06 22:21:47,Admin
UPD-002127,HSP-015,Ventilator,1,2,2026-09-06 22:23:14,Hospital Staff
UPD-002128,HSP-008,Ventilator,9,8,2026-09-06 22:26:38,Hospital Staff
UPD-002129,HSP-012,Oxygen Bed,53,51,2026-09-06 22:28:52,Hospital Staff
UPD-002130,HSP-021,Ventilator,0,1,2026-09-06 22:37:43,Hospital Staff
UPD-002131,HSP-022,ICU,6,7,2026-09-06 22:42:11,Hospital Staff
UPD-002132,HSP-007,Ventilator,16,15,2026-09-06 22:56:04,Hospital Staff
UPD-002133,HSP-019,Ventilator,5,4,2026-09-06 22:59:48,Hospital Staff
UPD-002134,HSP-015,Oxygen Bed,4,7,2026-09-06 22:59:49,Hospital Staff
UPD-002135,HSP-011,Oxygen Bed,6,3,2026-09-06 23:00:00,Simulation
UPD-002136,HSP-013,General Bed,7,8,2026-09-06 23:10:42,Admin
UPD-002137,HSP-019,ICU,31,33,2026-09-06 23:15:48,Hospital Staff
UPD-002138,HSP-019,ICU,33,32,2026-09-06 23:21:46,Simulation
UPD-002139,HSP-020,Ventilator,33,32,2026-09-06 23:23:43,Hospital Staff
UPD-002140,HSP-020,Ventilator,32,33,2026-09-06 23:25:45,Simulation
UPD-002141,HSP-018,Oxygen Bed,11,12,2026-09-06 23:27:23,Hospital Staff
UPD-002142,HSP-014,General Bed,51,53,2026-09-06 23:30:08,Simulation
UPD-002143,HSP-019,Oxygen Bed,57,54,2026-09-06 23:41:07,Hospital Staff
UPD-002144,HSP-007,Oxygen Bed,50,53,2026-09-06 23:45:30,Hospital Staff
UPD-002145,HSP-008,General Bed,111,109,2026-09-06 23:54:31,Hospital Staff
UPD-002146,HSP-017,Oxygen Bed,4,3,2026-09-06 23:55:53,Admin
UPD-002147,HSP-002,Oxygen Bed,15,17,2026-09-06 23:56:04,Hospital Staff
UPD-002148,HSP-017,General Bed,39,36,2026-09-07 00:01:21,Simulation
UPD-002149,HSP-009,Oxygen Bed,29,26,2026-09-07 00:05:19,Hospital Staff
UPD-002150,HSP-010,Oxygen Bed,6,5,2026-09-07 00:05:19,Admin
UPD-002151,HSP-005,ICU,5,7,2026-09-07 00:05:45,Simulation
UPD-002152,HSP-012,Oxygen Bed,51,49,2026-09-07 00:10:17,Simulation
UPD-002153,HSP-021,Ventilator,1,2,2026-09-07 00:17:12,Hospital Staff
UPD-002154,HSP-018,Ventilator,2,3,2026-09-07 00:18:59,Simulation
UPD-002155,HSP-022,Oxygen Bed,9,6,2026-09-07 00:24:40,Admin
UPD-002156,HSP-013,ICU,1,3,2026-09-07 00:24:41,Hospital Staff
UPD-002157,HSP-025,ICU,4,3,2026-09-07 00:31:50,Hospital Staff
UPD-002158,HSP-006,Oxygen Bed,4,1,2026-09-07 00:32:40,Admin
UPD-002159,HSP-011,Oxygen Bed,3,6,2026-09-07 00:34:19,Hospital Staff
UPD-002160,HSP-014,Ventilator,14,15,2026-09-07 00:35:53,Admin
UPD-002161,HSP-001,General Bed,92,96,2026-09-07 00:46:56,Admin
UPD-002162,HSP-021,Ventilator,2,3,2026-09-07 01:00:03,Admin
UPD-002163,HSP-010,Oxygen Bed,5,7,2026-09-07 01:12:00,Simulation
UPD-002164,HSP-014,Oxygen Bed,11,13,2026-09-07 01:12:06,Simulation
UPD-002165,HSP-017,Oxygen Bed,3,2,2026-09-07 01:12:25,Simulation
UPD-002166,HSP-005,Ventilator,12,11,2026-09-07 01:14:24,Admin
UPD-002167,HSP-011,ICU,2,3,2026-09-07 01:20:58,Hospital Staff
UPD-002168,HSP-010,Oxygen Bed,7,5,2026-09-07 01:29:33,Admin
UPD-002169,HSP-024,ICU,4,3,2026-09-07 01:31:37,Hospital Staff
UPD-002170,HSP-005,General Bed,21,19,2026-09-07 01:34:39,Simulation
UPD-002171,HSP-005,ICU,7,6,2026-09-07 01:36:13,Hospital Staff
UPD-002172,HSP-003,ICU,9,8,2026-09-07 01:39:11,Hospital Staff
UPD-002173,HSP-003,Ventilator,10,9,2026-09-07 01:40:37,Admin
UPD-002174,HSP-002,Oxygen Bed,17,14,2026-09-07 01:46:12,Hospital Staff
UPD-002175,HSP-015,Ventilator,2,3,2026-09-07 01:46:36,Admin
UPD-002176,HSP-007,Ventilator,15,14,2026-09-07 01:49:10,Hospital Staff
UPD-002177,HSP-011,ICU,3,2,2026-09-07 01:52:19,Simulation
UPD-002178,HSP-006,General Bed,6,5,2026-09-07 01:56:48,Hospital Staff
UPD-002179,HSP-001,Oxygen Bed,71,72,2026-09-07 01:57:03,Hospital Staff
UPD-002180,HSP-002,ICU,8,7,2026-09-07 01:57:50,Hospital Staff
UPD-002181,HSP-013,Oxygen Bed,23,24,2026-09-07 02:04:43,Hospital Staff
UPD-002182,HSP-025,Ventilator,1,0,2026-09-07 02:08:22,Simulation
UPD-002183,HSP-007,ICU,48,47,2026-09-07 02:11:12,Simulation
UPD-002184,HSP-020,General Bed,201,203,2026-09-07 02:12:29,Hospital Staff
UPD-002185,HSP-013,General Bed,8,5,2026-09-07 02:12:34,Hospital Staff
UPD-002186,HSP-011,General Bed,54,52,2026-09-07 02:16:40,Hospital Staff
UPD-002187,HSP-017,ICU,1,0,2026-09-07 02:20:45,Simulation
UPD-002188,HSP-004,Ventilator,7,6,2026-09-07 02:23:04,Hospital Staff
UPD-002189,HSP-004,General Bed,86,87,2026-09-07 02:25:58,Admin
UPD-002190,HSP-013,Ventilator,8,7,2026-09-07 02:32:30,Hospital Staff
UPD-002191,HSP-011,General Bed,52,49,2026-09-07 02:33:18,Admin
UPD-002192,HSP-004,ICU,1,2,2026-09-07 02:35:47,Admin
UPD-002193,HSP-023,Oxygen Bed,16,13,2026-09-07 02:37:55,Hospital Staff
UPD-002194,HSP-023,Ventilator,3,4,2026-09-07 02:44:53,Hospital Staff
UPD-002195,HSP-013,General Bed,5,7,2026-09-07 02:49:44,Simulation
UPD-002196,HSP-010,ICU,20,18,2026-09-07 02:55:07,Admin
UPD-002197,HSP-008,Oxygen Bed,12,11,2026-09-07 02:58:31,Hospital Staff
UPD-002198,HSP-014,Ventilator,15,14,2026-09-07 03:05:55,Admin
UPD-002199,HSP-015,Ventilator,3,4,2026-09-07 03:08:38,Simulation
UPD-002200,HSP-013,ICU,3,1,2026-09-07 03:11:14,Hospital Staff
UPD-002201,HSP-006,General Bed,5,1,2026-09-07 03:13:05,Hospital Staff
UPD-002202,HSP-016,ICU,2,3,2026-09-07 03:14:19,Hospital Staff
UPD-002203,HSP-009,Oxygen Bed,26,25,2026-09-07 03:23:18,Hospital Staff
UPD-002204,HSP-006,General Bed,1,0,2026-09-07 03:24:55,Hospital Staff
UPD-002205,HSP-024,Ventilator,4,5,2026-09-07 03:25:49,Hospital Staff
UPD-002206,HSP-022,Ventilator,6,5,2026-09-07 03:31:12,Admin
UPD-002207,HSP-023,ICU,0,2,2026-09-07 03:43:24,Hospital Staff
UPD-002208,HSP-018,Ventilator,3,2,2026-09-07 03:45:03,Hospital Staff
UPD-002209,HSP-010,ICU,18,16,2026-09-07 03:49:01,Hospital Staff
UPD-002210,HSP-014,Oxygen Bed,13,12,2026-09-07 03:51:38,Admin
UPD-002211,HSP-004,Oxygen Bed,7,6,2026-09-07 03:53:30,Hospital Staff
UPD-002212,HSP-002,Oxygen Bed,14,16,2026-09-07 03:55:18,Admin
UPD-002213,HSP-019,ICU,32,31,2026-09-07 03:56:25,Admin
UPD-002214,HSP-018,Ventilator,2,1,2026-09-07 04:12:27,Hospital Staff
UPD-002215,HSP-013,ICU,1,3,2026-09-07 04:18:07,Hospital Staff
UPD-002216,HSP-009,General Bed,17,21,2026-09-07 04:19:05,Simulation
UPD-002217,HSP-008,Oxygen Bed,11,14,2026-09-07 04:21:48,Hospital Staff
UPD-002218,HSP-022,General Bed,33,29,2026-09-07 04:21:52,Hospital Staff
UPD-002219,HSP-022,Ventilator,5,4,2026-09-07 04:25:11,Hospital Staff
UPD-002220,HSP-004,General Bed,87,85,2026-09-07 04:33:09,Hospital Staff
UPD-002221,HSP-010,Oxygen Bed,5,7,2026-09-07 04:42:45,Admin
UPD-002222,HSP-012,Oxygen Bed,49,47,2026-09-07 04:45:06,Hospital Staff
UPD-002223,HSP-020,ICU,7,8,2026-09-07 04:47:06,Hospital Staff
UPD-002224,HSP-004,ICU,2,4,2026-09-07 04:47:15,Simulation
UPD-002225,HSP-021,Ventilator,3,2,2026-09-07 04:56:55,Admin
UPD-002226,HSP-016,ICU,3,1,2026-09-07 05:00:17,Hospital Staff
UPD-002227,HSP-011,Oxygen Bed,6,5,2026-09-07 05:02:43,Hospital Staff
UPD-002228,HSP-007,General Bed,211,206,2026-09-07 05:04:30,Hospital Staff
UPD-002229,HSP-013,ICU,3,5,2026-09-07 05:05:23,Admin
UPD-002230,HSP-005,Ventilator,11,12,2026-09-07 05:09:57,Hospital Staff
UPD-002231,HSP-019,General Bed,94,99,2026-09-07 05:13:09,Hospital Staff
UPD-002232,HSP-018,General Bed,17,13,2026-09-07 05:14:12,Hospital Staff
UPD-002233,HSP-001,Oxygen Bed,72,70,2026-09-07 05:14:54,Hospital Staff
UPD-002234,HSP-018,General Bed,13,17,2026-09-07 05:15:25,Hospital Staff
UPD-002235,HSP-010,General Bed,24,19,2026-09-07 05:18:28,Hospital Staff
UPD-002236,HSP-014,ICU,14,13,2026-09-07 05:28:00,Hospital Staff
UPD-002237,HSP-004,ICU,4,2,2026-09-07 05:29:57,Hospital Staff
UPD-002238,HSP-002,Oxygen Bed,16,18,2026-09-07 05:30:53,Simulation
UPD-002239,HSP-007,Ventilator,14,13,2026-09-07 05:38:22,Hospital Staff
UPD-002240,HSP-025,ICU,3,4,2026-09-07 05:39:26,Hospital Staff
UPD-002241,HSP-001,Ventilator,9,10,2026-09-07 05:39:36,Admin
UPD-002242,HSP-014,Ventilator,14,13,2026-09-07 05:46:47,Hospital Staff
UPD-002243,HSP-008,Oxygen Bed,14,11,2026-09-07 05:46:56,Hospital Staff
UPD-002244,HSP-011,ICU,2,4,2026-09-07 05:52:38,Hospital Staff
UPD-002245,HSP-015,General Bed,62,66,2026-09-07 05:54:05,Admin
UPD-002246,HSP-012,Oxygen Bed,47,50,2026-09-07 05:54:48,Simulation
UPD-002247,HSP-017,Oxygen Bed,2,1,2026-09-07 05:55:43,Hospital Staff
UPD-002248,HSP-022,Oxygen Bed,6,4,2026-09-07 05:58:29,Admin
UPD-002249,HSP-017,ICU,0,2,2026-09-07 06:10:49,Simulation
UPD-002250,HSP-004,Oxygen Bed,6,4,2026-09-07 06:18:07,Hospital Staff
UPD-002251,HSP-024,Oxygen Bed,43,42,2026-09-07 06:21:12,Hospital Staff
UPD-002252,HSP-003,Ventilator,9,8,2026-09-07 06:22:24,Admin
UPD-002253,HSP-003,General Bed,37,40,2026-09-07 06:26:41,Hospital Staff
UPD-002254,HSP-019,Ventilator,4,3,2026-09-07 06:30:07,Hospital Staff
UPD-002255,HSP-018,Oxygen Bed,12,14,2026-09-07 06:34:42,Admin
UPD-002256,HSP-007,Ventilator,13,14,2026-09-07 06:34:52,Admin
UPD-002257,HSP-003,General Bed,40,42,2026-09-07 06:36:13,Admin
UPD-002258,HSP-020,Oxygen Bed,56,55,2026-09-07 06:38:56,Simulation
UPD-002259,HSP-024,Oxygen Bed,42,40,2026-09-07 06:39:51,Simulation
UPD-002260,HSP-006,Oxygen Bed,1,3,2026-09-07 06:44:44,Hospital Staff
UPD-002261,HSP-020,ICU,8,9,2026-09-07 06:53:35,Simulation
UPD-002262,HSP-009,Oxygen Bed,25,27,2026-09-07 07:02:03,Hospital Staff
UPD-002263,HSP-011,Oxygen Bed,5,2,2026-09-07 07:04:57,Hospital Staff
UPD-002264,HSP-019,Oxygen Bed,54,53,2026-09-07 07:06:19,Hospital Staff
UPD-002265,HSP-007,Ventilator,14,15,2026-09-07 07:16:42,Simulation
UPD-002266,HSP-003,General Bed,42,39,2026-09-07 07:19:44,Admin
UPD-002267,HSP-002,General Bed,64,65,2026-09-07 07:24:01,Hospital Staff
UPD-002268,HSP-007,General Bed,206,204,2026-09-07 07:24:44,Simulation
UPD-002269,HSP-003,ICU,8,7,2026-09-07 07:32:02,Hospital Staff
UPD-002270,HSP-023,Ventilator,4,3,2026-09-07 07:32:23,Hospital Staff
UPD-002271,HSP-007,General Bed,204,208,2026-09-07 07:32:46,Admin
UPD-002272,HSP-008,Oxygen Bed,11,8,2026-09-07 07:33:04,Admin
UPD-002273,HSP-015,General Bed,66,63,2026-09-07 07:42:14,Hospital Staff
UPD-002274,HSP-008,ICU,29,31,2026-09-07 07:42:20,Admin
UPD-002275,HSP-004,ICU,2,1,2026-09-07 07:43:16,Hospital Staff
UPD-002276,HSP-025,Oxygen Bed,4,2,2026-09-07 07:43:27,Hospital Staff
UPD-002277,HSP-001,Ventilator,10,9,2026-09-07 07:48:06,Hospital Staff
UPD-002278,HSP-013,Ventilator,7,8,2026-09-07 07:59:45,Simulation
UPD-002279,HSP-020,Oxygen Bed,55,57,2026-09-07 07:59:50,Admin
UPD-002280,HSP-010,General Bed,19,23,2026-09-07 08:04:23,Hospital Staff
UPD-002281,HSP-018,Oxygen Bed,14,12,2026-09-07 08:07:28,Hospital Staff
UPD-002282,HSP-016,Oxygen Bed,14,13,2026-09-07 08:11:58,Hospital Staff
UPD-002283,HSP-014,Ventilator,13,12,2026-09-07 08:15:17,Simulation
UPD-002284,HSP-020,Ventilator,33,32,2026-09-07 08:23:51,Admin
UPD-002285,HSP-001,ICU,28,30,2026-09-07 08:25:44,Hospital Staff
UPD-002286,HSP-023,General Bed,28,27,2026-09-07 08:30:21,Hospital Staff
UPD-002287,HSP-022,ICU,7,5,2026-09-07 08:31:12,Hospital Staff
UPD-002288,HSP-005,General Bed,19,16,2026-09-07 08:35:17,Hospital Staff
UPD-002289,HSP-009,General Bed,21,19,2026-09-07 08:47:07,Simulation
UPD-002290,HSP-003,Oxygen Bed,8,9,2026-09-07 08:53:45,Hospital Staff
UPD-002291,HSP-004,Oxygen Bed,4,3,2026-09-07 08:54:15,Hospital Staff
UPD-002292,HSP-014,General Bed,53,51,2026-09-07 08:55:01,Hospital Staff
UPD-002293,HSP-012,General Bed,91,87,2026-09-07 08:58:26,Hospital Staff
UPD-002294,HSP-002,Oxygen Bed,18,16,2026-09-07 09:04:13,Hospital Staff
UPD-002295,HSP-010,Oxygen Bed,7,5,2026-09-07 09:04:39,Admin
UPD-002296,HSP-011,Oxygen Bed,2,1,2026-09-07 09:05:36,Hospital Staff
UPD-002297,HSP-008,Ventilator,8,9,2026-09-07 09:07:02,Simulation
UPD-002298,HSP-021,Oxygen Bed,16,15,2026-09-07 09:08:08,Simulation
UPD-002299,HSP-017,Oxygen Bed,1,2,2026-09-07 09:09:08,Hospital Staff
UPD-002300,HSP-010,Oxygen Bed,5,2,2026-09-07 09:11:32,Hospital Staff
UPD-002301,HSP-025,ICU,4,2,2026-09-07 09:12:57,Hospital Staff
UPD-002302,HSP-013,Ventilator,8,7,2026-09-07 09:15:13,Hospital Staff
UPD-002303,HSP-020,ICU,9,7,2026-09-07 09:20:07,Simulation
UPD-002304,HSP-022,General Bed,29,27,2026-09-07 09:23:46,Admin
UPD-002305,HSP-025,Oxygen Bed,2,3,2026-09-07 09:26:04,Hospital Staff
UPD-002306,HSP-016,General Bed,30,28,2026-09-07 09:26:15,Hospital Staff
UPD-002307,HSP-020,ICU,7,5,2026-09-07 09:26:34,Hospital Staff
UPD-002308,HSP-016,Ventilator,8,7,2026-09-07 09:32:08,Hospital Staff
UPD-002309,HSP-010,General Bed,23,28,2026-09-07 09:35:45,Hospital Staff
UPD-002310,HSP-012,General Bed,87,82,2026-09-07 09:39:46,Hospital Staff
UPD-002311,HSP-005,Ventilator,12,11,2026-09-07 09:41:00,Simulation
UPD-002312,HSP-009,ICU,17,15,2026-09-07 09:41:25,Hospital Staff
UPD-002313,HSP-007,Ventilator,15,14,2026-09-07 09:42:49,Hospital Staff
UPD-002314,HSP-010,ICU,16,17,2026-09-07 09:45:40,Hospital Staff
UPD-002315,HSP-008,ICU,31,30,2026-09-07 09:45:49,Simulation
UPD-002316,HSP-012,General Bed,82,86,2026-09-07 09:51:56,Hospital Staff
UPD-002317,HSP-020,Oxygen Bed,57,55,2026-09-07 09:57:03,Hospital Staff
UPD-002318,HSP-021,ICU,4,5,2026-09-07 09:59:03,Admin
UPD-002319,HSP-018,Ventilator,1,2,2026-09-07 10:01:18,Hospital Staff
UPD-002320,HSP-002,Oxygen Bed,16,18,2026-09-07 10:09:12,Hospital Staff
UPD-002321,HSP-010,Oxygen Bed,2,0,2026-09-07 10:16:10,Simulation
UPD-002322,HSP-001,ICU,30,28,2026-09-07 10:29:24,Simulation
UPD-002323,HSP-017,ICU,2,1,2026-09-07 10:31:17,Admin
UPD-002324,HSP-021,Oxygen Bed,15,16,2026-09-07 10:33:50,Hospital Staff
UPD-002325,HSP-022,General Bed,27,32,2026-09-07 10:35:30,Simulation
UPD-002326,HSP-012,Oxygen Bed,50,52,2026-09-07 10:38:37,Hospital Staff
UPD-002327,HSP-015,Ventilator,4,5,2026-09-07 10:39:30,Hospital Staff
UPD-002328,HSP-002,General Bed,65,68,2026-09-07 10:45:31,Hospital Staff
UPD-002329,HSP-016,Oxygen Bed,13,14,2026-09-07 10:45:58,Hospital Staff
UPD-002330,HSP-007,General Bed,208,205,2026-09-07 10:52:04,Hospital Staff
UPD-002331,HSP-009,General Bed,19,16,2026-09-07 10:57:41,Hospital Staff
UPD-002332,HSP-014,ICU,13,15,2026-09-07 11:03:07,Admin
UPD-002333,HSP-015,Ventilator,5,6,2026-09-07 11:03:23,Admin
UPD-002334,HSP-003,Oxygen Bed,9,8,2026-09-07 11:10:28,Admin
UPD-002335,HSP-022,ICU,5,6,2026-09-07 11:11:49,Admin
UPD-002336,HSP-007,Oxygen Bed,53,55,2026-09-07 11:18:35,Admin
UPD-002337,HSP-013,Oxygen Bed,24,22,2026-09-07 11:29:35,Simulation
UPD-002338,HSP-007,Oxygen Bed,55,54,2026-09-07 11:31:18,Hospital Staff
UPD-002339,HSP-010,ICU,17,15,2026-09-07 11:34:19,Hospital Staff
UPD-002340,HSP-016,Ventilator,7,8,2026-09-07 11:39:32,Hospital Staff
UPD-002341,HSP-021,Oxygen Bed,16,19,2026-09-07 11:43:04,Hospital Staff
UPD-002342,HSP-019,ICU,31,30,2026-09-07 11:48:42,Hospital Staff
UPD-002343,HSP-001,General Bed,96,95,2026-09-07 11:53:16,Hospital Staff
UPD-002344,HSP-014,Oxygen Bed,12,9,2026-09-07 11:53:36,Hospital Staff
UPD-002345,HSP-008,Oxygen Bed,8,11,2026-09-07 12:03:38,Admin
UPD-002346,HSP-006,ICU,1,0,2026-09-07 12:07:00,Hospital Staff
UPD-002347,HSP-023,ICU,2,4,2026-09-07 12:13:30,Admin
UPD-002348,HSP-023,General Bed,27,30,2026-09-07 12:17:44,Hospital Staff
UPD-002349,HSP-012,Ventilator,7,6,2026-09-07 12:19:49,Hospital Staff
UPD-002350,HSP-003,Oxygen Bed,8,5,2026-09-07 12:26:27,Simulation
UPD-002351,HSP-008,ICU,30,28,2026-09-07 12:31:20,Hospital Staff
UPD-002352,HSP-017,General Bed,36,39,2026-09-07 12:39:08,Simulation
UPD-002353,HSP-020,Ventilator,32,33,2026-09-07 12:42:16,Hospital Staff
UPD-002354,HSP-025,ICU,2,0,2026-09-07 12:44:35,Simulation
UPD-002355,HSP-011,Ventilator,7,6,2026-09-07 12:44:51,Hospital Staff
UPD-002356,HSP-012,General Bed,86,90,2026-09-07 12:48:01,Simulation
UPD-002357,HSP-021,Ventilator,2,3,2026-09-07 12:50:05,Hospital Staff
UPD-002358,HSP-006,Ventilator,2,1,2026-09-07 12:59:41,Hospital Staff
UPD-002359,HSP-021,Ventilator,3,2,2026-09-07 13:06:39,Hospital Staff
UPD-002360,HSP-020,Ventilator,33,32,2026-09-07 13:13:08,Hospital Staff
UPD-002361,HSP-024,Oxygen Bed,40,43,2026-09-07 13:15:05,Simulation
UPD-002362,HSP-002,General Bed,68,64,2026-09-07 13:15:25,Hospital Staff
UPD-002363,HSP-021,General Bed,4,8,2026-09-07 13:16:21,Hospital Staff
UPD-002364,HSP-021,General Bed,8,3,2026-09-07 13:17:01,Hospital Staff
UPD-002365,HSP-006,ICU,0,2,2026-09-07 13:21:54,Hospital Staff
UPD-002366,HSP-014,Oxygen Bed,9,7,2026-09-07 13:23:16,Hospital Staff
UPD-002367,HSP-006,Oxygen Bed,3,1,2026-09-07 13:26:58,Admin
UPD-002368,HSP-019,ICU,30,28,2026-09-07 13:30:58,Hospital Staff
UPD-002369,HSP-019,General Bed,99,105,2026-09-07 13:31:14,Hospital Staff
UPD-002370,HSP-010,Oxygen Bed,0,2,2026-09-07 13:31:59,Admin
UPD-002371,HSP-022,Ventilator,4,5,2026-09-07 13:32:04,Hospital Staff
UPD-002372,HSP-009,General Bed,16,12,2026-09-07 13:36:26,Hospital Staff
UPD-002373,HSP-025,Oxygen Bed,3,1,2026-09-07 13:38:17,Hospital Staff
UPD-002374,HSP-022,Ventilator,5,6,2026-09-07 13:44:40,Admin
UPD-002375,HSP-019,ICU,28,26,2026-09-07 13:49:32,Simulation
UPD-002376,HSP-018,General Bed,17,21,2026-09-07 13:53:49,Admin
UPD-002377,HSP-005,General Bed,16,14,2026-09-07 13:55:46,Hospital Staff
UPD-002378,HSP-012,ICU,19,18,2026-09-07 13:59:49,Hospital Staff
UPD-002379,HSP-024,Oxygen Bed,43,45,2026-09-07 14:02:08,Simulation
UPD-002380,HSP-007,Ventilator,14,15,2026-09-07 14:03:02,Simulation
UPD-002381,HSP-009,Oxygen Bed,27,24,2026-09-07 14:06:13,Hospital Staff
UPD-002382,HSP-014,General Bed,51,50,2026-09-07 14:11:31,Admin
UPD-002383,HSP-014,Ventilator,12,13,2026-09-07 14:12:24,Simulation
UPD-002384,HSP-016,General Bed,28,29,2026-09-07 14:15:23,Hospital Staff
UPD-002385,HSP-022,General Bed,32,33,2026-09-07 14:20:35,Simulation
UPD-002386,HSP-014,ICU,15,14,2026-09-07 14:22:58,Simulation
UPD-002387,HSP-014,Oxygen Bed,7,8,2026-09-07 14:26:01,Hospital Staff
UPD-002388,HSP-020,Ventilator,32,31,2026-09-07 14:28:43,Admin
UPD-002389,HSP-014,ICU,14,12,2026-09-07 14:35:28,Hospital Staff
UPD-002390,HSP-016,Ventilator,8,7,2026-09-07 14:35:42,Admin
UPD-002391,HSP-022,ICU,6,4,2026-09-07 14:35:51,Hospital Staff
UPD-002392,HSP-017,ICU,1,2,2026-09-07 14:37:14,Hospital Staff
UPD-002393,HSP-024,Ventilator,5,4,2026-09-07 14:41:42,Admin
UPD-002394,HSP-015,ICU,5,7,2026-09-07 14:42:07,Admin
UPD-002395,HSP-003,General Bed,39,36,2026-09-07 14:44:53,Hospital Staff
UPD-002396,HSP-011,General Bed,49,50,2026-09-07 14:47:23,Hospital Staff
UPD-002397,HSP-025,General Bed,32,37,2026-09-07 14:47:39,Hospital Staff
UPD-002398,HSP-013,Ventilator,7,6,2026-09-07 14:48:17,Hospital Staff
UPD-002399,HSP-019,Oxygen Bed,53,55,2026-09-07 14:52:12,Simulation
UPD-002400,HSP-015,General Bed,63,61,2026-09-07 14:53:53,Hospital Staff
UPD-002401,HSP-005,Oxygen Bed,11,9,2026-09-07 14:55:52,Hospital Staff
UPD-002402,HSP-018,General Bed,21,25,2026-09-07 15:02:37,Hospital Staff
UPD-002403,HSP-014,Ventilator,13,12,2026-09-07 15:08:17,Hospital Staff
UPD-002404,HSP-009,Oxygen Bed,24,21,2026-09-07 15:11:49,Admin
UPD-002405,HSP-020,ICU,5,4,2026-09-07 15:12:34,Simulation
UPD-002406,HSP-014,Oxygen Bed,8,11,2026-09-07 15:15:47,Hospital Staff
UPD-002407,HSP-023,Ventilator,3,2,2026-09-07 15:17:19,Simulation
UPD-002408,HSP-001,ICU,28,29,2026-09-07 15:17:54,Simulation
UPD-002409,HSP-001,Oxygen Bed,70,71,2026-09-07 15:19:50,Hospital Staff
UPD-002410,HSP-013,Ventilator,6,7,2026-09-07 15:20:58,Hospital Staff
UPD-002411,HSP-024,General Bed,13,10,2026-09-07 15:24:10,Admin
UPD-002412,HSP-001,ICU,29,30,2026-09-07 15:28:56,Admin
UPD-002413,HSP-004,Ventilator,6,5,2026-09-07 15:29:03,Admin
UPD-002414,HSP-004,ICU,1,0,2026-09-07 15:29:58,Admin
UPD-002415,HSP-002,ICU,7,9,2026-09-07 15:37:53,Simulation
UPD-002416,HSP-015,Oxygen Bed,7,4,2026-09-07 15:45:39,Simulation
UPD-002417,HSP-004,Ventilator,5,6,2026-09-07 15:47:55,Hospital Staff
UPD-002418,HSP-024,Ventilator,4,5,2026-09-07 15:50:26,Hospital Staff
UPD-002419,HSP-008,General Bed,109,108,2026-09-07 15:58:29,Admin
UPD-002420,HSP-007,Ventilator,15,16,2026-09-07 16:03:05,Hospital Staff
UPD-002421,HSP-014,Ventilator,12,11,2026-09-07 16:15:45,Admin
UPD-002422,HSP-009,ICU,15,17,2026-09-07 16:17:21,Hospital Staff
UPD-002423,HSP-023,ICU,4,2,2026-09-07 16:22:34,Hospital Staff
UPD-002424,HSP-004,Oxygen Bed,3,6,2026-09-07 16:22:58,Hospital Staff
UPD-002425,HSP-018,General Bed,25,30,2026-09-07 16:25:21,Hospital Staff
UPD-002426,HSP-020,ICU,4,3,2026-09-07 16:25:34,Admin
UPD-002427,HSP-008,Oxygen Bed,11,8,2026-09-07 16:31:45,Hospital Staff
UPD-002428,HSP-019,Oxygen Bed,55,53,2026-09-07 16:39:54,Simulation
UPD-002429,HSP-006,Ventilator,1,2,2026-09-07 16:40:19,Hospital Staff
UPD-002430,HSP-011,Oxygen Bed,1,3,2026-09-07 16:44:43,Hospital Staff
UPD-002431,HSP-025,Oxygen Bed,1,0,2026-09-07 16:48:23,Hospital Staff
UPD-002432,HSP-004,Oxygen Bed,6,8,2026-09-07 16:52:19,Admin
UPD-002433,HSP-013,Ventilator,7,6,2026-09-07 16:58:27,Admin
UPD-002434,HSP-007,General Bed,205,200,2026-09-07 17:00:20,Hospital Staff
UPD-002435,HSP-012,ICU,18,20,2026-09-07 17:04:41,Hospital Staff
UPD-002436,HSP-017,ICU,2,1,2026-09-07 17:07:35,Simulation
UPD-002437,HSP-006,Ventilator,2,1,2026-09-07 17:08:57,Hospital Staff
UPD-002438,HSP-011,Ventilator,6,5,2026-09-07 17:20:55,Hospital Staff
UPD-002439,HSP-013,ICU,5,6,2026-09-07 17:22:02,Hospital Staff
UPD-002440,HSP-007,ICU,47,46,2026-09-07 17:22:41,Hospital Staff
UPD-002441,HSP-009,Oxygen Bed,21,23,2026-09-07 17:25:17,Simulation
UPD-002442,HSP-025,Ventilator,0,1,2026-09-07 17:25:48,Hospital Staff
UPD-002443,HSP-004,Ventilator,6,7,2026-09-07 17:26:07,Simulation
UPD-002444,HSP-002,Oxygen Bed,18,21,2026-09-07 17:27:17,Hospital Staff
UPD-002445,HSP-010,Ventilator,5,6,2026-09-07 17:30:03,Hospital Staff
UPD-002446,HSP-024,General Bed,10,9,2026-09-07 17:32:23,Hospital Staff
UPD-002447,HSP-020,Oxygen Bed,55,56,2026-09-07 17:34:55,Admin
UPD-002448,HSP-019,Ventilator,3,2,2026-09-07 17:38:13,Hospital Staff
UPD-002449,HSP-018,General Bed,30,24,2026-09-07 17:43:06,Hospital Staff
UPD-002450,HSP-021,General Bed,3,9,2026-09-07 17:46:57,Simulation
UPD-002451,HSP-024,General Bed,9,8,2026-09-07 18:02:50,Hospital Staff
UPD-002452,HSP-021,Ventilator,2,3,2026-09-07 18:13:00,Hospital Staff
UPD-002453,HSP-012,Ventilator,6,5,2026-09-07 18:13:26,Hospital Staff
UPD-002454,HSP-002,Oxygen Bed,21,24,2026-09-07 18:13:31,Admin
UPD-002455,HSP-016,General Bed,29,33,2026-09-07 18:18:24,Hospital Staff
UPD-002456,HSP-014,General Bed,50,51,2026-09-07 18:20:32,Hospital Staff
UPD-002457,HSP-005,ICU,6,8,2026-09-07 18:23:09,Hospital Staff
UPD-002458,HSP-019,Oxygen Bed,53,55,2026-09-07 18:25:09,Hospital Staff
UPD-002459,HSP-022,General Bed,33,39,2026-09-07 18:25:22,Hospital Staff
UPD-002460,HSP-022,General Bed,39,40,2026-09-07 18:25:42,Hospital Staff
UPD-002461,HSP-015,Oxygen Bed,4,3,2026-09-07 18:33:46,Simulation
UPD-002462,HSP-016,ICU,1,0,2026-09-07 18:36:33,Admin
UPD-002463,HSP-016,Oxygen Bed,14,12,2026-09-07 18:38:51,Hospital Staff
UPD-002464,HSP-011,Oxygen Bed,3,6,2026-09-07 18:40:02,Hospital Staff
UPD-002465,HSP-020,Oxygen Bed,56,55,2026-09-07 18:41:56,Hospital Staff
UPD-002466,HSP-006,ICU,2,1,2026-09-07 18:50:28,Hospital Staff
UPD-002467,HSP-022,Oxygen Bed,4,7,2026-09-07 18:50:45,Admin
UPD-002468,HSP-015,General Bed,61,60,2026-09-07 18:54:36,Simulation
UPD-002469,HSP-006,General Bed,0,5,2026-09-07 19:12:40,Admin
UPD-002470,HSP-009,General Bed,12,10,2026-09-07 19:12:48,Hospital Staff
UPD-002471,HSP-019,ICU,26,25,2026-09-07 19:15:37,Admin
UPD-002472,HSP-016,General Bed,33,28,2026-09-07 19:16:53,Hospital Staff
UPD-002473,HSP-019,ICU,25,27,2026-09-07 19:17:12,Admin
UPD-002474,HSP-003,ICU,7,6,2026-09-07 19:17:24,Admin
UPD-002475,HSP-023,General Bed,30,25,2026-09-07 19:19:31,Hospital Staff
UPD-002476,HSP-014,ICU,12,10,2026-09-07 19:20:32,Simulation
UPD-002477,HSP-021,Oxygen Bed,19,22,2026-09-07 19:27:10,Hospital Staff
UPD-002478,HSP-010,Oxygen Bed,2,5,2026-09-07 19:29:24,Hospital Staff
UPD-002479,HSP-019,ICU,27,25,2026-09-07 19:31:24,Simulation
UPD-002480,HSP-004,Oxygen Bed,8,10,2026-09-07 19:50:44,Hospital Staff
UPD-002481,HSP-016,Ventilator,7,6,2026-09-07 19:53:25,Hospital Staff
UPD-002482,HSP-004,ICU,0,1,2026-09-07 19:53:34,Hospital Staff
UPD-002483,HSP-024,Oxygen Bed,45,42,2026-09-07 19:58:37,Admin
UPD-002484,HSP-023,ICU,2,0,2026-09-07 20:02:00,Hospital Staff
UPD-002485,HSP-007,Oxygen Bed,54,56,2026-09-07 20:06:44,Admin
UPD-002486,HSP-025,General Bed,37,34,2026-09-07 20:06:55,Admin
UPD-002487,HSP-023,Oxygen Bed,13,14,2026-09-07 20:15:09,Admin
UPD-002488,HSP-010,General Bed,28,25,2026-09-07 20:16:14,Hospital Staff
UPD-002489,HSP-004,Ventilator,7,6,2026-09-07 20:18:13,Hospital Staff
UPD-002490,HSP-019,General Bed,105,110,2026-09-07 20:19:24,Simulation
UPD-002491,HSP-005,Oxygen Bed,9,10,2026-09-07 20:20:49,Hospital Staff
UPD-002492,HSP-021,Oxygen Bed,22,21,2026-09-07 20:22:11,Admin
UPD-002493,HSP-005,ICU,8,6,2026-09-07 20:22:31,Hospital Staff
UPD-002494,HSP-015,Ventilator,6,7,2026-09-07 20:25:30,Hospital Staff
UPD-002495,HSP-024,Oxygen Bed,42,39,2026-09-07 20:33:22,Simulation
UPD-002496,HSP-010,ICU,15,13,2026-09-07 20:33:53,Hospital Staff
UPD-002497,HSP-004,ICU,1,3,2026-09-07 20:38:40,Admin
UPD-002498,HSP-013,Ventilator,6,7,2026-09-07 20:39:12,Hospital Staff
UPD-002499,HSP-009,ICU,17,19,2026-09-07 20:40:41,Hospital Staff
UPD-002500,HSP-024,ICU,3,2,2026-09-07 20:42:34,Simulation
UPD-002501,HSP-021,Ventilator,3,2,2026-09-07 20:50:21,Hospital Staff
UPD-002502,HSP-016,ICU,0,1,2026-09-07 20:52:21,Admin
UPD-002503,HSP-004,Oxygen Bed,10,13,2026-09-07 20:56:49,Simulation
UPD-002504,HSP-008,Oxygen Bed,8,11,2026-09-07 20:58:12,Simulation
UPD-002505,HSP-014,Ventilator,11,10,2026-09-07 20:58:40,Hospital Staff
UPD-002506,HSP-012,General Bed,90,92,2026-09-07 21:05:25,Admin
UPD-002507,HSP-024,Oxygen Bed,39,38,2026-09-07 21:15:34,Simulation
UPD-002508,HSP-003,Ventilator,8,7,2026-09-07 21:20:53,Hospital Staff
UPD-002509,HSP-002,ICU,9,11,2026-09-07 21:21:33,Hospital Staff
UPD-002510,HSP-025,ICU,0,1,2026-09-07 21:21:49,Simulation
UPD-002511,HSP-002,ICU,11,12,2026-09-07 21:23:53,Hospital Staff
UPD-002512,HSP-014,ICU,10,9,2026-09-07 21:27:11,Hospital Staff
UPD-002513,HSP-020,Oxygen Bed,55,58,2026-09-07 21:29:25,Hospital Staff
UPD-002514,HSP-015,Oxygen Bed,3,6,2026-09-07 21:32:14,Hospital Staff
UPD-002515,HSP-018,Ventilator,2,3,2026-09-07 21:34:21,Simulation
UPD-002516,HSP-008,General Bed,108,104,2026-09-07 22:04:39,Admin
UPD-002517,HSP-003,Ventilator,7,8,2026-09-07 22:05:07,Hospital Staff
UPD-002518,HSP-015,Oxygen Bed,6,5,2026-09-07 22:14:29,Simulation
UPD-002519,HSP-004,Oxygen Bed,13,10,2026-09-07 22:18:54,Hospital Staff
UPD-002520,HSP-003,ICU,6,4,2026-09-07 22:25:29,Hospital Staff
UPD-002521,HSP-023,ICU,0,1,2026-09-07 22:28:39,Hospital Staff
UPD-002522,HSP-016,Ventilator,6,5,2026-09-07 22:31:12,Hospital Staff
UPD-002523,HSP-001,Ventilator,9,8,2026-09-07 22:34:24,Simulation
UPD-002524,HSP-015,General Bed,60,54,2026-09-07 22:34:58,Simulation
UPD-002525,HSP-023,ICU,1,0,2026-09-07 22:36:21,Hospital Staff
UPD-002526,HSP-001,General Bed,95,99,2026-09-07 22:43:42,Hospital Staff
UPD-002527,HSP-018,Ventilator,3,4,2026-09-07 23:00:48,Hospital Staff
UPD-002528,HSP-016,Ventilator,5,6,2026-09-07 23:03:37,Hospital Staff
UPD-002529,HSP-010,General Bed,25,31,2026-09-07 23:05:47,Hospital Staff
UPD-002530,HSP-013,General Bed,7,3,2026-09-07 23:07:40,Simulation
UPD-002531,HSP-003,Ventilator,8,9,2026-09-07 23:17:27,Admin
UPD-002532,HSP-002,ICU,12,14,2026-09-07 23:18:06,Admin
UPD-002533,HSP-012,Oxygen Bed,52,51,2026-09-07 23:21:52,Simulation
UPD-002534,HSP-007,General Bed,200,206,2026-09-07 23:27:05,Hospital Staff
UPD-002535,HSP-021,General Bed,9,8,2026-09-07 23:51:19,Hospital Staff
UPD-002536,HSP-020,Ventilator,31,32,2026-09-08 00:01:37,Hospital Staff
UPD-002537,HSP-020,General Bed,203,207,2026-09-08 00:02:24,Hospital Staff
UPD-002538,HSP-024,General Bed,8,2,2026-09-08 00:14:00,Admin
UPD-002539,HSP-011,Ventilator,5,4,2026-09-08 00:16:18,Simulation
UPD-002540,HSP-016,Ventilator,6,5,2026-09-08 00:32:25,Hospital Staff
UPD-002541,HSP-014,Oxygen Bed,11,14,2026-09-08 00:36:19,Simulation
UPD-002542,HSP-003,General Bed,36,41,2026-09-08 00:36:42,Hospital Staff
UPD-002543,HSP-013,Ventilator,7,8,2026-09-08 00:40:25,Hospital Staff
UPD-002544,HSP-022,ICU,4,6,2026-09-08 00:47:15,Hospital Staff
UPD-002545,HSP-023,Oxygen Bed,14,12,2026-09-08 00:53:45,Simulation
UPD-002546,HSP-009,ICU,19,18,2026-09-08 00:55:58,Hospital Staff
UPD-002547,HSP-020,Oxygen Bed,58,59,2026-09-08 01:00:21,Hospital Staff
UPD-002548,HSP-016,ICU,1,2,2026-09-08 01:12:57,Hospital Staff
UPD-002549,HSP-004,Oxygen Bed,10,13,2026-09-08 01:18:19,Hospital Staff
UPD-002550,HSP-008,Oxygen Bed,11,13,2026-09-08 01:19:05,Hospital Staff
UPD-002551,HSP-023,Ventilator,2,1,2026-09-08 01:36:32,Admin
UPD-002552,HSP-007,Oxygen Bed,56,55,2026-09-08 01:38:27,Simulation
UPD-002553,HSP-013,ICU,6,5,2026-09-08 01:44:09,Hospital Staff
UPD-002554,HSP-024,Oxygen Bed,38,40,2026-09-08 01:48:02,Simulation
UPD-002555,HSP-015,Ventilator,7,6,2026-09-08 01:50:31,Simulation
UPD-002556,HSP-025,Oxygen Bed,0,3,2026-09-08 01:53:38,Hospital Staff
UPD-002557,HSP-010,Ventilator,6,5,2026-09-08 01:59:46,Hospital Staff
UPD-002558,HSP-001,ICU,30,32,2026-09-08 02:05:14,Admin
UPD-002559,HSP-010,Ventilator,5,4,2026-09-08 02:18:44,Hospital Staff
UPD-002560,HSP-016,Oxygen Bed,12,11,2026-09-08 02:22:26,Hospital Staff
UPD-002561,HSP-014,Oxygen Bed,14,12,2026-09-08 02:22:36,Hospital Staff
UPD-002562,HSP-011,Oxygen Bed,6,9,2026-09-08 02:27:19,Hospital Staff
UPD-002563,HSP-009,General Bed,10,16,2026-09-08 02:27:30,Simulation
UPD-002564,HSP-001,ICU,32,31,2026-09-08 02:36:18,Simulation
UPD-002565,HSP-013,ICU,5,6,2026-09-08 02:39:50,Admin
UPD-002566,HSP-024,General Bed,2,4,2026-09-08 02:39:50,Admin
UPD-002567,HSP-025,General Bed,34,39,2026-09-08 02:40:31,Admin
UPD-002568,HSP-016,General Bed,28,33,2026-09-08 02:46:29,Hospital Staff
UPD-002569,HSP-025,ICU,1,2,2026-09-08 02:50:53,Admin
UPD-002570,HSP-023,ICU,0,1,2026-09-08 02:52:37,Hospital Staff
UPD-002571,HSP-018,General Bed,24,18,2026-09-08 02:58:22,Hospital Staff
UPD-002572,HSP-024,General Bed,4,10,2026-09-08 03:01:16,Hospital Staff
UPD-002573,HSP-012,Oxygen Bed,51,54,2026-09-08 03:11:21,Hospital Staff
UPD-002574,HSP-014,Ventilator,10,9,2026-09-08 03:12:35,Simulation
UPD-002575,HSP-011,Ventilator,4,5,2026-09-08 03:19:23,Admin
UPD-002576,HSP-008,General Bed,104,109,2026-09-08 03:21:11,Hospital Staff
UPD-002577,HSP-004,ICU,3,5,2026-09-08 03:22:16,Hospital Staff
UPD-002578,HSP-014,General Bed,51,54,2026-09-08 03:34:51,Hospital Staff
UPD-002579,HSP-013,ICU,6,8,2026-09-08 03:38:18,Hospital Staff
UPD-002580,HSP-016,Oxygen Bed,11,8,2026-09-08 03:41:34,Hospital Staff
UPD-002581,HSP-024,Ventilator,5,4,2026-09-08 03:44:01,Hospital Staff
UPD-002582,HSP-014,ICU,9,7,2026-09-08 03:46:09,Hospital Staff
UPD-002583,HSP-020,Oxygen Bed,59,56,2026-09-08 03:49:24,Hospital Staff
UPD-002584,HSP-004,General Bed,85,84,2026-09-08 03:57:09,Hospital Staff
UPD-002585,HSP-016,Oxygen Bed,8,5,2026-09-08 03:58:11,Admin
UPD-002586,HSP-016,Ventilator,5,6,2026-09-08 03:58:14,Simulation
UPD-002587,HSP-013,ICU,8,10,2026-09-08 04:02:30,Simulation
UPD-002588,HSP-016,Oxygen Bed,5,2,2026-09-08 04:10:44,Hospital Staff
UPD-002589,HSP-015,Oxygen Bed,5,2,2026-09-08 04:11:06,Simulation
UPD-002590,HSP-003,ICU,4,5,2026-09-08 04:26:34,Hospital Staff
UPD-002591,HSP-002,Ventilator,6,7,2026-09-08 04:30:14,Hospital Staff
UPD-002592,HSP-024,Oxygen Bed,40,42,2026-09-08 04:36:33,Hospital Staff
UPD-002593,HSP-005,ICU,6,4,2026-09-08 04:36:52,Hospital Staff
UPD-002594,HSP-016,General Bed,33,37,2026-09-08 04:40:03,Simulation
UPD-002595,HSP-015,Oxygen Bed,2,0,2026-09-08 04:40:29,Simulation
UPD-002596,HSP-009,General Bed,16,10,2026-09-08 04:42:34,Simulation
UPD-002597,HSP-007,General Bed,206,200,2026-09-08 04:44:31,Admin
UPD-002598,HSP-018,Ventilator,4,5,2026-09-08 04:46:21,Hospital Staff
UPD-002599,HSP-016,Ventilator,6,7,2026-09-08 04:56:15,Hospital Staff
UPD-002600,HSP-010,General Bed,31,34,2026-09-08 04:58:29,Hospital Staff
UPD-002601,HSP-007,ICU,46,48,2026-09-08 05:02:39,Hospital Staff
UPD-002602,HSP-021,ICU,5,4,2026-09-08 05:04:12,Hospital Staff
UPD-002603,HSP-011,General Bed,50,46,2026-09-08 05:04:22,Hospital Staff
UPD-002604,HSP-014,Oxygen Bed,12,15,2026-09-08 05:05:06,Hospital Staff
UPD-002605,HSP-009,General Bed,10,7,2026-09-08 05:07:33,Simulation
UPD-002606,HSP-008,Oxygen Bed,13,11,2026-09-08 05:07:59,Hospital Staff
UPD-002607,HSP-008,Oxygen Bed,11,9,2026-09-08 05:15:22,Admin
UPD-002608,HSP-013,ICU,10,9,2026-09-08 05:18:48,Hospital Staff
UPD-002609,HSP-024,General Bed,10,8,2026-09-08 05:33:02,Hospital Staff
UPD-002610,HSP-008,Ventilator,9,8,2026-09-08 05:44:13,Simulation
UPD-002611,HSP-002,Oxygen Bed,24,26,2026-09-08 05:53:12,Hospital Staff
UPD-002612,HSP-019,Ventilator,2,1,2026-09-08 05:59:20,Simulation
UPD-002613,HSP-015,ICU,7,8,2026-09-08 05:59:59,Admin
UPD-002614,HSP-025,General Bed,39,36,2026-09-08 06:02:08,Hospital Staff
UPD-002615,HSP-012,Oxygen Bed,54,51,2026-09-08 06:02:11,Admin
UPD-002616,HSP-011,ICU,4,3,2026-09-08 06:04:18,Hospital Staff
UPD-002617,HSP-017,General Bed,39,38,2026-09-08 06:06:52,Hospital Staff
UPD-002618,HSP-004,Ventilator,6,7,2026-09-08 06:08:21,Admin
UPD-002619,HSP-017,Oxygen Bed,2,3,2026-09-08 06:08:27,Simulation
UPD-002620,HSP-006,Oxygen Bed,1,4,2026-09-08 06:11:31,Hospital Staff
UPD-002621,HSP-024,ICU,2,1,2026-09-08 06:24:11,Admin
UPD-002622,HSP-009,ICU,18,19,2026-09-08 06:24:48,Hospital Staff
UPD-002623,HSP-001,ICU,31,29,2026-09-08 06:27:22,Hospital Staff
UPD-002624,HSP-007,Oxygen Bed,55,52,2026-09-08 06:27:33,Simulation
UPD-002625,HSP-015,ICU,8,6,2026-09-08 06:30:39,Hospital Staff
UPD-002626,HSP-025,ICU,2,4,2026-09-08 06:31:22,Hospital Staff
UPD-002627,HSP-024,Oxygen Bed,42,39,2026-09-08 06:39:12,Hospital Staff
UPD-002628,HSP-023,General Bed,25,21,2026-09-08 06:46:01,Simulation
UPD-002629,HSP-015,General Bed,54,51,2026-09-08 06:51:38,Simulation
UPD-002630,HSP-006,ICU,1,2,2026-09-08 06:55:09,Hospital Staff
UPD-002631,HSP-006,ICU,2,1,2026-09-08 06:55:18,Hospital Staff
UPD-002632,HSP-010,ICU,13,11,2026-09-08 06:59:25,Hospital Staff
UPD-002633,HSP-005,Ventilator,11,12,2026-09-08 06:59:59,Hospital Staff
UPD-002634,HSP-010,ICU,11,13,2026-09-08 07:08:38,Hospital Staff
UPD-002635,HSP-023,ICU,1,3,2026-09-08 07:09:09,Hospital Staff
UPD-002636,HSP-008,General Bed,109,105,2026-09-08 07:11:42,Hospital Staff
UPD-002637,HSP-009,ICU,19,17,2026-09-08 07:14:10,Admin
UPD-002638,HSP-023,General Bed,21,22,2026-09-08 07:15:43,Admin
UPD-002639,HSP-008,General Bed,105,102,2026-09-08 07:17:36,Hospital Staff
UPD-002640,HSP-008,General Bed,102,105,2026-09-08 07:28:21,Hospital Staff
UPD-002641,HSP-011,Oxygen Bed,9,6,2026-09-08 07:34:24,Hospital Staff
UPD-002642,HSP-018,ICU,2,3,2026-09-08 07:44:29,Admin
UPD-002643,HSP-013,General Bed,3,1,2026-09-08 07:46:17,Admin
UPD-002644,HSP-008,ICU,28,30,2026-09-08 07:58:45,Hospital Staff
UPD-002645,HSP-015,Ventilator,6,7,2026-09-08 08:03:33,Hospital Staff
UPD-002646,HSP-013,General Bed,1,2,2026-09-08 08:06:30,Simulation
UPD-002647,HSP-006,Oxygen Bed,4,5,2026-09-08 08:13:32,Hospital Staff
UPD-002648,HSP-013,Ventilator,8,9,2026-09-08 08:13:48,Simulation
UPD-002649,HSP-019,General Bed,110,108,2026-09-08 08:20:25,Hospital Staff
UPD-002650,HSP-022,Oxygen Bed,7,6,2026-09-08 08:21:24,Hospital Staff
UPD-002651,HSP-008,ICU,30,32,2026-09-08 08:23:05,Admin
UPD-002652,HSP-021,Oxygen Bed,21,22,2026-09-08 08:23:32,Admin
UPD-002653,HSP-025,Ventilator,1,2,2026-09-08 08:25:59,Admin
UPD-002654,HSP-007,General Bed,200,197,2026-09-08 08:27:05,Simulation
UPD-002655,HSP-001,ICU,29,28,2026-09-08 08:30:18,Hospital Staff
UPD-002656,HSP-021,Oxygen Bed,22,25,2026-09-08 08:30:42,Admin
UPD-002657,HSP-003,General Bed,41,37,2026-09-08 08:34:12,Simulation
UPD-002658,HSP-011,ICU,3,5,2026-09-08 08:34:56,Hospital Staff
UPD-002659,HSP-003,Ventilator,9,8,2026-09-08 08:36:22,Hospital Staff
UPD-002660,HSP-012,Oxygen Bed,51,50,2026-09-08 08:37:32,Hospital Staff
UPD-002661,HSP-019,Ventilator,1,2,2026-09-08 08:38:37,Simulation
UPD-002662,HSP-014,ICU,7,5,2026-09-08 08:41:38,Hospital Staff
UPD-002663,HSP-023,Oxygen Bed,12,14,2026-09-08 08:50:58,Simulation
UPD-002664,HSP-024,General Bed,8,2,2026-09-08 08:51:38,Hospital Staff
UPD-002665,HSP-012,ICU,20,19,2026-09-08 08:52:35,Admin
UPD-002666,HSP-005,General Bed,14,15,2026-09-08 08:57:29,Hospital Staff
UPD-002667,HSP-004,Ventilator,7,8,2026-09-08 09:03:20,Hospital Staff
UPD-002668,HSP-022,General Bed,40,46,2026-09-08 09:12:56,Hospital Staff
UPD-002669,HSP-015,Oxygen Bed,0,2,2026-09-08 09:13:26,Hospital Staff
UPD-002670,HSP-016,Oxygen Bed,2,0,2026-09-08 09:23:56,Simulation
UPD-002671,HSP-003,ICU,5,7,2026-09-08 09:28:57,Hospital Staff
UPD-002672,HSP-014,Oxygen Bed,15,13,2026-09-08 09:41:52,Admin
UPD-002673,HSP-023,ICU,3,1,2026-09-08 09:44:06,Hospital Staff
UPD-002674,HSP-004,General Bed,84,82,2026-09-08 09:48:06,Admin
UPD-002675,HSP-002,Ventilator,7,6,2026-09-08 09:49:03,Hospital Staff
UPD-002676,HSP-012,Oxygen Bed,50,51,2026-09-08 09:49:47,Hospital Staff
UPD-002677,HSP-010,Oxygen Bed,5,2,2026-09-08 09:52:25,Admin
UPD-002678,HSP-001,General Bed,99,100,2026-09-08 09:56:49,Admin
UPD-002679,HSP-003,Ventilator,8,7,2026-09-08 10:04:56,Admin
UPD-002680,HSP-001,General Bed,100,97,2026-09-08 10:05:43,Admin
UPD-002681,HSP-025,General Bed,36,41,2026-09-08 10:05:56,Simulation
UPD-002682,HSP-022,General Bed,46,47,2026-09-08 10:06:33,Hospital Staff
UPD-002683,HSP-019,Oxygen Bed,55,58,2026-09-08 10:06:55,Hospital Staff
UPD-002684,HSP-005,Oxygen Bed,10,7,2026-09-08 10:09:33,Hospital Staff
UPD-002685,HSP-020,Oxygen Bed,56,58,2026-09-08 10:19:48,Admin
UPD-002686,HSP-003,Oxygen Bed,5,6,2026-09-08 10:26:28,Hospital Staff
UPD-002687,HSP-013,General Bed,2,6,2026-09-08 10:32:22,Hospital Staff
UPD-002688,HSP-012,Oxygen Bed,51,52,2026-09-08 10:42:15,Simulation
UPD-002689,HSP-021,General Bed,8,11,2026-09-08 10:43:22,Hospital Staff
UPD-002690,HSP-010,Oxygen Bed,2,4,2026-09-08 10:47:31,Simulation
UPD-002691,HSP-001,General Bed,97,103,2026-09-08 10:49:12,Admin
UPD-002692,HSP-008,ICU,32,33,2026-09-08 10:49:44,Hospital Staff
UPD-002693,HSP-013,Ventilator,9,8,2026-09-08 10:49:52,Hospital Staff
UPD-002694,HSP-013,Ventilator,8,9,2026-09-08 10:54:06,Admin
UPD-002695,HSP-016,General Bed,37,32,2026-09-08 10:54:23,Hospital Staff
UPD-002696,HSP-011,Ventilator,5,6,2026-09-08 10:54:38,Hospital Staff
UPD-002697,HSP-006,Ventilator,1,0,2026-09-08 10:54:56,Hospital Staff
UPD-002698,HSP-018,Oxygen Bed,12,9,2026-09-08 11:02:59,Hospital Staff
UPD-002699,HSP-013,Oxygen Bed,22,19,2026-09-08 11:04:32,Hospital Staff
UPD-002700,HSP-011,ICU,5,3,2026-09-08 11:20:58,Hospital Staff
UPD-002701,HSP-018,Oxygen Bed,9,10,2026-09-08 11:24:05,Hospital Staff
UPD-002702,HSP-021,Oxygen Bed,25,24,2026-09-08 11:26:42,Admin
UPD-002703,HSP-023,General Bed,22,20,2026-09-08 11:33:26,Simulation
UPD-002704,HSP-005,General Bed,15,11,2026-09-08 11:35:10,Hospital Staff
UPD-002705,HSP-002,Oxygen Bed,26,28,2026-09-08 11:35:13,Admin
UPD-002706,HSP-007,General Bed,197,198,2026-09-08 11:35:41,Hospital Staff
UPD-002707,HSP-014,Ventilator,9,10,2026-09-08 11:39:03,Admin
UPD-002708,HSP-012,Oxygen Bed,52,50,2026-09-08 11:39:39,Hospital Staff
UPD-002709,HSP-010,Oxygen Bed,4,5,2026-09-08 11:42:34,Admin
UPD-002710,HSP-007,Oxygen Bed,52,51,2026-09-08 11:44:01,Simulation
UPD-002711,HSP-012,ICU,19,17,2026-09-08 11:44:41,Hospital Staff
UPD-002712,HSP-007,Oxygen Bed,51,53,2026-09-08 11:45:03,Hospital Staff
UPD-002713,HSP-017,General Bed,38,37,2026-09-08 11:49:00,Hospital Staff
UPD-002714,HSP-001,Oxygen Bed,71,74,2026-09-08 11:49:34,Simulation
UPD-002715,HSP-015,Oxygen Bed,2,4,2026-09-08 11:50:02,Hospital Staff
UPD-002716,HSP-022,General Bed,47,42,2026-09-08 11:51:19,Simulation
UPD-002717,HSP-015,Oxygen Bed,4,5,2026-09-08 11:51:53,Simulation
UPD-002718,HSP-007,General Bed,198,197,2026-09-08 11:53:59,Hospital Staff
UPD-002719,HSP-018,Ventilator,5,6,2026-09-08 11:57:31,Hospital Staff
UPD-002720,HSP-024,General Bed,2,7,2026-09-08 11:58:47,Hospital Staff
UPD-002721,HSP-004,Ventilator,8,7,2026-09-08 12:09:34,Hospital Staff
UPD-002722,HSP-020,ICU,3,2,2026-09-08 12:10:55,Admin
UPD-002723,HSP-017,Oxygen Bed,3,4,2026-09-08 12:11:51,Admin
UPD-002724,HSP-006,Oxygen Bed,5,2,2026-09-08 12:13:07,Admin
UPD-002725,HSP-016,General Bed,32,26,2026-09-08 12:17:56,Simulation
UPD-002726,HSP-008,General Bed,105,103,2026-09-08 12:22:19,Hospital Staff
UPD-002727,HSP-005,General Bed,11,14,2026-09-08 12:23:14,Hospital Staff
UPD-002728,HSP-008,General Bed,103,107,2026-09-08 12:31:18,Simulation
UPD-002729,HSP-020,Oxygen Bed,58,57,2026-09-08 12:38:44,Hospital Staff
UPD-002730,HSP-009,General Bed,7,9,2026-09-08 12:41:56,Simulation
UPD-002731,HSP-013,Ventilator,9,10,2026-09-08 12:42:33,Hospital Staff
UPD-002732,HSP-009,Oxygen Bed,23,22,2026-09-08 12:46:15,Hospital Staff
UPD-002733,HSP-009,ICU,17,18,2026-09-08 12:46:30,Simulation
UPD-002734,HSP-019,General Bed,108,109,2026-09-08 12:47:32,Admin
UPD-002735,HSP-021,Oxygen Bed,24,22,2026-09-08 12:48:59,Hospital Staff
UPD-002736,HSP-019,Oxygen Bed,58,59,2026-09-08 12:54:34,Hospital Staff
UPD-002737,HSP-006,General Bed,5,0,2026-09-08 12:56:26,Hospital Staff
UPD-002738,HSP-019,General Bed,109,106,2026-09-08 12:56:36,Admin
UPD-002739,HSP-014,General Bed,54,52,2026-09-08 12:56:37,Simulation
UPD-002740,HSP-005,General Bed,14,12,2026-09-08 12:56:51,Admin
UPD-002741,HSP-024,Ventilator,4,3,2026-09-08 12:57:13,Simulation
UPD-002742,HSP-011,Oxygen Bed,6,9,2026-09-08 12:59:12,Hospital Staff
UPD-002743,HSP-014,ICU,5,7,2026-09-08 12:59:36,Hospital Staff
UPD-002744,HSP-024,General Bed,7,2,2026-09-08 13:01:13,Hospital Staff
UPD-002745,HSP-008,Oxygen Bed,9,10,2026-09-08 13:01:53,Hospital Staff
UPD-002746,HSP-005,General Bed,12,16,2026-09-08 13:03:34,Hospital Staff
UPD-002747,HSP-013,Ventilator,10,11,2026-09-08 13:06:07,Admin
UPD-002748,HSP-022,ICU,6,5,2026-09-08 13:06:16,Hospital Staff
UPD-002749,HSP-001,ICU,28,30,2026-09-08 13:08:15,Hospital Staff
UPD-002750,HSP-018,ICU,3,2,2026-09-08 13:08:19,Hospital Staff
UPD-002751,HSP-025,ICU,4,3,2026-09-08 13:12:21,Admin
UPD-002752,HSP-001,ICU,30,29,2026-09-08 13:21:35,Simulation
UPD-002753,HSP-005,Ventilator,12,11,2026-09-08 13:21:52,Hospital Staff
UPD-002754,HSP-014,General Bed,52,48,2026-09-08 13:29:51,Admin
UPD-002755,HSP-024,Ventilator,3,2,2026-09-08 13:34:36,Admin
UPD-002756,HSP-017,ICU,1,3,2026-09-08 13:38:07,Hospital Staff
UPD-002757,HSP-015,ICU,6,7,2026-09-08 13:38:51,Simulation
UPD-002758,HSP-001,ICU,29,27,2026-09-08 13:40:34,Simulation
UPD-002759,HSP-016,Oxygen Bed,0,3,2026-09-08 13:44:00,Hospital Staff
UPD-002760,HSP-001,ICU,27,29,2026-09-08 13:46:05,Simulation
UPD-002761,HSP-002,ICU,14,16,2026-09-08 13:48:15,Simulation
UPD-002762,HSP-007,General Bed,197,196,2026-09-08 13:58:37,Admin
UPD-002763,HSP-012,Oxygen Bed,50,52,2026-09-08 14:01:00,Hospital Staff
UPD-002764,HSP-003,General Bed,37,36,2026-09-08 14:01:47,Simulation
UPD-002765,HSP-024,Ventilator,2,3,2026-09-08 14:06:54,Simulation
UPD-002766,HSP-005,Oxygen Bed,7,6,2026-09-08 14:08:02,Simulation
UPD-002767,HSP-004,ICU,5,6,2026-09-08 14:13:54,Simulation
UPD-002768,HSP-005,Oxygen Bed,6,3,2026-09-08 14:18:05,Admin
UPD-002769,HSP-016,ICU,2,1,2026-09-08 14:21:39,Hospital Staff
UPD-002770,HSP-022,Oxygen Bed,6,7,2026-09-08 14:24:59,Admin
UPD-002771,HSP-010,Oxygen Bed,5,7,2026-09-08 14:26:18,Hospital Staff
UPD-002772,HSP-021,ICU,4,2,2026-09-08 14:27:27,Admin
UPD-002773,HSP-010,Ventilator,4,5,2026-09-08 14:32:16,Hospital Staff
UPD-002774,HSP-015,Ventilator,7,6,2026-09-08 14:33:09,Admin
UPD-002775,HSP-019,ICU,25,27,2026-09-08 14:34:26,Simulation
UPD-002776,HSP-023,General Bed,20,24,2026-09-08 14:34:46,Simulation
UPD-002777,HSP-018,ICU,2,1,2026-09-08 14:37:27,Hospital Staff
UPD-002778,HSP-002,General Bed,64,59,2026-09-08 14:45:39,Simulation
UPD-002779,HSP-007,ICU,48,46,2026-09-08 14:48:37,Simulation
UPD-002780,HSP-004,Ventilator,7,8,2026-09-08 14:50:44,Hospital Staff
UPD-002781,HSP-022,Oxygen Bed,7,5,2026-09-08 14:53:14,Hospital Staff
UPD-002782,HSP-008,ICU,33,31,2026-09-08 14:55:28,Hospital Staff
UPD-002783,HSP-001,ICU,29,27,2026-09-08 15:00:21,Admin
UPD-002784,HSP-015,General Bed,51,48,2026-09-08 15:01:23,Hospital Staff
UPD-002785,HSP-007,General Bed,196,201,2026-09-08 15:03:33,Admin
UPD-002786,HSP-001,ICU,27,28,2026-09-08 15:08:09,Admin
UPD-002787,HSP-023,Oxygen Bed,14,11,2026-09-08 15:09:38,Hospital Staff
UPD-002788,HSP-015,ICU,7,8,2026-09-08 15:13:09,Hospital Staff
UPD-002789,HSP-022,Ventilator,6,5,2026-09-08 15:26:49,Admin
UPD-002790,HSP-007,Oxygen Bed,53,51,2026-09-08 15:38:07,Simulation
UPD-002791,HSP-010,Ventilator,5,6,2026-09-08 15:40:44,Simulation
UPD-002792,HSP-024,ICU,1,2,2026-09-08 15:44:40,Hospital Staff
UPD-002793,HSP-014,General Bed,48,45,2026-09-08 15:49:31,Simulation
UPD-002794,HSP-002,General Bed,59,56,2026-09-08 15:50:18,Admin
UPD-002795,HSP-015,Ventilator,6,5,2026-09-08 15:51:09,Hospital Staff
UPD-002796,HSP-003,Ventilator,7,8,2026-09-08 15:51:56,Admin
UPD-002797,HSP-013,General Bed,6,11,2026-09-08 15:58:11,Hospital Staff
UPD-002798,HSP-013,Oxygen Bed,19,17,2026-09-08 15:58:59,Admin
UPD-002799,HSP-024,Ventilator,3,2,2026-09-08 16:04:47,Admin
UPD-002800,HSP-021,Ventilator,2,3,2026-09-08 16:05:26,Hospital Staff
UPD-002801,HSP-012,Ventilator,5,6,2026-09-08 16:06:00,Hospital Staff
UPD-002802,HSP-010,General Bed,34,29,2026-09-08 16:07:32,Hospital Staff
UPD-002803,HSP-007,General Bed,201,203,2026-09-08 16:14:23,Hospital Staff
UPD-002804,HSP-012,General Bed,92,95,2026-09-08 16:14:29,Simulation
UPD-002805,HSP-019,ICU,27,25,2026-09-08 16:18:30,Simulation
UPD-002806,HSP-005,Ventilator,11,10,2026-09-08 16:21:06,Simulation
UPD-002807,HSP-006,ICU,1,2,2026-09-08 16:21:45,Hospital Staff
UPD-002808,HSP-022,Ventilator,5,6,2026-09-08 16:31:11,Admin
UPD-002809,HSP-001,Ventilator,8,9,2026-09-08 16:32:27,Hospital Staff
UPD-002810,HSP-011,Ventilator,6,7,2026-09-08 16:33:34,Hospital Staff
UPD-002811,HSP-024,Oxygen Bed,39,41,2026-09-08 16:43:43,Simulation
UPD-002812,HSP-010,ICU,13,12,2026-09-08 16:44:23,Hospital Staff
UPD-002813,HSP-013,ICU,9,7,2026-09-08 16:44:39,Hospital Staff
UPD-002814,HSP-012,General Bed,95,99,2026-09-08 16:48:15,Hospital Staff
UPD-002815,HSP-010,Ventilator,6,5,2026-09-08 16:50:38,Hospital Staff
UPD-002816,HSP-011,ICU,3,5,2026-09-08 16:51:09,Simulation
UPD-002817,HSP-004,General Bed,82,76,2026-09-08 16:53:51,Admin
UPD-002818,HSP-014,Oxygen Bed,13,15,2026-09-08 16:55:12,Admin
UPD-002819,HSP-005,General Bed,16,13,2026-09-08 16:59:52,Hospital Staff
UPD-002820,HSP-017,Oxygen Bed,4,2,2026-09-08 17:06:17,Hospital Staff
UPD-002821,HSP-005,Ventilator,10,9,2026-09-08 17:06:29,Hospital Staff
UPD-002822,HSP-002,ICU,16,17,2026-09-08 17:19:31,Admin
UPD-002823,HSP-005,Oxygen Bed,3,5,2026-09-08 17:21:59,Hospital Staff
UPD-002824,HSP-013,Ventilator,11,10,2026-09-08 17:34:15,Simulation
UPD-002825,HSP-019,General Bed,106,102,2026-09-08 17:38:52,Admin
UPD-002826,HSP-003,ICU,7,8,2026-09-08 17:42:45,Hospital Staff
UPD-002827,HSP-003,ICU,8,7,2026-09-08 17:49:03,Hospital Staff
UPD-002828,HSP-003,ICU,7,5,2026-09-08 17:52:40,Hospital Staff
UPD-002829,HSP-023,Oxygen Bed,11,12,2026-09-08 17:58:32,Hospital Staff
UPD-002830,HSP-014,General Bed,45,48,2026-09-08 18:03:11,Simulation
UPD-002831,HSP-012,Ventilator,6,7,2026-09-08 18:03:27,Admin
UPD-002832,HSP-020,Ventilator,32,31,2026-09-08 18:11:52,Hospital Staff
UPD-002833,HSP-013,Oxygen Bed,17,15,2026-09-08 18:13:15,Admin
UPD-002834,HSP-023,Ventilator,1,2,2026-09-08 18:17:34,Hospital Staff
UPD-002835,HSP-009,Oxygen Bed,22,20,2026-09-08 18:17:36,Hospital Staff
UPD-002836,HSP-010,Ventilator,5,6,2026-09-08 18:17:58,Hospital Staff
UPD-002837,HSP-015,General Bed,48,45,2026-09-08 18:23:07,Hospital Staff
UPD-002838,HSP-025,Ventilator,2,1,2026-09-08 18:25:01,Simulation
UPD-002839,HSP-007,General Bed,203,200,2026-09-08 18:28:42,Hospital Staff
UPD-002840,HSP-021,ICU,2,0,2026-09-08 18:29:28,Admin
UPD-002841,HSP-011,Ventilator,7,6,2026-09-08 18:33:28,Simulation
UPD-002842,HSP-004,ICU,6,8,2026-09-08 18:34:12,Hospital Staff
UPD-002843,HSP-024,Oxygen Bed,41,42,2026-09-08 18:40:20,Hospital Staff
UPD-002844,HSP-024,General Bed,2,1,2026-09-08 18:48:26,Hospital Staff
UPD-002845,HSP-001,Oxygen Bed,74,73,2026-09-08 18:52:27,Hospital Staff
UPD-002846,HSP-008,ICU,31,33,2026-09-08 18:57:40,Hospital Staff
UPD-002847,HSP-001,ICU,28,27,2026-09-08 19:00:50,Hospital Staff
UPD-002848,HSP-025,Oxygen Bed,3,5,2026-09-08 19:05:27,Hospital Staff
UPD-002849,HSP-009,General Bed,9,3,2026-09-08 19:08:49,Admin
UPD-002850,HSP-021,General Bed,11,15,2026-09-08 19:11:50,Admin
UPD-002851,HSP-006,General Bed,0,6,2026-09-08 19:12:38,Admin
UPD-002852,HSP-009,ICU,18,16,2026-09-08 19:18:46,Hospital Staff
UPD-002853,HSP-018,Ventilator,6,5,2026-09-08 19:27:10,Admin
UPD-002854,HSP-022,Oxygen Bed,5,7,2026-09-08 19:30:31,Admin
UPD-002855,HSP-013,Oxygen Bed,15,12,2026-09-08 19:38:52,Simulation
UPD-002856,HSP-008,Ventilator,8,9,2026-09-08 19:48:36,Hospital Staff
UPD-002857,HSP-014,ICU,7,5,2026-09-08 19:54:20,Hospital Staff
UPD-002858,HSP-011,ICU,5,6,2026-09-08 19:54:52,Simulation
UPD-002859,HSP-006,Oxygen Bed,2,5,2026-09-08 20:04:22,Simulation
UPD-002860,HSP-002,Oxygen Bed,28,25,2026-09-08 20:09:48,Hospital Staff
UPD-002861,HSP-021,ICU,0,1,2026-09-08 20:14:30,Hospital Staff
UPD-002862,HSP-018,ICU,1,3,2026-09-08 20:16:35,Admin
UPD-002863,HSP-012,Ventilator,7,8,2026-09-08 20:19:31,Simulation
UPD-002864,HSP-024,ICU,2,1,2026-09-08 20:22:05,Admin
UPD-002865,HSP-022,Oxygen Bed,7,8,2026-09-08 20:40:10,Hospital Staff
UPD-002866,HSP-020,General Bed,207,203,2026-09-08 20:46:36,Simulation
UPD-002867,HSP-019,Ventilator,2,3,2026-09-08 20:56:51,Hospital Staff
UPD-002868,HSP-019,Oxygen Bed,59,57,2026-09-08 20:59:22,Simulation
UPD-002869,HSP-021,General Bed,15,21,2026-09-08 21:02:29,Hospital Staff
UPD-002870,HSP-002,Oxygen Bed,25,28,2026-09-08 21:04:57,Admin
UPD-002871,HSP-002,Ventilator,6,7,2026-09-08 21:11:14,Admin
UPD-002872,HSP-001,General Bed,103,109,2026-09-08 21:14:37,Hospital Staff
UPD-002873,HSP-023,Ventilator,2,3,2026-09-08 21:16:14,Admin
UPD-002874,HSP-003,Oxygen Bed,6,4,2026-09-08 21:19:43,Hospital Staff
UPD-002875,HSP-023,Oxygen Bed,12,11,2026-09-08 21:21:38,Simulation
UPD-002876,HSP-001,General Bed,109,105,2026-09-08 21:23:17,Hospital Staff
UPD-002877,HSP-013,General Bed,11,16,2026-09-08 21:25:08,Admin
UPD-002878,HSP-012,General Bed,99,100,2026-09-08 21:27:03,Hospital Staff
UPD-002879,HSP-001,General Bed,105,100,2026-09-08 21:27:12,Admin
UPD-002880,HSP-018,Oxygen Bed,10,11,2026-09-08 21:34:14,Hospital Staff
UPD-002881,HSP-021,ICU,1,3,2026-09-08 21:41:39,Admin
UPD-002882,HSP-002,ICU,17,16,2026-09-08 21:48:25,Hospital Staff
UPD-002883,HSP-022,Oxygen Bed,8,10,2026-09-08 21:54:43,Hospital Staff
UPD-002884,HSP-019,Oxygen Bed,57,56,2026-09-08 21:55:37,Hospital Staff
UPD-002885,HSP-007,Ventilator,16,15,2026-09-08 21:59:09,Admin
UPD-002886,HSP-010,Oxygen Bed,7,9,2026-09-08 22:01:27,Hospital Staff
UPD-002887,HSP-001,Ventilator,9,8,2026-09-08 22:01:32,Admin
UPD-002888,HSP-002,Oxygen Bed,28,27,2026-09-08 22:02:10,Hospital Staff
UPD-002889,HSP-025,General Bed,41,38,2026-09-08 22:03:08,Simulation
UPD-002890,HSP-025,Ventilator,1,0,2026-09-08 22:05:26,Admin
UPD-002891,HSP-020,ICU,2,1,2026-09-08 22:08:22,Simulation
UPD-002892,HSP-007,ICU,46,48,2026-09-08 22:11:11,Hospital Staff
UPD-002893,HSP-001,General Bed,100,104,2026-09-08 22:15:34,Hospital Staff
UPD-002894,HSP-017,ICU,3,1,2026-09-08 22:16:27,Admin
UPD-002895,HSP-012,General Bed,100,104,2026-09-08 22:25:45,Hospital Staff
UPD-002896,HSP-007,ICU,48,49,2026-09-08 22:26:33,Hospital Staff
UPD-002897,HSP-007,Ventilator,15,14,2026-09-08 22:30:39,Hospital Staff
UPD-002898,HSP-005,General Bed,13,17,2026-09-08 22:31:39,Hospital Staff
UPD-002899,HSP-025,ICU,3,1,2026-09-08 22:37:52,Hospital Staff
UPD-002900,HSP-003,Oxygen Bed,4,5,2026-09-08 22:43:58,Hospital Staff
UPD-002901,HSP-019,General Bed,102,105,2026-09-08 22:48:38,Hospital Staff
UPD-002902,HSP-013,General Bed,16,17,2026-09-08 22:49:17,Hospital Staff
UPD-002903,HSP-002,ICU,16,15,2026-09-08 22:55:54,Hospital Staff
UPD-002904,HSP-019,Oxygen Bed,56,55,2026-09-08 23:01:07,Admin
UPD-002905,HSP-023,Oxygen Bed,11,13,2026-09-08 23:08:59,Simulation
UPD-002906,HSP-011,Ventilator,6,7,2026-09-08 23:10:33,Hospital Staff
UPD-002907,HSP-002,General Bed,56,51,2026-09-08 23:13:46,Simulation
UPD-002908,HSP-008,Oxygen Bed,10,12,2026-09-08 23:25:46,Hospital Staff
UPD-002909,HSP-013,ICU,7,8,2026-09-08 23:36:45,Simulation
UPD-002910,HSP-005,General Bed,17,15,2026-09-08 23:38:40,Hospital Staff
UPD-002911,HSP-013,General Bed,17,12,2026-09-08 23:41:54,Admin
UPD-002912,HSP-023,Ventilator,3,2,2026-09-08 23:53:19,Hospital Staff
UPD-002913,HSP-011,Ventilator,7,8,2026-09-08 23:53:58,Hospital Staff
UPD-002914,HSP-007,General Bed,200,203,2026-09-09 00:03:16,Hospital Staff
UPD-002915,HSP-002,Ventilator,7,6,2026-09-09 00:04:36,Hospital Staff
UPD-002916,HSP-011,General Bed,46,42,2026-09-09 00:04:59,Simulation
UPD-002917,HSP-011,Ventilator,8,7,2026-09-09 00:06:15,Hospital Staff
UPD-002918,HSP-018,Ventilator,5,6,2026-09-09 00:08:02,Simulation
UPD-002919,HSP-012,General Bed,104,109,2026-09-09 00:28:11,Admin
UPD-002920,HSP-013,ICU,8,9,2026-09-09 00:29:25,Simulation
UPD-002921,HSP-003,Oxygen Bed,5,8,2026-09-09 00:31:49,Admin
UPD-002922,HSP-006,ICU,2,1,2026-09-09 00:37:44,Admin
UPD-002923,HSP-023,Oxygen Bed,13,10,2026-09-09 00:38:20,Hospital Staff
UPD-002924,HSP-006,Ventilator,0,1,2026-09-09 00:45:31,Hospital Staff
UPD-002925,HSP-005,Oxygen Bed,5,2,2026-09-09 00:48:53,Hospital Staff
UPD-002926,HSP-025,Oxygen Bed,5,6,2026-09-09 00:50:59,Hospital Staff
UPD-002927,HSP-003,Oxygen Bed,8,10,2026-09-09 00:53:03,Hospital Staff
UPD-002928,HSP-019,Oxygen Bed,55,56,2026-09-09 00:55:23,Hospital Staff
UPD-002929,HSP-001,Ventilator,8,9,2026-09-09 00:57:43,Hospital Staff
UPD-002930,HSP-004,ICU,8,6,2026-09-09 00:58:38,Hospital Staff
UPD-002931,HSP-012,General Bed,109,114,2026-09-09 01:01:04,Hospital Staff
UPD-002932,HSP-014,Ventilator,10,11,2026-09-09 01:03:21,Hospital Staff
UPD-002933,HSP-004,Oxygen Bed,13,12,2026-09-09 01:03:44,Hospital Staff
UPD-002934,HSP-016,General Bed,26,30,2026-09-09 01:10:46,Admin
UPD-002935,HSP-023,Ventilator,2,3,2026-09-09 01:14:22,Simulation
UPD-002936,HSP-009,ICU,16,14,2026-09-09 01:16:07,Hospital Staff
UPD-002937,HSP-019,Oxygen Bed,56,57,2026-09-09 01:23:57,Simulation
UPD-002938,HSP-015,Oxygen Bed,5,2,2026-09-09 01:24:01,Hospital Staff
UPD-002939,HSP-013,ICU,9,10,2026-09-09 01:25:25,Admin
UPD-002940,HSP-009,Oxygen Bed,20,22,2026-09-09 01:28:14,Hospital Staff
UPD-002941,HSP-006,Oxygen Bed,5,4,2026-09-09 01:28:35,Hospital Staff
UPD-002942,HSP-007,ICU,49,48,2026-09-09 01:39:44,Hospital Staff
UPD-002943,HSP-017,General Bed,37,43,2026-09-09 01:40:30,Hospital Staff
UPD-002944,HSP-022,Ventilator,6,5,2026-09-09 01:42:45,Admin
UPD-002945,HSP-010,Oxygen Bed,9,8,2026-09-09 01:45:02,Hospital Staff
UPD-002946,HSP-015,Ventilator,5,6,2026-09-09 01:45:03,Hospital Staff
UPD-002947,HSP-020,Oxygen Bed,57,55,2026-09-09 01:45:59,Hospital Staff
UPD-002948,HSP-025,General Bed,38,40,2026-09-09 01:46:21,Admin
UPD-002949,HSP-019,Ventilator,3,2,2026-09-09 01:46:59,Admin
UPD-002950,HSP-004,General Bed,76,74,2026-09-09 01:47:28,Hospital Staff
UPD-002951,HSP-019,General Bed,105,99,2026-09-09 01:55:57,Hospital Staff
UPD-002952,HSP-019,ICU,25,23,2026-09-09 02:09:19,Admin
UPD-002953,HSP-008,ICU,33,31,2026-09-09 02:09:26,Hospital Staff
UPD-002954,HSP-009,Oxygen Bed,22,21,2026-09-09 02:17:39,Admin
UPD-002955,HSP-024,General Bed,1,0,2026-09-09 02:19:43,Hospital Staff
UPD-002956,HSP-022,ICU,5,6,2026-09-09 02:22:00,Hospital Staff
UPD-002957,HSP-008,Ventilator,9,8,2026-09-09 02:22:25,Hospital Staff
UPD-002958,HSP-009,Oxygen Bed,21,22,2026-09-09 02:29:13,Hospital Staff
UPD-002959,HSP-013,ICU,10,11,2026-09-09 02:31:50,Hospital Staff
UPD-002960,HSP-001,ICU,27,29,2026-09-09 02:34:15,Hospital Staff
UPD-002961,HSP-011,Ventilator,7,8,2026-09-09 02:36:39,Admin
UPD-002962,HSP-021,Ventilator,3,2,2026-09-09 02:38:14,Hospital Staff
UPD-002963,HSP-024,Oxygen Bed,42,40,2026-09-09 02:44:08,Hospital Staff
UPD-002964,HSP-017,General Bed,43,49,2026-09-09 02:44:10,Simulation
UPD-002965,HSP-014,Ventilator,11,12,2026-09-09 02:48:58,Hospital Staff
UPD-002966,HSP-005,Oxygen Bed,2,3,2026-09-09 02:51:55,Hospital Staff
UPD-002967,HSP-001,Oxygen Bed,73,74,2026-09-09 02:53:44,Hospital Staff
UPD-002968,HSP-003,Ventilator,8,7,2026-09-09 02:55:07,Hospital Staff
UPD-002969,HSP-025,Ventilator,0,1,2026-09-09 02:55:36,Simulation
UPD-002970,HSP-009,ICU,14,12,2026-09-09 03:02:32,Hospital Staff
UPD-002971,HSP-006,Ventilator,1,0,2026-09-09 03:02:56,Hospital Staff
UPD-002972,HSP-018,Ventilator,6,5,2026-09-09 03:05:43,Simulation
UPD-002973,HSP-025,Ventilator,1,0,2026-09-09 03:06:57,Hospital Staff
UPD-002974,HSP-011,Oxygen Bed,9,12,2026-09-09 03:09:30,Hospital Staff
UPD-002975,HSP-011,Oxygen Bed,12,9,2026-09-09 03:24:00,Hospital Staff
UPD-002976,HSP-011,General Bed,42,41,2026-09-09 03:38:55,Hospital Staff
UPD-002977,HSP-001,General Bed,104,106,2026-09-09 03:39:37,Hospital Staff
UPD-002978,HSP-010,ICU,12,14,2026-09-09 03:40:32,Hospital Staff
UPD-002979,HSP-018,Ventilator,5,6,2026-09-09 03:41:18,Simulation
UPD-002980,HSP-022,ICU,6,5,2026-09-09 03:43:58,Admin
UPD-002981,HSP-011,ICU,6,7,2026-09-09 03:44:14,Hospital Staff
UPD-002982,HSP-018,ICU,3,2,2026-09-09 03:45:10,Simulation
UPD-002983,HSP-020,Oxygen Bed,55,57,2026-09-09 03:50:07,Simulation
UPD-002984,HSP-020,Oxygen Bed,57,59,2026-09-09 04:05:41,Simulation
UPD-002985,HSP-005,Oxygen Bed,3,2,2026-09-09 04:07:14,Hospital Staff
UPD-002986,HSP-019,ICU,23,22,2026-09-09 04:23:17,Hospital Staff
UPD-002987,HSP-003,Ventilator,7,8,2026-09-09 04:26:06,Simulation
UPD-002988,HSP-005,Oxygen Bed,2,3,2026-09-09 04:30:26,Hospital Staff
UPD-002989,HSP-003,General Bed,36,41,2026-09-09 04:30:48,Hospital Staff
UPD-002990,HSP-023,Ventilator,3,4,2026-09-09 04:30:55,Hospital Staff
UPD-002991,HSP-002,ICU,15,14,2026-09-09 04:35:54,Hospital Staff
UPD-002992,HSP-022,ICU,5,3,2026-09-09 04:42:42,Hospital Staff
UPD-002993,HSP-001,Ventilator,9,8,2026-09-09 04:43:15,Admin
UPD-002994,HSP-012,ICU,17,16,2026-09-09 04:53:40,Simulation
UPD-002995,HSP-021,ICU,3,1,2026-09-09 04:56:19,Hospital Staff
UPD-002996,HSP-010,Ventilator,6,5,2026-09-09 04:56:32,Hospital Staff
UPD-002997,HSP-024,ICU,1,0,2026-09-09 04:59:24,Hospital Staff
UPD-002998,HSP-021,ICU,1,0,2026-09-09 05:00:21,Admin
UPD-002999,HSP-002,ICU,14,12,2026-09-09 05:10:00,Hospital Staff
UPD-003000,HSP-014,General Bed,48,42,2026-09-09 05:12:49,Hospital Staff
UPD-003001,HSP-025,Ventilator,0,1,2026-09-09 05:20:03,Simulation
UPD-003002,HSP-008,Oxygen Bed,12,15,2026-09-09 05:26:04,Hospital Staff
UPD-003003,HSP-013,ICU,11,10,2026-09-09 05:32:25,Hospital Staff
UPD-003004,HSP-010,Ventilator,5,6,2026-09-09 05:33:49,Hospital Staff
UPD-003005,HSP-019,ICU,22,20,2026-09-09 05:45:00,Hospital Staff
UPD-003006,HSP-012,ICU,16,15,2026-09-09 05:45:58,Hospital Staff
UPD-003007,HSP-013,ICU,10,12,2026-09-09 05:47:19,Hospital Staff
UPD-003008,HSP-007,Ventilator,14,15,2026-09-09 05:48:27,Simulation
UPD-003009,HSP-003,General Bed,41,43,2026-09-09 05:52:39,Simulation
UPD-003010,HSP-018,General Bed,18,22,2026-09-09 05:56:56,Hospital Staff
UPD-003011,HSP-014,Ventilator,12,11,2026-09-09 06:04:11,Hospital Staff
UPD-003012,HSP-001,Oxygen Bed,74,73,2026-09-09 06:06:18,Hospital Staff
UPD-003013,HSP-019,Ventilator,2,1,2026-09-09 06:20:02,Admin
UPD-003014,HSP-011,ICU,7,6,2026-09-09 06:24:41,Hospital Staff
UPD-003015,HSP-010,Ventilator,6,7,2026-09-09 06:29:13,Hospital Staff
UPD-003016,HSP-019,ICU,20,19,2026-09-09 06:30:40,Hospital Staff
UPD-003017,HSP-015,Oxygen Bed,2,1,2026-09-09 06:32:33,Hospital Staff
UPD-003018,HSP-011,ICU,6,7,2026-09-09 06:32:54,Admin
UPD-003019,HSP-022,Oxygen Bed,10,8,2026-09-09 06:36:26,Admin
UPD-003020,HSP-023,Oxygen Bed,10,7,2026-09-09 06:40:16,Admin
UPD-003021,HSP-001,General Bed,106,100,2026-09-09 06:48:19,Admin
UPD-003022,HSP-025,ICU,1,0,2026-09-09 06:48:39,Hospital Staff
UPD-003023,HSP-012,ICU,15,14,2026-09-09 06:53:31,Admin
UPD-003024,HSP-005,Oxygen Bed,3,2,2026-09-09 07:00:04,Admin
UPD-003025,HSP-002,ICU,12,10,2026-09-09 07:04:00,Hospital Staff
UPD-003026,HSP-012,Oxygen Bed,52,51,2026-09-09 07:04:33,Simulation
UPD-003027,HSP-020,Oxygen Bed,59,56,2026-09-09 07:05:50,Admin
UPD-003028,HSP-021,ICU,0,1,2026-09-09 07:11:36,Simulation
UPD-003029,HSP-009,ICU,12,11,2026-09-09 07:12:11,Simulation
UPD-003030,HSP-011,General Bed,41,43,2026-09-09 07:17:07,Hospital Staff
UPD-003031,HSP-015,Oxygen Bed,1,0,2026-09-09 07:17:21,Admin
UPD-003032,HSP-013,ICU,12,14,2026-09-09 07:28:59,Hospital Staff
UPD-003033,HSP-011,Ventilator,8,7,2026-09-09 07:30:45,Simulation
UPD-003034,HSP-020,General Bed,203,205,2026-09-09 07:30:50,Simulation
UPD-003035,HSP-005,Ventilator,9,8,2026-09-09 07:33:23,Hospital Staff
UPD-003036,HSP-023,General Bed,24,25,2026-09-09 07:34:10,Hospital Staff
UPD-003037,HSP-005,General Bed,15,16,2026-09-09 07:36:22,Hospital Staff
UPD-003038,HSP-008,Ventilator,8,7,2026-09-09 07:38:33,Hospital Staff
UPD-003039,HSP-024,General Bed,0,4,2026-09-09 07:53:12,Admin
UPD-003040,HSP-004,Ventilator,8,7,2026-09-09 07:53:58,Hospital Staff
UPD-003041,HSP-013,General Bed,12,7,2026-09-09 07:54:46,Hospital Staff
UPD-003042,HSP-006,Oxygen Bed,4,1,2026-09-09 07:55:37,Hospital Staff
UPD-003043,HSP-002,General Bed,51,56,2026-09-09 07:55:56,Hospital Staff
UPD-003044,HSP-019,Ventilator,1,0,2026-09-09 07:56:42,Simulation
UPD-003045,HSP-025,Oxygen Bed,6,5,2026-09-09 08:05:50,Hospital Staff
UPD-003046,HSP-025,ICU,0,1,2026-09-09 08:10:00,Admin
UPD-003047,HSP-004,Ventilator,7,8,2026-09-09 08:20:13,Simulation
UPD-003048,HSP-017,Oxygen Bed,2,3,2026-09-09 08:24:53,Hospital Staff
UPD-003049,HSP-016,General Bed,30,33,2026-09-09 08:33:14,Hospital Staff
UPD-003050,HSP-009,Oxygen Bed,22,25,2026-09-09 08:41:45,Simulation
UPD-003051,HSP-022,General Bed,42,45,2026-09-09 08:52:18,Hospital Staff
UPD-003052,HSP-008,General Bed,107,101,2026-09-09 08:57:25,Simulation
UPD-003053,HSP-002,Ventilator,6,7,2026-09-09 09:05:58,Hospital Staff
UPD-003054,HSP-011,ICU,7,6,2026-09-09 09:07:14,Hospital Staff
UPD-003055,HSP-014,Ventilator,11,10,2026-09-09 09:09:07,Admin
UPD-003056,HSP-023,Oxygen Bed,7,6,2026-09-09 09:10:50,Admin
UPD-003057,HSP-019,Oxygen Bed,57,58,2026-09-09 09:16:44,Hospital Staff
UPD-003058,HSP-006,General Bed,6,2,2026-09-09 09:19:28,Simulation
UPD-003059,HSP-007,Ventilator,15,14,2026-09-09 09:20:32,Hospital Staff
UPD-003060,HSP-012,Oxygen Bed,51,54,2026-09-09 09:29:38,Hospital Staff
UPD-003061,HSP-016,ICU,1,0,2026-09-09 09:39:34,Admin
UPD-003062,HSP-018,Ventilator,6,5,2026-09-09 09:40:20,Hospital Staff
UPD-003063,HSP-025,ICU,1,2,2026-09-09 09:42:07,Simulation
UPD-003064,HSP-008,General Bed,101,100,2026-09-09 09:54:47,Simulation
UPD-003065,HSP-009,Oxygen Bed,25,22,2026-09-09 09:55:58,Admin
UPD-003066,HSP-007,Ventilator,14,15,2026-09-09 10:00:00,Hospital Staff
UPD-003067,HSP-003,ICU,5,7,2026-09-09 10:05:19,Admin
UPD-003068,HSP-018,Oxygen Bed,11,8,2026-09-09 10:18:49,Admin
UPD-003069,HSP-018,Oxygen Bed,8,5,2026-09-09 10:23:07,Hospital Staff
UPD-003070,HSP-003,Ventilator,8,7,2026-09-09 10:24:46,Hospital Staff
UPD-003071,HSP-001,Oxygen Bed,73,70,2026-09-09 10:27:37,Simulation
UPD-003072,HSP-004,Oxygen Bed,12,15,2026-09-09 10:31:04,Hospital Staff
UPD-003073,HSP-003,ICU,7,6,2026-09-09 10:47:15,Hospital Staff
UPD-003074,HSP-015,General Bed,45,51,2026-09-09 10:47:47,Simulation
UPD-003075,HSP-010,ICU,14,16,2026-09-09 10:49:20,Hospital Staff
UPD-003076,HSP-022,Oxygen Bed,8,11,2026-09-09 10:57:50,Hospital Staff
UPD-003077,HSP-024,Oxygen Bed,40,43,2026-09-09 10:59:48,Hospital Staff
UPD-003078,HSP-023,Oxygen Bed,6,7,2026-09-09 11:01:05,Simulation
UPD-003079,HSP-025,ICU,2,3,2026-09-09 11:01:31,Hospital Staff
UPD-003080,HSP-021,ICU,1,2,2026-09-09 11:10:58,Simulation
UPD-003081,HSP-005,Ventilator,8,9,2026-09-09 11:11:46,Admin
UPD-003082,HSP-015,ICU,8,6,2026-09-09 11:13:43,Hospital Staff
UPD-003083,HSP-006,Oxygen Bed,1,4,2026-09-09 11:18:40,Hospital Staff
UPD-003084,HSP-023,Ventilator,4,3,2026-09-09 11:21:29,Hospital Staff
UPD-003085,HSP-007,Ventilator,15,16,2026-09-09 11:27:01,Hospital Staff
UPD-003086,HSP-021,Ventilator,2,3,2026-09-09 11:27:52,Hospital Staff
UPD-003087,HSP-003,Ventilator,7,8,2026-09-09 11:30:49,Hospital Staff
UPD-003088,HSP-016,Oxygen Bed,3,5,2026-09-09 11:32:38,Admin
UPD-003089,HSP-019,General Bed,99,102,2026-09-09 11:32:58,Hospital Staff
UPD-003090,HSP-009,General Bed,3,0,2026-09-09 11:41:51,Admin
UPD-003091,HSP-008,Oxygen Bed,15,17,2026-09-09 11:54:09,Hospital Staff
UPD-003092,HSP-021,General Bed,21,24,2026-09-09 11:54:53,Admin
UPD-003093,HSP-007,ICU,48,47,2026-09-09 12:00:28,Hospital Staff
UPD-003094,HSP-010,General Bed,29,30,2026-09-09 12:00:37,Admin
UPD-003095,HSP-020,General Bed,205,204,2026-09-09 12:06:54,Hospital Staff
UPD-003096,HSP-007,Ventilator,16,17,2026-09-09 12:08:32,Admin
UPD-003097,HSP-001,Oxygen Bed,70,67,2026-09-09 12:11:38,Hospital Staff
UPD-003098,HSP-020,Ventilator,31,32,2026-09-09 12:13:04,Hospital Staff
UPD-003099,HSP-001,Oxygen Bed,67,68,2026-09-09 12:21:52,Hospital Staff
UPD-003100,HSP-020,General Bed,204,199,2026-09-09 12:24:32,Admin
UPD-003101,HSP-008,Oxygen Bed,17,14,2026-09-09 12:24:57,Admin
UPD-003102,HSP-018,Ventilator,5,4,2026-09-09 12:25:57,Hospital Staff
UPD-003103,HSP-007,Oxygen Bed,51,50,2026-09-09 12:33:52,Hospital Staff
UPD-003104,HSP-007,Oxygen Bed,50,51,2026-09-09 12:34:43,Admin
UPD-003105,HSP-021,General Bed,24,23,2026-09-09 12:35:10,Hospital Staff
UPD-003106,HSP-001,Ventilator,8,9,2026-09-09 12:37:16,Hospital Staff
UPD-003107,HSP-017,General Bed,49,50,2026-09-09 12:38:33,Hospital Staff
UPD-003108,HSP-014,Ventilator,10,11,2026-09-09 12:41:17,Hospital Staff
UPD-003109,HSP-001,Oxygen Bed,68,65,2026-09-09 12:42:02,Admin
UPD-003110,HSP-024,General Bed,4,7,2026-09-09 12:47:39,Hospital Staff
UPD-003111,HSP-022,Ventilator,5,4,2026-09-09 12:48:33,Admin
UPD-003112,HSP-024,Oxygen Bed,43,42,2026-09-09 12:48:39,Hospital Staff
UPD-003113,HSP-002,Oxygen Bed,27,30,2026-09-09 12:50:30,Admin
UPD-003114,HSP-022,Oxygen Bed,11,8,2026-09-09 12:50:54,Hospital Staff
UPD-003115,HSP-011,Ventilator,7,6,2026-09-09 12:54:57,Admin
UPD-003116,HSP-011,General Bed,43,44,2026-09-09 12:55:48,Hospital Staff
UPD-003117,HSP-007,Oxygen Bed,51,54,2026-09-09 13:02:50,Simulation
UPD-003118,HSP-004,General Bed,74,72,2026-09-09 13:05:03,Hospital Staff
UPD-003119,HSP-005,ICU,4,2,2026-09-09 13:05:32,Hospital Staff
UPD-003120,HSP-012,Oxygen Bed,54,52,2026-09-09 13:12:39,Hospital Staff
UPD-003121,HSP-023,ICU,1,3,2026-09-09 13:14:53,Admin
UPD-003122,HSP-008,Oxygen Bed,14,17,2026-09-09 13:23:55,Simulation
UPD-003123,HSP-008,ICU,31,32,2026-09-09 13:38:41,Hospital Staff
UPD-003124,HSP-007,ICU,47,46,2026-09-09 13:40:51,Simulation
UPD-003125,HSP-015,Oxygen Bed,0,3,2026-09-09 13:46:06,Hospital Staff
UPD-003126,HSP-024,ICU,0,2,2026-09-09 13:47:08,Hospital Staff
UPD-003127,HSP-016,Ventilator,7,6,2026-09-09 13:50:09,Admin
UPD-003128,HSP-024,ICU,2,4,2026-09-09 13:54:39,Hospital Staff
UPD-003129,HSP-008,Oxygen Bed,17,19,2026-09-09 13:54:48,Simulation
UPD-003130,HSP-020,Ventilator,32,31,2026-09-09 13:56:33,Admin
UPD-003131,HSP-024,Ventilator,2,1,2026-09-09 13:57:51,Simulation
UPD-003132,HSP-009,ICU,11,13,2026-09-09 14:04:07,Hospital Staff
UPD-003133,HSP-008,ICU,32,33,2026-09-09 14:05:32,Hospital Staff
UPD-003134,HSP-021,Ventilator,3,2,2026-09-09 14:12:53,Hospital Staff
UPD-003135,HSP-005,Oxygen Bed,2,5,2026-09-09 14:15:37,Hospital Staff
UPD-003136,HSP-025,General Bed,40,38,2026-09-09 14:15:46,Hospital Staff
UPD-003137,HSP-016,General Bed,33,39,2026-09-09 14:17:54,Simulation
UPD-003138,HSP-009,ICU,13,14,2026-09-09 14:21:19,Hospital Staff
UPD-003139,HSP-007,Oxygen Bed,54,51,2026-09-09 14:24:46,Hospital Staff
UPD-003140,HSP-016,ICU,0,1,2026-09-09 14:25:20,Hospital Staff
UPD-003141,HSP-003,ICU,6,8,2026-09-09 14:34:12,Simulation
UPD-003142,HSP-008,ICU,33,35,2026-09-09 14:37:30,Hospital Staff
UPD-003143,HSP-015,ICU,6,4,2026-09-09 14:45:56,Hospital Staff
UPD-003144,HSP-014,General Bed,42,37,2026-09-09 14:47:05,Hospital Staff
UPD-003145,HSP-022,Ventilator,4,3,2026-09-09 14:55:52,Hospital Staff
UPD-003146,HSP-007,ICU,46,48,2026-09-09 14:58:51,Admin
UPD-003147,HSP-018,General Bed,22,25,2026-09-09 15:06:23,Admin
UPD-003148,HSP-022,ICU,3,5,2026-09-09 15:07:47,Hospital Staff
UPD-003149,HSP-013,Ventilator,10,11,2026-09-09 15:14:34,Hospital Staff
UPD-003150,HSP-006,ICU,1,2,2026-09-09 15:25:17,Hospital Staff
UPD-003151,HSP-011,Oxygen Bed,9,12,2026-09-09 15:29:00,Hospital Staff
UPD-003152,HSP-024,General Bed,7,11,2026-09-09 15:30:52,Simulation
UPD-003153,HSP-011,Ventilator,6,5,2026-09-09 15:38:15,Simulation
UPD-003154,HSP-023,General Bed,25,31,2026-09-09 15:40:51,Hospital Staff
UPD-003155,HSP-008,ICU,35,33,2026-09-09 15:52:07,Hospital Staff
UPD-003156,HSP-007,ICU,48,46,2026-09-09 15:52:10,Hospital Staff
UPD-003157,HSP-015,Oxygen Bed,3,5,2026-09-09 15:53:15,Admin
UPD-003158,HSP-008,Ventilator,7,6,2026-09-09 15:54:06,Admin
UPD-003159,HSP-009,ICU,14,13,2026-09-09 16:00:00,Admin
UPD-003160,HSP-020,General Bed,199,195,2026-09-09 16:00:43,Admin
UPD-003161,HSP-020,General Bed,195,198,2026-09-09 16:04:33,Simulation
UPD-003162,HSP-024,General Bed,11,8,2026-09-09 16:09:07,Hospital Staff
UPD-003163,HSP-016,Ventilator,6,7,2026-09-09 16:15:04,Simulation
UPD-003164,HSP-003,ICU,8,6,2026-09-09 16:15:42,Hospital Staff
UPD-003165,HSP-017,Oxygen Bed,3,4,2026-09-09 16:17:53,Simulation
UPD-003166,HSP-023,General Bed,31,29,2026-09-09 16:19:49,Admin
UPD-003167,HSP-016,Ventilator,7,8,2026-09-09 16:21:45,Hospital Staff
UPD-003168,HSP-021,Ventilator,2,3,2026-09-09 16:23:22,Admin
UPD-003169,HSP-024,Oxygen Bed,42,39,2026-09-09 16:23:53,Hospital Staff
UPD-003170,HSP-023,Oxygen Bed,7,9,2026-09-09 16:34:19,Simulation
UPD-003171,HSP-018,Oxygen Bed,5,6,2026-09-09 16:37:12,Admin
UPD-003172,HSP-025,Oxygen Bed,5,2,2026-09-09 16:37:48,Hospital Staff
UPD-003173,HSP-025,Oxygen Bed,2,1,2026-09-09 16:39:21,Simulation
UPD-003174,HSP-008,Oxygen Bed,19,22,2026-09-09 16:57:39,Hospital Staff
UPD-003175,HSP-013,Oxygen Bed,12,10,2026-09-09 17:04:19,Hospital Staff
UPD-003176,HSP-006,ICU,2,1,2026-09-09 17:06:53,Simulation
UPD-003177,HSP-018,ICU,2,4,2026-09-09 17:10:23,Hospital Staff
UPD-003178,HSP-021,General Bed,23,25,2026-09-09 17:11:36,Hospital Staff
UPD-003179,HSP-020,Oxygen Bed,56,53,2026-09-09 17:18:33,Admin
UPD-003180,HSP-018,General Bed,25,27,2026-09-09 17:19:48,Hospital Staff
UPD-003181,HSP-014,Ventilator,11,10,2026-09-09 17:25:19,Hospital Staff
UPD-003182,HSP-003,Ventilator,8,7,2026-09-09 17:27:43,Hospital Staff
UPD-003183,HSP-015,Oxygen Bed,5,2,2026-09-09 17:29:09,Hospital Staff
UPD-003184,HSP-002,Oxygen Bed,30,31,2026-09-09 17:29:57,Hospital Staff
UPD-003185,HSP-021,General Bed,25,20,2026-09-09 17:34:04,Admin
UPD-003186,HSP-021,Ventilator,3,2,2026-09-09 17:42:51,Hospital Staff
UPD-003187,HSP-025,Ventilator,1,2,2026-09-09 17:52:26,Admin
UPD-003188,HSP-005,General Bed,16,11,2026-09-09 17:53:58,Hospital Staff
UPD-003189,HSP-005,General Bed,11,16,2026-09-09 17:55:57,Simulation
UPD-003190,HSP-005,General Bed,16,15,2026-09-09 18:04:42,Hospital Staff
UPD-003191,HSP-007,Oxygen Bed,51,53,2026-09-09 18:08:16,Hospital Staff
UPD-003192,HSP-006,Oxygen Bed,4,5,2026-09-09 18:22:06,Hospital Staff
UPD-003193,HSP-009,General Bed,0,5,2026-09-09 18:25:50,Hospital Staff
UPD-003194,HSP-011,General Bed,44,47,2026-09-09 18:33:28,Hospital Staff
UPD-003195,HSP-016,Ventilator,8,7,2026-09-09 18:34:57,Hospital Staff
UPD-003196,HSP-003,ICU,6,4,2026-09-09 18:38:14,Hospital Staff
UPD-003197,HSP-002,General Bed,56,59,2026-09-09 18:42:41,Admin
UPD-003198,HSP-006,General Bed,2,5,2026-09-09 18:42:59,Admin
UPD-003199,HSP-025,General Bed,38,33,2026-09-09 18:43:12,Hospital Staff
UPD-003200,HSP-022,Ventilator,3,2,2026-09-09 18:44:08,Hospital Staff
UPD-003201,HSP-020,ICU,1,0,2026-09-09 18:57:32,Admin
UPD-003202,HSP-008,ICU,33,35,2026-09-09 18:58:23,Hospital Staff
UPD-003203,HSP-014,Oxygen Bed,15,18,2026-09-09 18:58:49,Hospital Staff
UPD-003204,HSP-006,Oxygen Bed,5,6,2026-09-09 19:03:38,Hospital Staff
UPD-003205,HSP-017,Oxygen Bed,4,5,2026-09-09 19:04:59,Hospital Staff
UPD-003206,HSP-012,Oxygen Bed,52,55,2026-09-09 19:06:44,Hospital Staff
UPD-003207,HSP-008,ICU,35,37,2026-09-09 19:14:09,Admin
UPD-003208,HSP-022,ICU,5,7,2026-09-09 19:17:22,Hospital Staff
UPD-003209,HSP-016,ICU,1,2,2026-09-09 19:18:25,Hospital Staff
UPD-003210,HSP-014,General Bed,37,33,2026-09-09 19:20:39,Hospital Staff
UPD-003211,HSP-006,Oxygen Bed,6,4,2026-09-09 19:27:32,Hospital Staff
UPD-003212,HSP-003,General Bed,43,39,2026-09-09 19:37:34,Hospital Staff
UPD-003213,HSP-012,ICU,14,13,2026-09-09 19:39:58,Hospital Staff
UPD-003214,HSP-013,General Bed,7,12,2026-09-09 19:49:02,Hospital Staff
UPD-003215,HSP-023,Ventilator,3,2,2026-09-09 19:49:52,Hospital Staff
UPD-003216,HSP-018,ICU,4,5,2026-09-09 19:57:08,Simulation
UPD-003217,HSP-018,Ventilator,4,3,2026-09-09 20:01:54,Hospital Staff
UPD-003218,HSP-010,Oxygen Bed,8,9,2026-09-09 20:03:11,Hospital Staff
UPD-003219,HSP-002,Oxygen Bed,31,33,2026-09-09 20:04:51,Admin
UPD-003220,HSP-006,General Bed,5,6,2026-09-09 20:06:53,Simulation
UPD-003221,HSP-006,General Bed,6,7,2026-09-09 20:09:07,Hospital Staff
UPD-003222,HSP-010,Ventilator,7,8,2026-09-09 20:14:35,Hospital Staff
UPD-003223,HSP-002,General Bed,59,55,2026-09-09 20:16:22,Hospital Staff
UPD-003224,HSP-023,Ventilator,2,1,2026-09-09 20:18:29,Admin
UPD-003225,HSP-003,ICU,4,3,2026-09-09 20:30:05,Hospital Staff
UPD-003226,HSP-001,General Bed,100,105,2026-09-09 20:32:05,Admin
UPD-003227,HSP-019,General Bed,102,97,2026-09-09 20:34:23,Admin
UPD-003228,HSP-011,General Bed,47,49,2026-09-09 20:35:02,Admin
UPD-003229,HSP-015,General Bed,51,48,2026-09-09 20:37:25,Admin
UPD-003230,HSP-017,ICU,1,0,2026-09-09 20:38:13,Admin
UPD-003231,HSP-023,General Bed,29,23,2026-09-09 20:39:13,Hospital Staff
UPD-003232,HSP-010,Oxygen Bed,9,8,2026-09-09 20:47:03,Hospital Staff
UPD-003233,HSP-022,ICU,7,8,2026-09-09 20:50:09,Simulation
UPD-003234,HSP-019,Oxygen Bed,58,59,2026-09-09 20:51:53,Hospital Staff
UPD-003235,HSP-005,General Bed,15,18,2026-09-09 20:57:00,Admin
UPD-003236,HSP-009,General Bed,5,1,2026-09-09 21:00:01,Simulation
UPD-003237,HSP-024,General Bed,8,4,2026-09-09 21:00:48,Admin
UPD-003238,HSP-014,Oxygen Bed,18,17,2026-09-09 21:03:52,Hospital Staff
UPD-003239,HSP-025,ICU,3,1,2026-09-09 21:21:53,Simulation
UPD-003240,HSP-015,Ventilator,6,7,2026-09-09 21:23:37,Simulation
UPD-003241,HSP-025,Ventilator,2,1,2026-09-09 21:25:41,Simulation
UPD-003242,HSP-023,Ventilator,1,0,2026-09-09 21:28:42,Hospital Staff
UPD-003243,HSP-003,ICU,3,4,2026-09-09 21:28:51,Hospital Staff
UPD-003244,HSP-009,Oxygen Bed,22,21,2026-09-09 21:29:02,Hospital Staff
UPD-003245,HSP-004,Ventilator,8,7,2026-09-09 21:42:27,Simulation
UPD-003246,HSP-011,Ventilator,5,6,2026-09-09 21:54:01,Admin
UPD-003247,HSP-010,ICU,16,15,2026-09-09 22:05:35,Admin
UPD-003248,HSP-020,General Bed,198,201,2026-09-09 22:06:09,Hospital Staff
UPD-003249,HSP-010,Oxygen Bed,8,5,2026-09-09 22:07:15,Admin
UPD-003250,HSP-011,Oxygen Bed,12,9,2026-09-09 22:21:10,Hospital Staff
UPD-003251,HSP-013,General Bed,12,7,2026-09-09 22:24:42,Admin
UPD-003252,HSP-017,General Bed,50,47,2026-09-09 22:29:59,Simulation
UPD-003253,HSP-005,Ventilator,9,8,2026-09-09 22:30:28,Hospital Staff
UPD-003254,HSP-019,Oxygen Bed,59,57,2026-09-09 22:31:35,Hospital Staff
UPD-003255,HSP-003,General Bed,39,37,2026-09-09 22:31:53,Hospital Staff
UPD-003256,HSP-002,General Bed,55,52,2026-09-09 22:33:22,Simulation
UPD-003257,HSP-008,Oxygen Bed,22,24,2026-09-09 22:38:19,Simulation
UPD-003258,HSP-004,General Bed,72,68,2026-09-09 22:38:58,Hospital Staff
UPD-003259,HSP-002,General Bed,52,48,2026-09-09 22:52:07,Hospital Staff
UPD-003260,HSP-019,General Bed,97,100,2026-09-09 22:52:09,Hospital Staff
UPD-003261,HSP-004,General Bed,68,65,2026-09-09 22:52:16,Admin
UPD-003262,HSP-024,Oxygen Bed,39,40,2026-09-09 22:57:48,Hospital Staff
UPD-003263,HSP-018,General Bed,27,29,2026-09-09 22:58:32,Hospital Staff
UPD-003264,HSP-024,Oxygen Bed,40,39,2026-09-09 23:06:37,Admin
UPD-003265,HSP-006,General Bed,7,4,2026-09-09 23:10:06,Admin
UPD-003266,HSP-001,General Bed,105,102,2026-09-09 23:11:00,Admin
UPD-003267,HSP-023,ICU,3,5,2026-09-09 23:16:36,Simulation
UPD-003268,HSP-017,ICU,0,2,2026-09-09 23:19:27,Hospital Staff
UPD-003269,HSP-006,ICU,1,3,2026-09-09 23:22:21,Hospital Staff
UPD-003270,HSP-012,Oxygen Bed,55,58,2026-09-09 23:32:37,Hospital Staff
UPD-003271,HSP-022,General Bed,45,41,2026-09-09 23:34:16,Admin
UPD-003272,HSP-002,General Bed,48,46,2026-09-09 23:39:59,Hospital Staff
UPD-003273,HSP-019,ICU,19,18,2026-09-09 23:41:13,Hospital Staff
UPD-003274,HSP-003,General Bed,37,40,2026-09-09 23:43:50,Hospital Staff
UPD-003275,HSP-021,Oxygen Bed,22,23,2026-09-09 23:46:52,Hospital Staff
UPD-003276,HSP-007,Ventilator,17,16,2026-09-09 23:48:25,Hospital Staff
UPD-003277,HSP-007,Oxygen Bed,53,55,2026-09-09 23:51:48,Admin
UPD-003278,HSP-001,Oxygen Bed,65,68,2026-09-09 23:53:05,Hospital Staff
UPD-003279,HSP-013,Ventilator,11,12,2026-09-09 23:54:16,Simulation
UPD-003280,HSP-021,Oxygen Bed,23,26,2026-09-09 23:59:54,Hospital Staff
UPD-003281,HSP-006,ICU,3,2,2026-09-10 00:02:05,Hospital Staff
UPD-003282,HSP-009,Oxygen Bed,21,20,2026-09-10 00:15:34,Hospital Staff
UPD-003283,HSP-020,Ventilator,31,32,2026-09-10 00:16:02,Hospital Staff
UPD-003284,HSP-011,Oxygen Bed,9,6,2026-09-10 00:17:35,Hospital Staff
UPD-003285,HSP-015,General Bed,48,54,2026-09-10 00:19:06,Admin
UPD-003286,HSP-025,General Bed,33,32,2026-09-10 00:21:48,Hospital Staff
UPD-003287,HSP-004,ICU,6,5,2026-09-10 00:27:51,Admin
UPD-003288,HSP-019,Ventilator,0,1,2026-09-10 00:34:32,Hospital Staff
UPD-003289,HSP-007,Ventilator,16,17,2026-09-10 00:38:41,Admin
UPD-003290,HSP-019,Ventilator,1,0,2026-09-10 00:53:33,Admin
UPD-003291,HSP-012,General Bed,114,109,2026-09-10 01:04:42,Admin
UPD-003292,HSP-002,ICU,10,11,2026-09-10 01:05:04,Hospital Staff
UPD-003293,HSP-014,ICU,5,7,2026-09-10 01:19:02,Admin
UPD-003294,HSP-022,Oxygen Bed,8,10,2026-09-10 01:23:36,Hospital Staff
UPD-003295,HSP-004,ICU,5,4,2026-09-10 01:24:05,Hospital Staff
UPD-003296,HSP-005,General Bed,18,21,2026-09-10 01:27:21,Hospital Staff
UPD-003297,HSP-009,General Bed,1,2,2026-09-10 01:29:01,Hospital Staff
UPD-003298,HSP-005,Oxygen Bed,5,4,2026-09-10 01:30:26,Admin
UPD-003299,HSP-006,General Bed,4,9,2026-09-10 01:30:46,Hospital Staff
UPD-003300,HSP-013,Ventilator,12,11,2026-09-10 01:33:11,Hospital Staff
UPD-003301,HSP-023,Ventilator,0,1,2026-09-10 01:33:59,Hospital Staff
UPD-003302,HSP-018,Oxygen Bed,6,8,2026-09-10 01:44:23,Hospital Staff
UPD-003303,HSP-013,ICU,14,15,2026-09-10 01:46:49,Admin
UPD-003304,HSP-013,Ventilator,11,10,2026-09-10 01:51:36,Admin
UPD-003305,HSP-001,Oxygen Bed,68,66,2026-09-10 01:53:53,Hospital Staff
UPD-003306,HSP-018,Oxygen Bed,8,11,2026-09-10 01:54:14,Admin
UPD-003307,HSP-002,Oxygen Bed,33,30,2026-09-10 01:54:47,Simulation
UPD-003308,HSP-006,Oxygen Bed,4,3,2026-09-10 02:02:59,Hospital Staff
UPD-003309,HSP-019,Ventilator,0,1,2026-09-10 02:03:14,Hospital Staff
UPD-003310,HSP-011,ICU,6,4,2026-09-10 02:09:59,Hospital Staff
UPD-003311,HSP-012,Ventilator,8,9,2026-09-10 02:11:11,Admin
UPD-003312,HSP-007,General Bed,203,206,2026-09-10 02:12:29,Simulation
UPD-003313,HSP-018,ICU,5,6,2026-09-10 02:14:10,Simulation
UPD-003314,HSP-020,General Bed,201,203,2026-09-10 02:15:56,Hospital Staff
UPD-003315,HSP-001,Ventilator,9,10,2026-09-10 02:17:42,Hospital Staff
UPD-003316,HSP-019,General Bed,100,101,2026-09-10 02:18:25,Simulation
UPD-003317,HSP-019,Ventilator,1,2,2026-09-10 02:36:28,Hospital Staff
UPD-003318,HSP-012,General Bed,109,103,2026-09-10 02:38:38,Hospital Staff
UPD-003319,HSP-003,Ventilator,7,6,2026-09-10 02:43:57,Hospital Staff
UPD-003320,HSP-014,General Bed,33,36,2026-09-10 02:45:34,Admin
UPD-003321,HSP-001,Oxygen Bed,66,68,2026-09-10 02:46:52,Hospital Staff
UPD-003322,HSP-012,ICU,13,14,2026-09-10 02:47:32,Hospital Staff
UPD-003323,HSP-017,General Bed,47,49,2026-09-10 02:51:52,Hospital Staff
UPD-003324,HSP-016,General Bed,39,37,2026-09-10 02:51:55,Hospital Staff
UPD-003325,HSP-016,General Bed,37,34,2026-09-10 02:55:55,Hospital Staff
UPD-003326,HSP-003,Oxygen Bed,10,12,2026-09-10 02:56:15,Simulation
UPD-003327,HSP-011,ICU,4,6,2026-09-10 02:57:17,Admin
UPD-003328,HSP-015,Oxygen Bed,2,3,2026-09-10 02:57:19,Admin
UPD-003329,HSP-023,Ventilator,1,2,2026-09-10 02:58:24,Admin
UPD-003330,HSP-019,ICU,18,17,2026-09-10 03:12:34,Hospital Staff
UPD-003331,HSP-023,Ventilator,2,3,2026-09-10 03:15:35,Simulation
UPD-003332,HSP-014,Ventilator,10,9,2026-09-10 03:23:45,Simulation
UPD-003333,HSP-025,Oxygen Bed,1,0,2026-09-10 03:28:58,Hospital Staff
UPD-003334,HSP-019,ICU,17,15,2026-09-10 03:31:03,Admin
UPD-003335,HSP-021,General Bed,20,17,2026-09-10 03:33:30,Admin
UPD-003336,HSP-014,Ventilator,9,8,2026-09-10 03:34:37,Hospital Staff
UPD-003337,HSP-003,ICU,4,3,2026-09-10 03:38:30,Hospital Staff
UPD-003338,HSP-010,ICU,15,16,2026-09-10 03:39:36,Hospital Staff
UPD-003339,HSP-007,ICU,46,48,2026-09-10 03:41:56,Admin
UPD-003340,HSP-002,ICU,11,12,2026-09-10 03:45:08,Admin
UPD-003341,HSP-014,Ventilator,8,9,2026-09-10 03:49:10,Hospital Staff
UPD-003342,HSP-003,General Bed,40,35,2026-09-10 03:55:05,Hospital Staff
UPD-003343,HSP-014,ICU,7,5,2026-09-10 03:55:07,Admin
UPD-003344,HSP-009,ICU,13,14,2026-09-10 04:01:09,Simulation
UPD-003345,HSP-012,Ventilator,9,8,2026-09-10 04:09:32,Hospital Staff
UPD-003346,HSP-018,General Bed,29,31,2026-09-10 04:13:41,Hospital Staff
UPD-003347,HSP-015,ICU,4,5,2026-09-10 04:17:56,Simulation
UPD-003348,HSP-009,ICU,14,16,2026-09-10 04:19:21,Hospital Staff
UPD-003349,HSP-024,General Bed,4,8,2026-09-10 04:25:18,Hospital Staff
UPD-003350,HSP-016,ICU,2,4,2026-09-10 04:26:17,Hospital Staff
UPD-003351,HSP-006,General Bed,9,4,2026-09-10 04:29:23,Simulation
UPD-003352,HSP-020,ICU,0,2,2026-09-10 04:31:50,Hospital Staff
UPD-003353,HSP-018,Ventilator,3,2,2026-09-10 04:35:29,Hospital Staff
UPD-003354,HSP-014,Oxygen Bed,17,15,2026-09-10 04:40:34,Simulation
UPD-003355,HSP-013,Ventilator,10,11,2026-09-10 04:53:24,Hospital Staff
UPD-003356,HSP-012,General Bed,103,97,2026-09-10 05:00:53,Admin
UPD-003357,HSP-025,General Bed,32,33,2026-09-10 05:01:20,Hospital Staff
UPD-003358,HSP-025,General Bed,33,34,2026-09-10 05:01:52,Hospital Staff
UPD-003359,HSP-005,Oxygen Bed,4,5,2026-09-10 05:05:33,Hospital Staff
UPD-003360,HSP-008,ICU,37,35,2026-09-10 05:11:52,Admin
UPD-003361,HSP-019,Ventilator,2,3,2026-09-10 05:18:03,Hospital Staff
UPD-003362,HSP-007,Ventilator,17,18,2026-09-10 05:20:36,Hospital Staff
UPD-003363,HSP-009,Oxygen Bed,20,21,2026-09-10 05:21:18,Simulation
UPD-003364,HSP-024,General Bed,8,12,2026-09-10 05:24:33,Hospital Staff
UPD-003365,HSP-018,Ventilator,2,1,2026-09-10 05:36:08,Hospital Staff
UPD-003366,HSP-016,ICU,4,2,2026-09-10 05:38:37,Simulation
UPD-003367,HSP-018,ICU,6,8,2026-09-10 05:39:17,Hospital Staff
UPD-003368,HSP-018,Ventilator,1,2,2026-09-10 05:40:24,Hospital Staff
UPD-003369,HSP-021,ICU,2,3,2026-09-10 05:41:55,Simulation
UPD-003370,HSP-012,General Bed,97,98,2026-09-10 05:44:48,Hospital Staff
UPD-003371,HSP-022,Oxygen Bed,10,8,2026-09-10 05:45:13,Admin
UPD-003372,HSP-004,ICU,4,2,2026-09-10 05:45:24,Hospital Staff
UPD-003373,HSP-016,ICU,2,3,2026-09-10 05:59:19,Simulation
UPD-003374,HSP-005,ICU,2,3,2026-09-10 06:12:12,Hospital Staff
UPD-003375,HSP-025,ICU,1,3,2026-09-10 06:15:36,Hospital Staff
UPD-003376,HSP-024,General Bed,12,13,2026-09-10 06:23:46,Hospital Staff
UPD-003377,HSP-001,Oxygen Bed,68,65,2026-09-10 06:28:22,Hospital Staff
UPD-003378,HSP-003,General Bed,35,41,2026-09-10 06:42:38,Admin
UPD-003379,HSP-015,General Bed,54,55,2026-09-10 06:44:39,Hospital Staff
UPD-003380,HSP-008,Oxygen Bed,24,23,2026-09-10 06:56:21,Admin
UPD-003381,HSP-024,Oxygen Bed,39,37,2026-09-10 06:56:58,Admin
UPD-003382,HSP-009,Oxygen Bed,21,22,2026-09-10 07:03:27,Hospital Staff
UPD-003383,HSP-011,ICU,6,7,2026-09-10 07:27:55,Hospital Staff
UPD-003384,HSP-006,Ventilator,0,1,2026-09-10 07:32:38,Hospital Staff
UPD-003385,HSP-017,ICU,2,3,2026-09-10 07:34:34,Simulation
UPD-003386,HSP-007,General Bed,206,212,2026-09-10 07:35:32,Hospital Staff
UPD-003387,HSP-011,ICU,7,8,2026-09-10 07:41:40,Hospital Staff
UPD-003388,HSP-020,General Bed,203,209,2026-09-10 07:46:48,Hospital Staff
UPD-003389,HSP-023,Ventilator,3,4,2026-09-10 07:49:18,Hospital Staff
UPD-003390,HSP-005,General Bed,21,24,2026-09-10 07:55:08,Hospital Staff
UPD-003391,HSP-015,Oxygen Bed,3,6,2026-09-10 07:59:56,Hospital Staff
UPD-003392,HSP-011,Ventilator,6,7,2026-09-10 08:18:08,Admin
UPD-003393,HSP-010,Ventilator,8,9,2026-09-10 08:31:15,Admin
UPD-003394,HSP-025,General Bed,34,40,2026-09-10 08:34:25,Admin
UPD-003395,HSP-014,ICU,5,7,2026-09-10 08:35:35,Simulation
UPD-003396,HSP-018,Oxygen Bed,11,8,2026-09-10 08:39:47,Hospital Staff
UPD-003397,HSP-015,General Bed,55,51,2026-09-10 08:42:50,Hospital Staff
UPD-003398,HSP-015,Oxygen Bed,6,9,2026-09-10 09:00:01,Admin
UPD-003399,HSP-006,Oxygen Bed,3,4,2026-09-10 09:01:40,Simulation
UPD-003400,HSP-004,ICU,2,0,2026-09-10 09:03:00,Simulation
UPD-003401,HSP-018,General Bed,31,28,2026-09-10 09:04:42,Admin
UPD-003402,HSP-022,General Bed,41,44,2026-09-10 09:04:48,Admin
UPD-003403,HSP-022,Ventilator,2,1,2026-09-10 09:05:35,Simulation
UPD-003404,HSP-012,ICU,14,12,2026-09-10 09:07:03,Admin
UPD-003405,HSP-014,ICU,7,5,2026-09-10 09:13:55,Hospital Staff
UPD-003406,HSP-025,Oxygen Bed,0,1,2026-09-10 09:18:55,Hospital Staff
UPD-003407,HSP-003,Oxygen Bed,12,11,2026-09-10 09:19:33,Admin
UPD-003408,HSP-005,General Bed,24,22,2026-09-10 09:21:05,Hospital Staff
UPD-003409,HSP-017,Oxygen Bed,5,4,2026-09-10 09:23:35,Admin
UPD-003410,HSP-020,ICU,2,0,2026-09-10 09:23:37,Hospital Staff
UPD-003411,HSP-018,Oxygen Bed,8,9,2026-09-10 09:29:03,Hospital Staff
UPD-003412,HSP-001,General Bed,102,104,2026-09-10 09:29:15,Hospital Staff
UPD-003413,HSP-020,ICU,0,2,2026-09-10 09:31:20,Hospital Staff
UPD-003414,HSP-018,Oxygen Bed,9,11,2026-09-10 09:35:27,Hospital Staff
UPD-003415,HSP-021,Ventilator,2,3,2026-09-10 09:37:47,Admin
UPD-003416,HSP-020,Oxygen Bed,53,51,2026-09-10 09:44:37,Simulation
UPD-003417,HSP-006,ICU,2,0,2026-09-10 09:48:51,Simulation
UPD-003418,HSP-015,Ventilator,7,6,2026-09-10 09:49:36,Hospital Staff
UPD-003419,HSP-009,ICU,16,15,2026-09-10 09:51:44,Simulation
UPD-003420,HSP-017,Oxygen Bed,4,2,2026-09-10 09:52:01,Hospital Staff
UPD-003421,HSP-020,General Bed,209,213,2026-09-10 09:57:23,Simulation
UPD-003422,HSP-011,General Bed,49,47,2026-09-10 09:59:16,Simulation
UPD-003423,HSP-019,General Bed,101,100,2026-09-10 10:07:59,Admin
UPD-003424,HSP-025,ICU,3,1,2026-09-10 10:11:23,Hospital Staff
UPD-003425,HSP-009,ICU,15,13,2026-09-10 10:13:04,Hospital Staff
UPD-003426,HSP-016,Oxygen Bed,5,2,2026-09-10 10:13:48,Hospital Staff
UPD-003427,HSP-015,ICU,5,3,2026-09-10 10:16:58,Hospital Staff
UPD-003428,HSP-019,Ventilator,3,4,2026-09-10 10:19:54,Hospital Staff
UPD-003429,HSP-003,General Bed,41,45,2026-09-10 10:30:26,Simulation
UPD-003430,HSP-014,General Bed,36,31,2026-09-10 10:34:56,Simulation
UPD-003431,HSP-003,ICU,3,4,2026-09-10 10:35:53,Hospital Staff
UPD-003432,HSP-011,General Bed,47,44,2026-09-10 10:37:12,Hospital Staff
UPD-003433,HSP-011,Oxygen Bed,6,7,2026-09-10 10:39:47,Hospital Staff
UPD-003434,HSP-012,ICU,12,10,2026-09-10 10:40:23,Admin
UPD-003435,HSP-019,ICU,15,13,2026-09-10 10:42:28,Admin
UPD-003436,HSP-022,General Bed,44,41,2026-09-10 10:44:50,Hospital Staff
UPD-003437,HSP-016,General Bed,34,36,2026-09-10 10:47:27,Hospital Staff
UPD-003438,HSP-014,General Bed,31,28,2026-09-10 10:49:07,Admin
UPD-003439,HSP-002,General Bed,46,41,2026-09-10 10:57:02,Hospital Staff
UPD-003440,HSP-004,General Bed,65,70,2026-09-10 11:00:34,Admin
UPD-003441,HSP-024,Ventilator,1,2,2026-09-10 11:04:05,Admin
UPD-003442,HSP-014,Oxygen Bed,15,14,2026-09-10 11:11:28,Admin
UPD-003443,HSP-013,Ventilator,11,10,2026-09-10 11:12:29,Hospital Staff
UPD-003444,HSP-008,Ventilator,6,7,2026-09-10 11:19:28,Hospital Staff
UPD-003445,HSP-004,ICU,0,1,2026-09-10 11:20:32,Hospital Staff
UPD-003446,HSP-003,Oxygen Bed,11,12,2026-09-10 11:36:44,Hospital Staff
UPD-003447,HSP-006,General Bed,4,10,2026-09-10 11:41:45,Hospital Staff
UPD-003448,HSP-012,Oxygen Bed,58,57,2026-09-10 11:42:01,Admin
UPD-003449,HSP-020,ICU,2,4,2026-09-10 11:42:39,Simulation
UPD-003450,HSP-021,General Bed,17,13,2026-09-10 11:42:48,Hospital Staff
UPD-003451,HSP-021,ICU,3,5,2026-09-10 11:43:44,Hospital Staff
UPD-003452,HSP-008,ICU,35,33,2026-09-10 11:48:12,Admin
UPD-003453,HSP-003,ICU,4,3,2026-09-10 11:49:11,Hospital Staff
UPD-003454,HSP-017,ICU,3,1,2026-09-10 11:51:19,Simulation
UPD-003455,HSP-006,ICU,0,2,2026-09-10 11:51:44,Hospital Staff
UPD-003456,HSP-009,Oxygen Bed,22,20,2026-09-10 12:02:10,Hospital Staff
UPD-003457,HSP-002,Ventilator,7,6,2026-09-10 12:11:48,Hospital Staff
UPD-003458,HSP-016,Oxygen Bed,2,3,2026-09-10 12:22:43,Hospital Staff
UPD-003459,HSP-022,ICU,8,7,2026-09-10 12:23:00,Hospital Staff
UPD-003460,HSP-020,Oxygen Bed,51,48,2026-09-10 12:26:00,Simulation
UPD-003461,HSP-005,General Bed,22,20,2026-09-10 12:26:06,Hospital Staff
UPD-003462,HSP-013,Ventilator,10,11,2026-09-10 12:36:07,Admin
UPD-003463,HSP-001,ICU,29,30,2026-09-10 12:36:13,Simulation
UPD-003464,HSP-011,General Bed,44,42,2026-09-10 12:39:40,Hospital Staff
UPD-003465,HSP-019,ICU,13,12,2026-09-10 12:42:49,Admin
UPD-003466,HSP-002,Oxygen Bed,30,31,2026-09-10 12:50:39,Hospital Staff
UPD-003467,HSP-022,General Bed,41,45,2026-09-10 12:54:19,Hospital Staff
UPD-003468,HSP-019,Oxygen Bed,57,54,2026-09-10 13:09:43,Admin
UPD-003469,HSP-016,General Bed,36,39,2026-09-10 13:16:40,Simulation
UPD-003470,HSP-021,Oxygen Bed,26,24,2026-09-10 13:19:28,Simulation
UPD-003471,HSP-011,Ventilator,7,6,2026-09-10 13:25:07,Hospital Staff
UPD-003472,HSP-025,Oxygen Bed,1,4,2026-09-10 13:33:05,Hospital Staff
UPD-003473,HSP-006,Oxygen Bed,4,1,2026-09-10 13:35:18,Hospital Staff
UPD-003474,HSP-015,General Bed,51,54,2026-09-10 13:39:35,Hospital Staff
UPD-003475,HSP-015,Ventilator,6,7,2026-09-10 13:40:25,Hospital Staff
UPD-003476,HSP-019,Ventilator,4,5,2026-09-10 13:40:40,Hospital Staff
UPD-003477,HSP-024,Oxygen Bed,37,40,2026-09-10 13:53:49,Hospital Staff
UPD-003478,HSP-019,Ventilator,5,6,2026-09-10 14:01:46,Hospital Staff
UPD-003479,HSP-001,Oxygen Bed,65,62,2026-09-10 14:21:33,Admin
UPD-003480,HSP-023,ICU,5,6,2026-09-10 14:25:12,Simulation
UPD-003481,HSP-016,ICU,3,2,2026-09-10 14:28:04,Hospital Staff
UPD-003482,HSP-015,ICU,3,2,2026-09-10 14:34:30,Admin
UPD-003483,HSP-024,General Bed,13,10,2026-09-10 14:36:15,Hospital Staff
UPD-003484,HSP-025,General Bed,40,44,2026-09-10 14:36:45,Hospital Staff
UPD-003485,HSP-014,ICU,5,6,2026-09-10 14:41:04,Simulation
UPD-003486,HSP-020,ICU,4,5,2026-09-10 14:44:21,Hospital Staff
UPD-003487,HSP-015,General Bed,54,53,2026-09-10 14:48:20,Hospital Staff
UPD-003488,HSP-018,Oxygen Bed,11,10,2026-09-10 14:57:11,Admin
UPD-003489,HSP-005,General Bed,20,17,2026-09-10 15:00:26,Hospital Staff
UPD-003490,HSP-009,Oxygen Bed,20,23,2026-09-10 15:00:33,Simulation
UPD-003491,HSP-002,Oxygen Bed,31,29,2026-09-10 15:00:35,Hospital Staff
UPD-003492,HSP-008,ICU,33,35,2026-09-10 15:18:39,Hospital Staff
UPD-003493,HSP-021,ICU,5,3,2026-09-10 15:31:48,Hospital Staff
UPD-003494,HSP-017,ICU,1,3,2026-09-10 15:33:30,Hospital Staff
UPD-003495,HSP-019,Ventilator,6,5,2026-09-10 15:41:55,Hospital Staff
UPD-003496,HSP-024,Oxygen Bed,40,41,2026-09-10 15:45:22,Hospital Staff
UPD-003497,HSP-021,ICU,3,1,2026-09-10 15:48:08,Admin
UPD-003498,HSP-019,ICU,12,13,2026-09-10 15:51:32,Hospital Staff
UPD-003499,HSP-010,Oxygen Bed,5,6,2026-09-10 15:52:04,Hospital Staff
UPD-003500,HSP-016,Oxygen Bed,3,5,2026-09-10 15:55:18,Simulation
UPD-003501,HSP-018,General Bed,28,33,2026-09-10 15:57:51,Admin
UPD-003502,HSP-018,General Bed,33,30,2026-09-10 15:58:23,Hospital Staff
UPD-003503,HSP-023,ICU,6,5,2026-09-10 15:58:49,Hospital Staff
UPD-003504,HSP-003,Ventilator,6,5,2026-09-10 16:03:59,Hospital Staff
UPD-003505,HSP-022,ICU,7,9,2026-09-10 16:06:33,Simulation
UPD-003506,HSP-018,General Bed,30,32,2026-09-10 16:09:38,Hospital Staff
UPD-003507,HSP-007,General Bed,212,217,2026-09-10 16:20:18,Hospital Staff
UPD-003508,HSP-025,ICU,1,3,2026-09-10 16:21:17,Admin
UPD-003509,HSP-025,General Bed,44,38,2026-09-10 16:25:03,Simulation
UPD-003510,HSP-005,ICU,3,1,2026-09-10 16:32:25,Simulation
UPD-003511,HSP-005,ICU,1,2,2026-09-10 16:32:56,Hospital Staff
UPD-003512,HSP-006,General Bed,10,12,2026-09-10 16:34:08,Hospital Staff
UPD-003513,HSP-022,Oxygen Bed,8,6,2026-09-10 16:34:45,Hospital Staff
UPD-003514,HSP-008,Oxygen Bed,23,22,2026-09-10 16:35:57,Hospital Staff
UPD-003515,HSP-025,General Bed,38,39,2026-09-10 16:40:16,Hospital Staff
UPD-003516,HSP-013,Oxygen Bed,10,11,2026-09-10 16:46:03,Hospital Staff
UPD-003517,HSP-009,General Bed,2,8,2026-09-10 16:46:23,Hospital Staff
UPD-003518,HSP-019,Oxygen Bed,54,55,2026-09-10 16:49:38,Hospital Staff
UPD-003519,HSP-024,ICU,4,3,2026-09-10 16:52:03,Hospital Staff
UPD-003520,HSP-017,General Bed,49,46,2026-09-10 17:04:17,Admin
UPD-003521,HSP-006,ICU,2,1,2026-09-10 17:07:00,Hospital Staff
UPD-003522,HSP-023,ICU,5,6,2026-09-10 17:12:58,Hospital Staff
UPD-003523,HSP-018,Oxygen Bed,10,11,2026-09-10 17:14:42,Simulation
UPD-003524,HSP-019,Oxygen Bed,55,52,2026-09-10 17:18:07,Hospital Staff
UPD-003525,HSP-009,General Bed,8,12,2026-09-10 17:18:43,Hospital Staff
UPD-003526,HSP-012,ICU,10,9,2026-09-10 17:18:52,Hospital Staff
UPD-003527,HSP-023,ICU,6,7,2026-09-10 17:23:23,Simulation
UPD-003528,HSP-023,ICU,7,6,2026-09-10 17:24:46,Hospital Staff
UPD-003529,HSP-003,Ventilator,5,6,2026-09-10 17:29:56,Hospital Staff
UPD-003530,HSP-009,ICU,13,11,2026-09-10 17:32:06,Hospital Staff
UPD-003531,HSP-012,Oxygen Bed,57,59,2026-09-10 17:32:54,Hospital Staff
UPD-003532,HSP-011,Ventilator,6,7,2026-09-10 17:42:21,Hospital Staff
UPD-003533,HSP-007,Oxygen Bed,55,57,2026-09-10 17:43:39,Simulation
UPD-003534,HSP-023,Ventilator,4,3,2026-09-10 17:43:43,Admin
UPD-003535,HSP-009,General Bed,12,16,2026-09-10 17:52:36,Hospital Staff
UPD-003536,HSP-004,ICU,1,2,2026-09-10 17:57:27,Admin
UPD-003537,HSP-019,Oxygen Bed,52,50,2026-09-10 17:59:10,Hospital Staff
UPD-003538,HSP-005,ICU,2,4,2026-09-10 18:00:08,Hospital Staff
UPD-003539,HSP-020,ICU,5,7,2026-09-10 18:05:37,Hospital Staff
UPD-003540,HSP-005,Ventilator,8,9,2026-09-10 18:10:34,Hospital Staff
UPD-003541,HSP-025,ICU,3,1,2026-09-10 18:13:33,Hospital Staff
UPD-003542,HSP-002,General Bed,41,46,2026-09-10 18:24:22,Hospital Staff
UPD-003543,HSP-002,Oxygen Bed,29,27,2026-09-10 18:38:58,Admin
UPD-003544,HSP-002,Oxygen Bed,27,26,2026-09-10 18:39:28,Simulation
UPD-003545,HSP-018,Ventilator,2,1,2026-09-10 18:39:44,Admin
UPD-003546,HSP-009,Oxygen Bed,23,21,2026-09-10 18:41:18,Hospital Staff
UPD-003547,HSP-011,General Bed,42,41,2026-09-10 18:54:58,Hospital Staff
UPD-003548,HSP-025,Oxygen Bed,4,2,2026-09-10 19:01:17,Simulation
UPD-003549,HSP-005,Ventilator,9,10,2026-09-10 19:05:43,Hospital Staff
UPD-003550,HSP-011,General Bed,41,43,2026-09-10 19:07:27,Hospital Staff
UPD-003551,HSP-020,Ventilator,32,31,2026-09-10 19:12:32,Simulation
UPD-003552,HSP-002,ICU,12,13,2026-09-10 19:24:18,Hospital Staff
UPD-003553,HSP-013,General Bed,7,3,2026-09-10 19:29:15,Hospital Staff
UPD-003554,HSP-013,Oxygen Bed,11,14,2026-09-10 19:29:25,Simulation
UPD-003555,HSP-016,Oxygen Bed,5,3,2026-09-10 19:34:34,Hospital Staff
UPD-003556,HSP-008,General Bed,100,99,2026-09-10 19:37:47,Hospital Staff
UPD-003557,HSP-003,ICU,3,4,2026-09-10 19:41:07,Hospital Staff
UPD-003558,HSP-002,Ventilator,6,7,2026-09-10 19:41:09,Simulation
UPD-003559,HSP-009,General Bed,16,11,2026-09-10 19:43:50,Admin
UPD-003560,HSP-003,ICU,4,6,2026-09-10 19:43:59,Admin
UPD-003561,HSP-024,Ventilator,2,3,2026-09-10 19:50:55,Hospital Staff
UPD-003562,HSP-018,Ventilator,1,0,2026-09-10 19:56:08,Simulation
UPD-003563,HSP-013,ICU,15,13,2026-09-10 19:56:09,Hospital Staff
UPD-003564,HSP-017,Oxygen Bed,2,0,2026-09-10 19:56:54,Simulation
UPD-003565,HSP-003,ICU,6,7,2026-09-10 19:58:29,Admin
UPD-003566,HSP-014,Oxygen Bed,14,13,2026-09-10 19:59:55,Admin
UPD-003567,HSP-018,Oxygen Bed,11,8,2026-09-10 20:00:17,Admin
UPD-003568,HSP-011,Ventilator,7,6,2026-09-10 20:01:52,Admin
UPD-003569,HSP-004,Oxygen Bed,15,18,2026-09-10 20:05:07,Hospital Staff
UPD-003570,HSP-004,Ventilator,7,8,2026-09-10 20:09:35,Hospital Staff
UPD-003571,HSP-024,Oxygen Bed,41,42,2026-09-10 20:18:45,Admin
UPD-003572,HSP-025,General Bed,39,33,2026-09-10 20:21:02,Hospital Staff
UPD-003573,HSP-014,Oxygen Bed,13,15,2026-09-10 20:28:12,Hospital Staff
UPD-003574,HSP-007,ICU,48,47,2026-09-10 20:40:57,Hospital Staff
UPD-003575,HSP-011,Oxygen Bed,7,10,2026-09-10 21:09:26,Hospital Staff
UPD-003576,HSP-016,Oxygen Bed,3,1,2026-09-10 21:09:52,Hospital Staff
UPD-003577,HSP-023,ICU,6,8,2026-09-10 21:11:15,Admin
UPD-003578,HSP-004,General Bed,70,68,2026-09-10 21:13:26,Hospital Staff
UPD-003579,HSP-009,ICU,11,9,2026-09-10 21:14:03,Hospital Staff
UPD-003580,HSP-005,Ventilator,10,11,2026-09-10 21:16:50,Simulation
UPD-003581,HSP-022,Oxygen Bed,6,5,2026-09-10 21:19:23,Hospital Staff
UPD-003582,HSP-018,ICU,8,7,2026-09-10 21:39:06,Admin
UPD-003583,HSP-003,General Bed,45,43,2026-09-10 21:40:32,Admin
UPD-003584,HSP-003,Ventilator,6,7,2026-09-10 21:46:54,Hospital Staff
UPD-003585,HSP-020,ICU,7,5,2026-09-10 21:52:39,Hospital Staff
UPD-003586,HSP-001,ICU,30,28,2026-09-10 22:06:01,Simulation
UPD-003587,HSP-004,General Bed,68,72,2026-09-10 22:09:49,Admin
UPD-003588,HSP-005,ICU,4,6,2026-09-10 22:17:04,Admin
UPD-003589,HSP-006,General Bed,12,7,2026-09-10 22:26:28,Hospital Staff
UPD-003590,HSP-007,General Bed,217,220,2026-09-10 22:26:42,Hospital Staff
UPD-003591,HSP-023,Ventilator,3,2,2026-09-10 22:26:58,Hospital Staff
UPD-003592,HSP-002,Ventilator,7,6,2026-09-10 22:28:23,Simulation
UPD-003593,HSP-024,General Bed,10,6,2026-09-10 22:29:53,Simulation
UPD-003594,HSP-023,General Bed,23,29,2026-09-10 22:33:10,Simulation
UPD-003595,HSP-017,General Bed,46,45,2026-09-10 22:43:38,Admin
UPD-003596,HSP-006,ICU,1,0,2026-09-10 22:52:02,Hospital Staff
UPD-003597,HSP-011,General Bed,43,44,2026-09-10 22:52:17,Hospital Staff
UPD-003598,HSP-003,Oxygen Bed,12,11,2026-09-10 22:54:44,Hospital Staff
UPD-003599,HSP-001,Ventilator,10,9,2026-09-10 22:55:25,Hospital Staff
UPD-003600,HSP-002,Ventilator,6,5,2026-09-10 23:13:47,Admin
UPD-003601,HSP-002,Ventilator,5,4,2026-09-10 23:14:01,Admin
UPD-003602,HSP-004,Oxygen Bed,18,16,2026-09-10 23:20:58,Simulation
UPD-003603,HSP-018,General Bed,32,35,2026-09-10 23:27:03,Admin
UPD-003604,HSP-007,General Bed,220,216,2026-09-10 23:30:47,Hospital Staff
UPD-003605,HSP-007,General Bed,216,210,2026-09-10 23:42:09,Hospital Staff
UPD-003606,HSP-020,General Bed,213,217,2026-09-10 23:42:27,Simulation
UPD-003607,HSP-008,Ventilator,7,8,2026-09-10 23:46:02,Hospital Staff
UPD-003608,HSP-019,Oxygen Bed,50,47,2026-09-10 23:53:47,Admin
UPD-003609,HSP-001,ICU,28,27,2026-09-11 00:03:59,Simulation
UPD-003610,HSP-010,Oxygen Bed,6,4,2026-09-11 00:04:39,Hospital Staff
UPD-003611,HSP-013,Ventilator,11,10,2026-09-11 00:08:09,Admin
UPD-003612,HSP-016,ICU,2,3,2026-09-11 00:08:13,Hospital Staff
UPD-003613,HSP-004,Oxygen Bed,16,17,2026-09-11 00:10:32,Hospital Staff
UPD-003614,HSP-004,Oxygen Bed,17,15,2026-09-11 00:12:52,Hospital Staff
UPD-003615,HSP-006,General Bed,7,8,2026-09-11 00:14:34,Admin
UPD-003616,HSP-013,ICU,13,15,2026-09-11 00:15:04,Hospital Staff
UPD-003617,HSP-021,Oxygen Bed,24,27,2026-09-11 00:16:30,Hospital Staff
UPD-003618,HSP-020,Ventilator,31,32,2026-09-11 00:26:26,Hospital Staff
UPD-003619,HSP-016,Oxygen Bed,1,2,2026-09-11 00:28:17,Simulation
UPD-003620,HSP-007,Oxygen Bed,57,54,2026-09-11 00:28:23,Admin
UPD-003621,HSP-020,General Bed,217,211,2026-09-11 00:52:13,Hospital Staff
UPD-003622,HSP-008,Ventilator,8,7,2026-09-11 00:55:28,Hospital Staff
UPD-003623,HSP-021,ICU,1,3,2026-09-11 00:56:26,Hospital Staff
UPD-003624,HSP-019,Ventilator,5,4,2026-09-11 01:02:07,Simulation
UPD-003625,HSP-002,Oxygen Bed,26,28,2026-09-11 01:09:07,Simulation
UPD-003626,HSP-018,Oxygen Bed,8,11,2026-09-11 01:10:42,Hospital Staff
UPD-003627,HSP-012,Ventilator,8,7,2026-09-11 01:15:19,Hospital Staff
UPD-003628,HSP-005,ICU,6,4,2026-09-11 01:20:44,Admin
UPD-003629,HSP-015,General Bed,53,49,2026-09-11 01:27:21,Hospital Staff
UPD-003630,HSP-008,Ventilator,7,6,2026-09-11 01:29:35,Admin
UPD-003631,HSP-005,ICU,4,2,2026-09-11 01:34:53,Admin
UPD-003632,HSP-016,Oxygen Bed,2,3,2026-09-11 01:35:56,Hospital Staff
UPD-003633,HSP-016,General Bed,39,37,2026-09-11 01:39:11,Simulation
UPD-003634,HSP-010,ICU,16,17,2026-09-11 01:39:41,Simulation
UPD-003635,HSP-007,ICU,47,46,2026-09-11 01:42:24,Hospital Staff
UPD-003636,HSP-019,ICU,13,15,2026-09-11 01:44:33,Hospital Staff
UPD-003637,HSP-014,Oxygen Bed,15,13,2026-09-11 01:45:09,Admin
UPD-003638,HSP-004,Ventilator,8,7,2026-09-11 01:47:29,Simulation
UPD-003639,HSP-021,Ventilator,3,2,2026-09-11 01:49:21,Hospital Staff
UPD-003640,HSP-022,General Bed,45,47,2026-09-11 01:53:06,Hospital Staff
UPD-003641,HSP-017,General Bed,45,42,2026-09-11 01:55:59,Hospital Staff
UPD-003642,HSP-001,ICU,27,28,2026-09-11 01:57:33,Hospital Staff
UPD-003643,HSP-005,Ventilator,11,10,2026-09-11 01:58:22,Admin
UPD-003644,HSP-015,Ventilator,7,6,2026-09-11 02:04:58,Admin
UPD-003645,HSP-005,General Bed,17,16,2026-09-11 02:06:05,Hospital Staff
UPD-003646,HSP-011,ICU,8,10,2026-09-11 02:09:20,Hospital Staff
UPD-003647,HSP-018,General Bed,35,37,2026-09-11 02:09:43,Admin
UPD-003648,HSP-002,General Bed,46,47,2026-09-11 02:10:00,Hospital Staff
UPD-003649,HSP-004,Ventilator,7,8,2026-09-11 02:10:24,Hospital Staff
UPD-003650,HSP-024,ICU,3,2,2026-09-11 02:11:43,Admin
UPD-003651,HSP-023,ICU,8,10,2026-09-11 02:17:10,Simulation
UPD-003652,HSP-021,Oxygen Bed,27,29,2026-09-11 02:18:07,Hospital Staff
UPD-003653,HSP-015,ICU,2,1,2026-09-11 02:18:41,Simulation
UPD-003654,HSP-016,General Bed,37,33,2026-09-11 02:19:08,Hospital Staff
UPD-003655,HSP-020,Oxygen Bed,48,47,2026-09-11 02:21:27,Simulation
UPD-003656,HSP-018,ICU,7,5,2026-09-11 02:33:37,Hospital Staff
UPD-003657,HSP-023,Oxygen Bed,9,8,2026-09-11 02:35:26,Simulation
UPD-003658,HSP-019,ICU,15,16,2026-09-11 02:37:10,Hospital Staff
UPD-003659,HSP-006,General Bed,8,2,2026-09-11 02:41:16,Hospital Staff
UPD-003660,HSP-012,Ventilator,7,6,2026-09-11 02:44:57,Admin
UPD-003661,HSP-022,ICU,9,11,2026-09-11 02:46:45,Admin
UPD-003662,HSP-021,General Bed,13,15,2026-09-11 02:47:53,Hospital Staff
UPD-003663,HSP-006,General Bed,2,1,2026-09-11 02:48:06,Simulation
UPD-003664,HSP-008,General Bed,99,102,2026-09-11 02:48:22,Simulation
UPD-003665,HSP-013,Oxygen Bed,14,12,2026-09-11 02:49:29,Admin
UPD-003666,HSP-013,General Bed,3,1,2026-09-11 02:57:51,Hospital Staff
UPD-003667,HSP-014,ICU,6,8,2026-09-11 03:03:52,Hospital Staff
UPD-003668,HSP-017,ICU,3,1,2026-09-11 03:04:35,Admin
UPD-003669,HSP-020,Ventilator,32,33,2026-09-11 03:22:35,Hospital Staff
UPD-003670,HSP-003,ICU,7,6,2026-09-11 03:31:02,Hospital Staff
UPD-003671,HSP-021,General Bed,15,18,2026-09-11 03:31:34,Hospital Staff
UPD-003672,HSP-014,Oxygen Bed,13,11,2026-09-11 03:32:14,Admin
UPD-003673,HSP-004,Ventilator,8,7,2026-09-11 03:32:37,Simulation
UPD-003674,HSP-013,ICU,15,14,2026-09-11 03:36:06,Simulation
UPD-003675,HSP-005,Ventilator,10,9,2026-09-11 03:42:56,Admin
UPD-003676,HSP-022,ICU,11,13,2026-09-11 03:46:19,Hospital Staff
UPD-003677,HSP-005,Oxygen Bed,5,2,2026-09-11 03:50:32,Simulation
UPD-003678,HSP-003,General Bed,43,40,2026-09-11 03:53:08,Hospital Staff
UPD-003679,HSP-016,Ventilator,7,8,2026-09-11 03:54:26,Simulation
UPD-003680,HSP-025,General Bed,33,34,2026-09-11 03:55:02,Simulation
UPD-003681,HSP-005,ICU,2,3,2026-09-11 04:01:46,Simulation
UPD-003682,HSP-022,Ventilator,1,2,2026-09-11 04:01:58,Hospital Staff
UPD-003683,HSP-013,General Bed,1,6,2026-09-11 04:04:38,Hospital Staff
UPD-003684,HSP-016,Ventilator,8,7,2026-09-11 04:10:51,Hospital Staff
UPD-003685,HSP-020,Ventilator,33,34,2026-09-11 04:12:55,Simulation
UPD-003686,HSP-019,General Bed,100,103,2026-09-11 04:16:33,Hospital Staff
UPD-003687,HSP-011,Ventilator,6,5,2026-09-11 04:19:06,Simulation
UPD-003688,HSP-016,General Bed,33,34,2026-09-11 04:33:01,Admin
UPD-003689,HSP-002,Ventilator,4,5,2026-09-11 04:35:22,Hospital Staff
UPD-003690,HSP-005,Ventilator,9,8,2026-09-11 04:43:44,Simulation
UPD-003691,HSP-006,ICU,0,2,2026-09-11 04:46:11,Admin
UPD-003692,HSP-006,Ventilator,1,0,2026-09-11 04:46:55,Hospital Staff
UPD-003693,HSP-006,Oxygen Bed,1,2,2026-09-11 04:53:19,Simulation
UPD-003694,HSP-024,Oxygen Bed,42,41,2026-09-11 05:01:41,Hospital Staff
UPD-003695,HSP-012,Ventilator,6,7,2026-09-11 05:02:16,Admin
UPD-003696,HSP-002,Ventilator,5,6,2026-09-11 05:08:26,Admin
UPD-003697,HSP-013,General Bed,6,12,2026-09-11 05:09:03,Hospital Staff
UPD-003698,HSP-004,Oxygen Bed,15,12,2026-09-11 05:11:53,Admin
UPD-003699,HSP-024,Ventilator,3,2,2026-09-11 05:12:28,Simulation
UPD-003700,HSP-009,General Bed,11,7,2026-09-11 05:24:00,Hospital Staff
UPD-003701,HSP-010,General Bed,30,34,2026-09-11 05:27:34,Simulation
UPD-003702,HSP-013,Ventilator,10,11,2026-09-11 05:28:30,Hospital Staff
UPD-003703,HSP-017,ICU,1,3,2026-09-11 05:29:04,Hospital Staff
UPD-003704,HSP-013,ICU,14,13,2026-09-11 05:29:13,Hospital Staff
UPD-003705,HSP-009,General Bed,7,11,2026-09-11 05:43:08,Admin
UPD-003706,HSP-004,Oxygen Bed,12,13,2026-09-11 05:46:35,Hospital Staff
UPD-003707,HSP-022,ICU,13,12,2026-09-11 05:48:23,Admin
UPD-003708,HSP-015,ICU,1,2,2026-09-11 05:51:06,Hospital Staff
UPD-003709,HSP-024,General Bed,6,0,2026-09-11 05:51:36,Hospital Staff
UPD-003710,HSP-017,General Bed,42,37,2026-09-11 06:01:43,Hospital Staff
UPD-003711,HSP-014,General Bed,28,27,2026-09-11 06:10:46,Hospital Staff
UPD-003712,HSP-015,ICU,2,4,2026-09-11 06:10:51,Admin
UPD-003713,HSP-007,ICU,46,45,2026-09-11 06:14:26,Hospital Staff
UPD-003714,HSP-024,Oxygen Bed,41,39,2026-09-11 06:16:13,Admin
UPD-003715,HSP-008,ICU,35,34,2026-09-11 06:16:55,Hospital Staff
UPD-003716,HSP-009,Oxygen Bed,21,23,2026-09-11 06:30:19,Hospital Staff
UPD-003717,HSP-016,ICU,3,1,2026-09-11 06:31:13,Admin
UPD-003718,HSP-002,Ventilator,6,7,2026-09-11 06:42:15,Hospital Staff
UPD-003719,HSP-011,ICU,10,8,2026-09-11 06:42:51,Hospital Staff
UPD-003720,HSP-014,Oxygen Bed,11,13,2026-09-11 06:45:48,Hospital Staff
UPD-003721,HSP-008,General Bed,102,99,2026-09-11 06:46:52,Hospital Staff
UPD-003722,HSP-014,Oxygen Bed,13,15,2026-09-11 06:56:25,Hospital Staff
UPD-003723,HSP-019,Ventilator,4,5,2026-09-11 06:56:58,Hospital Staff
UPD-003724,HSP-014,Oxygen Bed,15,17,2026-09-11 07:00:44,Hospital Staff
UPD-003725,HSP-009,General Bed,11,10,2026-09-11 07:07:18,Simulation
UPD-003726,HSP-002,General Bed,47,42,2026-09-11 07:10:15,Hospital Staff
UPD-003727,HSP-016,General Bed,34,32,2026-09-11 07:14:10,Admin
UPD-003728,HSP-015,Oxygen Bed,9,12,2026-09-11 07:15:07,Hospital Staff
UPD-003729,HSP-005,Oxygen Bed,2,0,2026-09-11 07:18:45,Hospital Staff
UPD-003730,HSP-023,General Bed,29,23,2026-09-11 07:20:31,Hospital Staff
UPD-003731,HSP-024,ICU,2,4,2026-09-11 07:21:07,Hospital Staff
UPD-003732,HSP-014,ICU,8,7,2026-09-11 07:22:24,Simulation
UPD-003733,HSP-008,General Bed,99,100,2026-09-11 07:26:18,Hospital Staff
UPD-003734,HSP-017,ICU,3,2,2026-09-11 07:27:36,Admin
UPD-003735,HSP-006,Ventilator,0,1,2026-09-11 07:32:18,Hospital Staff
UPD-003736,HSP-010,Ventilator,9,10,2026-09-11 07:42:40,Hospital Staff
UPD-003737,HSP-018,Ventilator,0,1,2026-09-11 07:43:18,Hospital Staff
UPD-003738,HSP-009,Oxygen Bed,23,26,2026-09-11 07:48:13,Simulation
UPD-003739,HSP-023,General Bed,23,26,2026-09-11 07:50:04,Admin
UPD-003740,HSP-001,Ventilator,9,8,2026-09-11 07:51:54,Hospital Staff
UPD-003741,HSP-018,ICU,5,6,2026-09-11 07:54:42,Hospital Staff
UPD-003742,HSP-025,ICU,1,3,2026-09-11 07:59:13,Hospital Staff
UPD-003743,HSP-011,ICU,8,7,2026-09-11 08:01:53,Simulation
UPD-003744,HSP-004,ICU,2,0,2026-09-11 08:03:13,Admin
UPD-003745,HSP-004,ICU,0,2,2026-09-11 08:09:05,Hospital Staff
UPD-003746,HSP-011,Oxygen Bed,10,11,2026-09-11 08:14:36,Hospital Staff
UPD-003747,HSP-009,ICU,9,8,2026-09-11 08:19:50,Hospital Staff
UPD-003748,HSP-014,Ventilator,9,8,2026-09-11 08:21:10,Hospital Staff
UPD-003749,HSP-020,General Bed,211,205,2026-09-11 08:27:02,Admin
UPD-003750,HSP-019,Ventilator,5,4,2026-09-11 08:27:37,Hospital Staff
UPD-003751,HSP-023,General Bed,26,25,2026-09-11 08:27:51,Hospital Staff
UPD-003752,HSP-005,Oxygen Bed,0,2,2026-09-11 08:29:57,Hospital Staff
UPD-003753,HSP-015,General Bed,49,51,2026-09-11 08:34:38,Hospital Staff
UPD-003754,HSP-025,Ventilator,1,0,2026-09-11 08:34:40,Admin
UPD-003755,HSP-019,General Bed,103,99,2026-09-11 08:38:07,Simulation
UPD-003756,HSP-009,General Bed,10,12,2026-09-11 08:47:42,Hospital Staff
UPD-003757,HSP-003,Ventilator,7,8,2026-09-11 08:49:53,Simulation
UPD-003758,HSP-023,General Bed,25,27,2026-09-11 09:04:55,Admin
UPD-003759,HSP-020,Ventilator,34,35,2026-09-11 09:11:23,Hospital Staff
UPD-003760,HSP-023,Oxygen Bed,8,9,2026-09-11 09:11:54,Admin
UPD-003761,HSP-019,Ventilator,4,3,2026-09-11 09:13:55,Hospital Staff
UPD-003762,HSP-019,Ventilator,3,2,2026-09-11 09:19:51,Admin
UPD-003763,HSP-025,Ventilator,0,1,2026-09-11 09:20:51,Simulation
UPD-003764,HSP-008,ICU,34,32,2026-09-11 09:24:45,Hospital Staff
UPD-003765,HSP-002,General Bed,42,45,2026-09-11 09:30:54,Simulation
UPD-003766,HSP-010,ICU,17,18,2026-09-11 09:31:27,Admin
UPD-003767,HSP-024,Ventilator,2,3,2026-09-11 09:43:13,Hospital Staff
UPD-003768,HSP-021,Ventilator,2,1,2026-09-11 09:52:50,Simulation
UPD-003769,HSP-015,Oxygen Bed,12,15,2026-09-11 09:59:32,Admin
UPD-003770,HSP-020,Ventilator,35,34,2026-09-11 10:09:59,Hospital Staff
UPD-003771,HSP-007,ICU,45,46,2026-09-11 10:11:54,Hospital Staff
UPD-003772,HSP-015,General Bed,51,57,2026-09-11 10:12:10,Hospital Staff
UPD-003773,HSP-007,ICU,46,44,2026-09-11 10:14:24,Hospital Staff
UPD-003774,HSP-012,ICU,9,11,2026-09-11 10:18:04,Hospital Staff
UPD-003775,HSP-013,Ventilator,11,10,2026-09-11 10:18:20,Simulation
UPD-003776,HSP-011,General Bed,44,39,2026-09-11 10:23:12,Simulation
UPD-003777,HSP-006,Ventilator,1,0,2026-09-11 10:23:51,Admin
UPD-003778,HSP-025,Ventilator,1,0,2026-09-11 10:26:40,Hospital Staff
UPD-003779,HSP-010,General Bed,34,39,2026-09-11 10:46:14,Hospital Staff
UPD-003780,HSP-004,General Bed,72,73,2026-09-11 10:50:10,Hospital Staff
UPD-003781,HSP-006,ICU,2,1,2026-09-11 10:56:21,Hospital Staff
UPD-003782,HSP-025,General Bed,34,39,2026-09-11 10:57:56,Hospital Staff
UPD-003783,HSP-018,Ventilator,1,2,2026-09-11 11:00:26,Simulation
UPD-003784,HSP-025,Oxygen Bed,2,3,2026-09-11 11:00:26,Hospital Staff
UPD-003785,HSP-025,ICU,3,4,2026-09-11 11:00:29,Simulation
UPD-003786,HSP-007,ICU,44,43,2026-09-11 11:04:42,Hospital Staff
UPD-003787,HSP-005,Oxygen Bed,2,0,2026-09-11 11:05:44,Hospital Staff
UPD-003788,HSP-016,General Bed,32,27,2026-09-11 11:13:36,Hospital Staff
UPD-003789,HSP-013,General Bed,12,8,2026-09-11 11:32:33,Admin
UPD-003790,HSP-004,Oxygen Bed,13,15,2026-09-11 11:33:08,Admin
UPD-003791,HSP-018,ICU,6,4,2026-09-11 11:33:40,Simulation
UPD-003792,HSP-007,General Bed,210,205,2026-09-11 11:35:04,Hospital Staff
UPD-003793,HSP-015,General Bed,57,61,2026-09-11 11:38:48,Hospital Staff
UPD-003794,HSP-013,General Bed,8,5,2026-09-11 11:40:35,Hospital Staff
UPD-003795,HSP-005,Oxygen Bed,0,3,2026-09-11 11:42:41,Admin
UPD-003796,HSP-023,Ventilator,2,1,2026-09-11 11:49:58,Hospital Staff
UPD-003797,HSP-006,ICU,1,3,2026-09-11 11:52:29,Hospital Staff
UPD-003798,HSP-016,General Bed,27,25,2026-09-11 11:59:06,Admin
UPD-003799,HSP-025,ICU,4,2,2026-09-11 11:59:06,Hospital Staff
UPD-003800,HSP-018,ICU,4,3,2026-09-11 12:03:51,Hospital Staff
UPD-003801,HSP-001,ICU,28,29,2026-09-11 12:05:12,Simulation
UPD-003802,HSP-018,ICU,3,4,2026-09-11 12:05:28,Hospital Staff
UPD-003803,HSP-013,General Bed,5,2,2026-09-11 12:07:06,Hospital Staff
UPD-003804,HSP-016,Ventilator,7,8,2026-09-11 12:08:33,Hospital Staff
UPD-003805,HSP-021,General Bed,18,24,2026-09-11 12:11:38,Admin
UPD-003806,HSP-012,Ventilator,7,8,2026-09-11 12:12:52,Admin
UPD-003807,HSP-025,ICU,2,3,2026-09-11 12:15:17,Hospital Staff
UPD-003808,HSP-012,Ventilator,8,7,2026-09-11 12:18:00,Simulation
UPD-003809,HSP-013,General Bed,2,1,2026-09-11 12:22:07,Admin
UPD-003810,HSP-024,Ventilator,3,4,2026-09-11 12:33:00,Hospital Staff
UPD-003811,HSP-008,Oxygen Bed,22,24,2026-09-11 12:33:10,Hospital Staff
UPD-003812,HSP-019,General Bed,99,104,2026-09-11 12:50:05,Hospital Staff
UPD-003813,HSP-013,Oxygen Bed,12,14,2026-09-11 12:52:13,Hospital Staff
UPD-003814,HSP-008,Ventilator,6,7,2026-09-11 12:52:54,Hospital Staff
UPD-003815,HSP-016,Ventilator,8,7,2026-09-11 12:55:03,Hospital Staff
UPD-003816,HSP-002,ICU,13,14,2026-09-11 13:14:47,Hospital Staff
UPD-003817,HSP-016,General Bed,25,28,2026-09-11 13:17:01,Hospital Staff
UPD-003818,HSP-016,Ventilator,7,8,2026-09-11 13:19:19,Hospital Staff
UPD-003819,HSP-021,Oxygen Bed,29,27,2026-09-11 13:33:24,Simulation
UPD-003820,HSP-023,ICU,10,8,2026-09-11 13:38:33,Hospital Staff
UPD-003821,HSP-003,Oxygen Bed,11,13,2026-09-11 13:39:05,Admin
UPD-003822,HSP-007,Oxygen Bed,54,57,2026-09-11 13:48:34,Hospital Staff
UPD-003823,HSP-022,ICU,12,13,2026-09-11 13:49:21,Hospital Staff
UPD-003824,HSP-006,General Bed,1,5,2026-09-11 13:53:57,Hospital Staff
UPD-003825,HSP-007,Ventilator,18,17,2026-09-11 13:59:50,Admin
UPD-003826,HSP-025,ICU,3,4,2026-09-11 14:01:25,Hospital Staff
UPD-003827,HSP-013,Oxygen Bed,14,12,2026-09-11 14:05:11,Simulation
UPD-003828,HSP-008,Ventilator,7,6,2026-09-11 14:09:31,Hospital Staff
UPD-003829,HSP-005,Oxygen Bed,3,1,2026-09-11 14:09:56,Admin
UPD-003830,HSP-011,ICU,7,5,2026-09-11 14:14:03,Admin
UPD-003831,HSP-019,ICU,16,15,2026-09-11 14:15:34,Hospital Staff
UPD-003832,HSP-004,ICU,2,0,2026-09-11 14:16:24,Hospital Staff
UPD-003833,HSP-015,General Bed,61,58,2026-09-11 14:19:12,Simulation
UPD-003834,HSP-021,General Bed,24,21,2026-09-11 14:22:53,Hospital Staff
UPD-003835,HSP-018,General Bed,37,32,2026-09-11 14:23:44,Hospital Staff
UPD-003836,HSP-015,ICU,4,5,2026-09-11 14:34:48,Admin
UPD-003837,HSP-010,General Bed,39,37,2026-09-11 14:36:11,Admin
UPD-003838,HSP-014,ICU,7,8,2026-09-11 14:42:38,Simulation
UPD-003839,HSP-019,General Bed,104,109,2026-09-11 14:48:34,Admin
UPD-003840,HSP-007,Oxygen Bed,57,54,2026-09-11 14:50:20,Hospital Staff
UPD-003841,HSP-025,Oxygen Bed,3,5,2026-09-11 14:50:43,Hospital Staff
UPD-003842,HSP-020,Ventilator,34,33,2026-09-11 14:59:31,Simulation
UPD-003843,HSP-023,ICU,8,6,2026-09-11 15:03:15,Hospital Staff
UPD-003844,HSP-001,Oxygen Bed,62,65,2026-09-11 15:04:24,Simulation
UPD-003845,HSP-013,ICU,13,12,2026-09-11 15:09:56,Hospital Staff
UPD-003846,HSP-023,General Bed,27,24,2026-09-11 15:13:44,Hospital Staff
UPD-003847,HSP-002,General Bed,45,51,2026-09-11 15:14:50,Hospital Staff
UPD-003848,HSP-025,Oxygen Bed,5,3,2026-09-11 15:15:37,Admin
UPD-003849,HSP-024,General Bed,0,3,2026-09-11 15:17:34,Admin
UPD-003850,HSP-015,General Bed,58,60,2026-09-11 15:21:33,Admin
UPD-003851,HSP-014,Oxygen Bed,17,16,2026-09-11 15:21:49,Hospital Staff
UPD-003852,HSP-001,Oxygen Bed,65,64,2026-09-11 15:23:19,Hospital Staff
UPD-003853,HSP-015,Oxygen Bed,15,14,2026-09-11 15:24:30,Hospital Staff
UPD-003854,HSP-004,ICU,0,1,2026-09-11 15:29:04,Hospital Staff
UPD-003855,HSP-013,Oxygen Bed,12,15,2026-09-11 15:29:39,Simulation
UPD-003856,HSP-020,ICU,5,7,2026-09-11 15:36:44,Hospital Staff
UPD-003857,HSP-025,Oxygen Bed,3,1,2026-09-11 15:42:20,Hospital Staff
UPD-003858,HSP-010,Ventilator,10,11,2026-09-11 15:43:25,Admin
UPD-003859,HSP-005,Ventilator,8,9,2026-09-11 15:45:06,Hospital Staff
UPD-003860,HSP-018,Ventilator,2,3,2026-09-11 15:46:31,Hospital Staff
UPD-003861,HSP-003,General Bed,40,35,2026-09-11 15:49:08,Hospital Staff
UPD-003862,HSP-005,ICU,3,5,2026-09-11 15:56:22,Hospital Staff
UPD-003863,HSP-016,ICU,1,2,2026-09-11 15:58:29,Admin
UPD-003864,HSP-010,Oxygen Bed,4,6,2026-09-11 16:02:28,Hospital Staff
UPD-003865,HSP-006,Oxygen Bed,2,3,2026-09-11 16:03:51,Simulation
UPD-003866,HSP-004,Ventilator,7,8,2026-09-11 16:05:05,Hospital Staff
UPD-003867,HSP-014,Oxygen Bed,16,17,2026-09-11 16:06:20,Hospital Staff
UPD-003868,HSP-023,General Bed,24,20,2026-09-11 16:09:30,Hospital Staff
UPD-003869,HSP-015,Oxygen Bed,14,15,2026-09-11 16:13:02,Admin
UPD-003870,HSP-004,Oxygen Bed,15,18,2026-09-11 16:15:47,Hospital Staff
UPD-003871,HSP-007,Oxygen Bed,54,55,2026-09-11 16:19:26,Simulation
UPD-003872,HSP-024,Ventilator,4,3,2026-09-11 16:27:33,Admin
UPD-003873,HSP-015,ICU,5,6,2026-09-11 16:28:11,Hospital Staff
UPD-003874,HSP-020,ICU,7,8,2026-09-11 16:31:07,Hospital Staff
UPD-003875,HSP-002,General Bed,51,49,2026-09-11 16:32:27,Simulation
UPD-003876,HSP-007,ICU,43,41,2026-09-11 16:33:30,Hospital Staff
UPD-003877,HSP-006,Ventilator,0,1,2026-09-11 16:34:34,Hospital Staff
UPD-003878,HSP-003,Oxygen Bed,13,16,2026-09-11 16:44:54,Hospital Staff
UPD-003879,HSP-007,Oxygen Bed,55,54,2026-09-11 16:46:02,Hospital Staff
UPD-003880,HSP-020,Oxygen Bed,47,44,2026-09-11 16:48:19,Hospital Staff
UPD-003881,HSP-003,General Bed,35,29,2026-09-11 16:54:11,Hospital Staff
UPD-003882,HSP-018,Ventilator,3,4,2026-09-11 16:59:14,Hospital Staff
UPD-003883,HSP-022,Ventilator,2,3,2026-09-11 17:06:43,Hospital Staff
UPD-003884,HSP-011,ICU,5,4,2026-09-11 17:14:25,Hospital Staff
UPD-003885,HSP-004,Oxygen Bed,18,16,2026-09-11 17:14:57,Hospital Staff
UPD-003886,HSP-005,Ventilator,9,8,2026-09-11 17:21:23,Hospital Staff
UPD-003887,HSP-014,ICU,8,7,2026-09-11 17:25:32,Simulation
UPD-003888,HSP-023,Ventilator,1,0,2026-09-11 17:26:14,Hospital Staff
UPD-003889,HSP-011,Ventilator,5,4,2026-09-11 17:29:21,Hospital Staff
UPD-003890,HSP-010,Oxygen Bed,6,5,2026-09-11 17:30:49,Hospital Staff
UPD-003891,HSP-025,Ventilator,0,1,2026-09-11 17:32:01,Simulation
UPD-003892,HSP-011,ICU,4,3,2026-09-11 17:34:53,Simulation
UPD-003893,HSP-019,General Bed,109,115,2026-09-11 17:39:01,Hospital Staff
UPD-003894,HSP-013,ICU,12,10,2026-09-11 17:40:16,Hospital Staff
UPD-003895,HSP-024,General Bed,3,9,2026-09-11 17:41:48,Hospital Staff
UPD-003896,HSP-002,ICU,14,15,2026-09-11 17:42:50,Hospital Staff
UPD-003897,HSP-009,ICU,8,6,2026-09-11 17:42:58,Admin
UPD-003898,HSP-001,General Bed,104,101,2026-09-11 17:56:48,Simulation
UPD-003899,HSP-008,Oxygen Bed,24,22,2026-09-11 18:02:11,Hospital Staff
UPD-003900,HSP-012,Ventilator,7,6,2026-09-11 18:03:23,Hospital Staff
UPD-003901,HSP-012,Ventilator,6,5,2026-09-11 18:10:19,Admin
UPD-003902,HSP-012,Oxygen Bed,59,57,2026-09-11 18:19:39,Hospital Staff
UPD-003903,HSP-021,General Bed,21,18,2026-09-11 18:20:53,Admin
UPD-003904,HSP-021,General Bed,18,24,2026-09-11 18:26:20,Admin
UPD-003905,HSP-001,ICU,29,31,2026-09-11 18:32:00,Hospital Staff
UPD-003906,HSP-024,Ventilator,3,4,2026-09-11 18:32:18,Simulation
UPD-003907,HSP-007,Ventilator,17,18,2026-09-11 18:33:37,Admin
UPD-003908,HSP-007,ICU,41,39,2026-09-11 18:35:17,Hospital Staff
UPD-003909,HSP-015,General Bed,60,55,2026-09-11 18:46:33,Hospital Staff
UPD-003910,HSP-010,Oxygen Bed,5,2,2026-09-11 18:47:47,Simulation
UPD-003911,HSP-001,Oxygen Bed,64,61,2026-09-11 18:58:06,Hospital Staff
UPD-003912,HSP-025,General Bed,39,43,2026-09-11 19:02:19,Simulation
UPD-003913,HSP-008,Oxygen Bed,22,19,2026-09-11 19:09:54,Hospital Staff
UPD-003914,HSP-010,ICU,18,17,2026-09-11 19:13:17,Simulation
UPD-003915,HSP-018,General Bed,32,31,2026-09-11 19:28:10,Hospital Staff
UPD-003916,HSP-003,ICU,6,8,2026-09-11 19:29:59,Admin
UPD-003917,HSP-024,General Bed,9,11,2026-09-11 19:31:56,Hospital Staff
UPD-003918,HSP-014,Ventilator,8,9,2026-09-11 19:32:32,Hospital Staff
UPD-003919,HSP-008,General Bed,100,98,2026-09-11 19:36:06,Hospital Staff
UPD-003920,HSP-020,General Bed,205,211,2026-09-11 19:44:37,Admin
UPD-003921,HSP-015,ICU,6,5,2026-09-11 19:46:05,Hospital Staff
UPD-003922,HSP-020,ICU,8,10,2026-09-11 19:47:12,Admin
UPD-003923,HSP-020,Ventilator,33,32,2026-09-11 19:50:07,Simulation
UPD-003924,HSP-019,Oxygen Bed,47,48,2026-09-11 19:55:27,Simulation
UPD-003925,HSP-021,ICU,3,1,2026-09-11 20:06:13,Hospital Staff
UPD-003926,HSP-025,Oxygen Bed,1,0,2026-09-11 20:07:08,Admin
UPD-003927,HSP-023,Oxygen Bed,9,8,2026-09-11 20:12:18,Admin
UPD-003928,HSP-008,Oxygen Bed,19,20,2026-09-11 20:14:47,Hospital Staff
UPD-003929,HSP-002,ICU,15,13,2026-09-11 20:15:23,Hospital Staff
UPD-003930,HSP-020,ICU,10,9,2026-09-11 20:18:12,Hospital Staff
UPD-003931,HSP-023,Ventilator,0,1,2026-09-11 20:30:27,Hospital Staff
UPD-003932,HSP-014,Oxygen Bed,17,18,2026-09-11 20:33:37,Hospital Staff
UPD-003933,HSP-004,Oxygen Bed,16,17,2026-09-11 20:33:52,Simulation
UPD-003934,HSP-008,Ventilator,6,7,2026-09-11 20:36:23,Hospital Staff
UPD-003935,HSP-006,ICU,3,1,2026-09-11 20:38:06,Hospital Staff
UPD-003936,HSP-020,ICU,9,10,2026-09-11 20:40:25,Simulation
UPD-003937,HSP-006,General Bed,5,9,2026-09-11 20:50:54,Hospital Staff
UPD-003938,HSP-008,Oxygen Bed,20,17,2026-09-11 20:52:06,Simulation
UPD-003939,HSP-008,General Bed,98,101,2026-09-11 20:56:15,Hospital Staff
UPD-003940,HSP-017,Oxygen Bed,0,3,2026-09-11 20:58:17,Hospital Staff
UPD-003941,HSP-021,ICU,1,2,2026-09-11 20:58:59,Hospital Staff
UPD-003942,HSP-002,Ventilator,7,8,2026-09-11 21:03:12,Hospital Staff
UPD-003943,HSP-024,ICU,4,6,2026-09-11 21:06:43,Simulation
UPD-003944,HSP-019,General Bed,115,113,2026-09-11 21:12:12,Admin
UPD-003945,HSP-020,Oxygen Bed,44,47,2026-09-11 21:15:59,Admin
UPD-003946,HSP-002,Ventilator,8,7,2026-09-11 21:16:09,Hospital Staff
UPD-003947,HSP-023,General Bed,20,18,2026-09-11 21:16:53,Hospital Staff
UPD-003948,HSP-025,ICU,4,2,2026-09-11 21:19:05,Admin
UPD-003949,HSP-002,ICU,13,11,2026-09-11 21:20:03,Hospital Staff
UPD-003950,HSP-011,General Bed,39,38,2026-09-11 21:26:06,Admin
UPD-003951,HSP-019,Ventilator,2,3,2026-09-11 21:26:40,Hospital Staff
UPD-003952,HSP-013,Oxygen Bed,15,17,2026-09-11 21:28:18,Simulation
UPD-003953,HSP-006,Oxygen Bed,3,1,2026-09-11 21:33:36,Hospital Staff
UPD-003954,HSP-004,Ventilator,8,7,2026-09-11 21:34:25,Hospital Staff
UPD-003955,HSP-014,Ventilator,9,10,2026-09-11 21:43:58,Hospital Staff
UPD-003956,HSP-016,Ventilator,8,9,2026-09-11 21:45:34,Admin
UPD-003957,HSP-010,Ventilator,11,12,2026-09-11 21:46:46,Hospital Staff
UPD-003958,HSP-023,General Bed,18,21,2026-09-11 21:48:23,Hospital Staff
UPD-003959,HSP-002,Oxygen Bed,28,27,2026-09-11 21:54:52,Simulation
UPD-003960,HSP-010,ICU,17,16,2026-09-11 21:56:55,Admin
UPD-003961,HSP-024,Oxygen Bed,39,41,2026-09-11 22:00:10,Hospital Staff
UPD-003962,HSP-014,Oxygen Bed,18,21,2026-09-11 22:06:56,Admin
UPD-003963,HSP-013,Ventilator,10,9,2026-09-11 22:11:35,Admin
UPD-003964,HSP-018,General Bed,31,33,2026-09-11 22:14:22,Admin
UPD-003965,HSP-021,General Bed,24,28,2026-09-11 22:14:57,Hospital Staff
UPD-003966,HSP-003,Oxygen Bed,16,18,2026-09-11 22:14:59,Hospital Staff
UPD-003967,HSP-010,General Bed,37,31,2026-09-11 22:28:16,Admin
UPD-003968,HSP-024,General Bed,11,16,2026-09-11 22:37:09,Hospital Staff
UPD-003969,HSP-009,ICU,6,5,2026-09-11 22:41:23,Simulation
UPD-003970,HSP-006,General Bed,9,13,2026-09-11 22:43:24,Hospital Staff
UPD-003971,HSP-024,General Bed,16,11,2026-09-11 22:45:02,Admin
UPD-003972,HSP-004,Ventilator,7,8,2026-09-11 22:47:46,Hospital Staff
UPD-003973,HSP-018,Ventilator,4,5,2026-09-11 22:51:36,Hospital Staff
UPD-003974,HSP-023,Ventilator,1,2,2026-09-11 22:54:38,Hospital Staff
UPD-003975,HSP-008,Ventilator,7,8,2026-09-11 22:54:44,Hospital Staff
UPD-003976,HSP-022,General Bed,47,42,2026-09-11 22:59:24,Hospital Staff
UPD-003977,HSP-025,Ventilator,1,0,2026-09-11 23:00:37,Hospital Staff
UPD-003978,HSP-021,Ventilator,1,2,2026-09-11 23:01:11,Hospital Staff
UPD-003979,HSP-019,General Bed,113,116,2026-09-11 23:05:16,Admin
UPD-003980,HSP-014,ICU,7,8,2026-09-11 23:09:56,Hospital Staff
UPD-003981,HSP-006,Oxygen Bed,1,3,2026-09-11 23:21:58,Hospital Staff
UPD-003982,HSP-012,Ventilator,5,4,2026-09-11 23:22:04,Admin
UPD-003983,HSP-004,Ventilator,8,7,2026-09-11 23:29:37,Hospital Staff
UPD-003984,HSP-021,Ventilator,2,3,2026-09-11 23:33:15,Hospital Staff
UPD-003985,HSP-020,Oxygen Bed,47,49,2026-09-11 23:38:00,Hospital Staff
UPD-003986,HSP-016,Oxygen Bed,3,6,2026-09-11 23:40:55,Simulation
UPD-003987,HSP-013,ICU,10,11,2026-09-11 23:45:19,Admin
UPD-003988,HSP-015,General Bed,55,51,2026-09-11 23:45:22,Hospital Staff
UPD-003989,HSP-004,General Bed,73,78,2026-09-11 23:47:20,Admin
UPD-003990,HSP-020,Oxygen Bed,49,50,2026-09-11 23:50:29,Hospital Staff
UPD-003991,HSP-019,Oxygen Bed,48,46,2026-09-11 23:53:46,Hospital Staff
UPD-003992,HSP-004,Oxygen Bed,17,19,2026-09-11 23:59:01,Simulation
UPD-003993,HSP-008,ICU,32,34,2026-09-11 23:59:20,Hospital Staff
UPD-003994,HSP-006,General Bed,13,18,2026-09-12 00:00:41,Hospital Staff
UPD-003995,HSP-022,Oxygen Bed,5,2,2026-09-12 00:10:08,Admin
UPD-003996,HSP-007,Oxygen Bed,54,55,2026-09-12 00:14:10,Simulation
UPD-003997,HSP-024,Oxygen Bed,41,40,2026-09-12 00:14:30,Hospital Staff
UPD-003998,HSP-002,Ventilator,7,8,2026-09-12 00:14:37,Hospital Staff
UPD-003999,HSP-014,Oxygen Bed,21,24,2026-09-12 00:17:27,Admin
UPD-004000,HSP-001,Ventilator,8,7,2026-09-12 00:31:17,Hospital Staff
UPD-004001,HSP-007,Ventilator,18,19,2026-09-12 00:42:11,Hospital Staff
UPD-004002,HSP-015,Ventilator,6,5,2026-09-12 00:50:58,Hospital Staff
UPD-004003,HSP-013,General Bed,1,7,2026-09-12 00:58:39,Hospital Staff
UPD-004004,HSP-003,ICU,8,6,2026-09-12 01:02:44,Hospital Staff
UPD-004005,HSP-016,Oxygen Bed,6,5,2026-09-12 01:15:37,Hospital Staff
UPD-004006,HSP-023,Ventilator,2,1,2026-09-12 01:15:43,Simulation
UPD-004007,HSP-022,ICU,13,15,2026-09-12 01:16:27,Hospital Staff
UPD-004008,HSP-009,General Bed,12,16,2026-09-12 01:23:13,Simulation
UPD-004009,HSP-007,ICU,39,37,2026-09-12 01:31:59,Admin
UPD-004010,HSP-010,General Bed,31,25,2026-09-12 01:36:06,Hospital Staff
UPD-004011,HSP-011,Ventilator,4,5,2026-09-12 01:37:52,Admin
UPD-004012,HSP-023,Ventilator,1,2,2026-09-12 01:38:52,Simulation
UPD-004013,HSP-007,ICU,37,36,2026-09-12 01:47:02,Hospital Staff
UPD-004014,HSP-017,General Bed,37,33,2026-09-12 01:47:23,Hospital Staff
UPD-004015,HSP-024,General Bed,11,15,2026-09-12 01:50:16,Hospital Staff
UPD-004016,HSP-018,ICU,4,5,2026-09-12 01:50:53,Hospital Staff
UPD-004017,HSP-021,ICU,2,0,2026-09-12 01:53:18,Hospital Staff
UPD-004018,HSP-001,General Bed,101,102,2026-09-12 01:57:26,Admin
UPD-004019,HSP-021,ICU,0,2,2026-09-12 01:57:54,Hospital Staff
UPD-004020,HSP-011,Ventilator,5,6,2026-09-12 02:01:57,Admin
UPD-004021,HSP-019,Oxygen Bed,46,47,2026-09-12 02:14:55,Admin
UPD-004022,HSP-006,ICU,1,3,2026-09-12 02:17:22,Hospital Staff
UPD-004023,HSP-008,Ventilator,8,7,2026-09-12 02:17:55,Hospital Staff
UPD-004024,HSP-019,General Bed,116,118,2026-09-12 02:19:28,Simulation
UPD-004025,HSP-001,Oxygen Bed,61,63,2026-09-12 02:27:54,Hospital Staff
UPD-004026,HSP-021,Oxygen Bed,27,25,2026-09-12 02:34:31,Hospital Staff
UPD-004027,HSP-024,Ventilator,4,5,2026-09-12 02:35:42,Hospital Staff
UPD-004028,HSP-004,General Bed,78,84,2026-09-12 02:37:56,Hospital Staff
UPD-004029,HSP-007,Oxygen Bed,55,58,2026-09-12 02:43:11,Admin
UPD-004030,HSP-005,Oxygen Bed,1,4,2026-09-12 02:44:56,Simulation
UPD-004031,HSP-003,Ventilator,8,7,2026-09-12 02:47:58,Admin
UPD-004032,HSP-019,Oxygen Bed,47,46,2026-09-12 02:48:29,Simulation
UPD-004033,HSP-002,Ventilator,8,9,2026-09-12 02:55:57,Hospital Staff
UPD-004034,HSP-005,ICU,5,3,2026-09-12 02:58:36,Hospital Staff
UPD-004035,HSP-019,Ventilator,3,4,2026-09-12 03:00:27,Hospital Staff
UPD-004036,HSP-009,ICU,5,3,2026-09-12 03:04:16,Hospital Staff
UPD-004037,HSP-009,General Bed,16,19,2026-09-12 03:05:14,Admin
UPD-004038,HSP-022,General Bed,42,47,2026-09-12 03:09:24,Hospital Staff
UPD-004039,HSP-001,ICU,31,32,2026-09-12 03:20:11,Admin
UPD-004040,HSP-020,ICU,10,9,2026-09-12 03:23:43,Hospital Staff
UPD-004041,HSP-016,General Bed,28,34,2026-09-12 03:26:55,Hospital Staff
UPD-004042,HSP-017,General Bed,33,37,2026-09-12 03:28:42,Hospital Staff
UPD-004043,HSP-006,Ventilator,1,2,2026-09-12 03:30:40,Hospital Staff
UPD-004044,HSP-008,ICU,34,32,2026-09-12 03:31:24,Hospital Staff
UPD-004045,HSP-005,Oxygen Bed,4,1,2026-09-12 03:31:32,Hospital Staff
UPD-004046,HSP-015,ICU,5,3,2026-09-12 03:31:57,Admin
UPD-004047,HSP-011,Ventilator,6,7,2026-09-12 03:32:22,Hospital Staff
UPD-004048,HSP-021,ICU,2,3,2026-09-12 03:40:05,Hospital Staff
UPD-004049,HSP-003,Oxygen Bed,18,19,2026-09-12 03:40:13,Simulation
UPD-004050,HSP-003,Ventilator,7,6,2026-09-12 03:48:15,Admin
UPD-004051,HSP-019,ICU,15,17,2026-09-12 03:58:53,Hospital Staff
UPD-004052,HSP-009,ICU,3,5,2026-09-12 04:00:23,Admin
UPD-004053,HSP-023,ICU,6,4,2026-09-12 04:02:15,Hospital Staff
UPD-004054,HSP-023,Oxygen Bed,8,6,2026-09-12 04:05:47,Hospital Staff
UPD-004055,HSP-015,Ventilator,5,6,2026-09-12 04:07:01,Hospital Staff
UPD-004056,HSP-021,Ventilator,3,2,2026-09-12 04:07:47,Admin
UPD-004057,HSP-008,General Bed,101,96,2026-09-12 04:08:19,Hospital Staff
UPD-004058,HSP-011,General Bed,38,37,2026-09-12 04:19:28,Hospital Staff
UPD-004059,HSP-011,Oxygen Bed,11,8,2026-09-12 04:19:44,Admin
UPD-004060,HSP-016,Ventilator,9,8,2026-09-12 04:23:30,Hospital Staff
UPD-004061,HSP-016,Oxygen Bed,5,8,2026-09-12 04:24:04,Hospital Staff
UPD-004062,HSP-023,Oxygen Bed,6,5,2026-09-12 04:24:41,Hospital Staff
UPD-004063,HSP-017,General Bed,37,40,2026-09-12 04:29:03,Hospital Staff
UPD-004064,HSP-003,Ventilator,6,5,2026-09-12 04:31:12,Admin
UPD-004065,HSP-002,General Bed,49,54,2026-09-12 04:31:19,Hospital Staff
UPD-004066,HSP-015,General Bed,51,50,2026-09-12 04:36:07,Simulation
UPD-004067,HSP-012,General Bed,98,96,2026-09-12 04:37:34,Hospital Staff
UPD-004068,HSP-013,Oxygen Bed,17,18,2026-09-12 04:40:07,Admin
UPD-004069,HSP-024,Ventilator,5,6,2026-09-12 04:45:41,Hospital Staff
UPD-004070,HSP-011,General Bed,37,31,2026-09-12 04:54:42,Hospital Staff
UPD-004071,HSP-011,General Bed,31,33,2026-09-12 04:55:28,Hospital Staff
UPD-004072,HSP-001,General Bed,102,99,2026-09-12 05:00:20,Simulation
UPD-004073,HSP-006,General Bed,18,14,2026-09-12 05:02:32,Hospital Staff
UPD-004074,HSP-025,Oxygen Bed,0,2,2026-09-12 05:05:57,Simulation
UPD-004075,HSP-001,Ventilator,7,8,2026-09-12 05:07:16,Admin
UPD-004076,HSP-001,Oxygen Bed,63,65,2026-09-12 05:08:59,Admin
UPD-004077,HSP-018,Oxygen Bed,11,14,2026-09-12 05:13:56,Hospital Staff
UPD-004078,HSP-006,Ventilator,2,1,2026-09-12 05:20:34,Hospital Staff
UPD-004079,HSP-013,Ventilator,9,8,2026-09-12 05:31:51,Hospital Staff
UPD-004080,HSP-025,ICU,2,0,2026-09-12 05:33:37,Admin
UPD-004081,HSP-010,Ventilator,12,11,2026-09-12 05:37:12,Admin
UPD-004082,HSP-015,Ventilator,6,7,2026-09-12 05:40:12,Hospital Staff
UPD-004083,HSP-008,ICU,32,34,2026-09-12 05:46:47,Hospital Staff
UPD-004084,HSP-017,Oxygen Bed,3,5,2026-09-12 05:52:00,Admin
UPD-004085,HSP-012,ICU,11,13,2026-09-12 05:56:41,Hospital Staff
UPD-004086,HSP-008,General Bed,96,102,2026-09-12 05:58:15,Hospital Staff
UPD-004087,HSP-021,ICU,3,5,2026-09-12 06:00:38,Admin
UPD-004088,HSP-011,ICU,3,5,2026-09-12 06:01:56,Hospital Staff
UPD-004089,HSP-002,Oxygen Bed,27,28,2026-09-12 06:06:06,Hospital Staff
UPD-004090,HSP-009,Oxygen Bed,26,28,2026-09-12 06:06:08,Simulation
UPD-004091,HSP-011,ICU,5,4,2026-09-12 06:09:52,Hospital Staff
UPD-004092,HSP-001,General Bed,99,93,2026-09-12 06:10:09,Hospital Staff
UPD-004093,HSP-014,Oxygen Bed,24,21,2026-09-12 06:10:34,Simulation
UPD-004094,HSP-004,Ventilator,7,6,2026-09-12 06:11:06,Hospital Staff
UPD-004095,HSP-004,ICU,1,0,2026-09-12 06:14:30,Hospital Staff
UPD-004096,HSP-022,General Bed,47,52,2026-09-12 06:15:45,Admin
UPD-004097,HSP-012,Ventilator,4,5,2026-09-12 06:15:50,Hospital Staff
UPD-004098,HSP-023,ICU,4,3,2026-09-12 06:15:53,Hospital Staff
UPD-004099,HSP-007,Ventilator,19,20,2026-09-12 06:20:18,Admin
UPD-004100,HSP-024,Ventilator,6,7,2026-09-12 06:21:08,Hospital Staff
UPD-004101,HSP-021,ICU,5,7,2026-09-12 06:23:04,Admin
UPD-004102,HSP-006,ICU,3,2,2026-09-12 06:28:33,Hospital Staff
UPD-004103,HSP-014,ICU,8,10,2026-09-12 06:32:27,Admin
UPD-004104,HSP-018,Oxygen Bed,14,17,2026-09-12 06:43:13,Simulation
UPD-004105,HSP-013,Oxygen Bed,18,19,2026-09-12 06:45:07,Hospital Staff
UPD-004106,HSP-009,General Bed,19,15,2026-09-12 06:49:12,Simulation
UPD-004107,HSP-021,Oxygen Bed,25,22,2026-09-12 06:56:30,Simulation
UPD-004108,HSP-010,ICU,16,18,2026-09-12 06:56:50,Simulation
UPD-004109,HSP-004,General Bed,84,78,2026-09-12 07:07:56,Admin
UPD-004110,HSP-001,ICU,32,31,2026-09-12 07:07:59,Hospital Staff
UPD-004111,HSP-017,General Bed,40,39,2026-09-12 07:14:12,Hospital Staff
UPD-004112,HSP-006,Ventilator,1,2,2026-09-12 07:21:26,Hospital Staff
UPD-004113,HSP-020,General Bed,211,214,2026-09-12 07:26:20,Simulation
UPD-004114,HSP-023,General Bed,21,24,2026-09-12 07:27:49,Hospital Staff
UPD-004115,HSP-015,Ventilator,7,6,2026-09-12 07:32:23,Simulation
UPD-004116,HSP-005,ICU,3,4,2026-09-12 07:33:03,Hospital Staff
UPD-004117,HSP-016,General Bed,34,33,2026-09-12 07:34:46,Hospital Staff
UPD-004118,HSP-011,Oxygen Bed,8,10,2026-09-12 07:38:17,Simulation
UPD-004119,HSP-021,Ventilator,2,1,2026-09-12 07:39:29,Admin
UPD-004120,HSP-023,Ventilator,2,3,2026-09-12 07:39:59,Hospital Staff
UPD-004121,HSP-012,General Bed,96,94,2026-09-12 07:43:30,Hospital Staff
UPD-004122,HSP-009,General Bed,15,12,2026-09-12 07:53:25,Hospital Staff
UPD-004123,HSP-024,General Bed,15,21,2026-09-12 07:56:26,Simulation
UPD-004124,HSP-001,ICU,31,29,2026-09-12 07:58:18,Simulation
UPD-004125,HSP-015,ICU,3,4,2026-09-12 07:59:08,Simulation
UPD-004126,HSP-012,ICU,13,12,2026-09-12 08:00:07,Hospital Staff
UPD-004127,HSP-013,General Bed,7,10,2026-09-12 08:00:39,Simulation
UPD-004128,HSP-021,ICU,7,6,2026-09-12 08:09:42,Admin
UPD-004129,HSP-023,General Bed,24,20,2026-09-12 08:15:20,Hospital Staff
UPD-004130,HSP-012,General Bed,94,95,2026-09-12 08:24:59,Simulation
UPD-004131,HSP-007,General Bed,205,204,2026-09-12 08:25:06,Hospital Staff
UPD-004132,HSP-024,General Bed,21,27,2026-09-12 08:28:06,Hospital Staff
UPD-004133,HSP-012,ICU,12,10,2026-09-12 08:30:41,Hospital Staff
UPD-004134,HSP-014,General Bed,27,23,2026-09-12 08:31:36,Simulation
UPD-004135,HSP-011,Ventilator,7,8,2026-09-12 08:37:04,Simulation
UPD-004136,HSP-006,General Bed,14,20,2026-09-12 08:45:59,Hospital Staff
UPD-004137,HSP-015,ICU,4,5,2026-09-12 08:48:24,Hospital Staff
UPD-004138,HSP-007,Oxygen Bed,58,61,2026-09-12 08:49:17,Simulation
UPD-004139,HSP-007,General Bed,204,208,2026-09-12 08:53:02,Hospital Staff
UPD-004140,HSP-022,ICU,15,13,2026-09-12 08:55:38,Simulation
UPD-004141,HSP-011,General Bed,33,28,2026-09-12 08:57:36,Hospital Staff
UPD-004142,HSP-010,ICU,18,19,2026-09-12 08:57:39,Hospital Staff
UPD-004143,HSP-010,ICU,19,21,2026-09-12 08:58:51,Admin
UPD-004144,HSP-005,Oxygen Bed,1,4,2026-09-12 09:04:12,Hospital Staff
UPD-004145,HSP-023,ICU,3,2,2026-09-12 09:11:08,Admin
UPD-004146,HSP-011,ICU,4,2,2026-09-12 09:15:50,Admin
UPD-004147,HSP-020,General Bed,214,213,2026-09-12 09:18:50,Hospital Staff
UPD-004148,HSP-013,Oxygen Bed,19,17,2026-09-12 09:29:52,Hospital Staff
UPD-004149,HSP-002,ICU,11,12,2026-09-12 09:39:44,Hospital Staff
UPD-004150,HSP-019,ICU,17,15,2026-09-12 09:43:23,Hospital Staff
UPD-004151,HSP-021,Oxygen Bed,22,24,2026-09-12 09:44:24,Hospital Staff
UPD-004152,HSP-015,General Bed,50,44,2026-09-12 09:45:03,Hospital Staff
UPD-004153,HSP-003,Ventilator,5,4,2026-09-12 09:48:26,Admin
UPD-004154,HSP-014,Oxygen Bed,21,22,2026-09-12 09:55:16,Simulation
UPD-004155,HSP-010,ICU,21,23,2026-09-12 10:08:36,Simulation
UPD-004156,HSP-003,ICU,6,4,2026-09-12 10:10:56,Admin
UPD-004157,HSP-012,Oxygen Bed,57,54,2026-09-12 10:11:05,Hospital Staff
UPD-004158,HSP-001,ICU,29,30,2026-09-12 10:14:45,Hospital Staff
UPD-004159,HSP-016,Ventilator,8,9,2026-09-12 10:16:05,Hospital Staff
UPD-004160,HSP-018,Ventilator,5,6,2026-09-12 10:19:21,Admin
UPD-004161,HSP-013,ICU,11,10,2026-09-12 10:22:09,Simulation
UPD-004162,HSP-005,General Bed,16,11,2026-09-12 10:26:39,Hospital Staff
UPD-004163,HSP-010,Ventilator,11,10,2026-09-12 10:29:43,Simulation
UPD-004164,HSP-019,Oxygen Bed,46,45,2026-09-12 10:31:41,Hospital Staff
UPD-004165,HSP-023,Oxygen Bed,5,8,2026-09-12 10:32:48,Admin
UPD-004166,HSP-023,Oxygen Bed,8,6,2026-09-12 10:33:51,Admin
UPD-004167,HSP-023,Ventilator,3,2,2026-09-12 10:35:18,Simulation
UPD-004168,HSP-016,General Bed,33,30,2026-09-12 10:37:34,Admin
UPD-004169,HSP-017,ICU,2,1,2026-09-12 10:41:52,Hospital Staff
UPD-004170,HSP-012,General Bed,95,97,2026-09-12 10:53:38,Admin
UPD-004171,HSP-008,General Bed,102,98,2026-09-12 10:54:31,Hospital Staff
UPD-004172,HSP-006,Oxygen Bed,3,5,2026-09-12 10:59:32,Admin
UPD-004173,HSP-002,Oxygen Bed,28,27,2026-09-12 11:01:26,Hospital Staff
UPD-004174,HSP-007,Oxygen Bed,61,63,2026-09-12 11:06:52,Hospital Staff
UPD-004175,HSP-025,Oxygen Bed,2,5,2026-09-12 11:08:31,Hospital Staff
UPD-004176,HSP-003,Oxygen Bed,19,17,2026-09-12 11:09:18,Hospital Staff
UPD-004177,HSP-022,Oxygen Bed,2,3,2026-09-12 11:09:45,Hospital Staff
UPD-004178,HSP-003,Oxygen Bed,17,16,2026-09-12 11:13:32,Hospital Staff
UPD-004179,HSP-018,Oxygen Bed,17,18,2026-09-12 11:25:28,Hospital Staff
UPD-004180,HSP-025,Oxygen Bed,5,6,2026-09-12 11:26:50,Simulation
UPD-004181,HSP-011,General Bed,28,22,2026-09-12 11:37:23,Admin
UPD-004182,HSP-012,ICU,10,8,2026-09-12 11:39:50,Hospital Staff
UPD-004183,HSP-002,ICU,12,10,2026-09-12 11:50:33,Simulation
UPD-004184,HSP-002,General Bed,54,51,2026-09-12 11:51:54,Simulation
UPD-004185,HSP-011,Oxygen Bed,10,11,2026-09-12 11:56:39,Hospital Staff
UPD-004186,HSP-010,Oxygen Bed,2,0,2026-09-12 11:57:41,Hospital Staff
UPD-004187,HSP-002,ICU,10,11,2026-09-12 12:01:56,Hospital Staff
UPD-004188,HSP-024,Ventilator,7,6,2026-09-12 12:02:24,Admin
UPD-004189,HSP-008,General Bed,98,101,2026-09-12 12:05:52,Hospital Staff
UPD-004190,HSP-014,ICU,10,11,2026-09-12 12:16:35,Hospital Staff
UPD-004191,HSP-006,ICU,2,3,2026-09-12 12:20:34,Hospital Staff
UPD-004192,HSP-009,General Bed,12,16,2026-09-12 12:20:42,Simulation
UPD-004193,HSP-012,Ventilator,5,4,2026-09-12 12:26:21,Admin
UPD-004194,HSP-004,General Bed,78,83,2026-09-12 12:33:53,Hospital Staff
UPD-004195,HSP-015,Ventilator,6,7,2026-09-12 12:39:35,Simulation
UPD-004196,HSP-003,ICU,4,3,2026-09-12 12:43:14,Simulation
UPD-004197,HSP-004,Ventilator,6,7,2026-09-12 12:44:14,Hospital Staff
UPD-004198,HSP-024,ICU,6,4,2026-09-12 12:47:50,Simulation
UPD-004199,HSP-010,Oxygen Bed,0,1,2026-09-12 12:49:09,Hospital Staff
UPD-004200,HSP-011,ICU,2,0,2026-09-12 12:51:30,Hospital Staff
UPD-004201,HSP-003,Oxygen Bed,16,13,2026-09-12 12:54:52,Hospital Staff
UPD-004202,HSP-015,Ventilator,7,6,2026-09-12 12:54:54,Admin
UPD-004203,HSP-023,General Bed,20,17,2026-09-12 12:58:57,Simulation
UPD-004204,HSP-018,General Bed,33,27,2026-09-12 13:09:19,Hospital Staff
UPD-004205,HSP-020,Oxygen Bed,50,52,2026-09-12 13:14:08,Hospital Staff
UPD-004206,HSP-015,Ventilator,6,7,2026-09-12 13:16:34,Hospital Staff
UPD-004207,HSP-019,ICU,15,14,2026-09-12 13:18:56,Hospital Staff
UPD-004208,HSP-001,ICU,30,32,2026-09-12 13:28:30,Hospital Staff
UPD-004209,HSP-023,ICU,2,0,2026-09-12 13:30:12,Admin
UPD-004210,HSP-002,Ventilator,9,8,2026-09-12 13:31:07,Hospital Staff
UPD-004211,HSP-011,Ventilator,8,7,2026-09-12 13:32:48,Admin
UPD-004212,HSP-018,Ventilator,6,5,2026-09-12 13:41:05,Admin
UPD-004213,HSP-016,Oxygen Bed,8,7,2026-09-12 13:42:40,Hospital Staff
UPD-004214,HSP-015,ICU,5,3,2026-09-12 13:49:36,Hospital Staff
UPD-004215,HSP-001,General Bed,93,90,2026-09-12 13:52:26,Hospital Staff
UPD-004216,HSP-010,Oxygen Bed,1,3,2026-09-12 13:58:49,Hospital Staff
UPD-004217,HSP-001,ICU,32,33,2026-09-12 14:05:12,Hospital Staff
UPD-004218,HSP-023,General Bed,17,13,2026-09-12 14:07:18,Hospital Staff
UPD-004219,HSP-017,ICU,1,2,2026-09-12 14:11:05,Hospital Staff
UPD-004220,HSP-014,General Bed,23,19,2026-09-12 14:14:12,Hospital Staff
UPD-004221,HSP-023,Oxygen Bed,6,7,2026-09-12 14:20:53,Admin
UPD-004222,HSP-002,Ventilator,8,7,2026-09-12 14:26:34,Simulation
UPD-004223,HSP-004,Oxygen Bed,19,17,2026-09-12 14:31:48,Admin
UPD-004224,HSP-006,Ventilator,2,1,2026-09-12 14:41:43,Hospital Staff
UPD-004225,HSP-012,ICU,8,9,2026-09-12 14:46:02,Simulation
UPD-004226,HSP-004,Oxygen Bed,17,15,2026-09-12 15:07:02,Admin
UPD-004227,HSP-003,Ventilator,4,3,2026-09-12 15:08:21,Admin
UPD-004228,HSP-006,ICU,3,1,2026-09-12 15:15:48,Simulation
UPD-004229,HSP-019,Oxygen Bed,45,42,2026-09-12 15:18:15,Hospital Staff
UPD-004230,HSP-023,Oxygen Bed,7,9,2026-09-12 15:18:45,Admin
UPD-004231,HSP-016,Ventilator,9,8,2026-09-12 15:22:56,Hospital Staff
UPD-004232,HSP-009,Oxygen Bed,28,29,2026-09-12 15:25:46,Simulation
UPD-004233,HSP-024,Ventilator,6,5,2026-09-12 15:25:58,Hospital Staff
UPD-004234,HSP-013,ICU,10,11,2026-09-12 15:29:43,Hospital Staff
UPD-004235,HSP-023,General Bed,13,10,2026-09-12 15:29:57,Simulation
UPD-004236,HSP-013,Oxygen Bed,17,15,2026-09-12 15:35:14,Hospital Staff
UPD-004237,HSP-023,General Bed,10,16,2026-09-12 15:41:38,Admin
UPD-004238,HSP-021,Oxygen Bed,24,23,2026-09-12 15:45:10,Hospital Staff
UPD-004239,HSP-010,Ventilator,10,11,2026-09-12 15:51:29,Admin
UPD-004240,HSP-023,Oxygen Bed,9,11,2026-09-12 15:53:10,Hospital Staff
UPD-004241,HSP-005,General Bed,11,10,2026-09-12 15:54:42,Hospital Staff
UPD-004242,HSP-009,Oxygen Bed,29,31,2026-09-12 16:02:52,Simulation
UPD-004243,HSP-013,Ventilator,8,7,2026-09-12 16:03:30,Hospital Staff
UPD-004244,HSP-023,General Bed,16,21,2026-09-12 16:16:07,Simulation
UPD-004245,HSP-020,ICU,9,8,2026-09-12 16:17:33,Hospital Staff
UPD-004246,HSP-005,Oxygen Bed,4,1,2026-09-12 16:23:10,Admin
UPD-004247,HSP-017,Oxygen Bed,5,7,2026-09-12 16:24:08,Hospital Staff
UPD-004248,HSP-012,Oxygen Bed,54,56,2026-09-12 16:30:35,Hospital Staff
UPD-004249,HSP-022,Ventilator,3,2,2026-09-12 16:35:38,Admin
UPD-004250,HSP-005,ICU,4,5,2026-09-12 16:38:00,Hospital Staff
UPD-004251,HSP-024,Oxygen Bed,40,37,2026-09-12 16:44:23,Hospital Staff
UPD-004252,HSP-005,General Bed,10,16,2026-09-12 16:55:25,Hospital Staff
UPD-004253,HSP-017,General Bed,39,40,2026-09-12 17:00:18,Hospital Staff
UPD-004254,HSP-023,ICU,0,2,2026-09-12 17:03:42,Admin
UPD-004255,HSP-006,Ventilator,1,0,2026-09-12 17:04:53,Hospital Staff
UPD-004256,HSP-002,Ventilator,7,6,2026-09-12 17:06:08,Simulation
UPD-004257,HSP-014,General Bed,19,25,2026-09-12 17:08:06,Admin
UPD-004258,HSP-007,ICU,36,34,2026-09-12 17:15:25,Hospital Staff
UPD-004259,HSP-013,Ventilator,7,8,2026-09-12 17:19:45,Hospital Staff
UPD-004260,HSP-021,Ventilator,1,2,2026-09-12 17:25:05,Simulation
UPD-004261,HSP-003,Oxygen Bed,13,10,2026-09-12 17:28:24,Admin
UPD-004262,HSP-001,ICU,33,32,2026-09-12 17:41:36,Hospital Staff
UPD-004263,HSP-002,Ventilator,6,5,2026-09-12 17:45:57,Hospital Staff
UPD-004264,HSP-010,ICU,23,24,2026-09-12 18:00:25,Hospital Staff
UPD-004265,HSP-006,ICU,1,3,2026-09-12 18:01:00,Simulation
UPD-004266,HSP-001,General Bed,90,96,2026-09-12 18:09:33,Hospital Staff
UPD-004267,HSP-015,General Bed,44,48,2026-09-12 18:10:32,Hospital Staff
UPD-004268,HSP-001,Oxygen Bed,65,62,2026-09-12 18:14:06,Hospital Staff
UPD-004269,HSP-018,Ventilator,5,4,2026-09-12 18:16:18,Admin
UPD-004270,HSP-001,Ventilator,8,9,2026-09-12 18:21:55,Hospital Staff
UPD-004271,HSP-004,Ventilator,7,6,2026-09-12 18:33:08,Admin
UPD-004272,HSP-005,ICU,5,7,2026-09-12 18:36:11,Hospital Staff
UPD-004273,HSP-019,General Bed,118,122,2026-09-12 18:40:23,Hospital Staff
UPD-004274,HSP-022,General Bed,52,58,2026-09-12 18:44:17,Simulation
UPD-004275,HSP-013,Ventilator,8,9,2026-09-12 18:44:27,Hospital Staff
UPD-004276,HSP-010,General Bed,25,20,2026-09-12 18:44:33,Hospital Staff
UPD-004277,HSP-022,General Bed,58,55,2026-09-12 18:45:21,Hospital Staff
UPD-004278,HSP-023,ICU,2,3,2026-09-12 18:47:17,Admin
UPD-004279,HSP-020,General Bed,213,211,2026-09-12 18:50:48,Simulation
UPD-004280,HSP-004,General Bed,83,82,2026-09-12 18:51:27,Simulation
UPD-004281,HSP-025,ICU,0,2,2026-09-12 19:01:47,Hospital Staff
UPD-004282,HSP-015,ICU,3,2,2026-09-12 19:04:07,Simulation
UPD-004283,HSP-005,ICU,7,8,2026-09-12 19:09:42,Hospital Staff
UPD-004284,HSP-024,ICU,4,5,2026-09-12 19:10:50,Hospital Staff
UPD-004285,HSP-023,ICU,3,1,2026-09-12 19:24:00,Hospital Staff
UPD-004286,HSP-007,Oxygen Bed,63,65,2026-09-12 19:33:04,Simulation
UPD-004287,HSP-007,General Bed,208,206,2026-09-12 19:46:06,Hospital Staff
UPD-004288,HSP-012,General Bed,97,98,2026-09-12 19:46:13,Hospital Staff
UPD-004289,HSP-015,ICU,2,4,2026-09-12 19:46:43,Hospital Staff
UPD-004290,HSP-003,ICU,3,1,2026-09-12 19:54:44,Admin
UPD-004291,HSP-024,General Bed,27,21,2026-09-12 19:59:59,Simulation
UPD-004292,HSP-005,Oxygen Bed,1,0,2026-09-12 20:00:54,Hospital Staff
UPD-004293,HSP-012,ICU,9,7,2026-09-12 20:04:55,Admin
UPD-004294,HSP-011,ICU,0,2,2026-09-12 20:06:39,Admin
UPD-004295,HSP-023,Ventilator,2,1,2026-09-12 20:09:11,Admin
UPD-004296,HSP-020,General Bed,211,215,2026-09-12 20:11:35,Hospital Staff
UPD-004297,HSP-024,ICU,5,7,2026-09-12 20:23:16,Hospital Staff
UPD-004298,HSP-008,ICU,34,33,2026-09-12 20:24:53,Simulation
UPD-004299,HSP-005,General Bed,16,20,2026-09-12 20:26:20,Simulation
UPD-004300,HSP-019,ICU,14,13,2026-09-12 20:28:37,Hospital Staff
UPD-004301,HSP-007,General Bed,206,202,2026-09-12 20:30:57,Hospital Staff
UPD-004302,HSP-019,Oxygen Bed,42,39,2026-09-12 20:31:23,Admin
UPD-004303,HSP-018,ICU,5,6,2026-09-12 20:37:56,Hospital Staff
UPD-004304,HSP-006,General Bed,20,21,2026-09-12 20:48:52,Hospital Staff
UPD-004305,HSP-021,Ventilator,2,1,2026-09-12 20:52:09,Simulation
UPD-004306,HSP-007,Oxygen Bed,65,67,2026-09-12 21:00:27,Hospital Staff
UPD-004307,HSP-002,Ventilator,5,6,2026-09-12 21:03:16,Admin
UPD-004308,HSP-015,Ventilator,7,6,2026-09-12 21:06:07,Admin
UPD-004309,HSP-025,General Bed,43,37,2026-09-12 21:07:25,Admin
UPD-004310,HSP-015,ICU,4,2,2026-09-12 21:09:27,Simulation
UPD-004311,HSP-021,Oxygen Bed,23,21,2026-09-12 21:13:27,Admin
UPD-004312,HSP-015,ICU,2,4,2026-09-12 21:13:48,Hospital Staff
UPD-004313,HSP-006,Oxygen Bed,5,3,2026-09-12 21:27:49,Hospital Staff
UPD-004314,HSP-004,General Bed,82,80,2026-09-12 21:27:57,Hospital Staff
UPD-004315,HSP-004,Ventilator,6,5,2026-09-12 21:30:02,Hospital Staff
UPD-004316,HSP-002,Oxygen Bed,27,30,2026-09-12 21:30:19,Simulation
UPD-004317,HSP-022,Ventilator,2,3,2026-09-12 21:33:04,Hospital Staff
UPD-004318,HSP-025,Oxygen Bed,6,5,2026-09-12 21:39:06,Hospital Staff
UPD-004319,HSP-017,ICU,2,0,2026-09-12 21:44:58,Hospital Staff
UPD-004320,HSP-010,General Bed,20,16,2026-09-12 21:45:46,Admin
UPD-004321,HSP-017,ICU,0,1,2026-09-12 21:45:54,Hospital Staff
UPD-004322,HSP-008,General Bed,101,98,2026-09-12 21:48:11,Admin
UPD-004323,HSP-022,Oxygen Bed,3,0,2026-09-12 21:52:11,Simulation
UPD-004324,HSP-019,Ventilator,4,5,2026-09-12 22:01:29,Hospital Staff
UPD-004325,HSP-008,ICU,33,31,2026-09-12 22:12:17,Hospital Staff
UPD-004326,HSP-022,Oxygen Bed,0,3,2026-09-12 22:13:38,Simulation
UPD-004327,HSP-015,General Bed,48,47,2026-09-12 22:19:35,Hospital Staff
UPD-004328,HSP-014,General Bed,25,21,2026-09-12 22:31:04,Hospital Staff
UPD-004329,HSP-019,General Bed,122,119,2026-09-12 22:33:59,Admin
UPD-004330,HSP-016,ICU,2,0,2026-09-12 22:35:11,Admin
UPD-004331,HSP-012,Oxygen Bed,56,54,2026-09-12 22:42:18,Simulation
UPD-004332,HSP-013,General Bed,10,13,2026-09-12 22:44:06,Hospital Staff
UPD-004333,HSP-022,Ventilator,3,4,2026-09-12 22:53:30,Admin
UPD-004334,HSP-005,Ventilator,8,7,2026-09-12 22:59:38,Hospital Staff
UPD-004335,HSP-019,Oxygen Bed,39,41,2026-09-12 23:01:05,Hospital Staff
UPD-004336,HSP-005,General Bed,20,23,2026-09-12 23:33:19,Hospital Staff
UPD-004337,HSP-006,General Bed,21,17,2026-09-12 23:35:45,Hospital Staff
UPD-004338,HSP-014,Ventilator,10,11,2026-09-12 23:37:57,Admin
UPD-004339,HSP-001,Ventilator,9,10,2026-09-12 23:39:07,Simulation
UPD-004340,HSP-013,Ventilator,9,8,2026-09-12 23:40:27,Admin
UPD-004341,HSP-019,Oxygen Bed,41,38,2026-09-12 23:44:48,Hospital Staff
UPD-004342,HSP-012,Oxygen Bed,54,53,2026-09-12 23:46:21,Hospital Staff
UPD-004343,HSP-008,Oxygen Bed,17,18,2026-09-12 23:48:22,Hospital Staff
UPD-004344,HSP-021,ICU,6,5,2026-09-12 23:48:58,Simulation
UPD-004345,HSP-018,Ventilator,4,5,2026-09-12 23:50:06,Simulation
UPD-004346,HSP-011,Ventilator,7,6,2026-09-12 23:56:36,Hospital Staff
UPD-004347,HSP-025,Ventilator,0,1,2026-09-12 23:58:42,Hospital Staff
UPD-004348,HSP-004,Ventilator,5,4,2026-09-13 00:02:09,Hospital Staff
UPD-004349,HSP-008,ICU,31,30,2026-09-13 00:06:15,Hospital Staff
UPD-004350,HSP-015,General Bed,47,43,2026-09-13 00:09:21,Simulation
UPD-004351,HSP-018,General Bed,27,33,2026-09-13 00:14:47,Admin
UPD-004352,HSP-011,Oxygen Bed,11,10,2026-09-13 00:17:03,Hospital Staff
UPD-004353,HSP-012,Oxygen Bed,53,54,2026-09-13 00:24:07,Hospital Staff
UPD-004354,HSP-006,Oxygen Bed,3,1,2026-09-13 00:25:00,Simulation
UPD-004355,HSP-002,Oxygen Bed,30,31,2026-09-13 00:26:20,Simulation
UPD-004356,HSP-023,Oxygen Bed,11,8,2026-09-13 00:33:35,Admin
UPD-004357,HSP-015,ICU,4,2,2026-09-13 00:34:03,Hospital Staff
UPD-004358,HSP-019,Ventilator,5,4,2026-09-13 00:36:40,Hospital Staff
UPD-004359,HSP-002,General Bed,51,52,2026-09-13 00:37:41,Admin
UPD-004360,HSP-011,Ventilator,6,7,2026-09-13 00:44:52,Admin
UPD-004361,HSP-018,General Bed,33,36,2026-09-13 00:46:17,Hospital Staff
UPD-004362,HSP-018,Ventilator,5,6,2026-09-13 00:46:24,Hospital Staff
UPD-004363,HSP-022,Ventilator,4,3,2026-09-13 00:50:42,Hospital Staff
UPD-004364,HSP-023,General Bed,21,15,2026-09-13 00:58:24,Hospital Staff
UPD-004365,HSP-017,General Bed,40,46,2026-09-13 00:59:04,Hospital Staff
UPD-004366,HSP-005,Ventilator,7,6,2026-09-13 00:59:56,Admin
UPD-004367,HSP-004,General Bed,80,81,2026-09-13 01:00:37,Simulation
UPD-004368,HSP-006,ICU,3,1,2026-09-13 01:13:48,Hospital Staff
UPD-004369,HSP-016,General Bed,30,33,2026-09-13 01:20:31,Admin
UPD-004370,HSP-001,ICU,32,33,2026-09-13 01:21:08,Hospital Staff
UPD-004371,HSP-017,Oxygen Bed,7,5,2026-09-13 01:27:28,Hospital Staff
UPD-004372,HSP-002,ICU,11,12,2026-09-13 01:30:07,Hospital Staff
UPD-004373,HSP-011,General Bed,22,17,2026-09-13 01:31:25,Simulation
UPD-004374,HSP-011,Ventilator,7,8,2026-09-13 01:33:12,Hospital Staff
UPD-004375,HSP-009,ICU,5,7,2026-09-13 01:35:06,Hospital Staff
UPD-004376,HSP-019,Ventilator,4,3,2026-09-13 01:41:37,Admin
UPD-004377,HSP-009,General Bed,16,11,2026-09-13 01:50:34,Admin
UPD-004378,HSP-003,ICU,1,0,2026-09-13 01:54:15,Simulation
UPD-004379,HSP-009,General Bed,11,7,2026-09-13 01:54:55,Hospital Staff
UPD-004380,HSP-008,Ventilator,7,8,2026-09-13 01:56:19,Admin
UPD-004381,HSP-014,ICU,11,13,2026-09-13 01:57:16,Hospital Staff
UPD-004382,HSP-015,Ventilator,6,5,2026-09-13 01:59:17,Simulation
UPD-004383,HSP-013,General Bed,13,12,2026-09-13 02:02:37,Admin
UPD-004384,HSP-015,Ventilator,5,4,2026-09-13 02:05:06,Admin
UPD-004385,HSP-008,General Bed,98,92,2026-09-13 02:06:06,Hospital Staff
UPD-004386,HSP-010,General Bed,16,20,2026-09-13 02:07:07,Admin
UPD-004387,HSP-012,Ventilator,4,3,2026-09-13 02:10:21,Simulation
UPD-004388,HSP-014,Oxygen Bed,22,21,2026-09-13 02:11:22,Hospital Staff
UPD-004389,HSP-018,Ventilator,6,5,2026-09-13 02:16:22,Simulation
UPD-004390,HSP-007,Ventilator,20,19,2026-09-13 02:20:59,Hospital Staff
UPD-004391,HSP-005,ICU,8,6,2026-09-13 02:23:53,Simulation
UPD-004392,HSP-012,Oxygen Bed,54,55,2026-09-13 02:26:06,Simulation
UPD-004393,HSP-005,Ventilator,6,5,2026-09-13 02:26:41,Hospital Staff
UPD-004394,HSP-011,Ventilator,8,7,2026-09-13 02:32:21,Hospital Staff
UPD-004395,HSP-007,Ventilator,19,20,2026-09-13 02:34:03,Hospital Staff
UPD-004396,HSP-014,General Bed,21,25,2026-09-13 02:39:26,Simulation
UPD-004397,HSP-001,General Bed,96,91,2026-09-13 02:43:05,Simulation
UPD-004398,HSP-019,Ventilator,3,4,2026-09-13 02:43:24,Hospital Staff
UPD-004399,HSP-022,ICU,13,12,2026-09-13 02:46:31,Admin
UPD-004400,HSP-014,Ventilator,11,10,2026-09-13 02:51:26,Hospital Staff
UPD-004401,HSP-008,Oxygen Bed,18,19,2026-09-13 02:51:33,Hospital Staff
UPD-004402,HSP-023,ICU,1,3,2026-09-13 02:53:33,Hospital Staff
UPD-004403,HSP-011,General Bed,17,11,2026-09-13 02:54:08,Hospital Staff
UPD-004404,HSP-010,Oxygen Bed,3,0,2026-09-13 03:01:41,Simulation
UPD-004405,HSP-001,Oxygen Bed,62,59,2026-09-13 03:10:04,Admin
UPD-004406,HSP-016,Oxygen Bed,7,9,2026-09-13 03:15:01,Hospital Staff
UPD-004407,HSP-025,Oxygen Bed,5,2,2026-09-13 03:19:13,Admin
UPD-004408,HSP-022,Oxygen Bed,3,6,2026-09-13 03:26:11,Simulation
UPD-004409,HSP-005,ICU,6,5,2026-09-13 03:27:23,Admin
UPD-004410,HSP-017,ICU,1,3,2026-09-13 03:28:35,Simulation
UPD-004411,HSP-013,Oxygen Bed,15,14,2026-09-13 03:31:53,Admin
UPD-004412,HSP-008,Oxygen Bed,19,16,2026-09-13 03:32:24,Simulation
UPD-004413,HSP-004,Oxygen Bed,15,17,2026-09-13 03:33:10,Hospital Staff
UPD-004414,HSP-008,General Bed,92,91,2026-09-13 03:34:32,Simulation
UPD-004415,HSP-011,ICU,2,1,2026-09-13 03:50:52,Admin
UPD-004416,HSP-005,General Bed,23,22,2026-09-13 03:55:34,Simulation
UPD-004417,HSP-015,General Bed,43,40,2026-09-13 03:59:25,Hospital Staff
UPD-004418,HSP-025,General Bed,37,33,2026-09-13 04:01:04,Hospital Staff
UPD-004419,HSP-020,ICU,8,10,2026-09-13 04:02:48,Hospital Staff
UPD-004420,HSP-010,ICU,24,22,2026-09-13 04:10:08,Hospital Staff
UPD-004421,HSP-013,Ventilator,8,7,2026-09-13 04:12:26,Hospital Staff
UPD-004422,HSP-020,ICU,10,12,2026-09-13 04:13:20,Hospital Staff
UPD-004423,HSP-017,ICU,3,1,2026-09-13 04:14:52,Admin
UPD-004424,HSP-010,Ventilator,11,10,2026-09-13 04:20:00,Hospital Staff
UPD-004425,HSP-013,Ventilator,7,6,2026-09-13 04:29:18,Admin
UPD-004426,HSP-015,General Bed,40,38,2026-09-13 04:32:20,Hospital Staff
UPD-004427,HSP-015,General Bed,38,32,2026-09-13 04:32:28,Admin
UPD-004428,HSP-013,ICU,11,12,2026-09-13 04:33:55,Hospital Staff
UPD-004429,HSP-018,ICU,6,4,2026-09-13 04:35:03,Admin
UPD-004430,HSP-024,General Bed,21,16,2026-09-13 04:37:10,Admin
UPD-004431,HSP-018,Ventilator,5,4,2026-09-13 04:44:22,Hospital Staff
UPD-004432,HSP-006,Oxygen Bed,1,3,2026-09-13 04:48:40,Hospital Staff
UPD-004433,HSP-006,ICU,1,3,2026-09-13 04:49:13,Hospital Staff
UPD-004434,HSP-007,Ventilator,20,19,2026-09-13 04:54:49,Simulation
UPD-004435,HSP-007,Oxygen Bed,67,68,2026-09-13 04:58:19,Simulation
UPD-004436,HSP-015,Oxygen Bed,15,16,2026-09-13 05:01:56,Admin
UPD-004437,HSP-004,ICU,0,1,2026-09-13 05:10:50,Hospital Staff
UPD-004438,HSP-011,ICU,1,0,2026-09-13 05:12:51,Hospital Staff
UPD-004439,HSP-020,Ventilator,32,31,2026-09-13 05:17:19,Admin
UPD-004440,HSP-002,ICU,12,10,2026-09-13 05:18:28,Admin
UPD-004441,HSP-014,General Bed,25,21,2026-09-13 05:18:56,Hospital Staff
UPD-004442,HSP-025,Oxygen Bed,2,5,2026-09-13 05:19:30,Hospital Staff
UPD-004443,HSP-025,General Bed,33,36,2026-09-13 05:23:03,Hospital Staff
UPD-004444,HSP-024,ICU,7,8,2026-09-13 05:25:20,Simulation
UPD-004445,HSP-016,ICU,0,2,2026-09-13 05:26:24,Admin
UPD-004446,HSP-017,General Bed,46,50,2026-09-13 05:31:49,Admin
UPD-004447,HSP-007,Ventilator,19,20,2026-09-13 05:32:05,Simulation
UPD-004448,HSP-011,ICU,0,2,2026-09-13 05:42:11,Hospital Staff
UPD-004449,HSP-008,Ventilator,8,7,2026-09-13 05:46:34,Hospital Staff
UPD-004450,HSP-014,ICU,13,12,2026-09-13 05:50:26,Hospital Staff
UPD-004451,HSP-025,Ventilator,1,2,2026-09-13 05:51:43,Hospital Staff
UPD-004452,HSP-023,Oxygen Bed,8,7,2026-09-13 05:53:42,Hospital Staff
UPD-004453,HSP-021,Oxygen Bed,21,24,2026-09-13 05:57:52,Admin
UPD-004454,HSP-021,Oxygen Bed,24,23,2026-09-13 05:58:50,Admin
UPD-004455,HSP-010,Ventilator,10,11,2026-09-13 06:02:58,Hospital Staff
UPD-004456,HSP-018,General Bed,36,30,2026-09-13 06:07:39,Hospital Staff
UPD-004457,HSP-025,ICU,2,3,2026-09-13 06:12:53,Simulation
UPD-004458,HSP-015,Ventilator,4,3,2026-09-13 06:17:41,Hospital Staff
UPD-004459,HSP-018,General Bed,30,29,2026-09-13 06:19:54,Hospital Staff
UPD-004460,HSP-025,ICU,3,1,2026-09-13 06:23:50,Simulation
UPD-004461,HSP-022,Ventilator,3,2,2026-09-13 06:25:39,Simulation
UPD-004462,HSP-015,General Bed,32,34,2026-09-13 06:28:30,Hospital Staff
UPD-004463,HSP-007,Oxygen Bed,68,71,2026-09-13 06:30:31,Hospital Staff
UPD-004464,HSP-006,General Bed,17,14,2026-09-13 06:31:09,Hospital Staff
UPD-004465,HSP-008,General Bed,91,90,2026-09-13 06:36:03,Hospital Staff
UPD-004466,HSP-023,Oxygen Bed,7,5,2026-09-13 06:36:36,Hospital Staff
UPD-004467,HSP-022,Ventilator,2,1,2026-09-13 06:39:53,Hospital Staff
UPD-004468,HSP-022,ICU,12,11,2026-09-13 06:43:36,Hospital Staff
UPD-004469,HSP-013,General Bed,12,15,2026-09-13 06:43:48,Simulation
UPD-004470,HSP-001,Oxygen Bed,59,56,2026-09-13 06:53:20,Admin
UPD-004471,HSP-013,General Bed,15,14,2026-09-13 06:53:21,Hospital Staff
UPD-004472,HSP-016,Ventilator,8,9,2026-09-13 06:53:49,Simulation
UPD-004473,HSP-004,ICU,1,0,2026-09-13 06:57:25,Admin
UPD-004474,HSP-019,Oxygen Bed,38,36,2026-09-13 07:06:47,Hospital Staff
UPD-004475,HSP-025,Oxygen Bed,5,3,2026-09-13 07:07:24,Admin
UPD-004476,HSP-005,ICU,5,7,2026-09-13 07:09:46,Hospital Staff
UPD-004477,HSP-008,Ventilator,7,6,2026-09-13 07:23:59,Hospital Staff
UPD-004478,HSP-012,General Bed,98,100,2026-09-13 07:33:21,Admin
UPD-004479,HSP-017,Oxygen Bed,5,7,2026-09-13 07:37:32,Hospital Staff
UPD-004480,HSP-023,Oxygen Bed,5,2,2026-09-13 07:38:48,Hospital Staff
UPD-004481,HSP-021,General Bed,28,31,2026-09-13 07:39:29,Admin
UPD-004482,HSP-008,General Bed,90,86,2026-09-13 07:41:47,Hospital Staff
UPD-004483,HSP-001,ICU,33,34,2026-09-13 07:42:59,Admin
UPD-004484,HSP-021,ICU,5,3,2026-09-13 07:43:44,Admin
UPD-004485,HSP-001,ICU,34,32,2026-09-13 07:46:20,Hospital Staff
UPD-004486,HSP-009,ICU,7,6,2026-09-13 07:50:34,Hospital Staff
UPD-004487,HSP-002,Ventilator,6,7,2026-09-13 07:57:28,Hospital Staff
UPD-004488,HSP-011,Oxygen Bed,10,9,2026-09-13 08:01:35,Hospital Staff
UPD-004489,HSP-010,Ventilator,11,12,2026-09-13 08:06:27,Hospital Staff
UPD-004490,HSP-011,Oxygen Bed,9,11,2026-09-13 08:16:23,Hospital Staff
UPD-004491,HSP-003,ICU,0,2,2026-09-13 08:26:01,Hospital Staff
UPD-004492,HSP-014,ICU,12,14,2026-09-13 08:28:40,Hospital Staff
UPD-004493,HSP-012,ICU,7,5,2026-09-13 08:34:24,Hospital Staff
UPD-004494,HSP-001,Oxygen Bed,56,55,2026-09-13 08:34:37,Hospital Staff
UPD-004495,HSP-008,General Bed,86,92,2026-09-13 08:54:09,Simulation
UPD-004496,HSP-001,General Bed,91,97,2026-09-13 08:54:19,Admin
UPD-004497,HSP-014,Ventilator,10,9,2026-09-13 09:02:01,Simulation
UPD-004498,HSP-011,Ventilator,7,6,2026-09-13 09:15:18,Simulation
UPD-004499,HSP-021,Oxygen Bed,23,20,2026-09-13 09:17:25,Admin
UPD-004500,HSP-009,ICU,6,5,2026-09-13 09:23:05,Simulation
UPD-004501,HSP-004,Ventilator,4,3,2026-09-13 09:23:20,Hospital Staff
UPD-004502,HSP-001,Oxygen Bed,55,54,2026-09-13 09:35:38,Hospital Staff
UPD-004503,HSP-008,General Bed,92,90,2026-09-13 09:43:33,Hospital Staff
UPD-004504,HSP-001,General Bed,97,98,2026-09-13 09:54:05,Simulation
UPD-004505,HSP-024,ICU,8,10,2026-09-13 09:56:34,Hospital Staff
UPD-004506,HSP-019,ICU,13,14,2026-09-13 09:57:23,Hospital Staff
UPD-004507,HSP-023,Ventilator,1,0,2026-09-13 09:59:55,Simulation
UPD-004508,HSP-009,Oxygen Bed,31,28,2026-09-13 09:59:56,Simulation
UPD-004509,HSP-011,General Bed,11,16,2026-09-13 10:04:33,Hospital Staff
UPD-004510,HSP-007,Ventilator,20,21,2026-09-13 10:09:31,Hospital Staff
UPD-004511,HSP-008,Oxygen Bed,16,19,2026-09-13 10:14:16,Hospital Staff
UPD-004512,HSP-014,General Bed,21,15,2026-09-13 10:14:28,Hospital Staff
UPD-004513,HSP-024,Ventilator,5,4,2026-09-13 10:17:57,Hospital Staff
UPD-004514,HSP-021,Ventilator,1,2,2026-09-13 10:27:57,Simulation
UPD-004515,HSP-012,ICU,5,4,2026-09-13 10:30:04,Hospital Staff
UPD-004516,HSP-011,Oxygen Bed,11,9,2026-09-13 10:32:11,Simulation
UPD-004517,HSP-016,Ventilator,9,8,2026-09-13 10:32:50,Hospital Staff
UPD-004518,HSP-013,General Bed,14,16,2026-09-13 10:34:34,Admin
UPD-004519,HSP-004,Oxygen Bed,17,18,2026-09-13 10:36:42,Simulation
UPD-004520,HSP-003,General Bed,29,27,2026-09-13 10:39:08,Hospital Staff
UPD-004521,HSP-002,Oxygen Bed,31,28,2026-09-13 10:40:11,Hospital Staff
UPD-004522,HSP-009,Oxygen Bed,28,26,2026-09-13 10:49:58,Hospital Staff
UPD-004523,HSP-003,ICU,2,3,2026-09-13 10:52:12,Hospital Staff
UPD-004524,HSP-014,ICU,14,13,2026-09-13 10:54:47,Hospital Staff
UPD-004525,HSP-001,Ventilator,10,11,2026-09-13 10:57:10,Admin
UPD-004526,HSP-001,Oxygen Bed,54,55,2026-09-13 10:58:31,Admin
UPD-004527,HSP-004,Oxygen Bed,18,17,2026-09-13 11:07:45,Simulation
UPD-004528,HSP-015,Oxygen Bed,16,15,2026-09-13 11:10:17,Hospital Staff
UPD-004529,HSP-023,Ventilator,0,1,2026-09-13 11:12:18,Simulation
UPD-004530,HSP-009,General Bed,7,1,2026-09-13 11:13:40,Hospital Staff
UPD-004531,HSP-021,Ventilator,2,1,2026-09-13 11:15:07,Hospital Staff
UPD-004532,HSP-006,ICU,3,1,2026-09-13 11:16:01,Hospital Staff
UPD-004533,HSP-006,Oxygen Bed,3,0,2026-09-13 11:16:06,Hospital Staff
UPD-004534,HSP-003,ICU,3,5,2026-09-13 11:19:44,Admin
UPD-004535,HSP-007,Ventilator,21,20,2026-09-13 11:22:38,Hospital Staff
UPD-004536,HSP-010,General Bed,20,21,2026-09-13 11:25:26,Hospital Staff
UPD-004537,HSP-011,General Bed,16,20,2026-09-13 11:27:10,Hospital Staff
UPD-004538,HSP-003,General Bed,27,21,2026-09-13 11:27:22,Admin
UPD-004539,HSP-022,Ventilator,1,0,2026-09-13 11:30:14,Hospital Staff
UPD-004540,HSP-003,General Bed,21,16,2026-09-13 11:39:33,Hospital Staff
UPD-004541,HSP-021,Ventilator,1,0,2026-09-13 11:40:05,Simulation
UPD-004542,HSP-025,Oxygen Bed,3,6,2026-09-13 11:47:34,Simulation
UPD-004543,HSP-001,ICU,32,31,2026-09-13 11:47:41,Hospital Staff
UPD-004544,HSP-001,Oxygen Bed,55,52,2026-09-13 11:49:36,Hospital Staff
UPD-004545,HSP-024,Oxygen Bed,37,39,2026-09-13 11:49:45,Simulation
UPD-004546,HSP-017,ICU,1,3,2026-09-13 11:58:47,Hospital Staff
UPD-004547,HSP-021,General Bed,31,27,2026-09-13 12:03:40,Hospital Staff
UPD-004548,HSP-015,General Bed,34,38,2026-09-13 12:16:59,Hospital Staff
UPD-004549,HSP-017,ICU,3,1,2026-09-13 12:18:08,Hospital Staff
UPD-004550,HSP-020,General Bed,215,211,2026-09-13 12:19:40,Simulation
UPD-004551,HSP-016,Ventilator,8,9,2026-09-13 12:22:59,Hospital Staff
UPD-004552,HSP-005,Ventilator,5,4,2026-09-13 12:31:29,Hospital Staff
UPD-004553,HSP-015,ICU,2,4,2026-09-13 12:36:11,Simulation
UPD-004554,HSP-019,Ventilator,4,3,2026-09-13 12:37:13,Simulation
UPD-004555,HSP-009,General Bed,1,4,2026-09-13 12:37:28,Simulation
UPD-004556,HSP-007,ICU,34,35,2026-09-13 12:39:41,Hospital Staff
UPD-004557,HSP-008,Oxygen Bed,19,16,2026-09-13 12:45:59,Simulation
UPD-004558,HSP-013,ICU,12,13,2026-09-13 12:48:58,Hospital Staff
UPD-004559,HSP-012,Ventilator,3,2,2026-09-13 12:52:23,Hospital Staff
UPD-004560,HSP-019,ICU,14,12,2026-09-13 12:58:17,Simulation
UPD-004561,HSP-007,ICU,35,36,2026-09-13 13:22:09,Simulation
UPD-004562,HSP-021,Oxygen Bed,20,18,2026-09-13 13:25:22,Hospital Staff
UPD-004563,HSP-012,General Bed,100,104,2026-09-13 13:26:58,Hospital Staff
UPD-004564,HSP-006,General Bed,14,20,2026-09-13 13:30:56,Hospital Staff
UPD-004565,HSP-003,Ventilator,3,2,2026-09-13 13:33:17,Hospital Staff
UPD-004566,HSP-007,Ventilator,20,21,2026-09-13 13:33:59,Hospital Staff
UPD-004567,HSP-005,Ventilator,4,3,2026-09-13 13:35:52,Hospital Staff
UPD-004568,HSP-024,Oxygen Bed,39,38,2026-09-13 13:42:44,Admin
UPD-004569,HSP-007,Oxygen Bed,71,68,2026-09-13 13:42:56,Admin
UPD-004570,HSP-010,Oxygen Bed,0,2,2026-09-13 13:50:55,Hospital Staff
UPD-004571,HSP-011,ICU,2,4,2026-09-13 13:54:49,Hospital Staff
UPD-004572,HSP-016,Oxygen Bed,9,7,2026-09-13 13:56:54,Hospital Staff
UPD-004573,HSP-020,Ventilator,31,30,2026-09-13 13:57:05,Hospital Staff
UPD-004574,HSP-018,Oxygen Bed,18,16,2026-09-13 13:58:03,Hospital Staff
UPD-004575,HSP-001,Ventilator,11,10,2026-09-13 13:59:20,Admin
UPD-004576,HSP-002,ICU,10,11,2026-09-13 14:03:59,Hospital Staff
UPD-004577,HSP-009,Oxygen Bed,26,24,2026-09-13 14:07:50,Hospital Staff
UPD-004578,HSP-008,Oxygen Bed,16,14,2026-09-13 14:09:44,Hospital Staff
UPD-004579,HSP-003,Oxygen Bed,10,7,2026-09-13 14:10:59,Hospital Staff
UPD-004580,HSP-022,Ventilator,0,1,2026-09-13 14:15:28,Simulation
UPD-004581,HSP-019,General Bed,119,113,2026-09-13 14:15:31,Admin
UPD-004582,HSP-020,Oxygen Bed,52,55,2026-09-13 14:15:33,Simulation
UPD-004583,HSP-010,General Bed,21,27,2026-09-13 14:28:48,Hospital Staff
UPD-004584,HSP-023,Oxygen Bed,2,5,2026-09-13 14:33:29,Hospital Staff
UPD-004585,HSP-017,General Bed,50,45,2026-09-13 14:33:43,Hospital Staff
UPD-004586,HSP-002,Ventilator,7,6,2026-09-13 14:34:56,Admin
UPD-004587,HSP-008,ICU,30,29,2026-09-13 14:40:10,Hospital Staff
UPD-004588,HSP-020,Oxygen Bed,55,53,2026-09-13 14:42:29,Simulation
UPD-004589,HSP-012,ICU,4,6,2026-09-13 14:43:50,Hospital Staff
UPD-004590,HSP-009,ICU,5,4,2026-09-13 14:45:25,Hospital Staff
UPD-004591,HSP-019,Oxygen Bed,36,37,2026-09-13 14:51:24,Hospital Staff
UPD-004592,HSP-016,General Bed,33,38,2026-09-13 14:54:20,Hospital Staff
UPD-004593,HSP-023,General Bed,15,18,2026-09-13 14:55:03,Simulation
UPD-004594,HSP-003,Ventilator,2,3,2026-09-13 14:59:37,Admin
UPD-004595,HSP-001,General Bed,98,97,2026-09-13 15:11:44,Simulation
UPD-004596,HSP-023,ICU,3,2,2026-09-13 15:19:29,Hospital Staff
UPD-004597,HSP-025,General Bed,36,31,2026-09-13 15:20:05,Hospital Staff
UPD-004598,HSP-019,General Bed,113,117,2026-09-13 15:24:52,Admin
UPD-004599,HSP-012,General Bed,104,109,2026-09-13 15:26:20,Admin
UPD-004600,HSP-011,Oxygen Bed,9,8,2026-09-13 15:38:47,Hospital Staff
UPD-004601,HSP-011,General Bed,20,15,2026-09-13 15:41:34,Hospital Staff
UPD-004602,HSP-006,ICU,1,3,2026-09-13 15:42:52,Hospital Staff
UPD-004603,HSP-016,General Bed,38,39,2026-09-13 15:43:13,Simulation
UPD-004604,HSP-015,General Bed,38,35,2026-09-13 15:45:16,Hospital Staff
UPD-004605,HSP-018,Oxygen Bed,16,17,2026-09-13 15:49:59,Hospital Staff
UPD-004606,HSP-016,General Bed,39,38,2026-09-13 15:50:44,Hospital Staff
UPD-004607,HSP-023,Oxygen Bed,5,7,2026-09-13 15:54:32,Hospital Staff
UPD-004608,HSP-008,Ventilator,6,7,2026-09-13 16:05:15,Hospital Staff
UPD-004609,HSP-021,General Bed,27,21,2026-09-13 16:09:34,Hospital Staff
UPD-004610,HSP-006,Ventilator,0,1,2026-09-13 16:18:28,Hospital Staff
UPD-004611,HSP-007,Ventilator,21,20,2026-09-13 16:19:17,Simulation
UPD-004612,HSP-016,Ventilator,9,8,2026-09-13 16:22:55,Simulation
UPD-004613,HSP-015,Ventilator,3,2,2026-09-13 16:23:30,Admin
UPD-004614,HSP-018,Ventilator,4,5,2026-09-13 16:27:46,Admin
UPD-004615,HSP-016,ICU,2,4,2026-09-13 16:43:39,Admin
UPD-004616,HSP-002,ICU,11,12,2026-09-13 16:44:26,Admin
UPD-004617,HSP-019,ICU,12,10,2026-09-13 16:44:30,Hospital Staff
UPD-004618,HSP-001,Ventilator,10,9,2026-09-13 16:45:22,Hospital Staff
UPD-004619,HSP-008,General Bed,90,84,2026-09-13 16:50:28,Hospital Staff
UPD-004620,HSP-007,General Bed,202,208,2026-09-13 16:57:50,Hospital Staff
UPD-004621,HSP-018,ICU,4,2,2026-09-13 17:00:29,Simulation
UPD-004622,HSP-014,Ventilator,9,8,2026-09-13 17:01:55,Hospital Staff
UPD-004623,HSP-008,ICU,29,27,2026-09-13 17:08:09,Hospital Staff
UPD-004624,HSP-007,Oxygen Bed,68,67,2026-09-13 17:10:58,Hospital Staff
UPD-004625,HSP-002,General Bed,52,56,2026-09-13 17:16:43,Hospital Staff
UPD-004626,HSP-024,Oxygen Bed,38,35,2026-09-13 17:19:00,Admin
UPD-004627,HSP-019,General Bed,117,116,2026-09-13 17:19:05,Hospital Staff
UPD-004628,HSP-004,General Bed,81,86,2026-09-13 17:21:59,Hospital Staff
UPD-004629,HSP-001,Ventilator,9,8,2026-09-13 17:36:42,Hospital Staff
UPD-004630,HSP-015,Oxygen Bed,15,13,2026-09-13 17:40:43,Hospital Staff
UPD-004631,HSP-014,General Bed,15,18,2026-09-13 17:57:45,Hospital Staff
UPD-004632,HSP-008,ICU,27,26,2026-09-13 18:03:55,Simulation
UPD-004633,HSP-002,ICU,12,10,2026-09-13 18:06:04,Hospital Staff
UPD-004634,HSP-006,General Bed,20,21,2026-09-13 18:07:49,Hospital Staff
UPD-004635,HSP-002,General Bed,56,53,2026-09-13 18:08:20,Hospital Staff
UPD-004636,HSP-015,ICU,4,5,2026-09-13 18:09:16,Simulation
UPD-004637,HSP-001,Oxygen Bed,52,49,2026-09-13 18:09:21,Hospital Staff
UPD-004638,HSP-008,Ventilator,7,6,2026-09-13 18:09:31,Hospital Staff
UPD-004639,HSP-020,General Bed,211,205,2026-09-13 18:13:06,Admin
UPD-004640,HSP-009,ICU,4,3,2026-09-13 18:13:23,Simulation
UPD-004641,HSP-016,General Bed,38,32,2026-09-13 18:23:52,Hospital Staff
UPD-004642,HSP-025,General Bed,31,26,2026-09-13 18:25:07,Admin
UPD-004643,HSP-007,Oxygen Bed,67,68,2026-09-13 18:27:00,Simulation
UPD-004644,HSP-018,Oxygen Bed,17,19,2026-09-13 18:28:11,Hospital Staff
UPD-004645,HSP-019,Ventilator,3,2,2026-09-13 18:32:49,Admin
UPD-004646,HSP-002,ICU,10,11,2026-09-13 18:33:21,Hospital Staff
UPD-004647,HSP-024,Oxygen Bed,35,37,2026-09-13 18:33:40,Admin
UPD-004648,HSP-016,General Bed,32,33,2026-09-13 18:35:04,Hospital Staff
UPD-004649,HSP-006,Ventilator,1,2,2026-09-13 18:38:45,Hospital Staff
UPD-004650,HSP-021,Oxygen Bed,18,20,2026-09-13 18:39:57,Hospital Staff
UPD-004651,HSP-010,ICU,22,24,2026-09-13 18:41:16,Hospital Staff
UPD-004652,HSP-004,ICU,0,2,2026-09-13 18:44:40,Hospital Staff
UPD-004653,HSP-002,Oxygen Bed,28,30,2026-09-13 18:57:25,Simulation
UPD-004654,HSP-005,Ventilator,3,4,2026-09-13 18:58:28,Admin
UPD-004655,HSP-006,General Bed,21,19,2026-09-13 18:59:31,Hospital Staff
UPD-004656,HSP-013,General Bed,16,17,2026-09-13 19:01:59,Admin
UPD-004657,HSP-024,General Bed,16,12,2026-09-13 19:06:36,Admin
UPD-004658,HSP-016,ICU,4,6,2026-09-13 19:07:12,Admin
UPD-004659,HSP-002,ICU,11,13,2026-09-13 19:15:17,Simulation
UPD-004660,HSP-009,Oxygen Bed,24,27,2026-09-13 19:16:20,Hospital Staff
UPD-004661,HSP-024,General Bed,12,16,2026-09-13 19:20:02,Hospital Staff
UPD-004662,HSP-011,ICU,4,2,2026-09-13 19:24:12,Simulation
UPD-004663,HSP-013,Ventilator,6,5,2026-09-13 19:27:23,Hospital Staff
UPD-004664,HSP-004,ICU,2,0,2026-09-13 19:27:49,Hospital Staff
UPD-004665,HSP-015,Oxygen Bed,13,12,2026-09-13 19:31:55,Admin
UPD-004666,HSP-014,Oxygen Bed,21,22,2026-09-13 19:35:24,Hospital Staff
UPD-004667,HSP-019,General Bed,116,118,2026-09-13 19:38:03,Hospital Staff
UPD-004668,HSP-014,General Bed,18,16,2026-09-13 19:39:51,Hospital Staff
UPD-004669,HSP-014,General Bed,16,12,2026-09-13 19:41:08,Hospital Staff
UPD-004670,HSP-003,ICU,5,3,2026-09-13 19:48:48,Admin
UPD-004671,HSP-011,Ventilator,6,7,2026-09-13 19:49:46,Admin
UPD-004672,HSP-006,Ventilator,2,1,2026-09-13 19:57:00,Hospital Staff
UPD-004673,HSP-014,General Bed,12,13,2026-09-13 19:57:38,Admin
UPD-004674,HSP-017,Oxygen Bed,7,5,2026-09-13 20:08:22,Hospital Staff
UPD-004675,HSP-001,ICU,31,33,2026-09-13 20:10:25,Admin
UPD-004676,HSP-022,Oxygen Bed,6,5,2026-09-13 20:13:00,Simulation
UPD-004677,HSP-006,Oxygen Bed,0,2,2026-09-13 20:14:00,Admin
UPD-004678,HSP-017,ICU,1,0,2026-09-13 20:16:37,Admin
UPD-004679,HSP-010,Oxygen Bed,2,4,2026-09-13 20:17:38,Hospital Staff
UPD-004680,HSP-012,Ventilator,2,3,2026-09-13 20:20:22,Admin
UPD-004681,HSP-005,ICU,7,6,2026-09-13 20:21:13,Hospital Staff
UPD-004682,HSP-021,General Bed,21,19,2026-09-13 20:21:53,Hospital Staff
UPD-004683,HSP-012,Ventilator,3,4,2026-09-13 20:23:51,Admin
UPD-004684,HSP-023,ICU,2,4,2026-09-13 20:24:58,Hospital Staff
UPD-004685,HSP-006,General Bed,19,17,2026-09-13 20:28:55,Hospital Staff
UPD-004686,HSP-010,Ventilator,12,11,2026-09-13 20:30:00,Hospital Staff
UPD-004687,HSP-011,Oxygen Bed,8,11,2026-09-13 20:33:47,Hospital Staff
UPD-004688,HSP-014,General Bed,13,19,2026-09-13 20:36:31,Hospital Staff
UPD-004689,HSP-017,Oxygen Bed,5,7,2026-09-13 20:36:59,Hospital Staff
UPD-004690,HSP-004,General Bed,86,85,2026-09-13 20:39:35,Hospital Staff
UPD-004691,HSP-018,General Bed,29,31,2026-09-13 20:41:20,Hospital Staff
UPD-004692,HSP-004,General Bed,85,79,2026-09-13 20:42:15,Hospital Staff
UPD-004693,HSP-024,Oxygen Bed,37,36,2026-09-13 20:48:20,Hospital Staff
UPD-004694,HSP-016,Oxygen Bed,7,9,2026-09-13 20:55:45,Hospital Staff
UPD-004695,HSP-003,ICU,3,2,2026-09-13 21:02:18,Hospital Staff
UPD-004696,HSP-005,ICU,6,8,2026-09-13 21:07:14,Hospital Staff
UPD-004697,HSP-021,Oxygen Bed,20,21,2026-09-13 21:10:15,Hospital Staff
UPD-004698,HSP-013,Ventilator,5,4,2026-09-13 21:10:19,Simulation
UPD-004699,HSP-024,Oxygen Bed,36,38,2026-09-13 21:20:21,Admin
UPD-004700,HSP-021,Ventilator,0,1,2026-09-13 21:21:13,Admin
UPD-004701,HSP-025,Oxygen Bed,6,5,2026-09-13 21:22:53,Hospital Staff
UPD-004702,HSP-025,General Bed,26,31,2026-09-13 21:29:16,Hospital Staff
UPD-004703,HSP-005,General Bed,22,27,2026-09-13 21:30:50,Hospital Staff
UPD-004704,HSP-019,Oxygen Bed,37,34,2026-09-13 21:38:07,Simulation
UPD-004705,HSP-018,Oxygen Bed,19,18,2026-09-13 21:39:21,Hospital Staff
UPD-004706,HSP-003,Ventilator,3,4,2026-09-13 21:44:26,Hospital Staff
UPD-004707,HSP-010,ICU,24,23,2026-09-13 21:49:12,Admin
UPD-004708,HSP-014,Oxygen Bed,22,20,2026-09-13 21:49:20,Simulation
UPD-004709,HSP-008,General Bed,84,85,2026-09-13 21:50:34,Simulation
UPD-004710,HSP-009,Oxygen Bed,27,24,2026-09-13 22:03:34,Admin
UPD-004711,HSP-014,ICU,13,12,2026-09-13 22:11:59,Hospital Staff
UPD-004712,HSP-024,Oxygen Bed,38,35,2026-09-13 22:16:51,Hospital Staff
UPD-004713,HSP-006,Oxygen Bed,2,1,2026-09-13 22:18:08,Admin
UPD-004714,HSP-011,General Bed,15,21,2026-09-13 22:20:45,Simulation
UPD-004715,HSP-001,Ventilator,8,9,2026-09-13 22:24:22,Hospital Staff
UPD-004716,HSP-011,Ventilator,7,6,2026-09-13 22:25:45,Hospital Staff
UPD-004717,HSP-022,Ventilator,1,0,2026-09-13 22:27:53,Hospital Staff
UPD-004718,HSP-008,Ventilator,6,7,2026-09-13 22:40:23,Hospital Staff
UPD-004719,HSP-003,General Bed,16,18,2026-09-13 22:47:31,Hospital Staff
UPD-004720,HSP-019,ICU,10,9,2026-09-13 22:54:50,Admin
UPD-004721,HSP-021,Oxygen Bed,21,19,2026-09-13 23:00:26,Hospital Staff
UPD-004722,HSP-016,General Bed,33,35,2026-09-13 23:05:01,Hospital Staff
UPD-004723,HSP-008,ICU,26,25,2026-09-13 23:07:09,Hospital Staff
UPD-004724,HSP-015,General Bed,35,32,2026-09-13 23:09:41,Hospital Staff
UPD-004725,HSP-008,Oxygen Bed,14,13,2026-09-13 23:11:14,Hospital Staff
UPD-004726,HSP-025,Oxygen Bed,5,6,2026-09-13 23:12:55,Hospital Staff
UPD-004727,HSP-010,General Bed,27,26,2026-09-13 23:14:31,Simulation
UPD-004728,HSP-008,ICU,25,26,2026-09-13 23:15:39,Hospital Staff
UPD-004729,HSP-016,Oxygen Bed,9,6,2026-09-13 23:17:09,Simulation
UPD-004730,HSP-024,ICU,10,9,2026-09-13 23:29:58,Hospital Staff
UPD-004731,HSP-001,Ventilator,9,8,2026-09-13 23:34:07,Hospital Staff
UPD-004732,HSP-022,Ventilator,0,1,2026-09-13 23:48:09,Admin
UPD-004733,HSP-025,Ventilator,2,1,2026-09-13 23:59:49,Hospital Staff
UPD-004734,HSP-011,Ventilator,6,7,2026-09-13 23:59:58,Hospital Staff
UPD-004735,HSP-001,Oxygen Bed,49,51,2026-09-14 00:10:22,Hospital Staff
UPD-004736,HSP-019,Ventilator,2,1,2026-09-14 00:10:56,Hospital Staff
UPD-004737,HSP-020,Oxygen Bed,53,52,2026-09-14 00:11:44,Hospital Staff
UPD-004738,HSP-018,ICU,2,3,2026-09-14 00:12:28,Hospital Staff
UPD-004739,HSP-014,ICU,12,13,2026-09-14 00:21:37,Simulation
UPD-004740,HSP-024,Oxygen Bed,35,38,2026-09-14 00:25:26,Simulation
UPD-004741,HSP-003,ICU,2,4,2026-09-14 00:25:39,Hospital Staff
UPD-004742,HSP-001,ICU,33,34,2026-09-14 00:36:53,Hospital Staff
UPD-004743,HSP-013,ICU,13,12,2026-09-14 00:42:09,Hospital Staff
UPD-004744,HSP-005,General Bed,27,22,2026-09-14 00:45:12,Hospital Staff
UPD-004745,HSP-011,General Bed,21,19,2026-09-14 00:52:33,Hospital Staff
UPD-004746,HSP-006,ICU,3,1,2026-09-14 00:52:51,Admin
UPD-004747,HSP-010,Oxygen Bed,4,6,2026-09-14 00:56:09,Hospital Staff
UPD-004748,HSP-008,ICU,26,25,2026-09-14 00:57:53,Admin
UPD-004749,HSP-005,General Bed,22,24,2026-09-14 01:10:03,Hospital Staff
UPD-004750,HSP-002,Ventilator,6,5,2026-09-14 01:13:52,Admin
UPD-004751,HSP-020,General Bed,205,208,2026-09-14 01:14:04,Hospital Staff
UPD-004752,HSP-004,Ventilator,3,4,2026-09-14 01:18:22,Hospital Staff
UPD-004753,HSP-014,Oxygen Bed,20,23,2026-09-14 01:18:26,Hospital Staff
UPD-004754,HSP-014,General Bed,19,21,2026-09-14 01:30:13,Hospital Staff
UPD-004755,HSP-022,ICU,11,9,2026-09-14 01:35:08,Hospital Staff
UPD-004756,HSP-004,ICU,0,1,2026-09-14 01:38:31,Hospital Staff
UPD-004757,HSP-024,General Bed,16,12,2026-09-14 01:40:04,Hospital Staff
UPD-004758,HSP-025,Ventilator,1,0,2026-09-14 01:42:33,Hospital Staff
UPD-004759,HSP-021,Ventilator,1,2,2026-09-14 01:46:22,Hospital Staff
UPD-004760,HSP-021,ICU,3,5,2026-09-14 01:46:30,Simulation
UPD-004761,HSP-007,Oxygen Bed,68,70,2026-09-14 01:50:41,Hospital Staff
UPD-004762,HSP-025,Oxygen Bed,6,4,2026-09-14 01:51:10,Simulation
UPD-004763,HSP-006,Oxygen Bed,1,2,2026-09-14 01:55:54,Hospital Staff
UPD-004764,HSP-023,Oxygen Bed,7,9,2026-09-14 02:01:33,Simulation
UPD-004765,HSP-005,ICU,8,7,2026-09-14 02:05:54,Admin
UPD-004766,HSP-015,Ventilator,2,3,2026-09-14 02:13:22,Admin
UPD-004767,HSP-007,Oxygen Bed,70,68,2026-09-14 02:16:41,Hospital Staff
UPD-004768,HSP-025,Ventilator,0,1,2026-09-14 02:19:34,Hospital Staff
UPD-004769,HSP-002,General Bed,53,50,2026-09-14 02:19:55,Admin
UPD-004770,HSP-012,General Bed,109,105,2026-09-14 02:27:01,Admin
UPD-004771,HSP-001,ICU,34,35,2026-09-14 02:29:33,Admin
UPD-004772,HSP-019,Oxygen Bed,34,31,2026-09-14 02:33:15,Admin
UPD-004773,HSP-001,Oxygen Bed,51,49,2026-09-14 02:33:48,Simulation
UPD-004774,HSP-003,Ventilator,4,3,2026-09-14 02:43:19,Hospital Staff
UPD-004775,HSP-012,Oxygen Bed,55,58,2026-09-14 02:56:15,Admin
UPD-004776,HSP-021,Oxygen Bed,19,21,2026-09-14 02:59:55,Simulation
UPD-004777,HSP-005,Ventilator,4,5,2026-09-14 03:00:58,Hospital Staff
UPD-004778,HSP-005,General Bed,24,18,2026-09-14 03:11:59,Admin
UPD-004779,HSP-001,ICU,35,34,2026-09-14 03:16:12,Hospital Staff
UPD-004780,HSP-013,Oxygen Bed,14,13,2026-09-14 03:24:59,Hospital Staff
UPD-004781,HSP-011,Ventilator,7,8,2026-09-14 03:26:19,Admin
UPD-004782,HSP-015,Ventilator,3,4,2026-09-14 03:31:10,Hospital Staff
UPD-004783,HSP-007,Oxygen Bed,68,70,2026-09-14 03:31:49,Hospital Staff
UPD-004784,HSP-025,Ventilator,1,2,2026-09-14 03:43:20,Admin
UPD-004785,HSP-014,Ventilator,8,9,2026-09-14 03:59:26,Hospital Staff
UPD-004786,HSP-024,General Bed,12,15,2026-09-14 04:02:08,Hospital Staff
UPD-004787,HSP-020,Oxygen Bed,52,53,2026-09-14 04:02:36,Hospital Staff
UPD-004788,HSP-007,Ventilator,20,19,2026-09-14 04:03:02,Hospital Staff
UPD-004789,HSP-002,Oxygen Bed,30,33,2026-09-14 04:03:16,Hospital Staff
UPD-004790,HSP-024,Ventilator,4,3,2026-09-14 04:03:17,Simulation
UPD-004791,HSP-022,General Bed,55,52,2026-09-14 04:04:48,Admin
UPD-004792,HSP-012,ICU,6,8,2026-09-14 04:07:07,Hospital Staff
UPD-004793,HSP-022,ICU,9,10,2026-09-14 04:08:40,Hospital Staff
UPD-004794,HSP-013,General Bed,17,12,2026-09-14 04:11:34,Hospital Staff
UPD-004795,HSP-013,Oxygen Bed,13,11,2026-09-14 04:24:18,Hospital Staff
UPD-004796,HSP-025,Ventilator,2,1,2026-09-14 04:24:31,Simulation
UPD-004797,HSP-005,Ventilator,5,4,2026-09-14 04:24:48,Simulation
UPD-004798,HSP-004,Oxygen Bed,17,18,2026-09-14 04:26:45,Hospital Staff
UPD-004799,HSP-016,Oxygen Bed,6,8,2026-09-14 04:29:34,Simulation
UPD-004800,HSP-003,General Bed,18,17,2026-09-14 04:35:51,Hospital Staff
UPD-004801,HSP-024,Oxygen Bed,38,37,2026-09-14 04:36:59,Admin
UPD-004802,HSP-002,ICU,13,12,2026-09-14 04:39:15,Hospital Staff
UPD-004803,HSP-013,ICU,12,14,2026-09-14 04:40:01,Hospital Staff
UPD-004804,HSP-011,Oxygen Bed,11,14,2026-09-14 04:43:23,Hospital Staff
UPD-004805,HSP-010,ICU,23,22,2026-09-14 04:45:33,Hospital Staff
UPD-004806,HSP-019,ICU,9,11,2026-09-14 04:52:54,Simulation
UPD-004807,HSP-007,General Bed,208,202,2026-09-14 04:55:15,Hospital Staff
UPD-004808,HSP-001,Ventilator,8,9,2026-09-14 05:06:09,Simulation
UPD-004809,HSP-015,ICU,5,3,2026-09-14 05:07:36,Admin
UPD-004810,HSP-024,Ventilator,3,2,2026-09-14 05:15:49,Simulation
UPD-004811,HSP-012,General Bed,105,99,2026-09-14 05:16:16,Hospital Staff
UPD-004812,HSP-014,ICU,13,14,2026-09-14 05:29:18,Hospital Staff
UPD-004813,HSP-015,ICU,3,1,2026-09-14 05:30:45,Admin
UPD-004814,HSP-005,Oxygen Bed,0,2,2026-09-14 05:31:07,Hospital Staff
UPD-004815,HSP-008,General Bed,85,89,2026-09-14 05:31:11,Hospital Staff
UPD-004816,HSP-021,General Bed,19,22,2026-09-14 05:35:37,Hospital Staff
UPD-004817,HSP-017,General Bed,45,43,2026-09-14 05:37:56,Hospital Staff
UPD-004818,HSP-019,Ventilator,1,2,2026-09-14 05:46:04,Simulation
UPD-004819,HSP-001,Ventilator,9,8,2026-09-14 05:52:34,Hospital Staff
UPD-004820,HSP-013,ICU,14,15,2026-09-14 06:02:46,Hospital Staff
UPD-004821,HSP-022,Oxygen Bed,5,7,2026-09-14 06:06:27,Hospital Staff
UPD-004822,HSP-006,Ventilator,1,0,2026-09-14 06:07:41,Hospital Staff
UPD-004823,HSP-014,General Bed,21,26,2026-09-14 06:12:16,Hospital Staff
UPD-004824,HSP-007,Oxygen Bed,70,67,2026-09-14 06:19:07,Hospital Staff
UPD-004825,HSP-005,ICU,7,9,2026-09-14 06:22:30,Hospital Staff
UPD-004826,HSP-016,Ventilator,8,7,2026-09-14 06:29:15,Simulation
UPD-004827,HSP-020,Ventilator,30,29,2026-09-14 06:30:27,Simulation
UPD-004828,HSP-011,ICU,2,4,2026-09-14 06:32:32,Hospital Staff
UPD-004829,HSP-020,ICU,12,11,2026-09-14 06:41:57,Simulation
UPD-004830,HSP-015,Oxygen Bed,12,14,2026-09-14 06:51:52,Hospital Staff
UPD-004831,HSP-017,General Bed,43,46,2026-09-14 06:53:27,Hospital Staff
UPD-004832,HSP-025,Ventilator,1,2,2026-09-14 06:53:33,Admin
UPD-004833,HSP-024,Ventilator,2,3,2026-09-14 07:05:55,Hospital Staff
UPD-004834,HSP-010,ICU,22,20,2026-09-14 07:06:23,Hospital Staff
UPD-004835,HSP-014,Ventilator,9,8,2026-09-14 07:11:24,Hospital Staff
UPD-004836,HSP-008,Oxygen Bed,13,16,2026-09-14 07:14:45,Hospital Staff
UPD-004837,HSP-010,ICU,20,18,2026-09-14 07:15:21,Hospital Staff
UPD-004838,HSP-015,ICU,1,3,2026-09-14 07:18:55,Hospital Staff
UPD-004839,HSP-010,General Bed,26,28,2026-09-14 07:20:17,Hospital Staff
UPD-004840,HSP-011,ICU,4,6,2026-09-14 07:28:28,Simulation
UPD-004841,HSP-025,Oxygen Bed,4,6,2026-09-14 07:32:55,Admin
UPD-004842,HSP-025,Oxygen Bed,6,5,2026-09-14 07:35:05,Admin
UPD-004843,HSP-016,General Bed,35,29,2026-09-14 07:42:15,Hospital Staff
UPD-004844,HSP-006,Ventilator,0,1,2026-09-14 07:46:44,Hospital Staff
UPD-004845,HSP-013,General Bed,12,8,2026-09-14 07:50:42,Admin
UPD-004846,HSP-014,General Bed,26,32,2026-09-14 08:02:18,Hospital Staff
UPD-004847,HSP-011,ICU,6,5,2026-09-14 08:07:42,Hospital Staff
UPD-004848,HSP-018,ICU,3,2,2026-09-14 08:18:28,Admin
UPD-004849,HSP-020,General Bed,208,204,2026-09-14 08:36:28,Admin
UPD-004850,HSP-011,ICU,5,4,2026-09-14 08:43:13,Hospital Staff
UPD-004851,HSP-004,ICU,1,0,2026-09-14 08:45:29,Admin
UPD-004852,HSP-024,General Bed,15,21,2026-09-14 08:52:33,Admin
UPD-004853,HSP-021,Oxygen Bed,21,20,2026-09-14 08:54:11,Hospital Staff
UPD-004854,HSP-007,ICU,36,35,2026-09-14 08:58:04,Simulation
UPD-004855,HSP-002,Oxygen Bed,33,34,2026-09-14 09:05:53,Hospital Staff
UPD-004856,HSP-018,Oxygen Bed,18,20,2026-09-14 09:10:23,Hospital Staff
UPD-004857,HSP-011,Oxygen Bed,14,16,2026-09-14 09:13:00,Hospital Staff
UPD-004858,HSP-024,Ventilator,3,2,2026-09-14 09:23:14,Hospital Staff
UPD-004859,HSP-012,General Bed,99,101,2026-09-14 09:24:19,Hospital Staff
UPD-004860,HSP-015,Ventilator,4,3,2026-09-14 09:27:49,Hospital Staff
UPD-004861,HSP-022,General Bed,52,49,2026-09-14 09:30:22,Hospital Staff
UPD-004862,HSP-018,Ventilator,5,4,2026-09-14 09:36:51,Hospital Staff
UPD-004863,HSP-014,Ventilator,8,7,2026-09-14 09:38:33,Hospital Staff
UPD-004864,HSP-014,Ventilator,7,8,2026-09-14 09:38:37,Hospital Staff
UPD-004865,HSP-023,Oxygen Bed,9,7,2026-09-14 09:41:29,Hospital Staff
UPD-004866,HSP-013,Oxygen Bed,11,10,2026-09-14 09:44:39,Hospital Staff
UPD-004867,HSP-021,Ventilator,2,3,2026-09-14 09:51:26,Admin
UPD-004868,HSP-025,Ventilator,2,1,2026-09-14 10:02:27,Hospital Staff
UPD-004869,HSP-012,ICU,8,7,2026-09-14 10:13:04,Simulation
UPD-004870,HSP-004,Oxygen Bed,18,16,2026-09-14 10:13:17,Admin
UPD-004871,HSP-012,ICU,7,5,2026-09-14 10:13:43,Admin
UPD-004872,HSP-024,Ventilator,2,1,2026-09-14 10:22:54,Hospital Staff
UPD-004873,HSP-016,Oxygen Bed,8,11,2026-09-14 10:23:49,Hospital Staff
UPD-004874,HSP-012,General Bed,101,95,2026-09-14 10:25:21,Admin
UPD-004875,HSP-006,ICU,1,3,2026-09-14 10:30:32,Hospital Staff
UPD-004876,HSP-025,Oxygen Bed,5,3,2026-09-14 10:33:51,Simulation
UPD-004877,HSP-025,ICU,1,0,2026-09-14 10:34:10,Hospital Staff
UPD-004878,HSP-012,Oxygen Bed,58,57,2026-09-14 10:41:45,Hospital Staff
UPD-004879,HSP-010,ICU,18,17,2026-09-14 10:42:18,Hospital Staff
UPD-004880,HSP-021,Oxygen Bed,20,17,2026-09-14 10:53:05,Simulation
UPD-004881,HSP-024,General Bed,21,17,2026-09-14 11:00:49,Admin
UPD-004882,HSP-024,ICU,9,8,2026-09-14 11:03:09,Hospital Staff
UPD-004883,HSP-004,Oxygen Bed,16,19,2026-09-14 11:12:54,Admin
UPD-004884,HSP-001,Ventilator,8,7,2026-09-14 11:23:20,Admin
UPD-004885,HSP-024,Ventilator,1,0,2026-09-14 11:27:52,Hospital Staff
UPD-004886,HSP-005,General Bed,18,16,2026-09-14 11:28:54,Hospital Staff
UPD-004887,HSP-002,Oxygen Bed,34,31,2026-09-14 11:32:02,Admin
UPD-004888,HSP-022,Ventilator,1,2,2026-09-14 11:37:33,Hospital Staff
UPD-004889,HSP-002,General Bed,50,48,2026-09-14 11:44:10,Admin
UPD-004890,HSP-013,Ventilator,4,3,2026-09-14 11:46:28,Hospital Staff
UPD-004891,HSP-018,ICU,2,1,2026-09-14 11:48:55,Hospital Staff
UPD-004892,HSP-011,Oxygen Bed,16,13,2026-09-14 11:48:57,Hospital Staff
UPD-004893,HSP-019,Ventilator,2,1,2026-09-14 11:56:33,Admin
UPD-004894,HSP-011,Oxygen Bed,13,16,2026-09-14 12:02:15,Hospital Staff
UPD-004895,HSP-005,ICU,9,10,2026-09-14 12:02:21,Hospital Staff
UPD-004896,HSP-007,Ventilator,19,18,2026-09-14 12:05:24,Hospital Staff
UPD-004897,HSP-014,ICU,14,13,2026-09-14 12:07:25,Hospital Staff
UPD-004898,HSP-012,General Bed,95,97,2026-09-14 12:11:11,Hospital Staff
UPD-004899,HSP-008,ICU,25,23,2026-09-14 12:18:57,Admin
UPD-004900,HSP-003,Oxygen Bed,7,5,2026-09-14 12:25:44,Admin
UPD-004901,HSP-008,Oxygen Bed,16,14,2026-09-14 12:28:24,Admin
UPD-004902,HSP-004,General Bed,79,77,2026-09-14 12:35:17,Hospital Staff
UPD-004903,HSP-023,Ventilator,1,0,2026-09-14 12:35:19,Admin
UPD-004904,HSP-003,Ventilator,3,4,2026-09-14 12:48:11,Admin
UPD-004905,HSP-017,ICU,0,1,2026-09-14 12:55:43,Hospital Staff
UPD-004906,HSP-004,General Bed,77,79,2026-09-14 13:04:37,Hospital Staff
UPD-004907,HSP-024,General Bed,17,16,2026-09-14 13:05:31,Simulation
UPD-004908,HSP-003,Ventilator,4,3,2026-09-14 13:05:47,Hospital Staff
UPD-004909,HSP-017,Oxygen Bed,7,8,2026-09-14 13:10:16,Hospital Staff
UPD-004910,HSP-003,Ventilator,3,2,2026-09-14 13:13:26,Simulation
UPD-004911,HSP-002,ICU,12,13,2026-09-14 13:18:16,Simulation
UPD-004912,HSP-010,ICU,17,16,2026-09-14 13:19:26,Hospital Staff
UPD-004913,HSP-015,Oxygen Bed,14,13,2026-09-14 13:20:31,Simulation
UPD-004914,HSP-012,Oxygen Bed,57,60,2026-09-14 13:23:01,Hospital Staff
UPD-004915,HSP-004,Oxygen Bed,19,17,2026-09-14 13:28:55,Hospital Staff
UPD-004916,HSP-024,Oxygen Bed,37,39,2026-09-14 13:36:53,Hospital Staff
UPD-004917,HSP-018,Oxygen Bed,20,21,2026-09-14 13:36:58,Admin
UPD-004918,HSP-015,ICU,3,5,2026-09-14 13:37:52,Hospital Staff
UPD-004919,HSP-009,Oxygen Bed,24,23,2026-09-14 13:39:17,Simulation
UPD-004920,HSP-025,General Bed,31,33,2026-09-14 13:40:40,Simulation
UPD-004921,HSP-011,Oxygen Bed,16,14,2026-09-14 13:41:16,Hospital Staff
UPD-004922,HSP-019,ICU,11,13,2026-09-14 13:46:37,Admin
UPD-004923,HSP-019,General Bed,118,112,2026-09-14 13:48:16,Hospital Staff
UPD-004924,HSP-019,Ventilator,1,0,2026-09-14 13:49:04,Simulation
UPD-004925,HSP-003,Oxygen Bed,5,3,2026-09-14 13:50:27,Simulation
UPD-004926,HSP-005,Oxygen Bed,2,4,2026-09-14 13:52:47,Admin
UPD-004927,HSP-004,ICU,0,1,2026-09-14 13:55:05,Hospital Staff
UPD-004928,HSP-025,Ventilator,1,0,2026-09-14 13:59:21,Hospital Staff
UPD-004929,HSP-014,ICU,13,15,2026-09-14 13:59:58,Hospital Staff
UPD-004930,HSP-022,Ventilator,2,1,2026-09-14 14:00:51,Hospital Staff
UPD-004931,HSP-010,Oxygen Bed,6,9,2026-09-14 14:14:34,Hospital Staff
UPD-004932,HSP-008,Ventilator,7,6,2026-09-14 14:15:45,Admin
UPD-004933,HSP-004,Ventilator,4,5,2026-09-14 14:18:13,Hospital Staff
UPD-004934,HSP-020,ICU,11,9,2026-09-14 14:22:18,Hospital Staff
UPD-004935,HSP-007,Oxygen Bed,67,64,2026-09-14 14:30:39,Admin
UPD-004936,HSP-015,Oxygen Bed,13,10,2026-09-14 14:34:38,Hospital Staff
UPD-004937,HSP-025,General Bed,33,34,2026-09-14 14:47:55,Simulation
UPD-004938,HSP-003,Ventilator,2,3,2026-09-14 14:49:14,Admin
UPD-004939,HSP-014,General Bed,32,26,2026-09-14 14:49:17,Admin
UPD-004940,HSP-008,Oxygen Bed,14,13,2026-09-14 14:58:23,Hospital Staff
UPD-004941,HSP-004,Ventilator,5,4,2026-09-14 15:03:12,Hospital Staff
UPD-004942,HSP-009,General Bed,4,10,2026-09-14 15:04:38,Hospital Staff
UPD-004943,HSP-010,Ventilator,11,12,2026-09-14 15:05:31,Hospital Staff
UPD-004944,HSP-004,Ventilator,4,5,2026-09-14 15:07:12,Simulation
UPD-004945,HSP-019,General Bed,112,107,2026-09-14 15:14:53,Hospital Staff
UPD-004946,HSP-005,ICU,10,8,2026-09-14 15:27:52,Simulation
UPD-004947,HSP-017,General Bed,46,45,2026-09-14 15:37:17,Simulation
UPD-004948,HSP-003,Oxygen Bed,3,1,2026-09-14 15:39:01,Admin
UPD-004949,HSP-025,Ventilator,0,1,2026-09-14 15:46:22,Simulation
UPD-004950,HSP-008,General Bed,89,85,2026-09-14 15:47:40,Hospital Staff
UPD-004951,HSP-017,General Bed,45,43,2026-09-14 15:47:46,Simulation
UPD-004952,HSP-014,Ventilator,8,9,2026-09-14 15:48:04,Simulation
UPD-004953,HSP-017,ICU,1,0,2026-09-14 16:06:35,Hospital Staff
UPD-004954,HSP-014,General Bed,26,20,2026-09-14 16:07:18,Hospital Staff
UPD-004955,HSP-016,Oxygen Bed,11,13,2026-09-14 16:08:55,Hospital Staff
UPD-004956,HSP-023,Oxygen Bed,7,5,2026-09-14 16:13:21,Simulation
UPD-004957,HSP-008,General Bed,85,88,2026-09-14 16:15:31,Hospital Staff
UPD-004958,HSP-017,ICU,0,2,2026-09-14 16:17:28,Hospital Staff
UPD-004959,HSP-001,Ventilator,7,6,2026-09-14 16:22:19,Admin
UPD-004960,HSP-006,Oxygen Bed,2,5,2026-09-14 16:28:41,Hospital Staff
UPD-004961,HSP-020,General Bed,204,209,2026-09-14 16:29:39,Hospital Staff
UPD-004962,HSP-004,ICU,1,0,2026-09-14 16:29:46,Hospital Staff
UPD-004963,HSP-009,General Bed,10,7,2026-09-14 16:33:41,Admin
UPD-004964,HSP-012,Ventilator,4,3,2026-09-14 16:37:17,Hospital Staff
UPD-004965,HSP-016,Ventilator,7,8,2026-09-14 16:41:58,Hospital Staff
UPD-004966,HSP-018,Ventilator,4,3,2026-09-14 16:53:31,Hospital Staff
UPD-004967,HSP-020,Oxygen Bed,53,55,2026-09-14 16:53:32,Hospital Staff
UPD-004968,HSP-020,Ventilator,29,28,2026-09-14 16:58:23,Hospital Staff
UPD-004969,HSP-012,ICU,5,6,2026-09-14 16:58:38,Hospital Staff
UPD-004970,HSP-009,Oxygen Bed,23,22,2026-09-14 16:59:43,Hospital Staff
UPD-004971,HSP-021,Ventilator,3,2,2026-09-14 17:01:14,Hospital Staff
UPD-004972,HSP-022,ICU,10,12,2026-09-14 17:05:53,Hospital Staff
UPD-004973,HSP-019,ICU,13,12,2026-09-14 17:07:52,Hospital Staff
UPD-004974,HSP-015,ICU,5,7,2026-09-14 17:09:58,Hospital Staff
UPD-004975,HSP-011,Ventilator,8,7,2026-09-14 17:14:14,Admin
UPD-004976,HSP-002,Oxygen Bed,31,33,2026-09-14 17:20:14,Simulation
UPD-004977,HSP-019,General Bed,107,102,2026-09-14 17:20:22,Hospital Staff
UPD-004978,HSP-008,General Bed,88,94,2026-09-14 17:22:03,Simulation
UPD-004979,HSP-013,General Bed,8,6,2026-09-14 17:32:59,Simulation
UPD-004980,HSP-014,Oxygen Bed,23,20,2026-09-14 17:35:56,Hospital Staff
UPD-004981,HSP-004,Oxygen Bed,17,16,2026-09-14 17:36:42,Hospital Staff
UPD-004982,HSP-003,General Bed,17,19,2026-09-14 17:41:49,Hospital Staff
UPD-004983,HSP-007,General Bed,202,207,2026-09-14 17:50:33,Hospital Staff
UPD-004984,HSP-014,Ventilator,9,10,2026-09-14 17:52:22,Admin
UPD-004985,HSP-025,Oxygen Bed,3,5,2026-09-14 17:58:06,Hospital Staff
UPD-004986,HSP-007,ICU,35,36,2026-09-14 18:02:08,Admin
UPD-004987,HSP-013,Ventilator,3,4,2026-09-14 18:05:43,Hospital Staff
UPD-004988,HSP-002,General Bed,48,46,2026-09-14 18:06:59,Admin
UPD-004989,HSP-018,ICU,1,3,2026-09-14 18:10:44,Admin
UPD-004990,HSP-016,Oxygen Bed,13,11,2026-09-14 18:16:02,Simulation
UPD-004991,HSP-014,Ventilator,10,9,2026-09-14 18:17:32,Hospital Staff
UPD-004992,HSP-010,Oxygen Bed,9,11,2026-09-14 18:18:43,Simulation
UPD-004993,HSP-006,General Bed,17,16,2026-09-14 18:25:22,Simulation
UPD-004994,HSP-024,Ventilator,0,1,2026-09-14 18:28:23,Hospital Staff
UPD-004995,HSP-019,Ventilator,0,1,2026-09-14 18:29:50,Hospital Staff
UPD-004996,HSP-015,General Bed,32,33,2026-09-14 18:30:09,Hospital Staff
UPD-004997,HSP-003,ICU,4,6,2026-09-14 18:38:00,Hospital Staff
UPD-004998,HSP-006,Ventilator,1,2,2026-09-14 18:41:42,Hospital Staff
UPD-004999,HSP-001,Ventilator,6,7,2026-09-14 18:42:34,Hospital Staff
UPD-005000,HSP-005,General Bed,16,19,2026-09-14 18:45:42,Admin
UPD-005001,HSP-024,Ventilator,1,0,2026-09-14 18:48:44,Hospital Staff
UPD-005002,HSP-001,General Bed,97,102,2026-09-14 18:49:22,Simulation
UPD-005003,HSP-008,Ventilator,6,5,2026-09-14 18:50:04,Admin
UPD-005004,HSP-019,ICU,12,11,2026-09-14 18:50:06,Hospital Staff
UPD-005005,HSP-013,Ventilator,4,5,2026-09-14 18:53:20,Hospital Staff
UPD-005006,HSP-025,General Bed,34,28,2026-09-14 18:56:44,Simulation
UPD-005007,HSP-016,Ventilator,8,9,2026-09-14 18:57:19,Hospital Staff
UPD-005008,HSP-019,Oxygen Bed,31,30,2026-09-14 19:04:28,Hospital Staff
UPD-005009,HSP-002,ICU,13,11,2026-09-14 19:05:18,Admin
UPD-005010,HSP-025,Ventilator,1,2,2026-09-14 19:09:33,Admin
UPD-005011,HSP-018,Oxygen Bed,21,19,2026-09-14 19:11:43,Hospital Staff
UPD-005012,HSP-011,Oxygen Bed,14,11,2026-09-14 19:17:15,Hospital Staff
UPD-005013,HSP-010,General Bed,28,27,2026-09-14 19:20:42,Hospital Staff
UPD-005014,HSP-020,Ventilator,28,29,2026-09-14 19:32:41,Hospital Staff
UPD-005015,HSP-021,ICU,5,4,2026-09-14 19:35:47,Admin
UPD-005016,HSP-012,Oxygen Bed,60,57,2026-09-14 19:42:45,Hospital Staff
UPD-005017,HSP-001,ICU,34,33,2026-09-14 19:44:30,Simulation
UPD-005018,HSP-002,Ventilator,5,4,2026-09-14 19:47:02,Admin
UPD-005019,HSP-005,Oxygen Bed,4,2,2026-09-14 19:49:52,Hospital Staff
UPD-005020,HSP-003,Ventilator,3,4,2026-09-14 19:54:09,Hospital Staff
UPD-005021,HSP-024,ICU,8,6,2026-09-14 19:56:10,Admin
UPD-005022,HSP-015,General Bed,33,30,2026-09-14 20:03:41,Admin
UPD-005023,HSP-023,ICU,4,6,2026-09-14 20:08:11,Hospital Staff
UPD-005024,HSP-008,General Bed,94,93,2026-09-14 20:17:38,Hospital Staff
UPD-005025,HSP-025,Ventilator,2,1,2026-09-14 20:29:27,Hospital Staff
UPD-005026,HSP-020,General Bed,209,205,2026-09-14 20:36:33,Admin
UPD-005027,HSP-019,General Bed,102,96,2026-09-14 20:48:21,Hospital Staff
UPD-005028,HSP-018,ICU,3,1,2026-09-14 20:50:37,Hospital Staff
UPD-005029,HSP-015,Ventilator,3,4,2026-09-14 20:51:44,Hospital Staff
UPD-005030,HSP-011,ICU,4,2,2026-09-14 20:54:34,Hospital Staff
UPD-005031,HSP-016,General Bed,29,28,2026-09-14 21:01:14,Simulation
UPD-005032,HSP-005,General Bed,19,14,2026-09-14 21:04:22,Hospital Staff
UPD-005033,HSP-005,Oxygen Bed,2,4,2026-09-14 21:16:22,Hospital Staff
UPD-005034,HSP-016,Oxygen Bed,11,8,2026-09-14 21:18:41,Hospital Staff
UPD-005035,HSP-023,Ventilator,0,1,2026-09-14 21:19:48,Hospital Staff
UPD-005036,HSP-015,General Bed,30,36,2026-09-14 21:20:44,Hospital Staff
UPD-005037,HSP-016,Oxygen Bed,8,11,2026-09-14 21:23:44,Hospital Staff
UPD-005038,HSP-017,Oxygen Bed,8,5,2026-09-14 21:27:23,Hospital Staff
UPD-005039,HSP-004,Oxygen Bed,16,19,2026-09-14 21:29:44,Hospital Staff
UPD-005040,HSP-013,General Bed,6,0,2026-09-14 21:33:58,Hospital Staff
UPD-005041,HSP-005,Ventilator,4,3,2026-09-14 21:35:09,Hospital Staff
UPD-005042,HSP-012,ICU,6,4,2026-09-14 21:36:27,Admin
UPD-005043,HSP-018,General Bed,31,33,2026-09-14 21:37:01,Hospital Staff
UPD-005044,HSP-006,Ventilator,2,1,2026-09-14 21:46:32,Simulation
UPD-005045,HSP-024,Oxygen Bed,39,36,2026-09-14 21:47:28,Simulation
UPD-005046,HSP-022,Ventilator,1,0,2026-09-14 21:50:42,Simulation
UPD-005047,HSP-019,Ventilator,1,2,2026-09-14 21:51:11,Hospital Staff
UPD-005048,HSP-021,General Bed,22,27,2026-09-14 21:51:35,Hospital Staff
UPD-005049,HSP-017,General Bed,43,37,2026-09-14 22:06:06,Admin
UPD-005050,HSP-003,General Bed,19,13,2026-09-14 22:08:20,Hospital Staff
UPD-005051,HSP-005,Ventilator,3,2,2026-09-14 22:12:35,Hospital Staff
UPD-005052,HSP-023,General Bed,18,24,2026-09-14 22:16:39,Admin
UPD-005053,HSP-006,Oxygen Bed,5,2,2026-09-14 22:27:07,Hospital Staff
UPD-005054,HSP-001,General Bed,102,98,2026-09-14 22:28:09,Hospital Staff
UPD-005055,HSP-006,Oxygen Bed,2,5,2026-09-14 22:28:13,Hospital Staff
UPD-005056,HSP-021,Ventilator,2,1,2026-09-14 22:31:18,Hospital Staff
UPD-005057,HSP-002,General Bed,46,44,2026-09-14 22:34:13,Hospital Staff
UPD-005058,HSP-001,Ventilator,7,8,2026-09-14 22:37:49,Hospital Staff
UPD-005059,HSP-006,Oxygen Bed,5,3,2026-09-14 22:42:55,Hospital Staff
UPD-005060,HSP-006,ICU,3,2,2026-09-14 22:48:46,Simulation
UPD-005061,HSP-017,General Bed,37,36,2026-09-14 22:55:02,Hospital Staff
UPD-005062,HSP-003,ICU,6,4,2026-09-14 23:00:50,Hospital Staff
UPD-005063,HSP-006,Oxygen Bed,3,4,2026-09-14 23:07:02,Hospital Staff
UPD-005064,HSP-020,Ventilator,29,28,2026-09-14 23:13:58,Simulation
UPD-005065,HSP-003,Oxygen Bed,1,3,2026-09-14 23:19:54,Hospital Staff
UPD-005066,HSP-011,ICU,2,4,2026-09-14 23:21:15,Admin
UPD-005067,HSP-018,ICU,1,3,2026-09-14 23:23:14,Admin
UPD-005068,HSP-024,Oxygen Bed,36,37,2026-09-14 23:23:14,Hospital Staff
UPD-005069,HSP-011,Ventilator,7,8,2026-09-14 23:26:55,Hospital Staff
UPD-005070,HSP-003,General Bed,13,15,2026-09-14 23:31:29,Admin
UPD-005071,HSP-019,Ventilator,2,3,2026-09-14 23:31:55,Hospital Staff
UPD-005072,HSP-001,General Bed,98,97,2026-09-14 23:49:03,Hospital Staff
UPD-005073,HSP-004,Ventilator,5,6,2026-09-14 23:49:42,Simulation
UPD-005074,HSP-013,Oxygen Bed,10,9,2026-09-14 23:50:42,Hospital Staff
UPD-005075,HSP-007,Ventilator,18,19,2026-09-14 23:50:46,Hospital Staff
UPD-005076,HSP-024,General Bed,16,15,2026-09-14 23:55:42,Hospital Staff
UPD-005077,HSP-001,ICU,33,32,2026-09-14 23:57:41,Hospital Staff
UPD-005078,HSP-001,Ventilator,8,9,2026-09-15 00:05:11,Hospital Staff
UPD-005079,HSP-018,General Bed,33,29,2026-09-15 00:08:48,Admin
UPD-005080,HSP-007,General Bed,207,202,2026-09-15 00:13:00,Hospital Staff
UPD-005081,HSP-020,General Bed,205,211,2026-09-15 00:17:20,Hospital Staff
UPD-005082,HSP-012,General Bed,97,100,2026-09-15 00:17:49,Hospital Staff
UPD-005083,HSP-006,Oxygen Bed,4,3,2026-09-15 00:22:41,Hospital Staff
UPD-005084,HSP-016,General Bed,28,31,2026-09-15 00:25:33,Hospital Staff
UPD-005085,HSP-022,ICU,12,10,2026-09-15 00:28:25,Hospital Staff
UPD-005086,HSP-020,Oxygen Bed,55,56,2026-09-15 00:28:43,Hospital Staff
UPD-005087,HSP-010,ICU,16,15,2026-09-15 00:29:07,Hospital Staff
UPD-005088,HSP-007,Ventilator,19,18,2026-09-15 00:37:30,Hospital Staff
UPD-005089,HSP-011,General Bed,19,16,2026-09-15 00:38:56,Hospital Staff
UPD-005090,HSP-008,Ventilator,5,4,2026-09-15 00:40:28,Hospital Staff
UPD-005091,HSP-008,Oxygen Bed,13,11,2026-09-15 00:42:07,Simulation
UPD-005092,HSP-007,General Bed,202,196,2026-09-15 00:45:46,Hospital Staff
UPD-005093,HSP-006,ICU,2,3,2026-09-15 00:46:09,Admin
UPD-005094,HSP-016,Oxygen Bed,11,9,2026-09-15 00:50:41,Hospital Staff
UPD-005095,HSP-010,Ventilator,12,11,2026-09-15 01:02:49,Admin
UPD-005096,HSP-005,Ventilator,2,1,2026-09-15 01:02:51,Hospital Staff
UPD-005097,HSP-016,Oxygen Bed,9,10,2026-09-15 01:03:14,Admin
UPD-005098,HSP-016,Oxygen Bed,10,12,2026-09-15 01:06:07,Simulation
UPD-005099,HSP-024,General Bed,15,17,2026-09-15 01:09:51,Admin
UPD-005100,HSP-018,General Bed,29,27,2026-09-15 01:13:06,Admin
UPD-005101,HSP-015,ICU,7,8,2026-09-15 01:18:46,Hospital Staff
UPD-005102,HSP-023,General Bed,24,29,2026-09-15 01:21:42,Simulation
UPD-005103,HSP-007,General Bed,196,199,2026-09-15 01:22:36,Hospital Staff
UPD-005104,HSP-001,Ventilator,9,10,2026-09-15 01:22:55,Admin
UPD-005105,HSP-016,Ventilator,9,8,2026-09-15 01:23:49,Hospital Staff
UPD-005106,HSP-004,Ventilator,6,5,2026-09-15 01:25:39,Simulation
UPD-005107,HSP-024,ICU,6,5,2026-09-15 01:26:59,Simulation
UPD-005108,HSP-016,General Bed,31,30,2026-09-15 01:33:31,Hospital Staff
UPD-005109,HSP-017,Oxygen Bed,5,2,2026-09-15 01:50:02,Hospital Staff
UPD-005110,HSP-007,General Bed,199,193,2026-09-15 02:08:24,Hospital Staff
UPD-005111,HSP-012,Oxygen Bed,57,55,2026-09-15 02:10:46,Hospital Staff
UPD-005112,HSP-012,ICU,4,3,2026-09-15 02:11:56,Hospital Staff
UPD-005113,HSP-004,Oxygen Bed,19,18,2026-09-15 02:12:23,Hospital Staff
UPD-005114,HSP-013,ICU,15,16,2026-09-15 02:12:23,Simulation
UPD-005115,HSP-002,Oxygen Bed,33,31,2026-09-15 02:21:25,Simulation
UPD-005116,HSP-013,ICU,16,17,2026-09-15 02:27:50,Admin
UPD-005117,HSP-008,Ventilator,4,5,2026-09-15 02:29:30,Simulation
UPD-005118,HSP-007,General Bed,193,199,2026-09-15 02:35:51,Simulation
UPD-005119,HSP-002,Oxygen Bed,31,33,2026-09-15 02:35:59,Hospital Staff
UPD-005120,HSP-024,ICU,5,3,2026-09-15 02:37:20,Hospital Staff
UPD-005121,HSP-011,Oxygen Bed,11,9,2026-09-15 02:44:39,Hospital Staff
UPD-005122,HSP-020,General Bed,211,208,2026-09-15 02:51:04,Hospital Staff
UPD-005123,HSP-020,Ventilator,28,29,2026-09-15 02:53:26,Admin
UPD-005124,HSP-014,Oxygen Bed,20,17,2026-09-15 02:58:08,Simulation
UPD-005125,HSP-024,General Bed,17,12,2026-09-15 02:59:24,Hospital Staff
UPD-005126,HSP-015,Ventilator,4,5,2026-09-15 03:00:05,Admin
UPD-005127,HSP-023,Ventilator,1,0,2026-09-15 03:00:34,Simulation
UPD-005128,HSP-004,Ventilator,5,4,2026-09-15 03:02:50,Simulation
UPD-005129,HSP-011,General Bed,16,22,2026-09-15 03:20:33,Hospital Staff
UPD-005130,HSP-020,Oxygen Bed,56,57,2026-09-15 03:26:41,Hospital Staff
UPD-005131,HSP-014,General Bed,20,16,2026-09-15 03:27:29,Hospital Staff
UPD-005132,HSP-010,General Bed,27,31,2026-09-15 03:31:51,Hospital Staff
UPD-005133,HSP-008,ICU,23,24,2026-09-15 03:40:34,Hospital Staff
UPD-005134,HSP-017,ICU,2,4,2026-09-15 03:48:27,Hospital Staff
UPD-005135,HSP-004,General Bed,79,77,2026-09-15 03:49:39,Hospital Staff
UPD-005136,HSP-006,Oxygen Bed,3,1,2026-09-15 03:59:37,Admin
UPD-005137,HSP-008,General Bed,93,95,2026-09-15 04:02:39,Simulation
UPD-005138,HSP-007,General Bed,199,203,2026-09-15 04:04:51,Admin
UPD-005139,HSP-019,General Bed,96,90,2026-09-15 04:09:06,Hospital Staff
UPD-005140,HSP-007,Oxygen Bed,64,66,2026-09-15 04:10:41,Hospital Staff
UPD-005141,HSP-018,Oxygen Bed,19,18,2026-09-15 04:13:36,Simulation
UPD-005142,HSP-019,ICU,11,12,2026-09-15 04:14:50,Simulation
UPD-005143,HSP-002,General Bed,44,41,2026-09-15 04:18:01,Hospital Staff
UPD-005144,HSP-011,ICU,4,6,2026-09-15 04:23:41,Admin
UPD-005145,HSP-024,ICU,3,5,2026-09-15 04:25:01,Hospital Staff
UPD-005146,HSP-001,Ventilator,10,9,2026-09-15 04:28:05,Hospital Staff
UPD-005147,HSP-019,Ventilator,3,2,2026-09-15 04:29:10,Hospital Staff
UPD-005148,HSP-017,ICU,4,2,2026-09-15 04:33:41,Hospital Staff
UPD-005149,HSP-008,ICU,24,26,2026-09-15 04:36:51,Simulation
UPD-005150,HSP-021,General Bed,27,26,2026-09-15 04:38:46,Hospital Staff
UPD-005151,HSP-006,Oxygen Bed,1,0,2026-09-15 04:39:14,Hospital Staff
UPD-005152,HSP-008,ICU,26,24,2026-09-15 04:39:44,Hospital Staff
UPD-005153,HSP-008,ICU,24,25,2026-09-15 04:47:40,Admin
UPD-005154,HSP-016,Ventilator,8,7,2026-09-15 04:48:57,Hospital Staff
UPD-005155,HSP-022,Oxygen Bed,7,6,2026-09-15 04:57:58,Admin
UPD-005156,HSP-023,Ventilator,0,1,2026-09-15 05:00:19,Simulation
UPD-005157,HSP-014,Oxygen Bed,17,15,2026-09-15 05:11:55,Hospital Staff
UPD-005158,HSP-002,Ventilator,4,3,2026-09-15 05:40:12,Hospital Staff
UPD-005159,HSP-001,ICU,32,30,2026-09-15 05:44:03,Hospital Staff
UPD-005160,HSP-012,General Bed,100,102,2026-09-15 05:44:10,Hospital Staff
UPD-005161,HSP-021,Oxygen Bed,17,16,2026-09-15 05:45:06,Simulation
UPD-005162,HSP-003,Ventilator,4,5,2026-09-15 05:47:26,Admin
UPD-005163,HSP-016,ICU,6,7,2026-09-15 05:50:07,Admin
UPD-005164,HSP-024,Ventilator,0,1,2026-09-15 05:58:24,Admin
UPD-005165,HSP-005,Ventilator,1,0,2026-09-15 05:59:04,Hospital Staff
UPD-005166,HSP-012,ICU,3,1,2026-09-15 06:05:19,Hospital Staff
UPD-005167,HSP-017,General Bed,36,30,2026-09-15 06:09:32,Hospital Staff
UPD-005168,HSP-008,Oxygen Bed,11,14,2026-09-15 06:12:49,Admin
UPD-005169,HSP-007,General Bed,203,197,2026-09-15 06:18:21,Hospital Staff
UPD-005170,HSP-005,ICU,8,10,2026-09-15 06:19:19,Hospital Staff
UPD-005171,HSP-011,Ventilator,8,7,2026-09-15 06:24:27,Hospital Staff
UPD-005172,HSP-020,General Bed,208,205,2026-09-15 06:25:59,Admin
UPD-005173,HSP-021,General Bed,26,29,2026-09-15 06:26:41,Hospital Staff
UPD-005174,HSP-013,Ventilator,5,4,2026-09-15 06:27:23,Admin
UPD-005175,HSP-021,Ventilator,1,0,2026-09-15 06:30:03,Admin
UPD-005176,HSP-002,General Bed,41,42,2026-09-15 06:30:21,Hospital Staff
UPD-005177,HSP-008,Ventilator,5,6,2026-09-15 06:30:26,Hospital Staff
UPD-005178,HSP-022,Oxygen Bed,6,4,2026-09-15 06:31:37,Hospital Staff
UPD-005179,HSP-025,Ventilator,1,0,2026-09-15 06:43:01,Hospital Staff
UPD-005180,HSP-018,ICU,3,2,2026-09-15 06:47:35,Simulation
UPD-005181,HSP-005,General Bed,14,18,2026-09-15 06:51:48,Hospital Staff
UPD-005182,HSP-017,ICU,2,0,2026-09-15 06:54:03,Hospital Staff
UPD-005183,HSP-008,Oxygen Bed,14,12,2026-09-15 06:55:22,Hospital Staff
UPD-005184,HSP-016,Oxygen Bed,12,9,2026-09-15 06:57:35,Hospital Staff
UPD-005185,HSP-023,ICU,6,5,2026-09-15 07:02:59,Simulation
UPD-005186,HSP-006,ICU,3,1,2026-09-15 07:10:29,Hospital Staff
UPD-005187,HSP-013,Oxygen Bed,9,7,2026-09-15 07:15:24,Simulation
UPD-005188,HSP-008,Ventilator,6,5,2026-09-15 07:24:21,Admin
UPD-005189,HSP-004,ICU,0,2,2026-09-15 07:25:23,Hospital Staff
UPD-005190,HSP-003,Ventilator,5,4,2026-09-15 07:32:43,Hospital Staff
UPD-005191,HSP-001,Oxygen Bed,49,48,2026-09-15 07:33:03,Admin
UPD-005192,HSP-022,Oxygen Bed,4,3,2026-09-15 07:34:30,Admin
UPD-005193,HSP-021,ICU,4,3,2026-09-15 07:37:26,Admin
UPD-005194,HSP-003,General Bed,15,17,2026-09-15 07:40:29,Hospital Staff
UPD-005195,HSP-002,General Bed,42,36,2026-09-15 07:47:17,Admin
UPD-005196,HSP-019,Ventilator,2,3,2026-09-15 07:52:00,Simulation
UPD-005197,HSP-023,General Bed,29,23,2026-09-15 07:52:26,Hospital Staff
UPD-005198,HSP-001,Oxygen Bed,48,49,2026-09-15 07:58:27,Hospital Staff
UPD-005199,HSP-016,Oxygen Bed,9,6,2026-09-15 08:02:45,Admin
UPD-005200,HSP-009,Oxygen Bed,22,20,2026-09-15 08:08:22,Hospital Staff
UPD-005201,HSP-024,Oxygen Bed,37,34,2026-09-15 08:08:38,Hospital Staff
UPD-005202,HSP-004,ICU,2,0,2026-09-15 08:09:23,Hospital Staff
UPD-005203,HSP-025,Oxygen Bed,5,2,2026-09-15 08:17:16,Hospital Staff
UPD-005204,HSP-025,Ventilator,0,1,2026-09-15 08:20:39,Hospital Staff
UPD-005205,HSP-010,General Bed,31,26,2026-09-15 08:23:51,Hospital Staff
UPD-005206,HSP-002,ICU,11,9,2026-09-15 08:29:01,Hospital Staff
UPD-005207,HSP-003,Ventilator,4,5,2026-09-15 08:32:57,Simulation
UPD-005208,HSP-010,ICU,15,14,2026-09-15 08:36:58,Simulation
UPD-005209,HSP-023,ICU,5,6,2026-09-15 08:43:48,Admin
UPD-005210,HSP-016,Ventilator,7,8,2026-09-15 08:48:32,Hospital Staff
UPD-005211,HSP-010,Ventilator,11,10,2026-09-15 08:54:30,Hospital Staff
UPD-005212,HSP-010,General Bed,26,23,2026-09-15 08:58:54,Hospital Staff
UPD-005213,HSP-023,General Bed,23,26,2026-09-15 09:03:10,Simulation
UPD-005214,HSP-022,Ventilator,0,1,2026-09-15 09:05:03,Hospital Staff
UPD-005215,HSP-012,Oxygen Bed,55,58,2026-09-15 09:23:11,Hospital Staff
UPD-005216,HSP-013,Oxygen Bed,7,5,2026-09-15 09:23:48,Simulation
UPD-005217,HSP-018,General Bed,27,33,2026-09-15 09:25:11,Hospital Staff
UPD-005218,HSP-015,ICU,8,7,2026-09-15 09:27:40,Hospital Staff
UPD-005219,HSP-020,General Bed,205,208,2026-09-15 09:28:00,Simulation
UPD-005220,HSP-020,Oxygen Bed,57,56,2026-09-15 09:31:44,Hospital Staff
UPD-005221,HSP-020,ICU,9,11,2026-09-15 09:32:53,Admin
UPD-005222,HSP-011,Oxygen Bed,9,8,2026-09-15 09:37:12,Hospital Staff
UPD-005223,HSP-025,Oxygen Bed,2,5,2026-09-15 09:37:52,Hospital Staff
UPD-005224,HSP-022,Ventilator,1,2,2026-09-15 09:50:48,Hospital Staff
UPD-005225,HSP-010,General Bed,23,22,2026-09-15 09:51:48,Admin
UPD-005226,HSP-020,Ventilator,29,30,2026-09-15 09:51:59,Simulation
UPD-005227,HSP-012,General Bed,102,105,2026-09-15 09:58:31,Admin
UPD-005228,HSP-021,Oxygen Bed,16,14,2026-09-15 09:58:45,Hospital Staff
UPD-005229,HSP-003,Oxygen Bed,3,4,2026-09-15 10:11:34,Hospital Staff
UPD-005230,HSP-019,ICU,12,14,2026-09-15 10:17:42,Hospital Staff
UPD-005231,HSP-015,ICU,7,5,2026-09-15 10:38:24,Hospital Staff
UPD-005232,HSP-025,ICU,0,1,2026-09-15 10:39:22,Hospital Staff
UPD-005233,HSP-020,Oxygen Bed,56,54,2026-09-15 10:40:23,Hospital Staff
UPD-005234,HSP-010,ICU,14,16,2026-09-15 10:44:53,Admin
UPD-005235,HSP-007,General Bed,197,200,2026-09-15 10:50:51,Simulation
UPD-005236,HSP-008,Ventilator,5,6,2026-09-15 10:53:52,Hospital Staff
UPD-005237,HSP-025,ICU,1,2,2026-09-15 10:56:26,Hospital Staff
UPD-005238,HSP-013,Oxygen Bed,5,3,2026-09-15 10:59:48,Hospital Staff
UPD-005239,HSP-002,General Bed,36,39,2026-09-15 11:06:49,Admin
UPD-005240,HSP-024,Ventilator,1,0,2026-09-15 11:07:04,Hospital Staff
UPD-005241,HSP-018,ICU,2,0,2026-09-15 11:08:36,Admin
UPD-005242,HSP-019,Oxygen Bed,30,32,2026-09-15 11:14:24,Hospital Staff
UPD-005243,HSP-001,Oxygen Bed,49,50,2026-09-15 11:20:37,Hospital Staff
UPD-005244,HSP-003,General Bed,17,19,2026-09-15 11:22:03,Simulation
UPD-005245,HSP-015,Ventilator,5,4,2026-09-15 11:23:11,Hospital Staff
UPD-005246,HSP-023,Ventilator,1,0,2026-09-15 11:23:37,Hospital Staff
UPD-005247,HSP-015,General Bed,36,38,2026-09-15 11:31:56,Simulation
UPD-005248,HSP-020,Oxygen Bed,54,53,2026-09-15 11:39:32,Hospital Staff
UPD-005249,HSP-021,General Bed,29,35,2026-09-15 11:44:35,Hospital Staff
UPD-005250,HSP-005,Ventilator,0,1,2026-09-15 11:45:00,Admin
UPD-005251,HSP-017,Oxygen Bed,2,0,2026-09-15 11:46:27,Hospital Staff
UPD-005252,HSP-018,Ventilator,3,2,2026-09-15 11:50:43,Hospital Staff
UPD-005253,HSP-017,Oxygen Bed,0,1,2026-09-15 11:52:10,Hospital Staff
UPD-005254,HSP-020,ICU,11,12,2026-09-15 11:58:38,Admin
UPD-005255,HSP-011,ICU,6,4,2026-09-15 12:10:40,Hospital Staff
UPD-005256,HSP-022,Oxygen Bed,3,0,2026-09-15 12:13:18,Hospital Staff
UPD-005257,HSP-005,General Bed,18,14,2026-09-15 12:15:11,Hospital Staff
UPD-005258,HSP-023,General Bed,26,29,2026-09-15 12:15:37,Simulation
UPD-005259,HSP-014,Oxygen Bed,15,17,2026-09-15 12:20:50,Hospital Staff
UPD-005260,HSP-009,General Bed,7,5,2026-09-15 12:29:24,Hospital Staff
UPD-005261,HSP-006,Oxygen Bed,0,3,2026-09-15 12:40:30,Hospital Staff
UPD-005262,HSP-014,General Bed,16,17,2026-09-15 12:41:29,Hospital Staff
UPD-005263,HSP-018,Oxygen Bed,18,19,2026-09-15 12:43:55,Hospital Staff
UPD-005264,HSP-012,General Bed,105,107,2026-09-15 12:49:24,Admin
UPD-005265,HSP-011,Oxygen Bed,8,7,2026-09-15 13:04:04,Hospital Staff
UPD-005266,HSP-020,ICU,12,14,2026-09-15 13:06:15,Hospital Staff
UPD-005267,HSP-005,Ventilator,1,2,2026-09-15 13:11:53,Admin
UPD-005268,HSP-001,Ventilator,9,10,2026-09-15 13:16:14,Admin
UPD-005269,HSP-007,Oxygen Bed,66,64,2026-09-15 13:22:30,Simulation
UPD-005270,HSP-022,Ventilator,2,3,2026-09-15 13:30:06,Admin
UPD-005271,HSP-018,Ventilator,2,1,2026-09-15 13:32:06,Hospital Staff
UPD-005272,HSP-015,Oxygen Bed,10,12,2026-09-15 13:36:08,Admin
UPD-005273,HSP-025,Ventilator,1,0,2026-09-15 13:40:02,Hospital Staff
UPD-005274,HSP-022,Oxygen Bed,0,3,2026-09-15 13:44:59,Hospital Staff
UPD-005275,HSP-009,General Bed,5,9,2026-09-15 13:51:48,Hospital Staff
UPD-005276,HSP-002,ICU,9,8,2026-09-15 13:53:08,Admin
UPD-005277,HSP-012,ICU,1,3,2026-09-15 13:54:55,Hospital Staff
UPD-005278,HSP-022,ICU,10,11,2026-09-15 13:59:38,Admin
UPD-005279,HSP-004,General Bed,77,72,2026-09-15 14:05:09,Hospital Staff
UPD-005280,HSP-018,ICU,0,2,2026-09-15 14:05:15,Hospital Staff
UPD-005281,HSP-019,Oxygen Bed,32,34,2026-09-15 14:12:47,Hospital Staff
UPD-005282,HSP-024,Ventilator,0,1,2026-09-15 14:13:16,Admin
UPD-005283,HSP-006,Oxygen Bed,3,5,2026-09-15 14:24:59,Hospital Staff
UPD-005284,HSP-010,Ventilator,10,11,2026-09-15 14:31:44,Simulation
UPD-005285,HSP-011,Ventilator,7,8,2026-09-15 14:32:55,Hospital Staff
UPD-005286,HSP-020,Oxygen Bed,53,56,2026-09-15 14:37:48,Hospital Staff
UPD-005287,HSP-012,ICU,3,1,2026-09-15 14:39:13,Hospital Staff
UPD-005288,HSP-002,Ventilator,3,2,2026-09-15 14:42:01,Simulation
UPD-005289,HSP-016,ICU,7,8,2026-09-15 14:42:06,Hospital Staff
UPD-005290,HSP-003,ICU,4,5,2026-09-15 14:45:18,Simulation
UPD-005291,HSP-025,ICU,2,0,2026-09-15 14:52:31,Hospital Staff
UPD-005292,HSP-025,ICU,0,1,2026-09-15 14:55:04,Admin
UPD-005293,HSP-025,General Bed,28,30,2026-09-15 14:56:26,Admin
UPD-005294,HSP-022,Ventilator,3,4,2026-09-15 15:01:19,Hospital Staff
UPD-005295,HSP-010,Oxygen Bed,11,13,2026-09-15 15:03:27,Hospital Staff
UPD-005296,HSP-012,ICU,1,0,2026-09-15 15:06:45,Simulation
UPD-005297,HSP-009,ICU,3,4,2026-09-15 15:11:41,Hospital Staff
UPD-005298,HSP-010,Ventilator,11,12,2026-09-15 15:20:20,Admin
UPD-005299,HSP-012,General Bed,107,108,2026-09-15 15:26:05,Hospital Staff
UPD-005300,HSP-004,ICU,0,1,2026-09-15 15:31:17,Hospital Staff
UPD-005301,HSP-025,ICU,1,0,2026-09-15 15:36:44,Hospital Staff
UPD-005302,HSP-011,Ventilator,8,7,2026-09-15 15:38:27,Hospital Staff
UPD-005303,HSP-019,General Bed,90,87,2026-09-15 15:42:30,Hospital Staff
UPD-005304,HSP-012,General Bed,108,109,2026-09-15 15:45:34,Hospital Staff
UPD-005305,HSP-017,ICU,0,1,2026-09-15 15:48:22,Simulation
UPD-005306,HSP-015,Ventilator,4,3,2026-09-15 15:50:33,Simulation
UPD-005307,HSP-023,General Bed,29,35,2026-09-15 16:01:11,Simulation
UPD-005308,HSP-010,ICU,16,17,2026-09-15 16:03:40,Hospital Staff
UPD-005309,HSP-023,General Bed,35,39,2026-09-15 16:10:53,Hospital Staff
UPD-005310,HSP-010,Oxygen Bed,13,16,2026-09-15 16:12:58,Hospital Staff
UPD-005311,HSP-017,Oxygen Bed,1,0,2026-09-15 16:18:56,Hospital Staff
UPD-005312,HSP-013,Oxygen Bed,3,6,2026-09-15 16:20:01,Admin
UPD-005313,HSP-007,ICU,36,38,2026-09-15 16:21:33,Admin
UPD-005314,HSP-006,General Bed,16,12,2026-09-15 16:24:45,Simulation
UPD-005315,HSP-013,ICU,17,18,2026-09-15 16:26:21,Hospital Staff
UPD-005316,HSP-015,ICU,5,6,2026-09-15 16:26:35,Admin
UPD-005317,HSP-019,Ventilator,3,2,2026-09-15 16:30:21,Hospital Staff
UPD-005318,HSP-009,ICU,4,6,2026-09-15 16:38:52,Hospital Staff
UPD-005319,HSP-004,General Bed,72,75,2026-09-15 16:42:37,Hospital Staff
UPD-005320,HSP-014,Oxygen Bed,17,16,2026-09-15 16:42:39,Hospital Staff
UPD-005321,HSP-004,General Bed,75,77,2026-09-15 16:48:46,Simulation
UPD-005322,HSP-023,Ventilator,0,1,2026-09-15 16:51:22,Hospital Staff
UPD-005323,HSP-007,General Bed,200,197,2026-09-15 16:55:18,Admin
UPD-005324,HSP-006,General Bed,12,11,2026-09-15 17:03:51,Admin
UPD-005325,HSP-001,General Bed,97,92,2026-09-15 17:32:47,Admin
UPD-005326,HSP-020,Oxygen Bed,56,57,2026-09-15 17:39:41,Hospital Staff
UPD-005327,HSP-002,Oxygen Bed,33,35,2026-09-15 17:41:25,Admin
UPD-005328,HSP-023,General Bed,39,44,2026-09-15 17:48:33,Hospital Staff
UPD-005329,HSP-016,Oxygen Bed,6,7,2026-09-15 17:49:55,Simulation
UPD-005330,HSP-024,Oxygen Bed,34,35,2026-09-15 17:51:01,Hospital Staff
UPD-005331,HSP-007,ICU,38,37,2026-09-15 17:52:57,Hospital Staff
UPD-005332,HSP-011,Ventilator,7,8,2026-09-15 18:00:13,Admin
UPD-005333,HSP-006,General Bed,11,15,2026-09-15 18:01:29,Hospital Staff
UPD-005334,HSP-025,General Bed,30,26,2026-09-15 18:01:56,Hospital Staff
UPD-005335,HSP-010,General Bed,22,16,2026-09-15 18:11:13,Admin
UPD-005336,HSP-002,General Bed,39,34,2026-09-15 18:17:54,Hospital Staff
UPD-005337,HSP-024,ICU,5,3,2026-09-15 18:22:29,Admin
UPD-005338,HSP-020,Oxygen Bed,57,56,2026-09-15 18:32:40,Admin
UPD-005339,HSP-023,ICU,6,8,2026-09-15 18:41:29,Admin
UPD-005340,HSP-002,Oxygen Bed,35,33,2026-09-15 18:42:25,Hospital Staff
UPD-005341,HSP-021,ICU,3,1,2026-09-15 18:44:23,Hospital Staff
UPD-005342,HSP-001,Ventilator,10,11,2026-09-15 18:47:39,Hospital Staff
UPD-005343,HSP-017,ICU,1,0,2026-09-15 18:52:16,Hospital Staff
UPD-005344,HSP-013,ICU,18,20,2026-09-15 18:53:21,Simulation
UPD-005345,HSP-015,Ventilator,3,4,2026-09-15 18:57:19,Hospital Staff
UPD-005346,HSP-011,General Bed,22,23,2026-09-15 19:10:32,Admin
UPD-005347,HSP-011,Ventilator,8,7,2026-09-15 19:15:27,Hospital Staff
UPD-005348,HSP-010,Ventilator,12,13,2026-09-15 19:17:27,Admin
UPD-005349,HSP-001,ICU,30,32,2026-09-15 19:25:34,Simulation
UPD-005350,HSP-006,Oxygen Bed,5,6,2026-09-15 19:26:13,Hospital Staff
UPD-005351,HSP-006,General Bed,15,12,2026-09-15 19:27:59,Simulation
UPD-005352,HSP-021,Oxygen Bed,14,15,2026-09-15 19:48:11,Hospital Staff
UPD-005353,HSP-001,Oxygen Bed,50,53,2026-09-15 19:56:02,Hospital Staff
UPD-005354,HSP-022,Oxygen Bed,3,2,2026-09-15 19:56:02,Admin
UPD-005355,HSP-023,Ventilator,1,0,2026-09-15 19:59:16,Simulation
UPD-005356,HSP-014,General Bed,17,14,2026-09-15 19:59:32,Hospital Staff
UPD-005357,HSP-023,ICU,8,9,2026-09-15 20:00:03,Simulation
UPD-005358,HSP-024,ICU,3,5,2026-09-15 20:05:11,Hospital Staff
UPD-005359,HSP-016,Ventilator,8,9,2026-09-15 20:06:27,Hospital Staff
UPD-005360,HSP-013,Ventilator,4,3,2026-09-15 20:06:35,Admin
UPD-005361,HSP-014,ICU,15,16,2026-09-15 20:11:13,Hospital Staff
UPD-005362,HSP-006,Oxygen Bed,6,4,2026-09-15 20:15:00,Hospital Staff
UPD-005363,HSP-022,ICU,11,13,2026-09-15 20:15:00,Simulation
UPD-005364,HSP-016,Ventilator,9,8,2026-09-15 20:17:47,Hospital Staff
UPD-005365,HSP-009,Oxygen Bed,20,17,2026-09-15 20:25:04,Hospital Staff
UPD-005366,HSP-014,Ventilator,9,8,2026-09-15 20:27:44,Hospital Staff
UPD-005367,HSP-025,ICU,0,2,2026-09-15 20:27:54,Admin
UPD-005368,HSP-018,ICU,2,3,2026-09-15 20:28:18,Hospital Staff
UPD-005369,HSP-011,ICU,4,5,2026-09-15 20:29:10,Hospital Staff
UPD-005370,HSP-002,General Bed,34,31,2026-09-15 20:34:34,Hospital Staff
UPD-005371,HSP-025,General Bed,26,24,2026-09-15 20:37:46,Admin
UPD-005372,HSP-006,Oxygen Bed,4,5,2026-09-15 20:42:04,Admin
UPD-005373,HSP-022,General Bed,49,45,2026-09-15 20:42:20,Hospital Staff
UPD-005374,HSP-023,ICU,9,10,2026-09-15 20:42:27,Simulation
UPD-005375,HSP-019,General Bed,87,89,2026-09-15 20:48:19,Hospital Staff
UPD-005376,HSP-018,Ventilator,1,2,2026-09-15 20:48:21,Admin
UPD-005377,HSP-022,Oxygen Bed,2,0,2026-09-15 20:49:06,Hospital Staff
UPD-005378,HSP-003,Oxygen Bed,4,6,2026-09-15 20:59:04,Simulation
UPD-005379,HSP-007,Ventilator,18,19,2026-09-15 21:13:39,Hospital Staff
UPD-005380,HSP-007,Oxygen Bed,64,65,2026-09-15 21:18:48,Admin
UPD-005381,HSP-012,ICU,0,2,2026-09-15 21:22:23,Hospital Staff
UPD-005382,HSP-012,Oxygen Bed,58,57,2026-09-15 21:28:12,Hospital Staff
UPD-005383,HSP-007,General Bed,197,201,2026-09-15 21:30:05,Admin
UPD-005384,HSP-006,ICU,1,3,2026-09-15 21:39:47,Hospital Staff
UPD-005385,HSP-006,Ventilator,1,2,2026-09-15 21:40:17,Admin
UPD-005386,HSP-008,Ventilator,6,5,2026-09-15 21:43:16,Simulation
UPD-005387,HSP-012,ICU,2,4,2026-09-15 21:50:15,Hospital Staff
UPD-005388,HSP-019,Oxygen Bed,34,32,2026-09-15 21:51:35,Hospital Staff
UPD-005389,HSP-025,ICU,2,0,2026-09-15 22:00:36,Simulation
UPD-005390,HSP-008,ICU,25,27,2026-09-15 22:12:30,Hospital Staff
UPD-005391,HSP-015,General Bed,38,33,2026-09-15 22:12:57,Simulation
UPD-005392,HSP-019,Ventilator,2,3,2026-09-15 22:13:07,Admin
UPD-005393,HSP-022,General Bed,45,46,2026-09-15 22:14:02,Simulation
UPD-005394,HSP-025,Oxygen Bed,5,3,2026-09-15 22:16:07,Admin
UPD-005395,HSP-009,ICU,6,4,2026-09-15 22:23:53,Admin
UPD-005396,HSP-003,ICU,5,7,2026-09-15 22:25:11,Simulation
UPD-005397,HSP-023,General Bed,44,43,2026-09-15 22:26:03,Admin
UPD-005398,HSP-010,Oxygen Bed,16,17,2026-09-15 22:39:26,Hospital Staff
UPD-005399,HSP-019,General Bed,89,84,2026-09-15 22:40:40,Hospital Staff
UPD-005400,HSP-018,Oxygen Bed,19,21,2026-09-15 22:41:12,Hospital Staff
UPD-005401,HSP-020,General Bed,208,203,2026-09-15 22:41:48,Admin
UPD-005402,HSP-018,Oxygen Bed,21,19,2026-09-15 22:44:24,Hospital Staff
UPD-005403,HSP-001,General Bed,92,96,2026-09-15 22:49:03,Hospital Staff
UPD-005404,HSP-012,Oxygen Bed,57,56,2026-09-15 22:49:48,Hospital Staff
UPD-005405,HSP-022,Oxygen Bed,0,2,2026-09-15 22:52:27,Hospital Staff
UPD-005406,HSP-022,Oxygen Bed,2,0,2026-09-15 22:52:39,Simulation
UPD-005407,HSP-015,Ventilator,4,3,2026-09-15 22:53:09,Hospital Staff
UPD-005408,HSP-007,ICU,37,38,2026-09-15 22:53:35,Hospital Staff
UPD-005409,HSP-024,Ventilator,1,2,2026-09-15 22:58:36,Simulation
UPD-005410,HSP-016,Oxygen Bed,7,6,2026-09-15 22:59:07,Hospital Staff
UPD-005411,HSP-009,Oxygen Bed,17,15,2026-09-15 22:59:12,Hospital Staff
UPD-005412,HSP-015,ICU,6,7,2026-09-15 23:04:59,Hospital Staff
UPD-005413,HSP-016,ICU,8,10,2026-09-15 23:17:50,Hospital Staff
UPD-005414,HSP-010,Oxygen Bed,17,14,2026-09-15 23:19:38,Hospital Staff
UPD-005415,HSP-006,ICU,3,1,2026-09-15 23:30:05,Simulation
UPD-005416,HSP-006,Oxygen Bed,5,6,2026-09-15 23:30:59,Hospital Staff
UPD-005417,HSP-023,Ventilator,0,1,2026-09-15 23:32:15,Hospital Staff
UPD-005418,HSP-016,General Bed,30,36,2026-09-15 23:34:58,Simulation
UPD-005419,HSP-004,General Bed,77,73,2026-09-15 23:35:41,Hospital Staff
UPD-005420,HSP-017,ICU,0,2,2026-09-15 23:37:43,Admin
UPD-005421,HSP-005,Oxygen Bed,4,5,2026-09-15 23:40:12,Simulation
UPD-005422,HSP-004,ICU,1,0,2026-09-15 23:44:17,Hospital Staff
UPD-005423,HSP-018,Oxygen Bed,19,17,2026-09-15 23:44:26,Hospital Staff
UPD-005424,HSP-022,ICU,13,12,2026-09-15 23:50:19,Simulation
UPD-005425,HSP-006,General Bed,12,6,2026-09-15 23:52:50,Hospital Staff
UPD-005426,HSP-007,ICU,38,36,2026-09-15 23:52:57,Hospital Staff
UPD-005427,HSP-012,ICU,4,5,2026-09-16 00:01:47,Hospital Staff
UPD-005428,HSP-016,Oxygen Bed,6,9,2026-09-16 00:02:02,Simulation
UPD-005429,HSP-010,General Bed,16,17,2026-09-16 00:08:02,Hospital Staff
UPD-005430,HSP-024,ICU,5,3,2026-09-16 00:21:38,Hospital Staff
UPD-005431,HSP-018,General Bed,33,36,2026-09-16 00:28:09,Hospital Staff
UPD-005432,HSP-025,ICU,0,1,2026-09-16 00:29:04,Simulation
UPD-005433,HSP-001,ICU,32,31,2026-09-16 00:33:03,Simulation
UPD-005434,HSP-004,Ventilator,4,3,2026-09-16 00:36:10,Hospital Staff
UPD-005435,HSP-003,Oxygen Bed,6,8,2026-09-16 00:39:06,Admin
UPD-005436,HSP-024,General Bed,12,10,2026-09-16 00:42:12,Hospital Staff
UPD-005437,HSP-009,Oxygen Bed,15,14,2026-09-16 00:44:52,Hospital Staff
UPD-005438,HSP-016,Oxygen Bed,9,11,2026-09-16 00:46:51,Simulation
UPD-005439,HSP-025,General Bed,24,23,2026-09-16 00:51:34,Hospital Staff
UPD-005440,HSP-010,Oxygen Bed,14,15,2026-09-16 00:54:14,Admin
UPD-005441,HSP-024,Oxygen Bed,35,38,2026-09-16 01:04:40,Hospital Staff
UPD-005442,HSP-009,ICU,4,2,2026-09-16 01:08:21,Hospital Staff
UPD-005443,HSP-001,ICU,31,29,2026-09-16 01:10:20,Hospital Staff
UPD-005444,HSP-019,Oxygen Bed,32,29,2026-09-16 01:10:29,Simulation
UPD-005445,HSP-003,Ventilator,5,6,2026-09-16 01:10:31,Hospital Staff
UPD-005446,HSP-024,General Bed,10,12,2026-09-16 01:23:16,Hospital Staff
UPD-005447,HSP-013,General Bed,0,4,2026-09-16 01:31:18,Admin
UPD-005448,HSP-005,ICU,10,9,2026-09-16 01:31:58,Hospital Staff
UPD-005449,HSP-012,General Bed,109,106,2026-09-16 01:32:46,Hospital Staff
UPD-005450,HSP-024,ICU,3,4,2026-09-16 01:35:15,Admin
UPD-005451,HSP-007,Ventilator,19,18,2026-09-16 01:40:25,Hospital Staff
UPD-005452,HSP-007,ICU,36,34,2026-09-16 01:44:48,Hospital Staff
UPD-005453,HSP-023,General Bed,43,42,2026-09-16 01:52:02,Simulation
UPD-005454,HSP-021,ICU,1,3,2026-09-16 01:54:39,Admin
UPD-005455,HSP-022,Oxygen Bed,0,1,2026-09-16 02:02:53,Hospital Staff
UPD-005456,HSP-015,ICU,7,5,2026-09-16 02:08:11,Admin
UPD-005457,HSP-011,General Bed,23,19,2026-09-16 02:08:47,Simulation
UPD-005458,HSP-010,General Bed,17,13,2026-09-16 02:12:36,Simulation
UPD-005459,HSP-007,General Bed,201,205,2026-09-16 02:14:09,Simulation
UPD-005460,HSP-018,Oxygen Bed,17,16,2026-09-16 02:14:33,Simulation
UPD-005461,HSP-019,ICU,14,13,2026-09-16 02:22:44,Hospital Staff
UPD-005462,HSP-008,General Bed,95,100,2026-09-16 02:23:38,Hospital Staff
UPD-005463,HSP-025,Oxygen Bed,3,4,2026-09-16 02:29:25,Admin
UPD-005464,HSP-011,Oxygen Bed,7,4,2026-09-16 02:33:34,Hospital Staff
UPD-005465,HSP-016,ICU,10,8,2026-09-16 02:35:05,Hospital Staff
UPD-005466,HSP-012,General Bed,106,102,2026-09-16 02:39:24,Hospital Staff
UPD-005467,HSP-024,ICU,4,2,2026-09-16 02:39:45,Admin
UPD-005468,HSP-011,ICU,5,4,2026-09-16 02:40:28,Hospital Staff
UPD-005469,HSP-005,Ventilator,2,3,2026-09-16 02:42:53,Hospital Staff
UPD-005470,HSP-015,General Bed,33,31,2026-09-16 02:53:20,Hospital Staff
UPD-005471,HSP-018,ICU,3,1,2026-09-16 03:02:57,Hospital Staff
UPD-005472,HSP-008,Ventilator,5,6,2026-09-16 03:11:23,Hospital Staff
UPD-005473,HSP-013,Ventilator,3,4,2026-09-16 03:14:48,Hospital Staff
UPD-005474,HSP-004,Oxygen Bed,18,15,2026-09-16 03:17:18,Admin
UPD-005475,HSP-024,Oxygen Bed,38,40,2026-09-16 03:20:18,Hospital Staff
UPD-005476,HSP-004,General Bed,73,74,2026-09-16 03:21:36,Hospital Staff
UPD-005477,HSP-019,ICU,13,14,2026-09-16 03:26:40,Hospital Staff
UPD-005478,HSP-012,Oxygen Bed,56,53,2026-09-16 03:27:33,Hospital Staff
UPD-005479,HSP-015,Oxygen Bed,12,15,2026-09-16 03:31:47,Hospital Staff
UPD-005480,HSP-021,Ventilator,0,1,2026-09-16 03:35:53,Hospital Staff
UPD-005481,HSP-012,General Bed,102,107,2026-09-16 03:41:00,Hospital Staff
UPD-005482,HSP-024,ICU,2,3,2026-09-16 03:44:36,Admin
UPD-005483,HSP-010,General Bed,13,10,2026-09-16 03:46:06,Admin
UPD-005484,HSP-023,Oxygen Bed,5,3,2026-09-16 03:48:02,Hospital Staff
UPD-005485,HSP-006,Ventilator,2,1,2026-09-16 03:49:09,Admin
UPD-005486,HSP-006,General Bed,6,12,2026-09-16 03:58:53,Hospital Staff
UPD-005487,HSP-023,ICU,10,8,2026-09-16 04:00:44,Admin
UPD-005488,HSP-018,ICU,1,3,2026-09-16 04:06:16,Hospital Staff
UPD-005489,HSP-018,ICU,3,2,2026-09-16 04:07:12,Admin
UPD-005490,HSP-019,ICU,14,16,2026-09-16 04:12:57,Hospital Staff
UPD-005491,HSP-023,General Bed,42,47,2026-09-16 04:22:13,Hospital Staff
UPD-005492,HSP-019,ICU,16,17,2026-09-16 04:28:15,Admin
UPD-005493,HSP-003,ICU,7,5,2026-09-16 04:32:43,Admin
UPD-005494,HSP-023,Ventilator,1,0,2026-09-16 04:48:44,Simulation
UPD-005495,HSP-024,Ventilator,2,1,2026-09-16 04:51:55,Admin
UPD-005496,HSP-004,ICU,0,2,2026-09-16 04:52:47,Admin
UPD-005497,HSP-004,Ventilator,3,4,2026-09-16 05:02:54,Hospital Staff
UPD-005498,HSP-013,General Bed,4,1,2026-09-16 05:04:56,Hospital Staff
UPD-005499,HSP-022,Oxygen Bed,1,0,2026-09-16 05:06:37,Hospital Staff
UPD-005500,HSP-017,ICU,2,4,2026-09-16 05:10:33,Admin
UPD-005501,HSP-011,ICU,4,5,2026-09-16 05:18:21,Hospital Staff
UPD-005502,HSP-022,Ventilator,4,5,2026-09-16 05:20:29,Hospital Staff
UPD-005503,HSP-001,Oxygen Bed,53,55,2026-09-16 05:25:04,Hospital Staff
UPD-005504,HSP-021,Oxygen Bed,15,17,2026-09-16 05:26:09,Simulation
UPD-005505,HSP-023,Ventilator,0,1,2026-09-16 05:30:35,Hospital Staff
UPD-005506,HSP-001,General Bed,96,99,2026-09-16 05:33:38,Hospital Staff
UPD-005507,HSP-021,Oxygen Bed,17,18,2026-09-16 05:35:25,Admin
UPD-005508,HSP-020,Oxygen Bed,56,59,2026-09-16 05:36:05,Simulation
UPD-005509,HSP-015,Oxygen Bed,15,14,2026-09-16 05:38:15,Hospital Staff
UPD-005510,HSP-003,Oxygen Bed,8,11,2026-09-16 05:38:57,Hospital Staff
UPD-005511,HSP-012,General Bed,107,101,2026-09-16 05:39:47,Hospital Staff
UPD-005512,HSP-014,General Bed,14,17,2026-09-16 05:40:52,Hospital Staff
UPD-005513,HSP-022,ICU,12,14,2026-09-16 05:43:32,Hospital Staff
UPD-005514,HSP-010,Oxygen Bed,15,16,2026-09-16 05:46:44,Simulation
UPD-005515,HSP-004,General Bed,74,71,2026-09-16 05:53:14,Hospital Staff
UPD-005516,HSP-001,Ventilator,11,12,2026-09-16 06:00:26,Hospital Staff
UPD-005517,HSP-002,Ventilator,2,1,2026-09-16 06:03:18,Hospital Staff
UPD-005518,HSP-014,Oxygen Bed,16,18,2026-09-16 06:03:52,Hospital Staff
UPD-005519,HSP-022,ICU,14,15,2026-09-16 06:04:09,Hospital Staff
UPD-005520,HSP-024,ICU,3,5,2026-09-16 06:17:50,Hospital Staff
UPD-005521,HSP-021,Ventilator,1,2,2026-09-16 06:27:51,Admin
UPD-005522,HSP-011,Oxygen Bed,4,1,2026-09-16 06:32:52,Admin
UPD-005523,HSP-004,Oxygen Bed,15,12,2026-09-16 06:34:12,Admin
UPD-005524,HSP-002,Ventilator,1,0,2026-09-16 06:34:18,Hospital Staff
UPD-005525,HSP-024,Ventilator,1,2,2026-09-16 06:34:51,Hospital Staff
UPD-005526,HSP-006,Oxygen Bed,6,3,2026-09-16 06:40:33,Hospital Staff
UPD-005527,HSP-018,General Bed,36,34,2026-09-16 06:41:38,Simulation
UPD-005528,HSP-010,Ventilator,13,12,2026-09-16 06:44:52,Hospital Staff
UPD-005529,HSP-016,Oxygen Bed,11,13,2026-09-16 06:47:40,Hospital Staff
UPD-005530,HSP-013,General Bed,1,4,2026-09-16 06:48:39,Hospital Staff
UPD-005531,HSP-018,Oxygen Bed,16,13,2026-09-16 06:48:42,Hospital Staff
UPD-005532,HSP-008,Ventilator,6,5,2026-09-16 06:52:51,Hospital Staff
UPD-005533,HSP-013,General Bed,4,9,2026-09-16 06:54:28,Hospital Staff
UPD-005534,HSP-010,ICU,17,15,2026-09-16 06:55:56,Admin
UPD-005535,HSP-012,Ventilator,3,2,2026-09-16 06:56:34,Hospital Staff
UPD-005536,HSP-015,General Bed,31,36,2026-09-16 06:57:23,Admin
UPD-005537,HSP-001,General Bed,99,102,2026-09-16 07:14:18,Simulation
UPD-005538,HSP-025,General Bed,23,26,2026-09-16 07:20:08,Hospital Staff
UPD-005539,HSP-020,Ventilator,30,29,2026-09-16 07:21:38,Simulation
UPD-005540,HSP-005,ICU,9,7,2026-09-16 07:29:13,Hospital Staff
UPD-005541,HSP-002,General Bed,31,27,2026-09-16 07:31:42,Admin
UPD-005542,HSP-004,Ventilator,4,3,2026-09-16 07:32:19,Admin
UPD-005543,HSP-006,General Bed,12,13,2026-09-16 07:33:06,Hospital Staff
UPD-005544,HSP-015,ICU,5,6,2026-09-16 07:39:16,Hospital Staff
UPD-005545,HSP-011,General Bed,19,22,2026-09-16 07:46:17,Hospital Staff
UPD-005546,HSP-004,Oxygen Bed,12,10,2026-09-16 07:51:49,Hospital Staff
UPD-005547,HSP-022,ICU,15,16,2026-09-16 07:55:14,Hospital Staff
UPD-005548,HSP-014,Ventilator,8,7,2026-09-16 07:59:19,Admin
UPD-005549,HSP-012,Ventilator,2,1,2026-09-16 08:07:04,Admin
UPD-005550,HSP-013,Oxygen Bed,6,7,2026-09-16 08:08:42,Hospital Staff
UPD-005551,HSP-018,General Bed,34,33,2026-09-16 08:09:29,Hospital Staff
UPD-005552,HSP-010,Ventilator,12,11,2026-09-16 08:26:23,Hospital Staff
UPD-005553,HSP-008,ICU,27,26,2026-09-16 08:34:26,Hospital Staff
UPD-005554,HSP-009,General Bed,9,4,2026-09-16 08:37:04,Hospital Staff
UPD-005555,HSP-020,Ventilator,29,30,2026-09-16 08:38:31,Simulation
UPD-005556,HSP-012,General Bed,101,99,2026-09-16 08:40:58,Admin
UPD-005557,HSP-007,Oxygen Bed,65,62,2026-09-16 08:49:02,Hospital Staff
UPD-005558,HSP-003,Ventilator,6,5,2026-09-16 08:49:31,Admin
UPD-005559,HSP-006,Ventilator,1,2,2026-09-16 08:50:59,Hospital Staff
UPD-005560,HSP-023,General Bed,47,42,2026-09-16 08:51:08,Admin
UPD-005561,HSP-001,ICU,29,31,2026-09-16 08:58:33,Hospital Staff
UPD-005562,HSP-024,General Bed,12,16,2026-09-16 09:06:03,Hospital Staff
UPD-005563,HSP-017,General Bed,30,26,2026-09-16 09:07:03,Hospital Staff
UPD-005564,HSP-024,Oxygen Bed,40,38,2026-09-16 09:10:31,Hospital Staff
UPD-005565,HSP-012,General Bed,99,96,2026-09-16 09:12:08,Hospital Staff
UPD-005566,HSP-007,General Bed,205,204,2026-09-16 09:12:12,Admin
UPD-005567,HSP-017,Oxygen Bed,0,1,2026-09-16 09:12:28,Hospital Staff
UPD-005568,HSP-014,ICU,16,14,2026-09-16 09:13:18,Hospital Staff
UPD-005569,HSP-008,General Bed,100,106,2026-09-16 09:16:08,Hospital Staff
UPD-005570,HSP-001,General Bed,102,104,2026-09-16 09:16:38,Admin
UPD-005571,HSP-020,Ventilator,30,29,2026-09-16 09:24:05,Admin
UPD-005572,HSP-005,ICU,7,9,2026-09-16 09:33:13,Hospital Staff
UPD-005573,HSP-007,Ventilator,18,19,2026-09-16 09:36:33,Hospital Staff
UPD-005574,HSP-001,ICU,31,32,2026-09-16 09:45:04,Hospital Staff
UPD-005575,HSP-015,Ventilator,3,2,2026-09-16 09:47:27,Admin
UPD-005576,HSP-010,Oxygen Bed,16,13,2026-09-16 10:02:14,Hospital Staff
UPD-005577,HSP-017,General Bed,26,25,2026-09-16 10:03:03,Admin
UPD-005578,HSP-016,ICU,8,6,2026-09-16 10:03:26,Simulation
UPD-005579,HSP-007,General Bed,204,200,2026-09-16 10:04:25,Hospital Staff
UPD-005580,HSP-021,General Bed,35,33,2026-09-16 10:12:25,Hospital Staff
UPD-005581,HSP-003,General Bed,19,21,2026-09-16 10:15:32,Hospital Staff
UPD-005582,HSP-015,ICU,6,7,2026-09-16 10:16:00,Simulation
UPD-005583,HSP-017,ICU,4,2,2026-09-16 10:20:58,Hospital Staff
UPD-005584,HSP-020,Oxygen Bed,59,56,2026-09-16 10:22:35,Admin
UPD-005585,HSP-020,Oxygen Bed,56,57,2026-09-16 10:25:54,Hospital Staff
UPD-005586,HSP-010,ICU,15,17,2026-09-16 10:28:22,Simulation
UPD-005587,HSP-024,General Bed,16,13,2026-09-16 10:32:19,Admin
UPD-005588,HSP-020,ICU,14,16,2026-09-16 10:36:50,Simulation
UPD-005589,HSP-009,General Bed,4,7,2026-09-16 10:41:53,Admin
UPD-005590,HSP-008,ICU,26,27,2026-09-16 10:43:15,Admin
UPD-005591,HSP-008,General Bed,106,100,2026-09-16 10:43:18,Simulation
UPD-005592,HSP-017,ICU,2,1,2026-09-16 10:45:48,Hospital Staff
UPD-005593,HSP-008,Ventilator,5,4,2026-09-16 10:52:29,Hospital Staff
UPD-005594,HSP-005,Oxygen Bed,5,8,2026-09-16 10:56:18,Hospital Staff
UPD-005595,HSP-025,General Bed,26,20,2026-09-16 11:00:31,Admin
UPD-005596,HSP-006,ICU,1,3,2026-09-16 11:02:55,Hospital Staff
UPD-005597,HSP-008,Ventilator,4,3,2026-09-16 11:03:17,Hospital Staff
UPD-005598,HSP-008,General Bed,100,106,2026-09-16 11:06:37,Hospital Staff
UPD-005599,HSP-021,Oxygen Bed,18,15,2026-09-16 11:11:25,Hospital Staff
UPD-005600,HSP-001,ICU,32,30,2026-09-16 11:17:03,Admin
UPD-005601,HSP-008,General Bed,106,100,2026-09-16 11:17:27,Hospital Staff
UPD-005602,HSP-016,Ventilator,8,7,2026-09-16 11:20:13,Hospital Staff
UPD-005603,HSP-011,Ventilator,7,6,2026-09-16 11:23:47,Hospital Staff
UPD-005604,HSP-019,ICU,17,16,2026-09-16 11:24:23,Hospital Staff
UPD-005605,HSP-020,Ventilator,29,28,2026-09-16 11:31:30,Hospital Staff
UPD-005606,HSP-010,ICU,17,16,2026-09-16 11:36:07,Hospital Staff
UPD-005607,HSP-011,Ventilator,6,7,2026-09-16 11:39:23,Admin
UPD-005608,HSP-014,General Bed,17,12,2026-09-16 11:42:30,Hospital Staff
UPD-005609,HSP-007,Oxygen Bed,62,64,2026-09-16 11:46:39,Hospital Staff
UPD-005610,HSP-021,General Bed,33,39,2026-09-16 11:58:13,Hospital Staff
UPD-005611,HSP-013,Oxygen Bed,7,6,2026-09-16 11:58:48,Hospital Staff
UPD-005612,HSP-002,Oxygen Bed,33,34,2026-09-16 12:00:49,Hospital Staff
UPD-005613,HSP-024,Oxygen Bed,38,37,2026-09-16 12:07:04,Hospital Staff
UPD-005614,HSP-006,General Bed,13,8,2026-09-16 12:09:52,Hospital Staff
UPD-005615,HSP-023,General Bed,42,41,2026-09-16 12:14:38,Hospital Staff
UPD-005616,HSP-003,ICU,5,4,2026-09-16 12:18:47,Hospital Staff
UPD-005617,HSP-010,ICU,16,14,2026-09-16 12:20:25,Simulation
UPD-005618,HSP-015,Ventilator,2,3,2026-09-16 12:22:06,Hospital Staff
UPD-005619,HSP-011,Oxygen Bed,1,2,2026-09-16 12:29:32,Hospital Staff
UPD-005620,HSP-025,General Bed,20,19,2026-09-16 12:29:37,Admin
UPD-005621,HSP-003,Oxygen Bed,11,13,2026-09-16 12:51:15,Hospital Staff
UPD-005622,HSP-006,Oxygen Bed,3,1,2026-09-16 12:51:18,Simulation
UPD-005623,HSP-004,ICU,2,1,2026-09-16 12:54:43,Admin
UPD-005624,HSP-010,General Bed,10,4,2026-09-16 12:56:44,Admin
UPD-005625,HSP-012,ICU,5,4,2026-09-16 13:03:48,Hospital Staff
UPD-005626,HSP-020,Ventilator,28,29,2026-09-16 13:03:49,Hospital Staff
UPD-005627,HSP-016,General Bed,36,42,2026-09-16 13:05:57,Hospital Staff
UPD-005628,HSP-025,Oxygen Bed,4,6,2026-09-16 13:13:22,Admin
UPD-005629,HSP-024,Oxygen Bed,37,34,2026-09-16 13:20:25,Hospital Staff
UPD-005630,HSP-022,Ventilator,5,6,2026-09-16 13:21:17,Admin
UPD-005631,HSP-001,ICU,30,31,2026-09-16 13:26:03,Admin
UPD-005632,HSP-024,Ventilator,2,3,2026-09-16 13:27:32,Hospital Staff
UPD-005633,HSP-025,Oxygen Bed,6,4,2026-09-16 13:34:41,Simulation
UPD-005634,HSP-003,Ventilator,5,6,2026-09-16 13:39:38,Hospital Staff
UPD-005635,HSP-018,Oxygen Bed,13,12,2026-09-16 13:40:35,Hospital Staff
UPD-005636,HSP-002,ICU,8,10,2026-09-16 13:41:49,Admin
UPD-005637,HSP-004,General Bed,71,73,2026-09-16 13:42:21,Hospital Staff
UPD-005638,HSP-019,Oxygen Bed,29,32,2026-09-16 13:49:57,Hospital Staff
UPD-005639,HSP-018,ICU,2,3,2026-09-16 13:52:34,Hospital Staff
UPD-005640,HSP-006,General Bed,8,9,2026-09-16 13:53:26,Hospital Staff
UPD-005641,HSP-020,Ventilator,29,30,2026-09-16 13:59:43,Hospital Staff
UPD-005642,HSP-021,Ventilator,2,1,2026-09-16 13:59:59,Hospital Staff
UPD-005643,HSP-010,General Bed,4,9,2026-09-16 14:01:50,Simulation
UPD-005644,HSP-024,ICU,5,3,2026-09-16 14:02:10,Hospital Staff
UPD-005645,HSP-015,General Bed,36,30,2026-09-16 14:05:08,Hospital Staff
UPD-005646,HSP-012,Ventilator,1,0,2026-09-16 14:07:48,Simulation
UPD-005647,HSP-025,ICU,1,0,2026-09-16 14:10:05,Hospital Staff
UPD-005648,HSP-014,General Bed,12,10,2026-09-16 14:18:19,Admin
UPD-005649,HSP-009,General Bed,7,10,2026-09-16 14:19:07,Simulation
UPD-005650,HSP-021,Ventilator,1,2,2026-09-16 14:19:24,Admin
UPD-005651,HSP-024,Ventilator,3,4,2026-09-16 14:20:02,Hospital Staff
UPD-005652,HSP-004,Oxygen Bed,10,12,2026-09-16 14:20:37,Simulation
UPD-005653,HSP-019,ICU,16,14,2026-09-16 14:20:49,Admin
UPD-005654,HSP-025,Oxygen Bed,4,1,2026-09-16 14:23:59,Hospital Staff
UPD-005655,HSP-009,ICU,2,1,2026-09-16 14:24:53,Hospital Staff
UPD-005656,HSP-001,Oxygen Bed,55,57,2026-09-16 14:29:14,Hospital Staff
UPD-005657,HSP-009,General Bed,10,7,2026-09-16 14:29:21,Simulation
UPD-005658,HSP-002,ICU,10,11,2026-09-16 14:33:23,Hospital Staff
UPD-005659,HSP-004,Ventilator,3,4,2026-09-16 14:34:51,Hospital Staff
UPD-005660,HSP-021,Ventilator,2,1,2026-09-16 14:36:08,Hospital Staff
UPD-005661,HSP-006,ICU,3,2,2026-09-16 14:41:12,Hospital Staff
UPD-005662,HSP-025,General Bed,19,16,2026-09-16 14:43:14,Hospital Staff
UPD-005663,HSP-006,ICU,2,0,2026-09-16 14:46:55,Admin
UPD-005664,HSP-012,ICU,4,6,2026-09-16 14:47:54,Hospital Staff
UPD-005665,HSP-024,General Bed,13,19,2026-09-16 14:58:11,Hospital Staff
UPD-005666,HSP-003,ICU,4,3,2026-09-16 15:01:11,Hospital Staff
UPD-005667,HSP-012,Ventilator,0,1,2026-09-16 15:10:41,Hospital Staff
UPD-005668,HSP-007,General Bed,200,206,2026-09-16 15:11:06,Admin
UPD-005669,HSP-015,Ventilator,3,4,2026-09-16 15:12:38,Simulation
UPD-005670,HSP-024,ICU,3,5,2026-09-16 15:21:09,Admin
UPD-005671,HSP-018,General Bed,33,35,2026-09-16 15:26:20,Hospital Staff
UPD-005672,HSP-015,Oxygen Bed,14,17,2026-09-16 15:30:33,Admin
UPD-005673,HSP-019,Ventilator,3,2,2026-09-16 15:31:29,Admin
UPD-005674,HSP-022,General Bed,46,40,2026-09-16 15:33:16,Hospital Staff
UPD-005675,HSP-002,General Bed,27,21,2026-09-16 15:33:36,Hospital Staff
UPD-005676,HSP-015,General Bed,30,35,2026-09-16 15:43:18,Hospital Staff
UPD-005677,HSP-001,Oxygen Bed,57,60,2026-09-16 15:45:30,Hospital Staff
UPD-005678,HSP-024,Oxygen Bed,34,37,2026-09-16 15:46:56,Simulation
UPD-005679,HSP-005,ICU,9,7,2026-09-16 15:47:36,Admin
UPD-005680,HSP-020,Ventilator,30,29,2026-09-16 15:49:53,Hospital Staff
UPD-005681,HSP-007,Ventilator,19,20,2026-09-16 15:50:35,Hospital Staff
UPD-005682,HSP-022,General Bed,40,34,2026-09-16 15:57:40,Hospital Staff
UPD-005683,HSP-018,Ventilator,2,1,2026-09-16 16:07:30,Hospital Staff
UPD-005684,HSP-018,General Bed,35,30,2026-09-16 16:14:36,Hospital Staff
UPD-005685,HSP-012,ICU,6,7,2026-09-16 16:15:45,Hospital Staff
UPD-005686,HSP-019,ICU,14,15,2026-09-16 16:17:02,Admin
UPD-005687,HSP-011,ICU,5,7,2026-09-16 16:23:50,Simulation
UPD-005688,HSP-016,Ventilator,7,8,2026-09-16 16:30:14,Admin
UPD-005689,HSP-006,General Bed,9,11,2026-09-16 16:30:39,Admin
UPD-005690,HSP-024,General Bed,19,18,2026-09-16 16:33:34,Admin
UPD-005691,HSP-023,Oxygen Bed,3,1,2026-09-16 16:41:22,Hospital Staff
UPD-005692,HSP-011,General Bed,22,26,2026-09-16 16:41:54,Hospital Staff
UPD-005693,HSP-003,ICU,3,2,2026-09-16 16:48:44,Simulation
UPD-005694,HSP-012,ICU,7,5,2026-09-16 16:51:26,Admin
UPD-005695,HSP-004,ICU,1,3,2026-09-16 16:53:00,Hospital Staff
UPD-005696,HSP-001,General Bed,104,99,2026-09-16 16:53:31,Hospital Staff
UPD-005697,HSP-021,Oxygen Bed,15,18,2026-09-16 16:59:43,Admin
UPD-005698,HSP-019,General Bed,84,88,2026-09-16 17:00:48,Hospital Staff
UPD-005699,HSP-012,General Bed,96,101,2026-09-16 17:01:02,Hospital Staff
UPD-005700,HSP-007,ICU,34,36,2026-09-16 17:22:36,Admin
UPD-005701,HSP-016,Oxygen Bed,13,10,2026-09-16 17:35:02,Hospital Staff
UPD-005702,HSP-010,General Bed,9,5,2026-09-16 17:35:45,Hospital Staff
UPD-005703,HSP-012,Oxygen Bed,53,56,2026-09-16 17:36:33,Admin
UPD-005704,HSP-002,Oxygen Bed,34,32,2026-09-16 17:37:25,Admin
UPD-005705,HSP-014,Ventilator,7,6,2026-09-16 17:44:08,Admin
UPD-005706,HSP-012,General Bed,101,98,2026-09-16 17:50:34,Hospital Staff
UPD-005707,HSP-025,Oxygen Bed,1,4,2026-09-16 17:54:21,Admin
UPD-005708,HSP-023,General Bed,41,38,2026-09-16 17:56:51,Admin
UPD-005709,HSP-019,Ventilator,2,3,2026-09-16 17:58:26,Hospital Staff
UPD-005710,HSP-009,ICU,1,2,2026-09-16 18:04:13,Hospital Staff
UPD-005711,HSP-012,ICU,5,3,2026-09-16 18:04:43,Hospital Staff
UPD-005712,HSP-023,Ventilator,1,0,2026-09-16 18:09:56,Hospital Staff
UPD-005713,HSP-023,Oxygen Bed,1,2,2026-09-16 18:10:16,Simulation
UPD-005714,HSP-021,Ventilator,1,2,2026-09-16 18:11:05,Simulation
UPD-005715,HSP-011,ICU,7,6,2026-09-16 18:17:11,Hospital Staff
UPD-005716,HSP-005,Oxygen Bed,8,7,2026-09-16 18:17:38,Admin
UPD-005717,HSP-022,ICU,16,15,2026-09-16 18:21:56,Simulation
UPD-005718,HSP-007,Oxygen Bed,64,61,2026-09-16 18:25:34,Hospital Staff
UPD-005719,HSP-019,Oxygen Bed,32,30,2026-09-16 18:26:47,Simulation
UPD-005720,HSP-025,Ventilator,0,1,2026-09-16 18:28:34,Hospital Staff
UPD-005721,HSP-021,ICU,3,5,2026-09-16 18:30:16,Hospital Staff
UPD-005722,HSP-014,ICU,14,12,2026-09-16 18:30:17,Admin
UPD-005723,HSP-008,General Bed,100,97,2026-09-16 18:34:45,Hospital Staff
UPD-005724,HSP-021,Oxygen Bed,18,17,2026-09-16 18:36:10,Simulation
UPD-005725,HSP-019,Ventilator,3,2,2026-09-16 18:38:04,Simulation
UPD-005726,HSP-004,Ventilator,4,5,2026-09-16 18:39:12,Hospital Staff
UPD-005727,HSP-002,ICU,11,9,2026-09-16 18:40:39,Admin
UPD-005728,HSP-013,General Bed,9,11,2026-09-16 18:48:11,Hospital Staff
UPD-005729,HSP-025,Oxygen Bed,4,3,2026-09-16 19:00:34,Hospital Staff
UPD-005730,HSP-025,Ventilator,1,2,2026-09-16 19:05:19,Hospital Staff
UPD-005731,HSP-017,ICU,1,3,2026-09-16 19:10:00,Simulation
UPD-005732,HSP-005,General Bed,14,8,2026-09-16 19:13:11,Hospital Staff
UPD-005733,HSP-015,Oxygen Bed,17,15,2026-09-16 19:16:42,Simulation
UPD-005734,HSP-020,ICU,16,15,2026-09-16 19:22:51,Simulation
UPD-005735,HSP-011,ICU,6,7,2026-09-16 19:27:02,Hospital Staff
UPD-005736,HSP-018,General Bed,30,35,2026-09-16 19:27:36,Hospital Staff
UPD-005737,HSP-023,General Bed,38,39,2026-09-16 19:36:55,Hospital Staff
UPD-005738,HSP-004,Oxygen Bed,12,15,2026-09-16 19:42:49,Hospital Staff
UPD-005739,HSP-008,Oxygen Bed,12,9,2026-09-16 19:44:32,Simulation
UPD-005740,HSP-014,General Bed,10,14,2026-09-16 19:46:13,Hospital Staff
UPD-005741,HSP-014,Oxygen Bed,18,15,2026-09-16 19:48:46,Hospital Staff
UPD-005742,HSP-019,ICU,15,13,2026-09-16 19:50:08,Hospital Staff
UPD-005743,HSP-018,Oxygen Bed,12,10,2026-09-16 19:50:26,Hospital Staff
UPD-005744,HSP-008,Oxygen Bed,9,7,2026-09-16 19:50:30,Hospital Staff
UPD-005745,HSP-014,Oxygen Bed,15,16,2026-09-16 19:51:40,Hospital Staff
UPD-005746,HSP-008,Ventilator,3,4,2026-09-16 19:52:55,Hospital Staff
UPD-005747,HSP-002,ICU,9,8,2026-09-16 19:56:08,Simulation
UPD-005748,HSP-023,ICU,8,6,2026-09-16 19:56:49,Simulation
UPD-005749,HSP-002,General Bed,21,15,2026-09-16 19:56:55,Simulation
UPD-005750,HSP-019,General Bed,88,94,2026-09-16 20:09:50,Hospital Staff
UPD-005751,HSP-007,Oxygen Bed,61,60,2026-09-16 20:22:39,Admin
UPD-005752,HSP-002,ICU,8,7,2026-09-16 20:23:08,Hospital Staff
UPD-005753,HSP-013,ICU,20,19,2026-09-16 20:23:56,Hospital Staff
UPD-005754,HSP-014,Oxygen Bed,16,17,2026-09-16 20:24:09,Simulation
UPD-005755,HSP-008,Ventilator,4,3,2026-09-16 20:24:57,Admin
UPD-005756,HSP-025,ICU,0,1,2026-09-16 20:25:33,Hospital Staff
UPD-005757,HSP-012,Ventilator,1,0,2026-09-16 20:40:30,Admin
UPD-005758,HSP-004,Ventilator,5,6,2026-09-16 20:44:08,Hospital Staff
UPD-005759,HSP-008,General Bed,97,96,2026-09-16 20:45:54,Admin
UPD-005760,HSP-023,Ventilator,0,1,2026-09-16 20:51:20,Simulation
UPD-005761,HSP-021,Ventilator,2,1,2026-09-16 20:54:41,Simulation
UPD-005762,HSP-020,Ventilator,29,30,2026-09-16 20:59:40,Hospital Staff
UPD-005763,HSP-025,General Bed,16,17,2026-09-16 21:20:30,Hospital Staff
UPD-005764,HSP-015,ICU,7,8,2026-09-16 21:27:40,Hospital Staff
UPD-005765,HSP-017,ICU,3,1,2026-09-16 21:28:32,Admin
UPD-005766,HSP-014,General Bed,14,16,2026-09-16 21:28:40,Hospital Staff
UPD-005767,HSP-011,General Bed,26,29,2026-09-16 21:32:37,Hospital Staff
UPD-005768,HSP-022,ICU,15,14,2026-09-16 21:33:26,Hospital Staff
UPD-005769,HSP-013,Oxygen Bed,6,7,2026-09-16 21:36:00,Hospital Staff
UPD-005770,HSP-025,ICU,1,0,2026-09-16 21:38:23,Hospital Staff
UPD-005771,HSP-009,ICU,2,4,2026-09-16 21:50:23,Admin
UPD-005772,HSP-019,Oxygen Bed,30,31,2026-09-16 21:55:21,Hospital Staff
UPD-005773,HSP-003,Oxygen Bed,13,10,2026-09-16 22:03:57,Hospital Staff
UPD-005774,HSP-013,ICU,19,20,2026-09-16 22:13:41,Admin
UPD-005775,HSP-019,General Bed,94,97,2026-09-16 22:19:56,Admin
UPD-005776,HSP-020,Ventilator,30,29,2026-09-16 22:19:59,Hospital Staff
UPD-005777,HSP-020,Oxygen Bed,57,54,2026-09-16 22:22:07,Simulation
UPD-005778,HSP-022,Oxygen Bed,0,2,2026-09-16 22:28:27,Simulation
UPD-005779,HSP-015,Ventilator,4,3,2026-09-16 22:28:43,Simulation
UPD-005780,HSP-014,Oxygen Bed,17,19,2026-09-16 22:32:46,Hospital Staff
UPD-005781,HSP-008,Oxygen Bed,7,10,2026-09-16 22:33:41,Hospital Staff
UPD-005782,HSP-022,Oxygen Bed,2,3,2026-09-16 22:33:46,Hospital Staff
UPD-005783,HSP-002,Oxygen Bed,32,30,2026-09-16 22:37:51,Simulation
UPD-005784,HSP-023,Oxygen Bed,2,3,2026-09-16 22:47:57,Simulation
UPD-005785,HSP-001,Oxygen Bed,60,58,2026-09-16 22:48:36,Hospital Staff
UPD-005786,HSP-010,Ventilator,11,10,2026-09-16 22:48:58,Hospital Staff
UPD-005787,HSP-021,ICU,5,4,2026-09-16 22:54:10,Hospital Staff
UPD-005788,HSP-012,Ventilator,0,1,2026-09-16 22:59:57,Hospital Staff
UPD-005789,HSP-024,Ventilator,4,5,2026-09-16 23:00:19,Hospital Staff
UPD-005790,HSP-007,ICU,36,35,2026-09-16 23:02:01,Admin
UPD-005791,HSP-012,Ventilator,1,0,2026-09-16 23:08:36,Hospital Staff
UPD-005792,HSP-006,Ventilator,2,1,2026-09-16 23:11:20,Hospital Staff
UPD-005793,HSP-024,Ventilator,5,4,2026-09-16 23:11:39,Hospital Staff
UPD-005794,HSP-011,General Bed,29,34,2026-09-16 23:12:33,Simulation
UPD-005795,HSP-023,Oxygen Bed,3,4,2026-09-16 23:16:03,Hospital Staff
UPD-005796,HSP-025,ICU,0,1,2026-09-16 23:17:02,Hospital Staff
UPD-005797,HSP-008,Oxygen Bed,10,11,2026-09-16 23:28:16,Hospital Staff
UPD-005798,HSP-013,Oxygen Bed,7,8,2026-09-16 23:32:19,Hospital Staff
UPD-005799,HSP-013,Ventilator,4,5,2026-09-16 23:34:28,Hospital Staff
UPD-005800,HSP-016,General Bed,42,43,2026-09-16 23:34:37,Simulation
UPD-005801,HSP-004,Oxygen Bed,15,13,2026-09-16 23:38:19,Admin
UPD-005802,HSP-025,Oxygen Bed,3,5,2026-09-16 23:39:43,Hospital Staff
UPD-005803,HSP-020,Oxygen Bed,54,51,2026-09-16 23:44:50,Hospital Staff
UPD-005804,HSP-009,Oxygen Bed,14,12,2026-09-16 23:47:30,Simulation
UPD-005805,HSP-020,Oxygen Bed,51,52,2026-09-16 23:51:34,Admin
UPD-005806,HSP-003,Oxygen Bed,10,7,2026-09-16 23:52:26,Hospital Staff
UPD-005807,HSP-021,Oxygen Bed,17,20,2026-09-17 00:01:38,Hospital Staff
UPD-005808,HSP-023,ICU,6,4,2026-09-17 00:01:40,Hospital Staff
UPD-005809,HSP-018,Oxygen Bed,10,9,2026-09-17 00:05:03,Simulation
UPD-005810,HSP-018,General Bed,35,41,2026-09-17 00:08:16,Hospital Staff
UPD-005811,HSP-018,General Bed,41,38,2026-09-17 00:09:30,Hospital Staff
UPD-005812,HSP-010,Oxygen Bed,13,15,2026-09-17 00:09:36,Simulation
UPD-005813,HSP-012,ICU,3,1,2026-09-17 00:17:14,Hospital Staff
UPD-005814,HSP-004,Ventilator,6,5,2026-09-17 00:19:38,Hospital Staff
UPD-005815,HSP-001,General Bed,99,97,2026-09-17 00:21:07,Hospital Staff
UPD-005816,HSP-016,General Bed,43,46,2026-09-17 00:21:43,Hospital Staff
UPD-005817,HSP-002,General Bed,15,11,2026-09-17 00:25:04,Hospital Staff
UPD-005818,HSP-024,General Bed,18,23,2026-09-17 00:27:20,Hospital Staff
UPD-005819,HSP-007,ICU,35,37,2026-09-17 00:51:21,Hospital Staff
UPD-005820,HSP-021,Ventilator,1,2,2026-09-17 00:54:27,Hospital Staff
UPD-005821,HSP-002,Oxygen Bed,30,28,2026-09-17 01:05:27,Simulation
UPD-005822,HSP-002,General Bed,11,17,2026-09-17 01:06:20,Simulation
UPD-005823,HSP-014,Oxygen Bed,19,16,2026-09-17 01:19:03,Simulation
UPD-005824,HSP-006,Ventilator,1,0,2026-09-17 01:25:43,Hospital Staff
UPD-005825,HSP-021,General Bed,39,36,2026-09-17 01:26:09,Hospital Staff
UPD-005826,HSP-018,General Bed,38,34,2026-09-17 01:32:06,Admin
UPD-005827,HSP-015,ICU,8,7,2026-09-17 01:36:56,Admin
UPD-005828,HSP-016,ICU,6,8,2026-09-17 01:40:09,Hospital Staff
UPD-005829,HSP-022,Oxygen Bed,3,5,2026-09-17 01:48:37,Hospital Staff
UPD-005830,HSP-012,Ventilator,0,1,2026-09-17 01:53:53,Hospital Staff
UPD-005831,HSP-025,General Bed,17,21,2026-09-17 01:57:56,Hospital Staff
UPD-005832,HSP-018,ICU,3,5,2026-09-17 02:00:41,Admin
UPD-005833,HSP-021,ICU,4,2,2026-09-17 02:01:43,Hospital Staff
UPD-005834,HSP-008,ICU,27,26,2026-09-17 02:11:30,Hospital Staff
UPD-005835,HSP-015,Oxygen Bed,15,13,2026-09-17 02:16:47,Simulation
UPD-005836,HSP-020,Oxygen Bed,52,49,2026-09-17 02:17:04,Hospital Staff
UPD-005837,HSP-002,General Bed,17,19,2026-09-17 02:18:35,Admin
UPD-005838,HSP-009,Oxygen Bed,12,10,2026-09-17 02:24:27,Hospital Staff
UPD-005839,HSP-015,Ventilator,3,4,2026-09-17 02:28:48,Hospital Staff
UPD-005840,HSP-007,Ventilator,20,19,2026-09-17 02:30:04,Hospital Staff
UPD-005841,HSP-022,Ventilator,6,7,2026-09-17 02:30:10,Hospital Staff
UPD-005842,HSP-025,ICU,1,0,2026-09-17 02:33:12,Simulation
UPD-005843,HSP-016,General Bed,46,51,2026-09-17 02:34:47,Hospital Staff
UPD-005844,HSP-018,Ventilator,1,0,2026-09-17 02:36:51,Hospital Staff
UPD-005845,HSP-022,General Bed,34,33,2026-09-17 02:49:45,Hospital Staff
UPD-005846,HSP-017,General Bed,25,20,2026-09-17 02:50:13,Admin
UPD-005847,HSP-006,Oxygen Bed,1,3,2026-09-17 02:54:01,Hospital Staff
UPD-005848,HSP-014,Ventilator,6,7,2026-09-17 02:56:11,Hospital Staff
UPD-005849,HSP-023,Oxygen Bed,4,2,2026-09-17 03:05:14,Hospital Staff
UPD-005850,HSP-011,General Bed,34,32,2026-09-17 03:10:27,Admin
UPD-005851,HSP-002,Ventilator,0,1,2026-09-17 03:10:29,Admin
UPD-005852,HSP-017,Oxygen Bed,1,3,2026-09-17 03:14:02,Hospital Staff
UPD-005853,HSP-019,General Bed,97,103,2026-09-17 03:14:46,Hospital Staff
UPD-005854,HSP-024,Oxygen Bed,37,34,2026-09-17 03:16:42,Hospital Staff
UPD-005855,HSP-005,General Bed,8,13,2026-09-17 03:26:54,Hospital Staff
UPD-005856,HSP-022,Oxygen Bed,5,2,2026-09-17 03:33:31,Hospital Staff
UPD-005857,HSP-011,Oxygen Bed,2,5,2026-09-17 03:34:36,Admin
UPD-005858,HSP-014,Oxygen Bed,16,14,2026-09-17 03:34:48,Admin
UPD-005859,HSP-022,ICU,14,12,2026-09-17 03:36:31,Hospital Staff
UPD-005860,HSP-008,General Bed,96,98,2026-09-17 03:37:49,Hospital Staff
UPD-005861,HSP-019,Oxygen Bed,31,28,2026-09-17 03:47:36,Hospital Staff
UPD-005862,HSP-005,ICU,7,6,2026-09-17 03:50:23,Simulation
UPD-005863,HSP-010,Oxygen Bed,15,12,2026-09-17 03:50:58,Simulation
UPD-005864,HSP-013,ICU,20,18,2026-09-17 03:59:08,Hospital Staff
UPD-005865,HSP-022,ICU,12,14,2026-09-17 04:01:54,Hospital Staff
UPD-005866,HSP-010,ICU,14,16,2026-09-17 04:08:17,Simulation
UPD-005867,HSP-006,Ventilator,0,1,2026-09-17 04:14:17,Admin
UPD-005868,HSP-001,Ventilator,12,11,2026-09-17 04:14:57,Hospital Staff
UPD-005869,HSP-012,ICU,1,0,2026-09-17 04:17:22,Hospital Staff
UPD-005870,HSP-017,General Bed,20,21,2026-09-17 04:18:41,Hospital Staff
UPD-005871,HSP-024,Oxygen Bed,34,33,2026-09-17 04:18:58,Simulation
UPD-005872,HSP-008,Oxygen Bed,11,14,2026-09-17 04:23:32,Hospital Staff
UPD-005873,HSP-021,Oxygen Bed,20,23,2026-09-17 04:27:00,Hospital Staff
UPD-005874,HSP-012,Oxygen Bed,56,57,2026-09-17 04:27:34,Simulation
UPD-005875,HSP-008,ICU,26,25,2026-09-17 04:37:14,Admin
UPD-005876,HSP-001,ICU,31,29,2026-09-17 04:38:07,Simulation
UPD-005877,HSP-004,Oxygen Bed,13,14,2026-09-17 04:39:11,Hospital Staff
UPD-005878,HSP-022,Oxygen Bed,2,4,2026-09-17 04:40:47,Admin
UPD-005879,HSP-018,Oxygen Bed,9,7,2026-09-17 04:42:40,Hospital Staff
UPD-005880,HSP-022,General Bed,33,34,2026-09-17 04:47:36,Hospital Staff
UPD-005881,HSP-019,Ventilator,2,3,2026-09-17 05:01:21,Hospital Staff
UPD-005882,HSP-006,General Bed,11,13,2026-09-17 05:01:42,Admin
UPD-005883,HSP-003,Oxygen Bed,7,6,2026-09-17 05:02:34,Admin
UPD-005884,HSP-020,General Bed,203,208,2026-09-17 05:05:59,Admin
UPD-005885,HSP-009,General Bed,7,12,2026-09-17 05:06:15,Simulation
UPD-005886,HSP-006,General Bed,13,7,2026-09-17 05:07:50,Hospital Staff
UPD-005887,HSP-022,Ventilator,7,6,2026-09-17 05:08:06,Hospital Staff
UPD-005888,HSP-021,Oxygen Bed,23,22,2026-09-17 05:12:27,Hospital Staff
UPD-005889,HSP-020,Ventilator,29,28,2026-09-17 05:14:02,Hospital Staff
UPD-005890,HSP-002,Ventilator,1,2,2026-09-17 05:17:21,Hospital Staff
UPD-005891,HSP-019,Ventilator,3,2,2026-09-17 05:22:03,Hospital Staff
UPD-005892,HSP-024,Ventilator,4,5,2026-09-17 05:24:28,Admin
UPD-005893,HSP-021,General Bed,36,41,2026-09-17 05:26:56,Hospital Staff
UPD-005894,HSP-007,Oxygen Bed,60,61,2026-09-17 05:26:59,Hospital Staff
UPD-005895,HSP-010,Oxygen Bed,12,10,2026-09-17 05:28:42,Admin
UPD-005896,HSP-018,Ventilator,0,1,2026-09-17 05:29:29,Simulation
UPD-005897,HSP-025,Oxygen Bed,5,3,2026-09-17 05:32:23,Hospital Staff
UPD-005898,HSP-008,General Bed,98,97,2026-09-17 05:35:15,Simulation
UPD-005899,HSP-003,Oxygen Bed,6,5,2026-09-17 05:36:32,Hospital Staff
UPD-005900,HSP-023,Ventilator,1,2,2026-09-17 05:37:22,Simulation
UPD-005901,HSP-020,General Bed,208,202,2026-09-17 05:40:08,Admin
UPD-005902,HSP-015,Ventilator,4,5,2026-09-17 05:41:27,Simulation
UPD-005903,HSP-016,ICU,8,6,2026-09-17 05:44:52,Admin
UPD-005904,HSP-009,Oxygen Bed,10,11,2026-09-17 05:48:36,Hospital Staff
UPD-005905,HSP-009,ICU,4,6,2026-09-17 05:51:00,Admin
UPD-005906,HSP-021,Oxygen Bed,22,23,2026-09-17 05:53:27,Simulation
UPD-005907,HSP-021,Oxygen Bed,23,24,2026-09-17 05:53:27,Admin
UPD-005908,HSP-001,ICU,29,30,2026-09-17 05:55:51,Hospital Staff
UPD-005909,HSP-025,General Bed,21,25,2026-09-17 06:00:35,Hospital Staff
UPD-005910,HSP-003,General Bed,21,19,2026-09-17 06:01:57,Hospital Staff
UPD-005911,HSP-019,Ventilator,2,3,2026-09-17 06:02:40,Hospital Staff
UPD-005912,HSP-014,ICU,12,11,2026-09-17 06:19:59,Hospital Staff
UPD-005913,HSP-020,Ventilator,28,29,2026-09-17 06:20:28,Admin
UPD-005914,HSP-003,General Bed,19,18,2026-09-17 06:28:25,Simulation
UPD-005915,HSP-010,Ventilator,10,11,2026-09-17 06:29:22,Hospital Staff
UPD-005916,HSP-004,Oxygen Bed,14,16,2026-09-17 06:32:14,Hospital Staff
UPD-005917,HSP-015,Oxygen Bed,13,12,2026-09-17 06:39:47,Hospital Staff
UPD-005918,HSP-014,Ventilator,7,6,2026-09-17 06:40:38,Hospital Staff
UPD-005919,HSP-018,General Bed,34,37,2026-09-17 06:49:30,Hospital Staff
UPD-005920,HSP-016,Ventilator,8,7,2026-09-17 06:49:54,Hospital Staff
UPD-005921,HSP-012,ICU,0,2,2026-09-17 06:51:19,Hospital Staff
UPD-005922,HSP-001,ICU,30,28,2026-09-17 06:55:11,Hospital Staff
UPD-005923,HSP-018,ICU,5,4,2026-09-17 06:58:54,Hospital Staff
UPD-005924,HSP-013,General Bed,11,15,2026-09-17 07:11:55,Hospital Staff
UPD-005925,HSP-005,Ventilator,3,2,2026-09-17 07:13:36,Admin
UPD-005926,HSP-012,Ventilator,1,0,2026-09-17 07:15:09,Admin
UPD-005927,HSP-016,ICU,6,5,2026-09-17 07:17:34,Admin
UPD-005928,HSP-014,Oxygen Bed,14,11,2026-09-17 07:27:14,Hospital Staff
UPD-005929,HSP-018,General Bed,37,36,2026-09-17 07:28:38,Simulation
UPD-005930,HSP-018,General Bed,36,40,2026-09-17 07:30:46,Admin
UPD-005931,HSP-011,Oxygen Bed,5,2,2026-09-17 07:33:00,Hospital Staff
UPD-005932,HSP-008,Oxygen Bed,14,11,2026-09-17 07:33:20,Hospital Staff
UPD-005933,HSP-017,ICU,1,0,2026-09-17 07:40:15,Hospital Staff
UPD-005934,HSP-013,ICU,18,19,2026-09-17 07:50:55,Hospital Staff
UPD-005935,HSP-010,Ventilator,11,10,2026-09-17 07:52:16,Hospital Staff
UPD-005936,HSP-007,General Bed,206,207,2026-09-17 07:57:30,Hospital Staff
UPD-005937,HSP-020,Oxygen Bed,49,48,2026-09-17 08:00:16,Hospital Staff
UPD-005938,HSP-007,General Bed,207,202,2026-09-17 08:00:59,Hospital Staff
UPD-005939,HSP-009,ICU,6,5,2026-09-17 08:10:02,Hospital Staff
UPD-005940,HSP-018,Ventilator,1,0,2026-09-17 08:11:46,Hospital Staff
UPD-005941,HSP-025,ICU,0,2,2026-09-17 08:13:51,Admin
UPD-005942,HSP-009,General Bed,12,11,2026-09-17 08:33:10,Hospital Staff
UPD-005943,HSP-012,Oxygen Bed,57,56,2026-09-17 08:39:48,Simulation
UPD-005944,HSP-019,Oxygen Bed,28,29,2026-09-17 08:44:20,Hospital Staff
UPD-005945,HSP-007,General Bed,202,199,2026-09-17 08:50:59,Hospital Staff
UPD-005946,HSP-024,General Bed,23,18,2026-09-17 08:53:57,Admin
UPD-005947,HSP-023,Ventilator,2,1,2026-09-17 09:08:01,Admin
UPD-005948,HSP-020,General Bed,202,200,2026-09-17 09:11:10,Hospital Staff
UPD-005949,HSP-013,General Bed,15,9,2026-09-17 09:11:27,Hospital Staff
UPD-005950,HSP-022,Ventilator,6,7,2026-09-17 09:12:17,Hospital Staff
UPD-005951,HSP-004,ICU,3,2,2026-09-17 09:22:01,Hospital Staff
UPD-005952,HSP-009,Oxygen Bed,11,9,2026-09-17 09:23:15,Hospital Staff
UPD-005953,HSP-005,Oxygen Bed,7,4,2026-09-17 09:25:22,Simulation
UPD-005954,HSP-013,Ventilator,5,6,2026-09-17 09:30:44,Hospital Staff
UPD-005955,HSP-008,Ventilator,3,2,2026-09-17 09:35:36,Hospital Staff
UPD-005956,HSP-003,ICU,2,4,2026-09-17 09:41:42,Hospital Staff
UPD-005957,HSP-005,ICU,6,7,2026-09-17 09:42:35,Hospital Staff
UPD-005958,HSP-008,Oxygen Bed,11,12,2026-09-17 09:42:40,Simulation
UPD-005959,HSP-019,Oxygen Bed,29,26,2026-09-17 09:44:11,Hospital Staff
UPD-005960,HSP-023,ICU,4,3,2026-09-17 09:45:27,Hospital Staff
UPD-005961,HSP-006,ICU,0,2,2026-09-17 09:45:45,Hospital Staff
UPD-005962,HSP-003,Ventilator,6,7,2026-09-17 09:51:03,Admin
UPD-005963,HSP-012,ICU,2,1,2026-09-17 09:51:05,Hospital Staff
UPD-005964,HSP-024,General Bed,18,24,2026-09-17 09:53:59,Hospital Staff
UPD-005965,HSP-022,General Bed,34,30,2026-09-17 10:06:29,Simulation
UPD-005966,HSP-015,Oxygen Bed,12,10,2026-09-17 10:06:47,Simulation
UPD-005967,HSP-012,Ventilator,0,1,2026-09-17 10:10:22,Simulation
UPD-005968,HSP-007,Ventilator,19,18,2026-09-17 10:11:03,Admin
UPD-005969,HSP-021,Oxygen Bed,24,25,2026-09-17 10:13:48,Simulation
UPD-005970,HSP-010,Ventilator,10,9,2026-09-17 10:15:37,Hospital Staff
UPD-005971,HSP-013,ICU,19,17,2026-09-17 10:16:15,Hospital Staff
UPD-005972,HSP-014,Oxygen Bed,11,12,2026-09-17 10:20:13,Hospital Staff
UPD-005973,HSP-010,Ventilator,9,10,2026-09-17 10:20:58,Simulation
UPD-005974,HSP-004,ICU,2,1,2026-09-17 10:22:52,Admin
UPD-005975,HSP-024,ICU,5,3,2026-09-17 10:24:57,Admin
UPD-005976,HSP-003,General Bed,18,12,2026-09-17 10:26:29,Simulation
UPD-005977,HSP-025,Oxygen Bed,3,4,2026-09-17 10:27:23,Hospital Staff
UPD-005978,HSP-022,Oxygen Bed,4,7,2026-09-17 10:28:55,Hospital Staff
UPD-005979,HSP-007,Oxygen Bed,61,59,2026-09-17 10:31:51,Hospital Staff
UPD-005980,HSP-014,ICU,11,12,2026-09-17 10:37:46,Simulation
UPD-005981,HSP-001,Oxygen Bed,58,56,2026-09-17 10:37:56,Hospital Staff
UPD-005982,HSP-003,Oxygen Bed,5,2,2026-09-17 10:43:19,Hospital Staff
UPD-005983,HSP-002,Ventilator,2,1,2026-09-17 10:45:36,Hospital Staff
UPD-005984,HSP-024,General Bed,24,30,2026-09-17 10:46:27,Simulation
UPD-005985,HSP-010,Ventilator,10,11,2026-09-17 10:59:35,Simulation
UPD-005986,HSP-015,ICU,7,9,2026-09-17 11:00:42,Hospital Staff
UPD-005987,HSP-013,General Bed,9,11,2026-09-17 11:02:33,Hospital Staff
UPD-005988,HSP-011,Oxygen Bed,2,5,2026-09-17 11:09:07,Simulation
UPD-005989,HSP-006,General Bed,7,6,2026-09-17 11:11:20,Simulation
UPD-005990,HSP-006,General Bed,6,5,2026-09-17 11:19:21,Hospital Staff
UPD-005991,HSP-006,Ventilator,1,2,2026-09-17 11:21:11,Simulation
UPD-005992,HSP-009,Oxygen Bed,9,8,2026-09-17 11:25:33,Hospital Staff
UPD-005993,HSP-012,ICU,1,2,2026-09-17 11:31:29,Simulation
UPD-005994,HSP-022,General Bed,30,24,2026-09-17 11:36:43,Admin
UPD-005995,HSP-024,ICU,3,2,2026-09-17 11:37:06,Hospital Staff
UPD-005996,HSP-006,General Bed,5,9,2026-09-17 11:46:04,Hospital Staff
UPD-005997,HSP-022,Oxygen Bed,7,6,2026-09-17 11:47:30,Hospital Staff
UPD-005998,HSP-011,General Bed,32,26,2026-09-17 11:57:29,Hospital Staff
UPD-005999,HSP-012,General Bed,98,92,2026-09-17 12:01:35,Hospital Staff
UPD-006000,HSP-010,General Bed,5,11,2026-09-17 12:03:40,Hospital Staff
UPD-006001,HSP-025,General Bed,25,31,2026-09-17 12:06:01,Simulation
UPD-006002,HSP-022,General Bed,24,28,2026-09-17 12:06:18,Hospital Staff
UPD-006003,HSP-025,ICU,2,4,2026-09-17 12:14:46,Simulation
UPD-006004,HSP-023,General Bed,39,35,2026-09-17 12:19:30,Hospital Staff
UPD-006005,HSP-004,Oxygen Bed,16,18,2026-09-17 12:19:54,Admin
UPD-006006,HSP-001,General Bed,97,94,2026-09-17 12:20:18,Simulation
UPD-006007,HSP-020,General Bed,200,204,2026-09-17 12:21:18,Hospital Staff
UPD-006008,HSP-019,Oxygen Bed,26,28,2026-09-17 12:25:34,Hospital Staff
UPD-006009,HSP-021,Ventilator,2,3,2026-09-17 12:27:20,Hospital Staff
UPD-006010,HSP-006,ICU,2,0,2026-09-17 12:37:34,Admin
UPD-006011,HSP-025,Ventilator,2,1,2026-09-17 12:38:13,Simulation
UPD-006012,HSP-020,Oxygen Bed,48,51,2026-09-17 12:39:12,Hospital Staff
UPD-006013,HSP-016,General Bed,51,55,2026-09-17 12:44:35,Hospital Staff
UPD-006014,HSP-011,General Bed,26,27,2026-09-17 12:45:20,Hospital Staff
UPD-006015,HSP-004,Oxygen Bed,18,17,2026-09-17 12:53:55,Hospital Staff
UPD-006016,HSP-014,Ventilator,6,7,2026-09-17 13:01:07,Hospital Staff
UPD-006017,HSP-014,ICU,12,11,2026-09-17 13:01:09,Admin
UPD-006018,HSP-003,General Bed,12,6,2026-09-17 13:02:59,Admin
UPD-006019,HSP-017,General Bed,21,20,2026-09-17 13:03:10,Hospital Staff
UPD-006020,HSP-014,Oxygen Bed,12,14,2026-09-17 13:10:27,Simulation
UPD-006021,HSP-007,Ventilator,18,17,2026-09-17 13:11:06,Hospital Staff
UPD-006022,HSP-012,Ventilator,1,2,2026-09-17 13:13:21,Hospital Staff
UPD-006023,HSP-016,Oxygen Bed,10,12,2026-09-17 13:13:55,Admin
UPD-006024,HSP-015,Ventilator,5,6,2026-09-17 13:15:14,Hospital Staff
UPD-006025,HSP-014,Oxygen Bed,14,17,2026-09-17 13:16:13,Hospital Staff
UPD-006026,HSP-023,Ventilator,1,0,2026-09-17 13:25:01,Admin
UPD-006027,HSP-011,ICU,7,5,2026-09-17 13:30:19,Hospital Staff
UPD-006028,HSP-003,Ventilator,7,8,2026-09-17 13:33:18,Hospital Staff
UPD-006029,HSP-024,General Bed,30,32,2026-09-17 13:50:37,Hospital Staff
UPD-006030,HSP-025,Oxygen Bed,4,3,2026-09-17 13:57:22,Hospital Staff
UPD-006031,HSP-025,ICU,4,2,2026-09-17 14:24:36,Hospital Staff
UPD-006032,HSP-019,Ventilator,3,4,2026-09-17 14:28:22,Hospital Staff
UPD-006033,HSP-021,ICU,2,1,2026-09-17 14:29:24,Hospital Staff
UPD-006034,HSP-011,Ventilator,7,8,2026-09-17 14:31:46,Hospital Staff
UPD-006035,HSP-002,General Bed,19,17,2026-09-17 14:33:01,Hospital Staff
UPD-006036,HSP-014,General Bed,16,11,2026-09-17 14:36:24,Hospital Staff
UPD-006037,HSP-008,Oxygen Bed,12,13,2026-09-17 14:38:09,Admin
UPD-006038,HSP-020,Oxygen Bed,51,52,2026-09-17 14:42:11,Simulation
UPD-006039,HSP-013,Oxygen Bed,8,10,2026-09-17 14:42:20,Admin
UPD-006040,HSP-015,Oxygen Bed,10,9,2026-09-17 14:43:29,Hospital Staff
UPD-006041,HSP-008,Oxygen Bed,13,15,2026-09-17 14:45:51,Simulation
UPD-006042,HSP-018,General Bed,40,43,2026-09-17 14:48:02,Hospital Staff
UPD-006043,HSP-007,Ventilator,17,16,2026-09-17 14:50:37,Hospital Staff
UPD-006044,HSP-018,Ventilator,0,1,2026-09-17 15:15:17,Simulation
UPD-006045,HSP-010,General Bed,11,6,2026-09-17 15:18:11,Hospital Staff
UPD-006046,HSP-023,Oxygen Bed,2,4,2026-09-17 15:19:17,Admin
UPD-006047,HSP-008,Ventilator,2,1,2026-09-17 15:21:46,Admin
UPD-006048,HSP-004,Ventilator,5,4,2026-09-17 15:21:54,Admin
UPD-006049,HSP-017,ICU,0,1,2026-09-17 15:27:13,Admin
UPD-006050,HSP-001,Oxygen Bed,56,58,2026-09-17 15:29:33,Admin
UPD-006051,HSP-007,Ventilator,16,17,2026-09-17 15:33:51,Simulation
UPD-006052,HSP-004,Ventilator,4,5,2026-09-17 15:35:10,Hospital Staff
UPD-006053,HSP-002,Oxygen Bed,28,26,2026-09-17 15:47:33,Hospital Staff
UPD-006054,HSP-015,Oxygen Bed,9,8,2026-09-17 15:50:03,Admin
UPD-006055,HSP-002,Ventilator,1,0,2026-09-17 15:52:00,Simulation
UPD-006056,HSP-023,Ventilator,0,1,2026-09-17 16:02:44,Hospital Staff
UPD-006057,HSP-003,General Bed,6,5,2026-09-17 16:08:23,Hospital Staff
UPD-006058,HSP-021,General Bed,41,38,2026-09-17 16:11:32,Admin
UPD-006059,HSP-013,ICU,17,15,2026-09-17 16:14:27,Hospital Staff
UPD-006060,HSP-023,ICU,3,5,2026-09-17 16:15:27,Admin
UPD-006061,HSP-003,ICU,4,3,2026-09-17 16:18:24,Hospital Staff
UPD-006062,HSP-011,Ventilator,8,7,2026-09-17 16:22:50,Hospital Staff
UPD-006063,HSP-004,General Bed,73,75,2026-09-17 16:23:34,Simulation
UPD-006064,HSP-009,General Bed,11,13,2026-09-17 16:29:19,Hospital Staff
UPD-006065,HSP-013,Oxygen Bed,10,11,2026-09-17 16:33:17,Admin
UPD-006066,HSP-005,Ventilator,2,1,2026-09-17 16:34:16,Simulation
UPD-006067,HSP-013,ICU,15,17,2026-09-17 16:36:57,Admin
UPD-006068,HSP-019,Ventilator,4,3,2026-09-17 16:39:09,Hospital Staff
UPD-006069,HSP-006,Ventilator,2,1,2026-09-17 16:40:50,Simulation
UPD-006070,HSP-011,Oxygen Bed,5,2,2026-09-17 16:42:18,Admin
UPD-006071,HSP-018,Oxygen Bed,7,9,2026-09-17 16:44:14,Admin
UPD-006072,HSP-001,ICU,28,29,2026-09-17 16:45:55,Hospital Staff
UPD-006073,HSP-020,General Bed,204,207,2026-09-17 16:47:14,Hospital Staff
UPD-006074,HSP-025,Oxygen Bed,3,5,2026-09-17 16:53:16,Simulation
UPD-006075,HSP-019,Oxygen Bed,28,30,2026-09-17 17:03:13,Hospital Staff
UPD-006076,HSP-011,Ventilator,7,8,2026-09-17 17:12:26,Hospital Staff
UPD-006077,HSP-003,General Bed,5,10,2026-09-17 17:14:53,Hospital Staff
UPD-006078,HSP-023,Ventilator,1,0,2026-09-17 17:18:01,Hospital Staff
UPD-006079,HSP-010,General Bed,6,0,2026-09-17 17:19:01,Simulation
UPD-006080,HSP-016,ICU,5,4,2026-09-17 17:27:25,Hospital Staff
UPD-006081,HSP-005,ICU,7,9,2026-09-17 17:27:56,Hospital Staff
UPD-006082,HSP-025,Oxygen Bed,5,6,2026-09-17 17:31:11,Admin
UPD-006083,HSP-003,Oxygen Bed,2,1,2026-09-17 17:38:39,Hospital Staff
UPD-006084,HSP-002,Oxygen Bed,26,28,2026-09-17 17:40:31,Hospital Staff
UPD-006085,HSP-004,General Bed,75,72,2026-09-17 17:43:01,Simulation
UPD-006086,HSP-018,Ventilator,1,0,2026-09-17 17:44:22,Hospital Staff
UPD-006087,HSP-014,Oxygen Bed,17,19,2026-09-17 17:48:09,Simulation
UPD-006088,HSP-022,Ventilator,7,6,2026-09-17 17:48:21,Hospital Staff
UPD-006089,HSP-018,General Bed,43,46,2026-09-17 17:48:51,Hospital Staff
UPD-006090,HSP-018,Oxygen Bed,9,7,2026-09-17 18:07:49,Hospital Staff
UPD-006091,HSP-022,Ventilator,6,7,2026-09-17 18:15:35,Simulation
UPD-006092,HSP-012,Ventilator,2,3,2026-09-17 18:17:00,Admin
UPD-006093,HSP-001,General Bed,94,88,2026-09-17 18:17:23,Admin
UPD-006094,HSP-010,ICU,16,15,2026-09-17 18:22:50,Hospital Staff
UPD-006095,HSP-011,General Bed,27,33,2026-09-17 18:28:54,Hospital Staff
UPD-006096,HSP-023,Oxygen Bed,4,2,2026-09-17 18:30:25,Hospital Staff
UPD-006097,HSP-002,Oxygen Bed,28,29,2026-09-17 18:31:32,Admin
UPD-006098,HSP-017,ICU,1,3,2026-09-17 18:33:31,Admin
UPD-006099,HSP-003,Ventilator,8,7,2026-09-17 18:36:01,Simulation
UPD-006100,HSP-021,Oxygen Bed,25,26,2026-09-17 18:37:21,Hospital Staff
UPD-006101,HSP-006,Oxygen Bed,3,4,2026-09-17 18:38:06,Hospital Staff
UPD-006102,HSP-017,Oxygen Bed,3,2,2026-09-17 18:42:44,Simulation
UPD-006103,HSP-007,Ventilator,17,18,2026-09-17 18:56:06,Hospital Staff
UPD-006104,HSP-001,General Bed,88,91,2026-09-17 18:56:13,Hospital Staff
UPD-006105,HSP-023,Oxygen Bed,2,1,2026-09-17 18:57:10,Admin
UPD-006106,HSP-004,Ventilator,5,6,2026-09-17 19:06:14,Hospital Staff
UPD-006107,HSP-003,Ventilator,7,6,2026-09-17 19:11:05,Hospital Staff
UPD-006108,HSP-022,Oxygen Bed,6,9,2026-09-17 19:15:50,Hospital Staff
UPD-006109,HSP-006,Oxygen Bed,4,5,2026-09-17 19:17:53,Simulation
UPD-006110,HSP-019,Oxygen Bed,30,32,2026-09-17 19:22:03,Hospital Staff
UPD-006111,HSP-008,ICU,25,24,2026-09-17 19:26:17,Admin
UPD-006112,HSP-004,ICU,1,3,2026-09-17 19:33:00,Hospital Staff
UPD-006113,HSP-018,Oxygen Bed,7,5,2026-09-17 19:33:39,Hospital Staff
UPD-006114,HSP-025,ICU,2,0,2026-09-17 19:40:32,Admin
UPD-006115,HSP-007,ICU,37,35,2026-09-17 19:43:09,Hospital Staff
UPD-006116,HSP-013,ICU,17,15,2026-09-17 19:46:24,Admin
UPD-006117,HSP-011,Ventilator,8,7,2026-09-17 19:47:47,Hospital Staff
UPD-006118,HSP-022,Oxygen Bed,9,11,2026-09-17 19:59:11,Simulation
UPD-006119,HSP-006,Ventilator,1,0,2026-09-17 20:03:43,Simulation
UPD-006120,HSP-003,Oxygen Bed,1,3,2026-09-17 20:14:12,Hospital Staff
UPD-006121,HSP-004,Oxygen Bed,17,16,2026-09-17 20:15:02,Admin
UPD-006122,HSP-007,Oxygen Bed,59,62,2026-09-17 20:22:07,Admin
UPD-006123,HSP-020,General Bed,207,203,2026-09-17 20:22:14,Hospital Staff
UPD-006124,HSP-019,Ventilator,3,2,2026-09-17 20:26:37,Hospital Staff
UPD-006125,HSP-014,Oxygen Bed,19,21,2026-09-17 20:30:30,Hospital Staff
UPD-006126,HSP-023,Ventilator,0,1,2026-09-17 20:31:13,Hospital Staff
UPD-006127,HSP-013,Oxygen Bed,11,14,2026-09-17 20:34:45,Simulation
UPD-006128,HSP-014,ICU,11,9,2026-09-17 20:40:48,Hospital Staff
UPD-006129,HSP-019,Oxygen Bed,32,29,2026-09-17 20:44:40,Admin
UPD-006130,HSP-015,General Bed,35,40,2026-09-17 20:53:24,Hospital Staff
UPD-006131,HSP-018,ICU,4,3,2026-09-17 20:53:53,Hospital Staff
UPD-006132,HSP-014,Ventilator,7,8,2026-09-17 21:00:33,Hospital Staff
UPD-006133,HSP-019,Ventilator,2,3,2026-09-17 21:01:16,Simulation
UPD-006134,HSP-002,General Bed,17,15,2026-09-17 21:02:55,Admin
UPD-006135,HSP-007,General Bed,199,196,2026-09-17 21:02:56,Hospital Staff
UPD-006136,HSP-008,General Bed,97,96,2026-09-17 21:11:12,Hospital Staff
UPD-006137,HSP-005,ICU,9,8,2026-09-17 21:12:17,Simulation
UPD-006138,HSP-002,Ventilator,0,1,2026-09-17 21:30:05,Simulation
UPD-006139,HSP-005,Oxygen Bed,4,1,2026-09-17 21:30:21,Admin
UPD-006140,HSP-019,General Bed,103,102,2026-09-17 21:33:31,Hospital Staff
UPD-006141,HSP-024,ICU,2,3,2026-09-17 21:33:45,Simulation
UPD-006142,HSP-008,General Bed,96,92,2026-09-17 21:35:57,Hospital Staff
UPD-006143,HSP-023,Oxygen Bed,1,3,2026-09-17 21:39:26,Hospital Staff
UPD-006144,HSP-006,General Bed,9,4,2026-09-17 21:39:56,Hospital Staff
UPD-006145,HSP-016,Ventilator,7,8,2026-09-17 21:40:11,Hospital Staff
UPD-006146,HSP-010,ICU,15,16,2026-09-17 21:41:08,Simulation
UPD-006147,HSP-020,Ventilator,29,30,2026-09-17 21:45:02,Hospital Staff
UPD-006148,HSP-003,General Bed,10,4,2026-09-17 21:45:56,Hospital Staff
UPD-006149,HSP-002,Ventilator,1,2,2026-09-17 21:48:53,Admin
UPD-006150,HSP-013,ICU,15,13,2026-09-17 21:50:01,Hospital Staff
UPD-006151,HSP-018,General Bed,46,45,2026-09-17 21:51:44,Hospital Staff
UPD-006152,HSP-003,General Bed,4,8,2026-09-17 21:52:57,Hospital Staff
UPD-006153,HSP-010,Oxygen Bed,10,12,2026-09-17 21:54:51,Hospital Staff
UPD-006154,HSP-008,Ventilator,1,2,2026-09-17 22:01:39,Admin
UPD-006155,HSP-025,General Bed,31,36,2026-09-17 22:04:29,Hospital Staff
UPD-006156,HSP-016,General Bed,55,61,2026-09-17 22:05:19,Hospital Staff
UPD-006157,HSP-010,Oxygen Bed,12,15,2026-09-17 22:11:19,Hospital Staff
UPD-006158,HSP-006,Ventilator,0,1,2026-09-17 22:12:41,Simulation
UPD-006159,HSP-020,Ventilator,30,31,2026-09-17 22:20:30,Hospital Staff
UPD-006160,HSP-020,General Bed,203,208,2026-09-17 22:26:16,Admin
UPD-006161,HSP-015,Ventilator,6,5,2026-09-17 22:27:00,Hospital Staff
UPD-006162,HSP-018,General Bed,45,39,2026-09-17 22:27:23,Hospital Staff
UPD-006163,HSP-016,ICU,4,5,2026-09-17 22:28:49,Hospital Staff
UPD-006164,HSP-016,Ventilator,8,9,2026-09-17 22:32:21,Hospital Staff
UPD-006165,HSP-002,Ventilator,2,1,2026-09-17 22:37:27,Hospital Staff
UPD-006166,HSP-013,Oxygen Bed,14,15,2026-09-17 22:39:16,Hospital Staff
UPD-006167,HSP-012,Oxygen Bed,56,54,2026-09-17 22:43:29,Simulation
UPD-006168,HSP-004,Ventilator,6,5,2026-09-17 22:47:51,Simulation
UPD-006169,HSP-016,Ventilator,9,8,2026-09-17 22:50:07,Simulation
UPD-006170,HSP-002,Ventilator,1,2,2026-09-17 22:51:02,Hospital Staff
UPD-006171,HSP-006,ICU,0,2,2026-09-17 22:53:17,Simulation
UPD-006172,HSP-021,Oxygen Bed,26,25,2026-09-17 23:03:10,Admin
UPD-006173,HSP-001,General Bed,91,93,2026-09-17 23:06:51,Hospital Staff
UPD-006174,HSP-003,Ventilator,6,5,2026-09-17 23:12:03,Hospital Staff
UPD-006175,HSP-010,Oxygen Bed,15,12,2026-09-17 23:13:18,Admin
UPD-006176,HSP-021,General Bed,38,34,2026-09-17 23:14:56,Admin
UPD-006177,HSP-022,Oxygen Bed,11,10,2026-09-17 23:14:58,Hospital Staff
UPD-006178,HSP-008,Ventilator,2,1,2026-09-17 23:14:59,Hospital Staff
UPD-006179,HSP-013,Oxygen Bed,15,13,2026-09-17 23:17:32,Simulation
UPD-006180,HSP-007,Ventilator,18,19,2026-09-17 23:17:47,Hospital Staff
UPD-006181,HSP-018,Ventilator,0,1,2026-09-17 23:19:28,Hospital Staff
UPD-006182,HSP-018,ICU,3,5,2026-09-17 23:20:10,Simulation
UPD-006183,HSP-005,ICU,8,9,2026-09-17 23:26:39,Hospital Staff
UPD-006184,HSP-007,Oxygen Bed,62,60,2026-09-17 23:36:32,Simulation
UPD-006185,HSP-016,Oxygen Bed,12,15,2026-09-17 23:37:34,Hospital Staff
UPD-006186,HSP-011,Oxygen Bed,2,5,2026-09-17 23:40:04,Hospital Staff
UPD-006187,HSP-009,ICU,5,4,2026-09-17 23:47:06,Admin
UPD-006188,HSP-018,Oxygen Bed,5,4,2026-09-17 23:48:13,Simulation
UPD-006189,HSP-014,General Bed,11,6,2026-09-17 23:48:36,Hospital Staff
UPD-006190,HSP-015,ICU,9,7,2026-09-18 00:03:25,Simulation
UPD-006191,HSP-022,General Bed,28,30,2026-09-18 00:03:29,Hospital Staff
UPD-006192,HSP-006,Ventilator,1,2,2026-09-18 00:06:33,Simulation
UPD-006193,HSP-008,Oxygen Bed,15,16,2026-09-18 00:10:25,Hospital Staff
UPD-006194,HSP-006,General Bed,4,10,2026-09-18 00:13:56,Admin
UPD-006195,HSP-014,Ventilator,8,7,2026-09-18 00:15:33,Admin
UPD-006196,HSP-002,Ventilator,2,3,2026-09-18 00:17:27,Hospital Staff
UPD-006197,HSP-016,Ventilator,8,7,2026-09-18 00:17:28,Hospital Staff
UPD-006198,HSP-024,Ventilator,5,6,2026-09-18 00:18:34,Hospital Staff
UPD-006199,HSP-003,General Bed,8,9,2026-09-18 00:26:39,Hospital Staff
UPD-006200,HSP-002,Ventilator,3,2,2026-09-18 00:26:51,Hospital Staff
UPD-006201,HSP-018,Oxygen Bed,4,7,2026-09-18 00:30:41,Admin
UPD-006202,HSP-006,ICU,2,0,2026-09-18 00:31:46,Hospital Staff
UPD-006203,HSP-004,ICU,3,2,2026-09-18 00:36:01,Simulation
UPD-006204,HSP-009,ICU,4,5,2026-09-18 00:39:58,Hospital Staff
UPD-006205,HSP-012,General Bed,92,96,2026-09-18 00:42:09,Admin
UPD-006206,HSP-017,Oxygen Bed,2,3,2026-09-18 00:42:32,Simulation
UPD-006207,HSP-004,ICU,2,0,2026-09-18 00:48:19,Simulation
UPD-006208,HSP-016,Oxygen Bed,15,12,2026-09-18 00:51:32,Hospital Staff
UPD-006209,HSP-014,General Bed,6,12,2026-09-18 01:02:43,Simulation
UPD-006210,HSP-020,General Bed,208,214,2026-09-18 01:03:04,Hospital Staff
UPD-006211,HSP-020,General Bed,214,208,2026-09-18 01:08:12,Simulation
UPD-006212,HSP-011,Oxygen Bed,5,7,2026-09-18 01:09:13,Admin
UPD-006213,HSP-009,General Bed,13,7,2026-09-18 01:12:14,Admin
UPD-006214,HSP-014,ICU,9,11,2026-09-18 01:13:47,Simulation
UPD-006215,HSP-001,General Bed,93,90,2026-09-18 01:21:36,Hospital Staff
UPD-006216,HSP-001,Oxygen Bed,58,56,2026-09-18 01:30:47,Hospital Staff
UPD-006217,HSP-004,Ventilator,5,4,2026-09-18 01:33:49,Simulation
UPD-006218,HSP-011,Oxygen Bed,7,4,2026-09-18 01:36:54,Admin
UPD-006219,HSP-022,Oxygen Bed,10,7,2026-09-18 01:42:36,Hospital Staff
UPD-006220,HSP-018,ICU,5,7,2026-09-18 01:43:33,Simulation
UPD-006221,HSP-007,ICU,35,36,2026-09-18 01:46:43,Admin
UPD-006222,HSP-009,General Bed,7,6,2026-09-18 01:47:06,Hospital Staff
UPD-006223,HSP-021,ICU,1,3,2026-09-18 01:48:21,Hospital Staff
UPD-006224,HSP-008,Oxygen Bed,16,15,2026-09-18 01:49:01,Admin
UPD-006225,HSP-025,Ventilator,1,0,2026-09-18 01:50:43,Simulation
UPD-006226,HSP-018,Ventilator,1,2,2026-09-18 01:59:23,Admin
UPD-006227,HSP-012,General Bed,96,102,2026-09-18 02:00:13,Hospital Staff
UPD-006228,HSP-023,ICU,5,7,2026-09-18 02:04:14,Admin
UPD-006229,HSP-004,Ventilator,4,5,2026-09-18 02:07:05,Hospital Staff
UPD-006230,HSP-008,Ventilator,1,2,2026-09-18 02:07:11,Hospital Staff
UPD-006231,HSP-006,General Bed,10,8,2026-09-18 02:13:11,Hospital Staff
UPD-006232,HSP-009,General Bed,6,11,2026-09-18 02:17:40,Simulation
UPD-006233,HSP-025,General Bed,36,41,2026-09-18 02:19:49,Hospital Staff
UPD-006234,HSP-013,General Bed,11,10,2026-09-18 02:28:14,Hospital Staff
UPD-006235,HSP-005,General Bed,13,15,2026-09-18 02:34:31,Hospital Staff
UPD-006236,HSP-022,Ventilator,7,6,2026-09-18 02:40:35,Admin
UPD-006237,HSP-008,Oxygen Bed,15,18,2026-09-18 02:41:29,Simulation
UPD-006238,HSP-021,General Bed,34,33,2026-09-18 02:43:17,Simulation
UPD-006239,HSP-001,ICU,29,30,2026-09-18 02:43:30,Admin
UPD-006240,HSP-020,General Bed,208,205,2026-09-18 02:49:49,Hospital Staff
UPD-006241,HSP-022,General Bed,30,26,2026-09-18 02:50:24,Admin
UPD-006242,HSP-024,General Bed,32,33,2026-09-18 02:50:28,Simulation
UPD-006243,HSP-004,Oxygen Bed,16,14,2026-09-18 02:54:09,Hospital Staff
UPD-006244,HSP-003,ICU,3,1,2026-09-18 03:05:44,Hospital Staff
UPD-006245,HSP-018,Oxygen Bed,7,10,2026-09-18 03:06:12,Hospital Staff
UPD-006246,HSP-017,General Bed,20,21,2026-09-18 03:12:19,Admin
UPD-006247,HSP-019,General Bed,102,97,2026-09-18 03:14:30,Hospital Staff
UPD-006248,HSP-013,Oxygen Bed,13,15,2026-09-18 03:21:09,Simulation
UPD-006249,HSP-012,General Bed,102,99,2026-09-18 03:24:19,Admin
UPD-006250,HSP-009,General Bed,11,13,2026-09-18 03:24:47,Hospital Staff
UPD-006251,HSP-005,Ventilator,1,2,2026-09-18 03:30:22,Admin
UPD-006252,HSP-010,General Bed,0,1,2026-09-18 03:31:56,Admin
UPD-006253,HSP-024,Oxygen Bed,33,31,2026-09-18 03:49:25,Hospital Staff
UPD-006254,HSP-025,General Bed,41,45,2026-09-18 03:51:21,Hospital Staff
UPD-006255,HSP-014,ICU,11,13,2026-09-18 03:54:41,Hospital Staff
UPD-006256,HSP-001,General Bed,90,85,2026-09-18 03:55:51,Admin
UPD-006257,HSP-009,General Bed,13,14,2026-09-18 04:00:10,Hospital Staff
UPD-006258,HSP-012,Oxygen Bed,54,51,2026-09-18 04:04:11,Simulation
UPD-006259,HSP-013,Ventilator,6,7,2026-09-18 04:06:45,Admin
UPD-006260,HSP-010,ICU,16,17,2026-09-18 04:18:02,Admin
UPD-006261,HSP-015,ICU,7,8,2026-09-18 04:26:45,Admin
UPD-006262,HSP-023,ICU,7,5,2026-09-18 04:28:19,Simulation
UPD-006263,HSP-022,General Bed,26,23,2026-09-18 04:31:48,Hospital Staff
UPD-006264,HSP-017,ICU,3,2,2026-09-18 04:36:34,Hospital Staff
UPD-006265,HSP-013,Oxygen Bed,15,13,2026-09-18 04:40:17,Simulation
UPD-006266,HSP-015,ICU,8,7,2026-09-18 04:41:28,Hospital Staff
UPD-006267,HSP-002,ICU,7,5,2026-09-18 04:54:37,Hospital Staff
UPD-006268,HSP-010,Oxygen Bed,12,13,2026-09-18 04:55:49,Admin
UPD-006269,HSP-005,ICU,9,8,2026-09-18 05:05:57,Hospital Staff
UPD-006270,HSP-013,Oxygen Bed,13,16,2026-09-18 05:07:00,Admin
UPD-006271,HSP-007,ICU,36,35,2026-09-18 05:07:33,Hospital Staff
UPD-006272,HSP-021,ICU,3,4,2026-09-18 05:08:29,Admin
UPD-006273,HSP-003,General Bed,9,8,2026-09-18 05:09:57,Admin
UPD-006274,HSP-013,ICU,13,11,2026-09-18 05:16:13,Admin
UPD-006275,HSP-019,Oxygen Bed,29,28,2026-09-18 05:19:21,Hospital Staff
UPD-006276,HSP-001,Ventilator,11,12,2026-09-18 05:30:52,Hospital Staff
UPD-006277,HSP-016,General Bed,61,59,2026-09-18 05:30:57,Hospital Staff
UPD-006278,HSP-007,General Bed,196,200,2026-09-18 05:32:02,Simulation
UPD-006279,HSP-016,ICU,5,3,2026-09-18 05:32:29,Hospital Staff
UPD-006280,HSP-008,General Bed,92,88,2026-09-18 05:37:01,Admin
UPD-006281,HSP-018,General Bed,39,35,2026-09-18 05:48:26,Simulation
UPD-006282,HSP-019,General Bed,97,103,2026-09-18 05:55:22,Admin
UPD-006283,HSP-020,ICU,15,17,2026-09-18 06:05:03,Hospital Staff
UPD-006284,HSP-003,ICU,1,0,2026-09-18 06:12:36,Hospital Staff
UPD-006285,HSP-007,Ventilator,19,18,2026-09-18 06:17:46,Admin
UPD-006286,HSP-025,Ventilator,0,1,2026-09-18 06:30:08,Hospital Staff
UPD-006287,HSP-016,Oxygen Bed,12,14,2026-09-18 06:39:35,Hospital Staff
UPD-006288,HSP-005,Oxygen Bed,1,4,2026-09-18 06:40:20,Simulation
UPD-006289,HSP-016,ICU,3,4,2026-09-18 06:41:42,Admin
UPD-006290,HSP-004,ICU,0,2,2026-09-18 06:48:19,Simulation
UPD-006291,HSP-012,General Bed,99,101,2026-09-18 06:52:22,Admin
UPD-006292,HSP-014,Ventilator,7,6,2026-09-18 06:53:24,Hospital Staff
UPD-006293,HSP-014,Oxygen Bed,21,23,2026-09-18 06:54:23,Hospital Staff
UPD-006294,HSP-020,General Bed,205,209,2026-09-18 06:55:23,Hospital Staff
UPD-006295,HSP-009,ICU,5,7,2026-09-18 07:00:14,Hospital Staff
UPD-006296,HSP-015,ICU,7,5,2026-09-18 07:06:53,Simulation
UPD-006297,HSP-022,General Bed,23,28,2026-09-18 07:11:00,Hospital Staff
UPD-006298,HSP-012,Ventilator,3,4,2026-09-18 07:11:25,Hospital Staff
UPD-006299,HSP-005,ICU,8,7,2026-09-18 07:11:29,Admin
UPD-006300,HSP-025,ICU,0,2,2026-09-18 07:17:48,Hospital Staff
UPD-006301,HSP-018,ICU,7,9,2026-09-18 07:19:52,Hospital Staff
UPD-006302,HSP-006,Ventilator,2,1,2026-09-18 07:20:59,Admin
UPD-006303,HSP-008,ICU,24,25,2026-09-18 07:25:13,Hospital Staff
UPD-006304,HSP-003,Ventilator,5,4,2026-09-18 07:37:16,Admin
UPD-006305,HSP-013,Oxygen Bed,16,13,2026-09-18 07:44:22,Hospital Staff
UPD-006306,HSP-014,Ventilator,6,5,2026-09-18 07:50:01,Hospital Staff
UPD-006307,HSP-008,Oxygen Bed,18,20,2026-09-18 07:56:25,Simulation
UPD-006308,HSP-010,Ventilator,11,12,2026-09-18 08:01:28,Hospital Staff
UPD-006309,HSP-008,General Bed,88,86,2026-09-18 08:01:35,Hospital Staff
UPD-006310,HSP-001,Ventilator,12,13,2026-09-18 08:03:36,Hospital Staff
UPD-006311,HSP-016,Oxygen Bed,14,11,2026-09-18 08:10:35,Simulation
UPD-006312,HSP-010,Oxygen Bed,13,10,2026-09-18 08:15:14,Simulation
UPD-006313,HSP-017,Oxygen Bed,3,1,2026-09-18 08:16:38,Admin
UPD-006314,HSP-013,ICU,11,9,2026-09-18 08:18:11,Hospital Staff
UPD-006315,HSP-020,Oxygen Bed,52,49,2026-09-18 08:18:34,Admin
UPD-006316,HSP-007,General Bed,200,199,2026-09-18 08:18:37,Hospital Staff
UPD-006317,HSP-009,General Bed,14,10,2026-09-18 08:19:09,Hospital Staff
UPD-006318,HSP-017,Oxygen Bed,1,0,2026-09-18 08:21:43,Hospital Staff
UPD-006319,HSP-013,General Bed,10,7,2026-09-18 08:34:30,Simulation
UPD-006320,HSP-005,Ventilator,2,3,2026-09-18 08:35:50,Hospital Staff
UPD-006321,HSP-015,ICU,5,3,2026-09-18 08:36:42,Hospital Staff
UPD-006322,HSP-016,Oxygen Bed,11,10,2026-09-18 08:46:23,Hospital Staff
UPD-006323,HSP-019,Oxygen Bed,28,27,2026-09-18 08:48:03,Hospital Staff
UPD-006324,HSP-016,Ventilator,7,6,2026-09-18 08:50:52,Admin
UPD-006325,HSP-012,Ventilator,4,5,2026-09-18 08:51:32,Hospital Staff
UPD-006326,HSP-005,ICU,7,6,2026-09-18 08:52:13,Simulation
UPD-006327,HSP-025,General Bed,45,41,2026-09-18 08:52:15,Hospital Staff
UPD-006328,HSP-020,ICU,17,18,2026-09-18 09:01:27,Simulation
UPD-006329,HSP-008,Ventilator,2,1,2026-09-18 09:03:32,Admin
UPD-006330,HSP-020,Ventilator,31,30,2026-09-18 09:04:07,Hospital Staff
UPD-006331,HSP-025,Oxygen Bed,6,4,2026-09-18 09:07:37,Simulation
UPD-006332,HSP-014,Ventilator,5,4,2026-09-18 09:07:40,Admin
UPD-006333,HSP-019,Oxygen Bed,27,24,2026-09-18 09:08:54,Simulation
UPD-006334,HSP-016,Oxygen Bed,10,13,2026-09-18 09:09:30,Admin
UPD-006335,HSP-019,ICU,13,11,2026-09-18 09:12:05,Admin
UPD-006336,HSP-002,General Bed,15,18,2026-09-18 09:18:03,Hospital Staff
UPD-006337,HSP-015,ICU,3,5,2026-09-18 09:19:01,Admin
UPD-006338,HSP-019,General Bed,103,106,2026-09-18 09:20:48,Admin
UPD-006339,HSP-017,Oxygen Bed,0,2,2026-09-18 09:24:27,Simulation
UPD-006340,HSP-024,General Bed,33,30,2026-09-18 09:28:34,Hospital Staff
UPD-006341,HSP-009,Oxygen Bed,8,9,2026-09-18 09:29:14,Hospital Staff
UPD-006342,HSP-003,Ventilator,4,5,2026-09-18 09:29:18,Hospital Staff
UPD-006343,HSP-006,Oxygen Bed,5,2,2026-09-18 09:32:19,Admin
UPD-006344,HSP-014,Ventilator,4,5,2026-09-18 09:35:38,Hospital Staff
UPD-006345,HSP-019,General Bed,106,110,2026-09-18 09:39:52,Hospital Staff
UPD-006346,HSP-012,General Bed,101,96,2026-09-18 09:45:46,Hospital Staff
UPD-006347,HSP-020,Oxygen Bed,49,52,2026-09-18 09:48:32,Hospital Staff
UPD-006348,HSP-012,Ventilator,5,4,2026-09-18 09:49:45,Hospital Staff
UPD-006349,HSP-020,Ventilator,30,29,2026-09-18 09:49:56,Hospital Staff
UPD-006350,HSP-005,Ventilator,3,2,2026-09-18 09:54:52,Hospital Staff
UPD-006351,HSP-004,Ventilator,5,6,2026-09-18 09:57:20,Simulation
UPD-006352,HSP-005,Ventilator,2,1,2026-09-18 09:57:49,Hospital Staff
UPD-006353,HSP-017,General Bed,21,16,2026-09-18 09:59:42,Hospital Staff
UPD-006354,HSP-018,Ventilator,2,1,2026-09-18 10:08:16,Admin
UPD-006355,HSP-009,Oxygen Bed,9,7,2026-09-18 10:17:15,Hospital Staff
UPD-006356,HSP-022,ICU,14,12,2026-09-18 10:18:28,Hospital Staff
UPD-006357,HSP-008,General Bed,86,85,2026-09-18 10:21:37,Hospital Staff
UPD-006358,HSP-001,ICU,30,28,2026-09-18 10:24:08,Admin
UPD-006359,HSP-010,ICU,17,16,2026-09-18 10:31:35,Hospital Staff
UPD-006360,HSP-016,Ventilator,6,7,2026-09-18 10:32:35,Simulation
UPD-006361,HSP-024,General Bed,30,26,2026-09-18 10:42:36,Hospital Staff
UPD-006362,HSP-014,General Bed,12,9,2026-09-18 10:44:27,Hospital Staff
UPD-006363,HSP-021,General Bed,33,31,2026-09-18 10:53:04,Hospital Staff
UPD-006364,HSP-011,Oxygen Bed,4,5,2026-09-18 10:54:27,Hospital Staff
UPD-006365,HSP-018,ICU,9,7,2026-09-18 11:04:42,Hospital Staff
UPD-006366,HSP-005,Ventilator,1,0,2026-09-18 11:05:05,Hospital Staff
UPD-006367,HSP-014,Ventilator,5,4,2026-09-18 11:06:20,Simulation
UPD-006368,HSP-001,Oxygen Bed,56,58,2026-09-18 11:09:20,Simulation
UPD-006369,HSP-023,Ventilator,1,0,2026-09-18 11:11:22,Hospital Staff
UPD-006370,HSP-018,General Bed,35,30,2026-09-18 11:14:36,Admin
UPD-006371,HSP-014,ICU,13,12,2026-09-18 11:19:13,Simulation
UPD-006372,HSP-023,Oxygen Bed,3,4,2026-09-18 11:20:38,Hospital Staff
UPD-006373,HSP-015,Oxygen Bed,8,5,2026-09-18 11:20:46,Admin
UPD-006374,HSP-015,Oxygen Bed,5,2,2026-09-18 11:27:18,Hospital Staff
UPD-006375,HSP-023,General Bed,35,34,2026-09-18 11:28:41,Simulation
UPD-006376,HSP-012,General Bed,96,92,2026-09-18 11:34:34,Hospital Staff
UPD-006377,HSP-021,ICU,4,3,2026-09-18 11:36:08,Simulation
UPD-006378,HSP-002,Ventilator,2,3,2026-09-18 11:38:12,Hospital Staff
UPD-006379,HSP-015,Oxygen Bed,2,1,2026-09-18 11:39:35,Admin
UPD-006380,HSP-013,ICU,9,8,2026-09-18 11:41:59,Admin
UPD-006381,HSP-010,Oxygen Bed,10,12,2026-09-18 11:44:28,Admin
UPD-006382,HSP-024,ICU,3,5,2026-09-18 11:45:26,Hospital Staff
UPD-006383,HSP-010,ICU,16,18,2026-09-18 11:46:38,Hospital Staff
UPD-006384,HSP-022,ICU,12,14,2026-09-18 11:47:57,Hospital Staff
UPD-006385,HSP-004,General Bed,72,69,2026-09-18 11:49:58,Admin
UPD-006386,HSP-017,General Bed,16,19,2026-09-18 11:53:30,Hospital Staff
UPD-006387,HSP-010,ICU,18,19,2026-09-18 11:59:43,Simulation
UPD-006388,HSP-017,General Bed,19,21,2026-09-18 12:01:54,Hospital Staff
UPD-006389,HSP-008,General Bed,85,82,2026-09-18 12:03:29,Hospital Staff
UPD-006390,HSP-020,Ventilator,29,28,2026-09-18 12:05:54,Hospital Staff
UPD-006391,HSP-018,Ventilator,1,2,2026-09-18 12:11:56,Hospital Staff
UPD-006392,HSP-021,ICU,3,2,2026-09-18 12:12:25,Hospital Staff
UPD-006393,HSP-008,General Bed,82,85,2026-09-18 12:13:08,Hospital Staff
UPD-006394,HSP-017,Oxygen Bed,2,0,2026-09-18 12:14:51,Simulation
UPD-006395,HSP-019,General Bed,110,107,2026-09-18 12:21:48,Hospital Staff
UPD-006396,HSP-020,General Bed,209,210,2026-09-18 12:27:21,Admin
UPD-006397,HSP-024,Oxygen Bed,31,29,2026-09-18 12:32:33,Hospital Staff
UPD-006398,HSP-003,ICU,0,1,2026-09-18 12:34:32,Admin
UPD-006399,HSP-003,General Bed,8,7,2026-09-18 12:37:21,Admin
UPD-006400,HSP-011,General Bed,33,38,2026-09-18 12:37:49,Admin
UPD-006401,HSP-008,Oxygen Bed,20,19,2026-09-18 12:54:03,Hospital Staff
UPD-006402,HSP-025,Ventilator,1,0,2026-09-18 12:55:03,Hospital Staff
UPD-006403,HSP-022,General Bed,28,26,2026-09-18 13:04:27,Admin
UPD-006404,HSP-014,Oxygen Bed,23,24,2026-09-18 13:05:00,Hospital Staff
UPD-006405,HSP-021,ICU,2,4,2026-09-18 13:08:29,Admin
UPD-006406,HSP-008,Oxygen Bed,19,20,2026-09-18 13:12:49,Admin
UPD-006407,HSP-008,General Bed,85,90,2026-09-18 13:17:50,Hospital Staff
UPD-006408,HSP-019,Oxygen Bed,24,23,2026-09-18 13:18:27,Hospital Staff
UPD-006409,HSP-006,Ventilator,1,0,2026-09-18 13:23:14,Hospital Staff
UPD-006410,HSP-002,ICU,5,4,2026-09-18 13:31:43,Hospital Staff
UPD-006411,HSP-012,General Bed,92,98,2026-09-18 13:33:30,Admin
UPD-006412,HSP-003,ICU,1,2,2026-09-18 13:36:13,Hospital Staff
UPD-006413,HSP-009,Oxygen Bed,7,6,2026-09-18 13:42:35,Simulation
UPD-006414,HSP-013,Ventilator,7,6,2026-09-18 13:42:45,Hospital Staff
UPD-006415,HSP-010,General Bed,1,4,2026-09-18 13:48:22,Hospital Staff
UPD-006416,HSP-005,General Bed,15,18,2026-09-18 13:58:15,Hospital Staff
UPD-006417,HSP-024,ICU,5,7,2026-09-18 13:59:43,Admin
UPD-006418,HSP-018,Oxygen Bed,10,11,2026-09-18 14:00:16,Hospital Staff
UPD-006419,HSP-015,Oxygen Bed,1,4,2026-09-18 14:02:29,Hospital Staff
UPD-006420,HSP-020,Ventilator,28,27,2026-09-18 14:04:11,Hospital Staff
UPD-006421,HSP-019,Ventilator,3,4,2026-09-18 14:04:18,Hospital Staff
UPD-006422,HSP-008,General Bed,90,93,2026-09-18 14:06:34,Hospital Staff
UPD-006423,HSP-022,General Bed,26,21,2026-09-18 14:10:08,Hospital Staff
UPD-006424,HSP-022,Oxygen Bed,7,8,2026-09-18 14:11:53,Hospital Staff
UPD-006425,HSP-010,ICU,19,17,2026-09-18 14:12:04,Admin
UPD-006426,HSP-008,ICU,25,23,2026-09-18 14:15:24,Hospital Staff
UPD-006427,HSP-002,Ventilator,3,2,2026-09-18 14:18:06,Hospital Staff
UPD-006428,HSP-007,ICU,35,37,2026-09-18 14:18:54,Simulation
UPD-006429,HSP-024,ICU,7,6,2026-09-18 14:23:37,Hospital Staff
UPD-006430,HSP-012,General Bed,98,95,2026-09-18 14:23:49,Hospital Staff
UPD-006431,HSP-022,Ventilator,6,5,2026-09-18 14:25:29,Hospital Staff
UPD-006432,HSP-004,General Bed,69,63,2026-09-18 14:27:41,Hospital Staff
UPD-006433,HSP-001,Ventilator,13,12,2026-09-18 14:32:08,Admin
UPD-006434,HSP-019,General Bed,107,104,2026-09-18 14:34:05,Hospital Staff
UPD-006435,HSP-025,ICU,2,4,2026-09-18 14:37:15,Admin
UPD-006436,HSP-021,Ventilator,3,2,2026-09-18 14:38:06,Hospital Staff
UPD-006437,HSP-024,Oxygen Bed,29,26,2026-09-18 14:39:34,Simulation
UPD-006438,HSP-016,Oxygen Bed,13,15,2026-09-18 14:41:43,Hospital Staff
UPD-006439,HSP-003,General Bed,7,13,2026-09-18 14:43:14,Admin
UPD-006440,HSP-006,ICU,0,1,2026-09-18 14:44:49,Hospital Staff
UPD-006441,HSP-021,General Bed,31,28,2026-09-18 14:45:54,Simulation
UPD-006442,HSP-002,ICU,4,3,2026-09-18 14:57:05,Simulation
UPD-006443,HSP-010,General Bed,4,1,2026-09-18 14:57:11,Hospital Staff
UPD-006444,HSP-004,ICU,2,4,2026-09-18 14:58:12,Hospital Staff
UPD-006445,HSP-018,Oxygen Bed,11,12,2026-09-18 15:07:39,Hospital Staff
UPD-006446,HSP-020,Ventilator,27,26,2026-09-18 15:10:49,Hospital Staff
UPD-006447,HSP-010,ICU,17,16,2026-09-18 15:15:10,Admin
UPD-006448,HSP-013,ICU,8,9,2026-09-18 15:16:09,Admin
UPD-006449,HSP-011,ICU,5,6,2026-09-18 15:21:22,Admin
UPD-006450,HSP-020,ICU,18,17,2026-09-18 15:23:24,Hospital Staff
UPD-006451,HSP-019,Oxygen Bed,23,22,2026-09-18 15:30:49,Hospital Staff
UPD-006452,HSP-020,ICU,17,18,2026-09-18 15:42:26,Simulation
UPD-006453,HSP-019,Oxygen Bed,22,24,2026-09-18 15:45:29,Hospital Staff
UPD-006454,HSP-017,Oxygen Bed,0,2,2026-09-18 15:52:19,Admin
UPD-006455,HSP-002,Oxygen Bed,29,27,2026-09-18 15:57:46,Admin
UPD-006456,HSP-018,Ventilator,2,3,2026-09-18 16:00:07,Hospital Staff
UPD-006457,HSP-010,General Bed,1,0,2026-09-18 16:08:06,Admin
UPD-006458,HSP-016,ICU,4,2,2026-09-18 16:09:35,Hospital Staff
UPD-006459,HSP-022,Oxygen Bed,8,9,2026-09-18 16:09:57,Hospital Staff
UPD-006460,HSP-010,General Bed,0,1,2026-09-18 16:14:08,Hospital Staff
UPD-006461,HSP-001,Ventilator,12,13,2026-09-18 16:16:59,Hospital Staff
UPD-006462,HSP-006,Ventilator,0,1,2026-09-18 16:28:09,Hospital Staff
UPD-006463,HSP-018,Ventilator,3,4,2026-09-18 16:28:51,Simulation
UPD-006464,HSP-013,Oxygen Bed,13,12,2026-09-18 16:34:01,Hospital Staff
UPD-006465,HSP-019,General Bed,104,101,2026-09-18 16:42:54,Hospital Staff
UPD-006466,HSP-021,General Bed,28,27,2026-09-18 16:45:02,Hospital Staff
UPD-006467,HSP-006,Ventilator,1,2,2026-09-18 16:55:11,Hospital Staff
UPD-006468,HSP-005,Oxygen Bed,4,5,2026-09-18 16:57:18,Hospital Staff
UPD-006469,HSP-012,General Bed,95,92,2026-09-18 16:59:34,Simulation
UPD-006470,HSP-010,Ventilator,12,11,2026-09-18 17:00:00,Hospital Staff
UPD-006471,HSP-006,Ventilator,2,1,2026-09-18 17:01:16,Admin
UPD-006472,HSP-024,Ventilator,6,7,2026-09-18 17:02:13,Hospital Staff
UPD-006473,HSP-012,ICU,2,4,2026-09-18 17:03:18,Hospital Staff
UPD-006474,HSP-022,Ventilator,5,4,2026-09-18 17:06:18,Hospital Staff
UPD-006475,HSP-024,Oxygen Bed,26,23,2026-09-18 17:09:47,Simulation
UPD-006476,HSP-017,General Bed,21,19,2026-09-18 17:19:29,Admin
UPD-006477,HSP-006,ICU,1,3,2026-09-18 17:29:14,Admin
UPD-006478,HSP-011,General Bed,38,36,2026-09-18 17:30:12,Admin
UPD-006479,HSP-009,ICU,7,6,2026-09-18 17:41:06,Hospital Staff
UPD-006480,HSP-001,Oxygen Bed,58,56,2026-09-18 17:49:20,Hospital Staff
UPD-006481,HSP-024,Ventilator,7,8,2026-09-18 17:53:15,Hospital Staff
UPD-006482,HSP-014,General Bed,9,3,2026-09-18 18:03:34,Hospital Staff
UPD-006483,HSP-022,ICU,14,16,2026-09-18 18:07:37,Hospital Staff
UPD-006484,HSP-022,ICU,16,18,2026-09-18 18:07:59,Simulation
UPD-006485,HSP-017,General Bed,19,16,2026-09-18 18:08:45,Admin
UPD-006486,HSP-022,ICU,18,17,2026-09-18 18:11:01,Hospital Staff
UPD-006487,HSP-011,General Bed,36,34,2026-09-18 18:21:30,Admin
UPD-006488,HSP-001,ICU,28,27,2026-09-18 18:30:45,Admin
UPD-006489,HSP-010,General Bed,1,7,2026-09-18 18:34:57,Simulation
UPD-006490,HSP-005,Oxygen Bed,5,2,2026-09-18 18:43:12,Admin
UPD-006491,HSP-010,Oxygen Bed,12,15,2026-09-18 18:45:01,Admin
UPD-006492,HSP-021,ICU,4,6,2026-09-18 18:55:25,Hospital Staff
UPD-006493,HSP-017,Oxygen Bed,2,0,2026-09-18 18:59:20,Simulation
UPD-006494,HSP-003,Oxygen Bed,3,1,2026-09-18 19:01:57,Hospital Staff
UPD-006495,HSP-019,ICU,11,9,2026-09-18 19:04:39,Admin
UPD-006496,HSP-023,General Bed,34,33,2026-09-18 19:11:53,Hospital Staff
UPD-006497,HSP-016,General Bed,59,53,2026-09-18 19:17:17,Hospital Staff
UPD-006498,HSP-023,Oxygen Bed,4,7,2026-09-18 19:18:58,Hospital Staff
UPD-006499,HSP-009,General Bed,10,9,2026-09-18 19:23:04,Hospital Staff
UPD-006500,HSP-024,Ventilator,8,9,2026-09-18 19:30:22,Hospital Staff
UPD-006501,HSP-013,ICU,9,8,2026-09-18 19:42:27,Hospital Staff
UPD-006502,HSP-001,Oxygen Bed,56,57,2026-09-18 19:43:11,Simulation
UPD-006503,HSP-017,ICU,2,4,2026-09-18 19:43:21,Admin
UPD-006504,HSP-008,General Bed,93,91,2026-09-18 19:48:26,Hospital Staff
UPD-006505,HSP-004,Oxygen Bed,14,12,2026-09-18 19:57:35,Simulation
UPD-006506,HSP-001,Ventilator,13,12,2026-09-18 20:05:19,Simulation
UPD-006507,HSP-016,Ventilator,7,6,2026-09-18 20:06:18,Admin
UPD-006508,HSP-021,Ventilator,2,1,2026-09-18 20:09:13,Admin
UPD-006509,HSP-022,General Bed,21,15,2026-09-18 20:11:56,Simulation
UPD-006510,HSP-017,Oxygen Bed,0,1,2026-09-18 20:11:59,Hospital Staff
UPD-006511,HSP-015,Ventilator,5,6,2026-09-18 20:17:47,Hospital Staff
UPD-006512,HSP-020,General Bed,210,213,2026-09-18 20:25:47,Admin
UPD-006513,HSP-022,ICU,17,15,2026-09-18 20:31:55,Hospital Staff
UPD-006514,HSP-012,Ventilator,4,3,2026-09-18 20:36:44,Hospital Staff
UPD-006515,HSP-020,Ventilator,26,27,2026-09-18 20:43:20,Hospital Staff
UPD-006516,HSP-018,ICU,7,5,2026-09-18 20:46:41,Admin
UPD-006517,HSP-016,Ventilator,6,5,2026-09-18 20:48:27,Hospital Staff
UPD-006518,HSP-025,Ventilator,0,1,2026-09-18 20:49:13,Hospital Staff
UPD-006519,HSP-016,General Bed,53,49,2026-09-18 20:51:45,Hospital Staff
UPD-006520,HSP-024,ICU,6,7,2026-09-18 20:54:34,Admin
UPD-006521,HSP-018,General Bed,30,33,2026-09-18 21:07:25,Hospital Staff
UPD-006522,HSP-003,Oxygen Bed,1,2,2026-09-18 21:11:13,Hospital Staff
UPD-006523,HSP-004,Ventilator,6,5,2026-09-18 21:13:18,Hospital Staff
UPD-006524,HSP-025,Oxygen Bed,4,1,2026-09-18 21:13:57,Admin
UPD-006525,HSP-015,Ventilator,6,5,2026-09-18 21:17:15,Hospital Staff
UPD-006526,HSP-022,Oxygen Bed,9,10,2026-09-18 21:17:48,Hospital Staff
UPD-006527,HSP-012,ICU,4,2,2026-09-18 21:18:58,Hospital Staff
UPD-006528,HSP-024,ICU,7,5,2026-09-18 21:22:16,Hospital Staff
UPD-006529,HSP-011,Oxygen Bed,5,4,2026-09-18 21:22:20,Hospital Staff
UPD-006530,HSP-025,General Bed,41,44,2026-09-18 21:23:30,Hospital Staff
UPD-006531,HSP-007,ICU,37,38,2026-09-18 21:23:31,Hospital Staff
UPD-006532,HSP-002,Ventilator,2,1,2026-09-18 21:23:38,Hospital Staff
UPD-006533,HSP-021,Oxygen Bed,25,24,2026-09-18 21:24:38,Simulation
UPD-006534,HSP-011,Ventilator,7,6,2026-09-18 21:27:21,Simulation
UPD-006535,HSP-012,ICU,2,1,2026-09-18 21:28:45,Hospital Staff
UPD-006536,HSP-006,General Bed,8,2,2026-09-18 21:35:05,Admin
UPD-006537,HSP-008,General Bed,91,93,2026-09-18 21:37:41,Simulation
UPD-006538,HSP-013,Ventilator,6,5,2026-09-18 21:43:42,Simulation
UPD-006539,HSP-016,Ventilator,5,6,2026-09-18 21:48:15,Hospital Staff
UPD-006540,HSP-018,ICU,5,6,2026-09-18 21:49:37,Hospital Staff
UPD-006541,HSP-001,ICU,27,29,2026-09-18 21:50:07,Admin
UPD-006542,HSP-025,ICU,4,2,2026-09-18 21:51:20,Hospital Staff
UPD-006543,HSP-020,ICU,18,20,2026-09-18 21:55:25,Simulation
UPD-006544,HSP-012,Oxygen Bed,51,53,2026-09-18 22:03:37,Hospital Staff
UPD-006545,HSP-014,General Bed,3,8,2026-09-18 22:07:20,Hospital Staff
UPD-006546,HSP-025,General Bed,44,40,2026-09-18 22:09:22,Hospital Staff
UPD-006547,HSP-002,ICU,3,5,2026-09-18 22:10:48,Hospital Staff
UPD-006548,HSP-010,Oxygen Bed,15,12,2026-09-18 22:12:14,Simulation
UPD-006549,HSP-011,Oxygen Bed,4,6,2026-09-18 22:19:59,Hospital Staff
UPD-006550,HSP-012,ICU,1,0,2026-09-18 22:26:01,Hospital Staff
UPD-006551,HSP-009,Oxygen Bed,6,9,2026-09-18 22:28:17,Hospital Staff
UPD-006552,HSP-004,ICU,4,2,2026-09-18 22:31:06,Hospital Staff
UPD-006553,HSP-005,Ventilator,0,1,2026-09-18 22:37:58,Simulation
UPD-006554,HSP-010,ICU,16,17,2026-09-18 22:48:06,Hospital Staff
UPD-006555,HSP-002,ICU,5,7,2026-09-18 22:55:26,Hospital Staff
UPD-006556,HSP-018,General Bed,33,29,2026-09-18 23:04:02,Hospital Staff
UPD-006557,HSP-023,General Bed,33,31,2026-09-18 23:06:03,Simulation
UPD-006558,HSP-017,General Bed,16,21,2026-09-18 23:07:02,Hospital Staff
UPD-006559,HSP-015,General Bed,40,34,2026-09-18 23:08:58,Simulation
UPD-006560,HSP-023,ICU,5,7,2026-09-18 23:12:11,Simulation
UPD-006561,HSP-012,Ventilator,3,4,2026-09-18 23:14:08,Hospital Staff
UPD-006562,HSP-012,ICU,0,1,2026-09-18 23:19:53,Admin
UPD-006563,HSP-007,ICU,38,36,2026-09-18 23:31:24,Simulation
UPD-006564,HSP-005,ICU,6,7,2026-09-18 23:31:37,Simulation
UPD-006565,HSP-004,ICU,2,4,2026-09-18 23:39:52,Hospital Staff
UPD-006566,HSP-017,Oxygen Bed,1,4,2026-09-18 23:44:43,Hospital Staff
UPD-006567,HSP-013,ICU,8,6,2026-09-18 23:50:26,Hospital Staff
UPD-006568,HSP-024,Ventilator,9,8,2026-09-18 23:55:25,Hospital Staff
UPD-006569,HSP-007,ICU,36,38,2026-09-18 23:55:26,Hospital Staff
UPD-006570,HSP-025,General Bed,40,45,2026-09-19 00:00:23,Hospital Staff
UPD-006571,HSP-015,ICU,5,4,2026-09-19 00:01:39,Hospital Staff
UPD-006572,HSP-022,Ventilator,4,5,2026-09-19 00:09:36,Simulation
UPD-006573,HSP-005,Oxygen Bed,2,3,2026-09-19 00:15:00,Admin
UPD-006574,HSP-010,ICU,17,16,2026-09-19 00:20:02,Simulation
UPD-006575,HSP-003,General Bed,13,16,2026-09-19 00:22:58,Hospital Staff
UPD-006576,HSP-021,ICU,6,5,2026-09-19 00:24:45,Hospital Staff
UPD-006577,HSP-015,General Bed,34,33,2026-09-19 00:38:58,Hospital Staff
UPD-006578,HSP-008,ICU,23,21,2026-09-19 00:42:29,Simulation
UPD-006579,HSP-001,General Bed,85,80,2026-09-19 00:43:14,Hospital Staff
UPD-006580,HSP-022,Ventilator,5,4,2026-09-19 00:46:58,Hospital Staff
UPD-006581,HSP-004,Ventilator,5,4,2026-09-19 00:49:55,Hospital Staff
UPD-006582,HSP-013,Oxygen Bed,12,11,2026-09-19 00:51:22,Hospital Staff
UPD-006583,HSP-011,Oxygen Bed,6,9,2026-09-19 00:52:04,Hospital Staff
UPD-006584,HSP-012,Oxygen Bed,53,52,2026-09-19 00:53:44,Simulation
UPD-006585,HSP-018,ICU,6,8,2026-09-19 00:56:15,Simulation
UPD-006586,HSP-019,Oxygen Bed,24,27,2026-09-19 00:57:25,Admin
UPD-006587,HSP-021,Oxygen Bed,24,26,2026-09-19 01:03:06,Hospital Staff
UPD-006588,HSP-025,General Bed,45,41,2026-09-19 01:05:09,Simulation
UPD-006589,HSP-016,General Bed,49,45,2026-09-19 01:13:20,Hospital Staff
UPD-006590,HSP-004,General Bed,63,67,2026-09-19 01:28:40,Simulation
UPD-006591,HSP-020,General Bed,213,207,2026-09-19 01:29:49,Simulation
UPD-006592,HSP-018,ICU,8,7,2026-09-19 01:37:11,Hospital Staff
UPD-006593,HSP-001,Ventilator,12,13,2026-09-19 01:37:56,Hospital Staff
UPD-006594,HSP-020,Oxygen Bed,52,54,2026-09-19 01:39:47,Hospital Staff
UPD-006595,HSP-014,Ventilator,4,3,2026-09-19 01:46:50,Hospital Staff
UPD-006596,HSP-006,Oxygen Bed,2,5,2026-09-19 02:00:44,Hospital Staff
UPD-006597,HSP-016,ICU,2,3,2026-09-19 02:01:35,Hospital Staff
UPD-006598,HSP-003,Oxygen Bed,2,5,2026-09-19 02:04:09,Hospital Staff
UPD-006599,HSP-001,Oxygen Bed,57,58,2026-09-19 02:09:31,Admin
UPD-006600,HSP-005,Oxygen Bed,3,4,2026-09-19 02:15:35,Simulation
UPD-006601,HSP-024,General Bed,26,20,2026-09-19 02:17:03,Hospital Staff
UPD-006602,HSP-015,General Bed,33,34,2026-09-19 02:17:55,Hospital Staff
UPD-006603,HSP-014,ICU,12,14,2026-09-19 02:27:20,Hospital Staff
UPD-006604,HSP-007,General Bed,199,204,2026-09-19 02:29:33,Hospital Staff
UPD-006605,HSP-007,ICU,38,40,2026-09-19 02:30:51,Hospital Staff
UPD-006606,HSP-018,ICU,7,8,2026-09-19 02:34:51,Hospital Staff
UPD-006607,HSP-001,Oxygen Bed,58,61,2026-09-19 02:37:52,Hospital Staff
UPD-006608,HSP-013,Oxygen Bed,11,8,2026-09-19 02:40:14,Admin
UPD-006609,HSP-007,Ventilator,18,17,2026-09-19 02:42:31,Admin
UPD-006610,HSP-017,General Bed,21,20,2026-09-19 02:47:16,Hospital Staff
UPD-006611,HSP-013,Ventilator,5,6,2026-09-19 02:56:28,Hospital Staff
UPD-006612,HSP-023,Oxygen Bed,7,6,2026-09-19 02:57:13,Admin
UPD-006613,HSP-019,ICU,9,8,2026-09-19 02:57:33,Hospital Staff
UPD-006614,HSP-013,Ventilator,6,5,2026-09-19 02:58:27,Hospital Staff
UPD-006615,HSP-023,Oxygen Bed,6,3,2026-09-19 03:06:41,Admin
UPD-006616,HSP-020,General Bed,207,203,2026-09-19 03:13:19,Hospital Staff
UPD-006617,HSP-004,Oxygen Bed,12,13,2026-09-19 03:13:33,Hospital Staff
UPD-006618,HSP-004,General Bed,67,66,2026-09-19 03:16:17,Simulation
UPD-006619,HSP-003,General Bed,16,22,2026-09-19 03:16:51,Hospital Staff
UPD-006620,HSP-011,General Bed,34,38,2026-09-19 03:17:20,Simulation
UPD-006621,HSP-014,General Bed,8,3,2026-09-19 03:18:57,Simulation
UPD-006622,HSP-019,Oxygen Bed,27,28,2026-09-19 03:21:05,Admin
UPD-006623,HSP-021,ICU,5,3,2026-09-19 03:23:52,Simulation
UPD-006624,HSP-023,Oxygen Bed,3,1,2026-09-19 03:24:06,Hospital Staff
UPD-006625,HSP-016,Ventilator,6,5,2026-09-19 03:25:08,Hospital Staff
UPD-006626,HSP-018,ICU,8,10,2026-09-19 03:26:09,Hospital Staff
UPD-006627,HSP-002,Oxygen Bed,27,24,2026-09-19 03:28:53,Admin
UPD-006628,HSP-020,Ventilator,27,28,2026-09-19 03:30:09,Hospital Staff
UPD-006629,HSP-015,Oxygen Bed,4,1,2026-09-19 03:36:21,Simulation
UPD-006630,HSP-007,ICU,40,39,2026-09-19 03:38:11,Hospital Staff
UPD-006631,HSP-011,ICU,6,4,2026-09-19 03:46:23,Simulation
UPD-006632,HSP-022,Oxygen Bed,10,7,2026-09-19 03:52:06,Admin
UPD-006633,HSP-012,Ventilator,4,5,2026-09-19 04:01:04,Simulation
UPD-006634,HSP-021,General Bed,27,24,2026-09-19 04:02:44,Hospital Staff
UPD-006635,HSP-016,General Bed,45,44,2026-09-19 04:03:52,Hospital Staff
UPD-006636,HSP-010,Oxygen Bed,12,9,2026-09-19 04:04:04,Admin
UPD-006637,HSP-022,General Bed,15,18,2026-09-19 04:05:08,Admin
UPD-006638,HSP-005,General Bed,18,15,2026-09-19 04:06:55,Hospital Staff
UPD-006639,HSP-024,General Bed,20,19,2026-09-19 04:12:41,Hospital Staff
UPD-006640,HSP-005,General Bed,15,10,2026-09-19 04:15:57,Simulation
UPD-006641,HSP-024,Ventilator,8,7,2026-09-19 04:22:35,Hospital Staff
UPD-006642,HSP-020,General Bed,203,197,2026-09-19 04:23:46,Hospital Staff
UPD-006643,HSP-013,Ventilator,5,4,2026-09-19 04:27:49,Admin
UPD-006644,HSP-001,Ventilator,13,12,2026-09-19 04:36:54,Hospital Staff
UPD-006645,HSP-020,General Bed,197,191,2026-09-19 04:37:16,Hospital Staff
UPD-006646,HSP-002,Oxygen Bed,24,27,2026-09-19 04:37:43,Hospital Staff
UPD-006647,HSP-013,General Bed,7,13,2026-09-19 04:45:42,Simulation
UPD-006648,HSP-011,Ventilator,6,7,2026-09-19 04:48:04,Hospital Staff
UPD-006649,HSP-023,ICU,7,5,2026-09-19 04:52:04,Hospital Staff
UPD-006650,HSP-023,ICU,5,6,2026-09-19 04:53:50,Hospital Staff
UPD-006651,HSP-006,General Bed,2,4,2026-09-19 04:58:21,Hospital Staff
UPD-006652,HSP-025,Oxygen Bed,1,4,2026-09-19 04:58:47,Hospital Staff
UPD-006653,HSP-018,Oxygen Bed,12,13,2026-09-19 05:01:45,Admin
UPD-006654,HSP-003,General Bed,22,17,2026-09-19 05:03:21,Hospital Staff
UPD-006655,HSP-004,Oxygen Bed,13,15,2026-09-19 05:04:00,Hospital Staff
UPD-006656,HSP-018,ICU,10,12,2026-09-19 05:04:01,Hospital Staff
UPD-006657,HSP-022,Ventilator,4,3,2026-09-19 05:06:33,Hospital Staff
UPD-006658,HSP-011,Ventilator,7,8,2026-09-19 05:12:24,Simulation
UPD-006659,HSP-024,General Bed,19,16,2026-09-19 05:16:35,Hospital Staff
UPD-006660,HSP-020,ICU,20,18,2026-09-19 05:21:47,Hospital Staff
UPD-006661,HSP-013,ICU,6,8,2026-09-19 05:24:00,Hospital Staff
UPD-006662,HSP-003,ICU,2,0,2026-09-19 05:28:44,Hospital Staff
UPD-006663,HSP-016,General Bed,44,50,2026-09-19 05:37:00,Simulation
UPD-006664,HSP-009,ICU,6,8,2026-09-19 05:37:50,Hospital Staff
UPD-006665,HSP-022,Ventilator,3,4,2026-09-19 05:39:32,Hospital Staff
UPD-006666,HSP-013,General Bed,13,8,2026-09-19 05:39:48,Hospital Staff
UPD-006667,HSP-001,Ventilator,12,11,2026-09-19 05:40:50,Hospital Staff
UPD-006668,HSP-016,ICU,3,5,2026-09-19 05:47:16,Hospital Staff
UPD-006669,HSP-003,Oxygen Bed,5,7,2026-09-19 05:49:18,Admin
UPD-006670,HSP-008,ICU,21,23,2026-09-19 05:50:17,Simulation
UPD-006671,HSP-009,General Bed,9,14,2026-09-19 05:50:40,Simulation
UPD-006672,HSP-013,Oxygen Bed,8,5,2026-09-19 05:53:37,Hospital Staff
UPD-006673,HSP-014,General Bed,3,1,2026-09-19 05:53:56,Hospital Staff
UPD-006674,HSP-020,Ventilator,28,29,2026-09-19 05:58:40,Hospital Staff
UPD-006675,HSP-006,General Bed,4,7,2026-09-19 06:02:33,Hospital Staff
UPD-006676,HSP-001,General Bed,80,75,2026-09-19 06:13:49,Admin
UPD-006677,HSP-023,ICU,6,5,2026-09-19 06:14:09,Simulation
UPD-006678,HSP-016,General Bed,50,45,2026-09-19 06:15:14,Hospital Staff
UPD-006679,HSP-015,ICU,4,6,2026-09-19 06:17:58,Hospital Staff
UPD-006680,HSP-013,Oxygen Bed,5,3,2026-09-19 06:18:25,Admin
UPD-006681,HSP-017,Oxygen Bed,4,1,2026-09-19 06:21:28,Hospital Staff
UPD-006682,HSP-012,General Bed,92,89,2026-09-19 06:28:48,Hospital Staff
UPD-006683,HSP-016,ICU,5,7,2026-09-19 06:29:43,Hospital Staff
UPD-006684,HSP-003,Ventilator,5,4,2026-09-19 06:35:04,Admin
UPD-006685,HSP-013,General Bed,8,11,2026-09-19 06:36:35,Hospital Staff
UPD-006686,HSP-017,ICU,4,3,2026-09-19 06:38:34,Admin
UPD-006687,HSP-012,Oxygen Bed,52,49,2026-09-19 06:38:58,Admin
UPD-006688,HSP-018,Ventilator,4,3,2026-09-19 06:41:00,Hospital Staff
UPD-006689,HSP-012,ICU,1,0,2026-09-19 06:51:47,Hospital Staff
UPD-006690,HSP-001,Oxygen Bed,61,58,2026-09-19 06:54:50,Hospital Staff
UPD-006691,HSP-005,ICU,7,8,2026-09-19 06:54:53,Hospital Staff
UPD-006692,HSP-020,Ventilator,29,28,2026-09-19 07:00:29,Hospital Staff
UPD-006693,HSP-024,Ventilator,7,6,2026-09-19 07:03:09,Simulation
UPD-006694,HSP-010,Oxygen Bed,9,11,2026-09-19 07:04:09,Hospital Staff
UPD-006695,HSP-010,General Bed,7,12,2026-09-19 07:05:14,Simulation
UPD-006696,HSP-015,Oxygen Bed,1,4,2026-09-19 07:10:47,Hospital Staff
UPD-006697,HSP-023,Ventilator,0,1,2026-09-19 07:18:52,Hospital Staff
UPD-006698,HSP-017,General Bed,20,15,2026-09-19 07:20:26,Hospital Staff
UPD-006699,HSP-008,Oxygen Bed,20,21,2026-09-19 07:23:39,Hospital Staff
UPD-006700,HSP-015,General Bed,34,32,2026-09-19 07:24:58,Hospital Staff
UPD-006701,HSP-002,Ventilator,1,2,2026-09-19 07:27:24,Hospital Staff
UPD-006702,HSP-024,ICU,5,6,2026-09-19 07:38:03,Admin
UPD-006703,HSP-009,General Bed,14,19,2026-09-19 07:39:50,Hospital Staff
UPD-006704,HSP-007,ICU,39,41,2026-09-19 07:43:38,Hospital Staff
UPD-006705,HSP-019,ICU,8,10,2026-09-19 07:48:02,Admin
UPD-006706,HSP-023,ICU,5,7,2026-09-19 07:51:12,Simulation
UPD-006707,HSP-015,General Bed,32,36,2026-09-19 07:54:05,Simulation
UPD-006708,HSP-018,General Bed,29,26,2026-09-19 07:56:13,Simulation
UPD-006709,HSP-013,Oxygen Bed,3,0,2026-09-19 08:01:51,Hospital Staff
UPD-006710,HSP-004,ICU,4,3,2026-09-19 08:01:57,Admin
UPD-006711,HSP-011,Oxygen Bed,9,12,2026-09-19 08:03:11,Hospital Staff
UPD-006712,HSP-005,General Bed,10,12,2026-09-19 08:03:49,Admin
UPD-006713,HSP-014,Ventilator,3,2,2026-09-19 08:07:24,Simulation
UPD-006714,HSP-016,General Bed,45,39,2026-09-19 08:11:18,Hospital Staff
UPD-006715,HSP-002,Oxygen Bed,27,24,2026-09-19 08:11:46,Hospital Staff
UPD-006716,HSP-017,Oxygen Bed,1,4,2026-09-19 08:12:29,Hospital Staff
UPD-006717,HSP-003,ICU,0,1,2026-09-19 08:20:31,Hospital Staff
UPD-006718,HSP-002,Oxygen Bed,24,23,2026-09-19 08:28:40,Admin
UPD-006719,HSP-006,Oxygen Bed,5,2,2026-09-19 08:34:12,Hospital Staff
UPD-006720,HSP-012,Ventilator,5,4,2026-09-19 08:36:33,Hospital Staff
UPD-006721,HSP-015,ICU,6,4,2026-09-19 08:56:41,Hospital Staff
UPD-006722,HSP-024,Ventilator,6,7,2026-09-19 09:05:20,Simulation
UPD-006723,HSP-011,ICU,4,6,2026-09-19 09:08:47,Admin
UPD-006724,HSP-021,Oxygen Bed,26,28,2026-09-19 09:21:56,Simulation
UPD-006725,HSP-005,Ventilator,1,2,2026-09-19 09:25:41,Hospital Staff
UPD-006726,HSP-022,ICU,15,14,2026-09-19 09:37:42,Hospital Staff
UPD-006727,HSP-008,Ventilator,1,0,2026-09-19 09:38:32,Simulation
UPD-006728,HSP-008,Ventilator,0,1,2026-09-19 09:39:43,Hospital Staff
UPD-006729,HSP-010,General Bed,12,18,2026-09-19 09:40:05,Admin
UPD-006730,HSP-016,Ventilator,5,6,2026-09-19 09:42:46,Hospital Staff
UPD-006731,HSP-013,ICU,8,10,2026-09-19 09:51:16,Admin
UPD-006732,HSP-013,ICU,10,11,2026-09-19 09:52:43,Admin
UPD-006733,HSP-004,General Bed,66,63,2026-09-19 09:53:18,Hospital Staff
UPD-006734,HSP-017,General Bed,15,12,2026-09-19 09:56:18,Hospital Staff
UPD-006735,HSP-020,General Bed,191,196,2026-09-19 09:57:24,Hospital Staff
UPD-006736,HSP-017,Oxygen Bed,4,7,2026-09-19 10:01:20,Hospital Staff
UPD-006737,HSP-013,ICU,11,10,2026-09-19 10:02:28,Hospital Staff
UPD-006738,HSP-022,Ventilator,4,5,2026-09-19 10:07:44,Admin
UPD-006739,HSP-024,Oxygen Bed,23,26,2026-09-19 10:19:28,Hospital Staff
UPD-006740,HSP-011,Oxygen Bed,12,13,2026-09-19 10:19:34,Admin
UPD-006741,HSP-002,Oxygen Bed,23,21,2026-09-19 10:21:33,Hospital Staff
UPD-006742,HSP-022,Ventilator,5,4,2026-09-19 10:26:32,Admin
UPD-006743,HSP-003,Oxygen Bed,7,6,2026-09-19 10:35:46,Admin
UPD-006744,HSP-003,Oxygen Bed,6,7,2026-09-19 10:40:43,Hospital Staff
UPD-006745,HSP-014,ICU,14,15,2026-09-19 10:42:27,Hospital Staff
UPD-006746,HSP-002,General Bed,18,21,2026-09-19 10:50:09,Hospital Staff
UPD-006747,HSP-018,Oxygen Bed,13,16,2026-09-19 10:51:27,Admin
UPD-006748,HSP-008,General Bed,93,96,2026-09-19 10:52:17,Hospital Staff
UPD-006749,HSP-012,General Bed,89,88,2026-09-19 10:57:16,Hospital Staff
UPD-006750,HSP-017,Oxygen Bed,7,8,2026-09-19 11:07:42,Admin
UPD-006751,HSP-012,Oxygen Bed,49,50,2026-09-19 11:10:51,Hospital Staff
UPD-006752,HSP-010,ICU,16,15,2026-09-19 11:11:18,Hospital Staff
UPD-006753,HSP-025,ICU,2,4,2026-09-19 11:21:08,Admin
UPD-006754,HSP-008,Ventilator,1,2,2026-09-19 11:21:38,Hospital Staff
UPD-006755,HSP-014,Oxygen Bed,24,22,2026-09-19 11:22:40,Hospital Staff
UPD-006756,HSP-001,General Bed,75,70,2026-09-19 11:25:32,Admin
UPD-006757,HSP-019,Ventilator,4,5,2026-09-19 11:30:01,Simulation
UPD-006758,HSP-018,ICU,12,10,2026-09-19 11:30:02,Hospital Staff
UPD-006759,HSP-002,Ventilator,2,1,2026-09-19 11:35:59,Admin
UPD-006760,HSP-022,General Bed,18,14,2026-09-19 11:40:56,Hospital Staff
UPD-006761,HSP-024,Oxygen Bed,26,25,2026-09-19 11:41:49,Hospital Staff
UPD-006762,HSP-022,ICU,14,12,2026-09-19 11:44:45,Hospital Staff
UPD-006763,HSP-018,ICU,10,9,2026-09-19 11:45:56,Hospital Staff
UPD-006764,HSP-015,ICU,4,2,2026-09-19 11:51:00,Hospital Staff
UPD-006765,HSP-022,Oxygen Bed,7,5,2026-09-19 11:54:48,Admin
UPD-006766,HSP-011,General Bed,38,35,2026-09-19 11:57:47,Admin
UPD-006767,HSP-022,General Bed,14,17,2026-09-19 12:01:46,Simulation
UPD-006768,HSP-020,Ventilator,28,27,2026-09-19 12:02:04,Hospital Staff
UPD-006769,HSP-004,ICU,3,4,2026-09-19 12:06:45,Simulation
UPD-006770,HSP-017,Oxygen Bed,8,5,2026-09-19 12:07:15,Hospital Staff
UPD-006771,HSP-015,ICU,2,3,2026-09-19 12:08:18,Hospital Staff
UPD-006772,HSP-002,ICU,7,5,2026-09-19 12:11:49,Hospital Staff
UPD-006773,HSP-020,Oxygen Bed,54,57,2026-09-19 12:12:53,Hospital Staff
UPD-006774,HSP-007,General Bed,204,198,2026-09-19 12:22:03,Admin
UPD-006775,HSP-010,General Bed,18,17,2026-09-19 12:41:45,Hospital Staff
UPD-006776,HSP-021,Oxygen Bed,28,30,2026-09-19 12:41:52,Simulation
UPD-006777,HSP-010,Oxygen Bed,11,8,2026-09-19 12:42:45,Simulation
UPD-006778,HSP-012,General Bed,88,94,2026-09-19 12:48:19,Hospital Staff
UPD-006779,HSP-013,Ventilator,4,3,2026-09-19 12:49:41,Hospital Staff
UPD-006780,HSP-006,General Bed,7,13,2026-09-19 12:49:47,Hospital Staff
UPD-006781,HSP-015,ICU,3,2,2026-09-19 13:08:27,Simulation
UPD-006782,HSP-022,General Bed,17,21,2026-09-19 13:12:02,Hospital Staff
UPD-006783,HSP-013,Ventilator,3,2,2026-09-19 13:18:10,Hospital Staff
UPD-006784,HSP-006,Oxygen Bed,2,4,2026-09-19 13:19:53,Admin
UPD-006785,HSP-010,Oxygen Bed,8,7,2026-09-19 13:22:05,Admin
UPD-006786,HSP-005,ICU,8,10,2026-09-19 13:22:48,Admin
UPD-006787,HSP-003,Oxygen Bed,7,4,2026-09-19 13:23:00,Hospital Staff
UPD-006788,HSP-019,ICU,10,11,2026-09-19 13:24:08,Hospital Staff
UPD-006789,HSP-008,Oxygen Bed,21,19,2026-09-19 13:39:16,Hospital Staff
UPD-006790,HSP-020,Ventilator,27,28,2026-09-19 13:40:20,Hospital Staff
UPD-006791,HSP-023,General Bed,31,27,2026-09-19 13:40:34,Hospital Staff
UPD-006792,HSP-016,Ventilator,6,7,2026-09-19 13:47:23,Hospital Staff
UPD-006793,HSP-025,Oxygen Bed,4,3,2026-09-19 14:02:08,Hospital Staff
UPD-006794,HSP-016,ICU,7,9,2026-09-19 14:04:34,Simulation
UPD-006795,HSP-008,Ventilator,2,1,2026-09-19 14:19:25,Hospital Staff
UPD-006796,HSP-007,Ventilator,17,16,2026-09-19 14:35:26,Hospital Staff
UPD-006797,HSP-021,Ventilator,1,0,2026-09-19 14:37:46,Hospital Staff
UPD-006798,HSP-014,Oxygen Bed,22,19,2026-09-19 14:50:52,Hospital Staff
UPD-006799,HSP-002,ICU,5,3,2026-09-19 14:51:54,Hospital Staff
UPD-006800,HSP-002,General Bed,21,26,2026-09-19 14:52:20,Hospital Staff
UPD-006801,HSP-010,Ventilator,11,10,2026-09-19 14:55:46,Hospital Staff
UPD-006802,HSP-001,Oxygen Bed,58,56,2026-09-19 15:04:38,Hospital Staff
UPD-006803,HSP-019,General Bed,101,95,2026-09-19 15:06:24,Admin
UPD-006804,HSP-018,General Bed,26,23,2026-09-19 15:07:22,Admin
UPD-006805,HSP-021,Ventilator,0,1,2026-09-19 15:07:45,Simulation
UPD-006806,HSP-002,General Bed,26,21,2026-09-19 15:12:45,Hospital Staff
UPD-006807,HSP-023,Ventilator,1,0,2026-09-19 15:13:27,Hospital Staff
UPD-006808,HSP-007,General Bed,198,194,2026-09-19 15:18:47,Hospital Staff
UPD-006809,HSP-005,Ventilator,2,1,2026-09-19 15:20:46,Hospital Staff
UPD-006810,HSP-014,Oxygen Bed,19,17,2026-09-19 15:22:38,Simulation
UPD-006811,HSP-019,Oxygen Bed,28,25,2026-09-19 15:24:22,Hospital Staff
UPD-006812,HSP-004,ICU,4,5,2026-09-19 15:24:36,Hospital Staff
UPD-006813,HSP-014,ICU,15,16,2026-09-19 15:28:13,Hospital Staff
UPD-006814,HSP-013,ICU,10,8,2026-09-19 15:41:15,Simulation
UPD-006815,HSP-016,ICU,9,8,2026-09-19 15:41:27,Hospital Staff
UPD-006816,HSP-020,Oxygen Bed,57,60,2026-09-19 15:47:53,Hospital Staff
UPD-006817,HSP-021,Oxygen Bed,30,27,2026-09-19 15:50:25,Hospital Staff
UPD-006818,HSP-005,Oxygen Bed,4,3,2026-09-19 15:52:26,Hospital Staff
UPD-006819,HSP-003,Ventilator,4,5,2026-09-19 15:54:00,Hospital Staff
UPD-006820,HSP-012,ICU,0,2,2026-09-19 15:54:26,Admin
UPD-006821,HSP-016,ICU,8,9,2026-09-19 16:03:16,Hospital Staff
UPD-006822,HSP-002,General Bed,21,22,2026-09-19 16:09:55,Hospital Staff
UPD-006823,HSP-021,Oxygen Bed,27,29,2026-09-19 16:10:15,Hospital Staff
UPD-006824,HSP-018,Oxygen Bed,16,14,2026-09-19 16:13:10,Admin
UPD-006825,HSP-025,Ventilator,1,2,2026-09-19 16:17:09,Hospital Staff
UPD-006826,HSP-022,Ventilator,4,5,2026-09-19 16:21:17,Hospital Staff
UPD-006827,HSP-018,Oxygen Bed,14,11,2026-09-19 16:22:21,Hospital Staff
UPD-006828,HSP-015,General Bed,36,31,2026-09-19 16:29:48,Hospital Staff
UPD-006829,HSP-006,ICU,3,2,2026-09-19 16:33:25,Hospital Staff
UPD-006830,HSP-019,General Bed,95,101,2026-09-19 16:42:39,Simulation
UPD-006831,HSP-006,Oxygen Bed,4,3,2026-09-19 16:51:49,Hospital Staff
UPD-006832,HSP-001,General Bed,70,69,2026-09-19 16:58:52,Admin
UPD-006833,HSP-007,Ventilator,16,17,2026-09-19 17:17:02,Simulation
UPD-006834,HSP-006,Oxygen Bed,3,6,2026-09-19 17:19:04,Simulation
UPD-006835,HSP-009,General Bed,19,23,2026-09-19 17:32:26,Hospital Staff
UPD-006836,HSP-007,ICU,41,43,2026-09-19 17:37:46,Hospital Staff
UPD-006837,HSP-009,ICU,8,6,2026-09-19 17:38:15,Simulation
UPD-006838,HSP-005,Ventilator,1,2,2026-09-19 17:43:40,Simulation
UPD-006839,HSP-005,ICU,10,8,2026-09-19 17:45:36,Hospital Staff
UPD-006840,HSP-025,ICU,4,3,2026-09-19 17:48:31,Hospital Staff
UPD-006841,HSP-002,Ventilator,1,2,2026-09-19 17:50:04,Admin
UPD-006842,HSP-018,General Bed,23,24,2026-09-19 17:55:55,Admin
UPD-006843,HSP-005,General Bed,12,11,2026-09-19 17:55:57,Admin
UPD-006844,HSP-004,ICU,5,6,2026-09-19 17:58:58,Hospital Staff
UPD-006845,HSP-002,Ventilator,2,3,2026-09-19 18:00:26,Hospital Staff
UPD-006846,HSP-005,Oxygen Bed,3,6,2026-09-19 18:07:09,Hospital Staff
UPD-006847,HSP-003,General Bed,17,11,2026-09-19 18:12:22,Hospital Staff
UPD-006848,HSP-021,General Bed,24,22,2026-09-19 18:19:48,Simulation
UPD-006849,HSP-002,ICU,3,4,2026-09-19 18:20:56,Admin
UPD-006850,HSP-016,ICU,9,8,2026-09-19 18:26:15,Hospital Staff
UPD-006851,HSP-021,Oxygen Bed,29,26,2026-09-19 18:33:15,Simulation
UPD-006852,HSP-016,ICU,8,9,2026-09-19 18:34:46,Hospital Staff
UPD-006853,HSP-003,Ventilator,5,4,2026-09-19 18:36:33,Hospital Staff
UPD-006854,HSP-013,Oxygen Bed,0,1,2026-09-19 18:39:48,Hospital Staff
UPD-006855,HSP-020,General Bed,196,200,2026-09-19 18:40:32,Hospital Staff
UPD-006856,HSP-002,ICU,4,6,2026-09-19 18:44:02,Hospital Staff
UPD-006857,HSP-019,ICU,11,12,2026-09-19 18:44:32,Hospital Staff
UPD-006858,HSP-022,Ventilator,5,4,2026-09-19 19:00:30,Hospital Staff
UPD-006859,HSP-024,General Bed,16,14,2026-09-19 19:02:56,Admin
UPD-006860,HSP-004,Oxygen Bed,15,13,2026-09-19 19:03:54,Hospital Staff
UPD-006861,HSP-011,Ventilator,8,7,2026-09-19 19:11:27,Hospital Staff
UPD-006862,HSP-018,ICU,9,10,2026-09-19 19:16:11,Simulation
UPD-006863,HSP-010,Ventilator,10,11,2026-09-19 19:21:06,Hospital Staff
UPD-006864,HSP-017,ICU,3,2,2026-09-19 19:22:07,Hospital Staff
UPD-006865,HSP-012,Oxygen Bed,50,52,2026-09-19 19:27:50,Admin
UPD-006866,HSP-005,Ventilator,2,1,2026-09-19 19:28:54,Hospital Staff
UPD-006867,HSP-009,ICU,6,4,2026-09-19 19:30:24,Simulation
UPD-006868,HSP-001,General Bed,69,75,2026-09-19 19:37:49,Hospital Staff
UPD-006869,HSP-001,Oxygen Bed,56,55,2026-09-19 19:39:26,Hospital Staff
UPD-006870,HSP-010,General Bed,17,21,2026-09-19 19:42:41,Simulation
UPD-006871,HSP-024,Oxygen Bed,25,23,2026-09-19 19:43:52,Hospital Staff
UPD-006872,HSP-012,General Bed,94,93,2026-09-19 19:48:32,Admin
UPD-006873,HSP-025,General Bed,41,40,2026-09-19 19:52:36,Simulation
UPD-006874,HSP-016,Ventilator,7,6,2026-09-19 20:07:33,Admin
UPD-006875,HSP-013,General Bed,11,7,2026-09-19 20:16:14,Simulation
UPD-006876,HSP-012,Ventilator,4,3,2026-09-19 20:17:48,Hospital Staff
UPD-006877,HSP-024,ICU,6,4,2026-09-19 20:20:51,Hospital Staff
UPD-006878,HSP-008,Ventilator,1,2,2026-09-19 20:22:43,Admin
UPD-006879,HSP-019,Ventilator,5,6,2026-09-19 20:24:48,Hospital Staff
UPD-006880,HSP-021,ICU,3,2,2026-09-19 20:31:42,Admin
UPD-006881,HSP-023,Ventilator,0,1,2026-09-19 20:35:36,Hospital Staff
UPD-006882,HSP-005,Ventilator,1,0,2026-09-19 20:36:31,Hospital Staff
UPD-006883,HSP-011,Oxygen Bed,13,10,2026-09-19 20:47:51,Hospital Staff
UPD-006884,HSP-015,ICU,2,3,2026-09-19 20:50:33,Hospital Staff
UPD-006885,HSP-017,General Bed,12,13,2026-09-19 20:54:23,Admin
UPD-006886,HSP-017,Oxygen Bed,5,2,2026-09-19 20:59:59,Simulation
UPD-006887,HSP-003,Oxygen Bed,4,3,2026-09-19 21:01:33,Hospital Staff
UPD-006888,HSP-018,ICU,10,12,2026-09-19 21:03:15,Simulation
UPD-006889,HSP-002,General Bed,22,28,2026-09-19 21:03:28,Hospital Staff
UPD-006890,HSP-011,ICU,6,8,2026-09-19 21:23:37,Hospital Staff
UPD-006891,HSP-018,Ventilator,3,4,2026-09-19 21:27:26,Hospital Staff
UPD-006892,HSP-014,Ventilator,2,1,2026-09-19 21:29:42,Simulation
UPD-006893,HSP-022,ICU,12,14,2026-09-19 21:32:42,Admin
UPD-006894,HSP-003,General Bed,11,13,2026-09-19 21:36:03,Hospital Staff
UPD-006895,HSP-003,Ventilator,4,5,2026-09-19 21:37:06,Simulation
UPD-006896,HSP-011,ICU,8,6,2026-09-19 21:44:14,Simulation
UPD-006897,HSP-016,General Bed,39,38,2026-09-19 21:48:12,Hospital Staff
UPD-006898,HSP-012,ICU,2,3,2026-09-19 21:48:45,Hospital Staff
UPD-006899,HSP-013,ICU,8,9,2026-09-19 21:54:00,Admin
UPD-006900,HSP-005,ICU,8,7,2026-09-19 21:55:39,Hospital Staff
UPD-006901,HSP-014,Ventilator,1,0,2026-09-19 21:59:04,Hospital Staff
UPD-006902,HSP-004,Oxygen Bed,13,14,2026-09-19 22:01:02,Simulation
UPD-006903,HSP-018,General Bed,24,22,2026-09-19 22:02:26,Hospital Staff
UPD-006904,HSP-019,General Bed,101,105,2026-09-19 22:02:30,Simulation
UPD-006905,HSP-024,Oxygen Bed,23,25,2026-09-19 22:02:35,Simulation
UPD-006906,HSP-007,General Bed,194,193,2026-09-19 22:04:19,Admin
UPD-006907,HSP-016,Ventilator,6,7,2026-09-19 22:07:39,Hospital Staff
UPD-006908,HSP-008,ICU,23,24,2026-09-19 22:12:25,Hospital Staff
UPD-006909,HSP-025,Ventilator,2,1,2026-09-19 22:12:47,Hospital Staff
UPD-006910,HSP-002,Oxygen Bed,21,22,2026-09-19 22:13:56,Admin
UPD-006911,HSP-011,ICU,6,7,2026-09-19 22:18:20,Hospital Staff
UPD-006912,HSP-013,Ventilator,2,1,2026-09-19 22:26:53,Hospital Staff
UPD-006913,HSP-007,Oxygen Bed,60,58,2026-09-19 22:27:34,Admin
UPD-006914,HSP-003,General Bed,13,17,2026-09-19 22:29:05,Simulation
UPD-006915,HSP-014,General Bed,1,0,2026-09-19 22:30:46,Hospital Staff
UPD-006916,HSP-012,Ventilator,3,4,2026-09-19 22:36:34,Admin
UPD-006917,HSP-007,Oxygen Bed,58,55,2026-09-19 22:36:44,Hospital Staff
UPD-006918,HSP-016,ICU,9,10,2026-09-19 22:39:36,Hospital Staff
UPD-006919,HSP-007,ICU,43,41,2026-09-19 22:42:22,Hospital Staff
UPD-006920,HSP-020,ICU,18,20,2026-09-19 22:42:26,Hospital Staff
UPD-006921,HSP-019,ICU,12,13,2026-09-19 22:42:50,Admin
UPD-006922,HSP-001,Ventilator,11,12,2026-09-19 22:43:47,Hospital Staff
UPD-006923,HSP-002,Oxygen Bed,22,19,2026-09-19 22:53:07,Hospital Staff
UPD-006924,HSP-022,Oxygen Bed,5,2,2026-09-19 22:56:25,Admin
UPD-006925,HSP-007,Oxygen Bed,55,53,2026-09-19 23:00:05,Hospital Staff
UPD-006926,HSP-013,Oxygen Bed,1,3,2026-09-19 23:00:21,Admin
UPD-006927,HSP-014,Ventilator,0,1,2026-09-19 23:15:13,Simulation
UPD-006928,HSP-003,Oxygen Bed,3,5,2026-09-19 23:15:49,Hospital Staff
UPD-006929,HSP-012,Ventilator,4,3,2026-09-19 23:16:34,Hospital Staff
UPD-006930,HSP-020,Oxygen Bed,60,57,2026-09-19 23:23:00,Hospital Staff
UPD-006931,HSP-016,ICU,10,11,2026-09-19 23:24:33,Admin
UPD-006932,HSP-023,ICU,7,8,2026-09-19 23:27:31,Admin
UPD-006933,HSP-011,General Bed,35,30,2026-09-19 23:27:47,Admin
UPD-006934,HSP-016,General Bed,38,39,2026-09-19 23:39:23,Simulation
UPD-006935,HSP-014,Oxygen Bed,17,14,2026-09-19 23:46:34,Admin
UPD-006936,HSP-021,General Bed,22,27,2026-09-19 23:48:18,Hospital Staff
UPD-006937,HSP-001,General Bed,75,74,2026-09-19 23:49:49,Simulation
UPD-006938,HSP-013,Ventilator,1,0,2026-09-19 23:51:10,Admin
UPD-006939,HSP-005,ICU,7,9,2026-09-19 23:51:27,Simulation
UPD-006940,HSP-004,Ventilator,4,3,2026-09-19 23:58:54,Hospital Staff
UPD-006941,HSP-010,Oxygen Bed,7,10,2026-09-19 23:59:07,Hospital Staff
UPD-006942,HSP-010,ICU,15,13,2026-09-19 23:59:42,Hospital Staff
UPD-006943,HSP-005,ICU,9,7,2026-09-20 00:03:26,Admin
UPD-006944,HSP-003,Oxygen Bed,5,2,2026-09-20 00:04:29,Simulation
UPD-006945,HSP-015,Ventilator,5,4,2026-09-20 00:06:11,Hospital Staff
UPD-006946,HSP-003,General Bed,17,16,2026-09-20 00:19:01,Hospital Staff
UPD-006947,HSP-008,Oxygen Bed,19,18,2026-09-20 00:23:08,Hospital Staff
UPD-006948,HSP-014,Oxygen Bed,14,15,2026-09-20 00:26:21,Hospital Staff
UPD-006949,HSP-019,Oxygen Bed,25,23,2026-09-20 00:26:41,Simulation
UPD-006950,HSP-014,General Bed,0,6,2026-09-20 00:32:18,Simulation
UPD-006951,HSP-024,Oxygen Bed,25,23,2026-09-20 00:36:06,Hospital Staff
UPD-006952,HSP-014,General Bed,6,8,2026-09-20 00:36:38,Admin
UPD-006953,HSP-014,Ventilator,1,2,2026-09-20 00:39:59,Hospital Staff
UPD-006954,HSP-007,General Bed,193,190,2026-09-20 00:41:35,Admin
UPD-006955,HSP-005,Ventilator,0,1,2026-09-20 00:42:04,Hospital Staff
UPD-006956,HSP-002,ICU,6,4,2026-09-20 00:45:07,Admin
UPD-006957,HSP-016,Oxygen Bed,15,18,2026-09-20 00:46:20,Hospital Staff
UPD-006958,HSP-013,ICU,9,10,2026-09-20 00:47:17,Admin
UPD-006959,HSP-004,Oxygen Bed,14,12,2026-09-20 00:51:07,Admin
UPD-006960,HSP-017,ICU,2,4,2026-09-20 00:58:25,Admin
UPD-006961,HSP-014,General Bed,8,14,2026-09-20 01:01:05,Hospital Staff
UPD-006962,HSP-011,General Bed,30,29,2026-09-20 01:03:21,Hospital Staff
UPD-006963,HSP-003,Ventilator,5,4,2026-09-20 01:08:30,Admin
UPD-006964,HSP-002,ICU,4,6,2026-09-20 01:13:50,Hospital Staff
UPD-006965,HSP-004,Ventilator,3,4,2026-09-20 01:15:21,Hospital Staff
UPD-006966,HSP-001,Oxygen Bed,55,54,2026-09-20 01:21:58,Admin
UPD-006967,HSP-025,Ventilator,1,2,2026-09-20 01:22:04,Admin
UPD-006968,HSP-012,Oxygen Bed,52,49,2026-09-20 01:23:37,Admin
UPD-006969,HSP-019,General Bed,105,100,2026-09-20 01:34:23,Simulation
UPD-006970,HSP-001,Ventilator,12,11,2026-09-20 01:37:08,Hospital Staff
UPD-006971,HSP-012,General Bed,93,94,2026-09-20 01:43:38,Hospital Staff
UPD-006972,HSP-006,Ventilator,1,2,2026-09-20 01:47:46,Hospital Staff
UPD-006973,HSP-004,Oxygen Bed,12,11,2026-09-20 01:49:06,Hospital Staff
UPD-006974,HSP-025,General Bed,40,43,2026-09-20 01:53:12,Simulation
UPD-006975,HSP-006,Oxygen Bed,6,4,2026-09-20 01:57:58,Hospital Staff
UPD-006976,HSP-017,Oxygen Bed,2,3,2026-09-20 02:01:01,Hospital Staff
UPD-006977,HSP-022,Oxygen Bed,2,5,2026-09-20 02:02:30,Hospital Staff
UPD-006978,HSP-005,General Bed,11,5,2026-09-20 02:11:16,Admin
UPD-006979,HSP-023,ICU,8,9,2026-09-20 02:13:00,Hospital Staff
UPD-006980,HSP-007,Oxygen Bed,53,50,2026-09-20 02:13:04,Hospital Staff
UPD-006981,HSP-001,Ventilator,11,10,2026-09-20 02:14:12,Simulation
UPD-006982,HSP-011,Oxygen Bed,10,13,2026-09-20 02:15:07,Hospital Staff
UPD-006983,HSP-002,General Bed,28,31,2026-09-20 02:16:00,Simulation
UPD-006984,HSP-014,Ventilator,2,3,2026-09-20 02:16:26,Admin
UPD-006985,HSP-020,General Bed,200,202,2026-09-20 02:20:15,Admin
UPD-006986,HSP-006,ICU,2,1,2026-09-20 02:22:33,Simulation
UPD-006987,HSP-019,General Bed,100,98,2026-09-20 02:22:36,Hospital Staff
UPD-006988,HSP-006,Ventilator,2,1,2026-09-20 02:34:54,Admin
UPD-006989,HSP-008,Ventilator,2,1,2026-09-20 02:38:13,Simulation
UPD-006990,HSP-012,Oxygen Bed,49,51,2026-09-20 02:38:17,Hospital Staff
UPD-006991,HSP-011,General Bed,29,35,2026-09-20 02:41:50,Hospital Staff
UPD-006992,HSP-001,Oxygen Bed,54,53,2026-09-20 03:00:22,Simulation
UPD-006993,HSP-019,Oxygen Bed,23,25,2026-09-20 03:03:24,Simulation
UPD-006994,HSP-018,Oxygen Bed,11,9,2026-09-20 03:07:02,Simulation
UPD-006995,HSP-013,General Bed,7,10,2026-09-20 03:14:58,Admin
UPD-006996,HSP-014,Ventilator,3,4,2026-09-20 03:26:54,Hospital Staff
UPD-006997,HSP-019,General Bed,98,93,2026-09-20 03:30:34,Hospital Staff
UPD-006998,HSP-014,General Bed,14,8,2026-09-20 03:37:17,Hospital Staff
UPD-006999,HSP-016,ICU,11,13,2026-09-20 03:38:02,Hospital Staff
UPD-007000,HSP-023,Oxygen Bed,1,3,2026-09-20 03:49:21,Hospital Staff
UPD-007001,HSP-001,Oxygen Bed,53,55,2026-09-20 03:54:22,Hospital Staff
UPD-007002,HSP-018,ICU,12,13,2026-09-20 04:01:46,Simulation
UPD-007003,HSP-018,ICU,13,15,2026-09-20 04:03:53,Hospital Staff
UPD-007004,HSP-001,ICU,29,27,2026-09-20 04:05:57,Hospital Staff
UPD-007005,HSP-006,General Bed,13,14,2026-09-20 04:13:48,Hospital Staff
UPD-007006,HSP-004,Ventilator,4,3,2026-09-20 04:18:37,Simulation
UPD-007007,HSP-008,General Bed,96,97,2026-09-20 04:19:26,Hospital Staff
UPD-007008,HSP-023,General Bed,27,26,2026-09-20 04:20:10,Hospital Staff
UPD-007009,HSP-023,Ventilator,1,0,2026-09-20 04:24:16,Simulation
UPD-007010,HSP-018,Ventilator,4,5,2026-09-20 04:25:29,Admin
UPD-007011,HSP-009,General Bed,23,18,2026-09-20 04:28:23,Hospital Staff
UPD-007012,HSP-024,ICU,4,2,2026-09-20 04:28:41,Simulation
UPD-007013,HSP-006,Ventilator,1,0,2026-09-20 04:29:53,Simulation
UPD-007014,HSP-001,Oxygen Bed,55,56,2026-09-20 04:30:41,Hospital Staff
UPD-007015,HSP-011,Oxygen Bed,13,14,2026-09-20 04:31:40,Hospital Staff
UPD-007016,HSP-009,Oxygen Bed,9,7,2026-09-20 04:34:08,Hospital Staff
UPD-007017,HSP-018,General Bed,22,26,2026-09-20 04:50:49,Hospital Staff
UPD-007018,HSP-017,ICU,4,3,2026-09-20 04:53:02,Admin
UPD-007019,HSP-023,Ventilator,0,1,2026-09-20 05:02:38,Hospital Staff
UPD-007020,HSP-024,General Bed,14,20,2026-09-20 05:05:57,Simulation
UPD-007021,HSP-005,Oxygen Bed,6,9,2026-09-20 05:08:00,Hospital Staff
UPD-007022,HSP-018,Ventilator,5,4,2026-09-20 05:11:38,Simulation
UPD-007023,HSP-010,ICU,13,11,2026-09-20 05:16:14,Hospital Staff
UPD-007024,HSP-008,Ventilator,1,2,2026-09-20 05:32:19,Simulation
UPD-007025,HSP-024,ICU,2,1,2026-09-20 05:37:53,Hospital Staff
UPD-007026,HSP-021,General Bed,27,32,2026-09-20 05:38:32,Hospital Staff
UPD-007027,HSP-016,ICU,13,14,2026-09-20 05:38:36,Hospital Staff
UPD-007028,HSP-025,Oxygen Bed,3,6,2026-09-20 05:41:41,Hospital Staff
UPD-007029,HSP-007,ICU,41,42,2026-09-20 05:47:36,Admin
UPD-007030,HSP-001,Oxygen Bed,56,58,2026-09-20 05:57:18,Simulation
UPD-007031,HSP-012,General Bed,94,99,2026-09-20 05:59:39,Hospital Staff
UPD-007032,HSP-006,Oxygen Bed,4,2,2026-09-20 06:01:18,Admin
UPD-007033,HSP-012,General Bed,99,93,2026-09-20 06:14:39,Admin
UPD-007034,HSP-003,ICU,1,0,2026-09-20 06:18:04,Hospital Staff
UPD-007035,HSP-020,General Bed,202,207,2026-09-20 06:19:42,Hospital Staff
UPD-007036,HSP-011,ICU,7,8,2026-09-20 06:19:56,Admin
UPD-007037,HSP-003,Oxygen Bed,2,4,2026-09-20 06:20:21,Admin
UPD-007038,HSP-008,ICU,24,25,2026-09-20 06:20:58,Admin
UPD-007039,HSP-001,General Bed,74,69,2026-09-20 06:23:56,Admin
UPD-007040,HSP-004,Ventilator,3,4,2026-09-20 06:28:28,Hospital Staff
UPD-007041,HSP-023,Ventilator,1,2,2026-09-20 06:28:34,Hospital Staff
UPD-007042,HSP-024,ICU,1,0,2026-09-20 06:31:11,Hospital Staff
UPD-007043,HSP-024,General Bed,20,26,2026-09-20 06:36:42,Hospital Staff
UPD-007044,HSP-013,Ventilator,0,1,2026-09-20 06:45:15,Admin
UPD-007045,HSP-004,ICU,6,5,2026-09-20 06:46:32,Hospital Staff
UPD-007046,HSP-021,Oxygen Bed,26,23,2026-09-20 06:52:10,Simulation
UPD-007047,HSP-005,Ventilator,1,2,2026-09-20 07:05:41,Admin
UPD-007048,HSP-004,General Bed,63,61,2026-09-20 07:06:42,Admin
UPD-007049,HSP-025,ICU,3,2,2026-09-20 07:11:44,Hospital Staff
UPD-007050,HSP-010,Oxygen Bed,10,9,2026-09-20 07:12:00,Simulation
UPD-007051,HSP-023,ICU,9,11,2026-09-20 07:13:47,Admin
UPD-007052,HSP-004,Oxygen Bed,11,8,2026-09-20 07:25:58,Admin
UPD-007053,HSP-014,Oxygen Bed,15,13,2026-09-20 07:32:37,Hospital Staff
UPD-007054,HSP-005,Oxygen Bed,9,10,2026-09-20 07:32:45,Hospital Staff
UPD-007055,HSP-010,Ventilator,11,10,2026-09-20 07:37:28,Hospital Staff
UPD-007056,HSP-016,ICU,14,15,2026-09-20 07:48:25,Hospital Staff
UPD-007057,HSP-006,ICU,1,3,2026-09-20 07:53:21,Hospital Staff
UPD-007058,HSP-024,General Bed,26,30,2026-09-20 07:53:25,Hospital Staff
UPD-007059,HSP-002,ICU,6,4,2026-09-20 07:56:06,Hospital Staff
UPD-007060,HSP-002,Ventilator,3,2,2026-09-20 08:01:53,Admin
UPD-007061,HSP-012,General Bed,93,89,2026-09-20 08:12:36,Hospital Staff
UPD-007062,HSP-022,ICU,14,13,2026-09-20 08:28:30,Hospital Staff
UPD-007063,HSP-020,Ventilator,28,27,2026-09-20 08:31:15,Admin
UPD-007064,HSP-022,ICU,13,14,2026-09-20 08:34:07,Hospital Staff
UPD-007065,HSP-023,Ventilator,2,3,2026-09-20 08:37:16,Hospital Staff
UPD-007066,HSP-010,ICU,11,13,2026-09-20 08:41:45,Hospital Staff
UPD-007067,HSP-018,Oxygen Bed,9,12,2026-09-20 08:47:54,Hospital Staff
UPD-007068,HSP-010,ICU,13,12,2026-09-20 08:48:26,Hospital Staff
UPD-007069,HSP-014,Ventilator,4,5,2026-09-20 08:50:36,Simulation
UPD-007070,HSP-022,General Bed,21,17,2026-09-20 08:51:25,Hospital Staff
UPD-007071,HSP-010,General Bed,21,26,2026-09-20 08:51:53,Admin
UPD-007072,HSP-005,Oxygen Bed,10,8,2026-09-20 08:52:20,Admin
UPD-007073,HSP-014,General Bed,8,3,2026-09-20 08:55:08,Hospital Staff
UPD-007074,HSP-001,Oxygen Bed,58,59,2026-09-20 08:55:21,Admin
UPD-007075,HSP-004,Oxygen Bed,8,6,2026-09-20 08:56:10,Simulation
UPD-007076,HSP-001,Ventilator,10,9,2026-09-20 08:56:52,Hospital Staff
UPD-007077,HSP-002,Ventilator,2,3,2026-09-20 08:57:53,Admin
UPD-007078,HSP-001,Ventilator,9,10,2026-09-20 08:59:22,Hospital Staff
UPD-007079,HSP-014,Ventilator,5,4,2026-09-20 09:01:44,Hospital Staff
UPD-007080,HSP-008,Ventilator,2,1,2026-09-20 09:09:57,Hospital Staff
UPD-007081,HSP-019,Ventilator,6,5,2026-09-20 09:13:49,Admin
UPD-007082,HSP-008,General Bed,97,95,2026-09-20 09:15:54,Hospital Staff
UPD-007083,HSP-016,ICU,15,17,2026-09-20 09:33:58,Hospital Staff
UPD-007084,HSP-006,ICU,3,2,2026-09-20 09:34:50,Hospital Staff
UPD-007085,HSP-021,Ventilator,1,0,2026-09-20 09:39:16,Hospital Staff
UPD-007086,HSP-014,General Bed,3,8,2026-09-20 09:42:20,Admin
UPD-007087,HSP-006,General Bed,14,13,2026-09-20 09:45:19,Hospital Staff
UPD-007088,HSP-007,ICU,42,44,2026-09-20 09:52:50,Hospital Staff
UPD-007089,HSP-006,ICU,2,1,2026-09-20 10:01:46,Admin
UPD-007090,HSP-013,Ventilator,1,0,2026-09-20 10:04:05,Hospital Staff
UPD-007091,HSP-002,Ventilator,3,2,2026-09-20 10:05:11,Simulation
UPD-007092,HSP-015,Ventilator,4,3,2026-09-20 10:09:24,Hospital Staff
UPD-007093,HSP-017,General Bed,13,7,2026-09-20 10:09:27,Simulation
UPD-007094,HSP-025,General Bed,43,45,2026-09-20 10:12:42,Hospital Staff
UPD-007095,HSP-023,Ventilator,3,4,2026-09-20 10:29:37,Admin
UPD-007096,HSP-021,Oxygen Bed,23,20,2026-09-20 10:41:40,Admin
UPD-007097,HSP-002,Oxygen Bed,19,20,2026-09-20 10:42:12,Admin
UPD-007098,HSP-015,ICU,3,1,2026-09-20 10:47:19,Admin
UPD-007099,HSP-006,General Bed,13,8,2026-09-20 10:48:52,Hospital Staff
UPD-007100,HSP-016,ICU,17,16,2026-09-20 10:49:40,Hospital Staff
UPD-007101,HSP-001,Ventilator,10,9,2026-09-20 10:52:19,Hospital Staff
UPD-007102,HSP-006,Oxygen Bed,2,3,2026-09-20 10:55:24,Simulation
UPD-007103,HSP-002,ICU,4,3,2026-09-20 11:08:24,Admin
UPD-007104,HSP-010,General Bed,26,20,2026-09-20 11:11:26,Hospital Staff
UPD-007105,HSP-003,General Bed,16,15,2026-09-20 11:15:36,Admin
UPD-007106,HSP-001,ICU,27,29,2026-09-20 11:21:22,Hospital Staff
UPD-007107,HSP-006,Oxygen Bed,3,5,2026-09-20 11:27:25,Hospital Staff
UPD-007108,HSP-020,Oxygen Bed,57,56,2026-09-20 11:27:35,Hospital Staff
UPD-007109,HSP-018,Oxygen Bed,12,13,2026-09-20 11:27:38,Hospital Staff
UPD-007110,HSP-012,General Bed,89,91,2026-09-20 11:28:25,Hospital Staff
UPD-007111,HSP-008,Ventilator,1,0,2026-09-20 11:31:09,Hospital Staff
UPD-007112,HSP-003,Oxygen Bed,4,5,2026-09-20 11:38:11,Hospital Staff
UPD-007113,HSP-024,General Bed,30,25,2026-09-20 11:42:15,Simulation
UPD-007114,HSP-018,Oxygen Bed,13,12,2026-09-20 11:46:35,Admin
UPD-007115,HSP-005,Oxygen Bed,8,10,2026-09-20 11:48:29,Admin
UPD-007116,HSP-018,ICU,15,16,2026-09-20 11:54:13,Hospital Staff
UPD-007117,HSP-014,ICU,16,17,2026-09-20 11:54:38,Simulation
UPD-007118,HSP-019,Ventilator,5,6,2026-09-20 12:13:42,Hospital Staff
UPD-007119,HSP-022,General Bed,17,12,2026-09-20 12:14:58,Admin
UPD-007120,HSP-019,Ventilator,6,7,2026-09-20 12:17:50,Hospital Staff
UPD-007121,HSP-005,General Bed,5,8,2026-09-20 12:25:04,Hospital Staff
UPD-007122,HSP-018,General Bed,26,30,2026-09-20 12:26:28,Hospital Staff
UPD-007123,HSP-003,ICU,0,2,2026-09-20 12:32:39,Hospital Staff
UPD-007124,HSP-021,Oxygen Bed,20,19,2026-09-20 12:32:58,Hospital Staff
UPD-007125,HSP-010,ICU,12,14,2026-09-20 12:44:22,Hospital Staff
UPD-007126,HSP-025,ICU,2,3,2026-09-20 12:44:31,Hospital Staff
UPD-007127,HSP-022,Oxygen Bed,5,2,2026-09-20 12:46:47,Hospital Staff
UPD-007128,HSP-016,ICU,16,14,2026-09-20 12:50:00,Hospital Staff
UPD-007129,HSP-014,ICU,17,15,2026-09-20 12:50:33,Hospital Staff
UPD-007130,HSP-001,Ventilator,9,8,2026-09-20 12:52:34,Hospital Staff
UPD-007131,HSP-016,ICU,14,16,2026-09-20 12:53:34,Admin
UPD-007132,HSP-006,Oxygen Bed,5,4,2026-09-20 12:53:37,Hospital Staff
UPD-007133,HSP-015,General Bed,31,36,2026-09-20 12:53:50,Hospital Staff
UPD-007134,HSP-010,Oxygen Bed,9,6,2026-09-20 12:54:58,Hospital Staff
UPD-007135,HSP-001,General Bed,69,70,2026-09-20 12:59:13,Hospital Staff
UPD-007136,HSP-016,General Bed,39,34,2026-09-20 12:59:44,Hospital Staff
UPD-007137,HSP-022,General Bed,12,15,2026-09-20 13:04:57,Hospital Staff
UPD-007138,HSP-024,Ventilator,7,6,2026-09-20 13:11:20,Hospital Staff
UPD-007139,HSP-009,General Bed,18,19,2026-09-20 13:14:54,Admin
UPD-007140,HSP-009,Oxygen Bed,7,8,2026-09-20 13:16:34,Hospital Staff
UPD-007141,HSP-009,Oxygen Bed,8,11,2026-09-20 13:20:09,Simulation
UPD-007142,HSP-025,Oxygen Bed,6,5,2026-09-20 13:21:05,Simulation
UPD-007143,HSP-005,ICU,7,8,2026-09-20 13:33:25,Hospital Staff
UPD-007144,HSP-025,General Bed,45,40,2026-09-20 13:36:16,Hospital Staff
UPD-007145,HSP-006,General Bed,8,13,2026-09-20 13:38:49,Simulation
UPD-007146,HSP-006,ICU,1,3,2026-09-20 13:46:40,Admin
UPD-007147,HSP-011,General Bed,35,30,2026-09-20 13:48:17,Admin
UPD-007148,HSP-007,General Bed,190,187,2026-09-20 13:54:10,Admin
UPD-007149,HSP-012,Oxygen Bed,51,50,2026-09-20 13:54:54,Hospital Staff
UPD-007150,HSP-002,General Bed,31,33,2026-09-20 13:58:06,Hospital Staff
UPD-007151,HSP-009,General Bed,19,23,2026-09-20 14:05:22,Admin
UPD-007152,HSP-025,ICU,3,4,2026-09-20 14:07:18,Simulation
UPD-007153,HSP-008,Oxygen Bed,18,17,2026-09-20 14:08:09,Hospital Staff
UPD-007154,HSP-018,Oxygen Bed,12,9,2026-09-20 14:19:20,Admin
UPD-007155,HSP-007,General Bed,187,184,2026-09-20 14:23:43,Admin
UPD-007156,HSP-017,General Bed,7,13,2026-09-20 14:24:12,Admin
UPD-007157,HSP-021,ICU,2,3,2026-09-20 14:33:24,Hospital Staff
UPD-007158,HSP-004,Oxygen Bed,6,9,2026-09-20 14:34:41,Hospital Staff
UPD-007159,HSP-006,General Bed,13,11,2026-09-20 14:34:46,Hospital Staff
UPD-007160,HSP-020,Ventilator,27,28,2026-09-20 14:42:52,Simulation
UPD-007161,HSP-008,Ventilator,0,1,2026-09-20 14:43:58,Hospital Staff
UPD-007162,HSP-019,General Bed,93,91,2026-09-20 14:46:55,Hospital Staff
UPD-007163,HSP-003,General Bed,15,9,2026-09-20 14:49:18,Hospital Staff
UPD-007164,HSP-018,ICU,16,17,2026-09-20 14:52:14,Hospital Staff
UPD-007165,HSP-023,General Bed,26,28,2026-09-20 14:54:58,Admin
UPD-007166,HSP-012,ICU,3,1,2026-09-20 14:55:52,Admin
UPD-007167,HSP-010,Ventilator,10,9,2026-09-20 14:57:41,Hospital Staff
UPD-007168,HSP-012,Ventilator,3,2,2026-09-20 14:59:48,Simulation
UPD-007169,HSP-003,Ventilator,4,5,2026-09-20 15:01:16,Hospital Staff
UPD-007170,HSP-007,General Bed,184,189,2026-09-20 15:12:26,Simulation
UPD-007171,HSP-016,Oxygen Bed,18,20,2026-09-20 15:17:03,Hospital Staff
UPD-007172,HSP-024,ICU,0,2,2026-09-20 15:22:33,Hospital Staff
UPD-007173,HSP-014,General Bed,8,3,2026-09-20 15:28:31,Hospital Staff
UPD-007174,HSP-019,General Bed,91,97,2026-09-20 15:28:59,Hospital Staff
UPD-007175,HSP-002,General Bed,33,34,2026-09-20 15:31:48,Admin
UPD-007176,HSP-025,Oxygen Bed,5,2,2026-09-20 15:32:25,Hospital Staff
UPD-007177,HSP-016,Oxygen Bed,20,17,2026-09-20 15:36:40,Hospital Staff
UPD-007178,HSP-002,General Bed,34,39,2026-09-20 15:53:01,Hospital Staff
UPD-007179,HSP-014,ICU,15,14,2026-09-20 16:08:03,Hospital Staff
UPD-007180,HSP-019,ICU,13,15,2026-09-20 16:11:19,Hospital Staff
UPD-007181,HSP-011,Ventilator,7,6,2026-09-20 16:18:38,Simulation
UPD-007182,HSP-014,ICU,14,13,2026-09-20 16:24:17,Admin
UPD-007183,HSP-007,ICU,44,46,2026-09-20 16:27:16,Hospital Staff
UPD-007184,HSP-002,ICU,3,5,2026-09-20 16:33:20,Admin
UPD-007185,HSP-014,Ventilator,4,3,2026-09-20 16:37:14,Simulation
UPD-007186,HSP-005,Oxygen Bed,10,8,2026-09-20 16:40:14,Hospital Staff
UPD-007187,HSP-003,ICU,2,3,2026-09-20 16:41:35,Hospital Staff
UPD-007188,HSP-021,ICU,3,2,2026-09-20 16:47:12,Hospital Staff
UPD-007189,HSP-021,ICU,2,1,2026-09-20 16:54:23,Admin
UPD-007190,HSP-015,Oxygen Bed,4,3,2026-09-20 16:56:43,Hospital Staff
UPD-007191,HSP-015,ICU,1,0,2026-09-20 17:01:25,Admin
UPD-007192,HSP-001,General Bed,70,72,2026-09-20 17:05:15,Hospital Staff
UPD-007193,HSP-023,General Bed,28,23,2026-09-20 17:10:15,Hospital Staff
UPD-007194,HSP-023,General Bed,23,26,2026-09-20 17:17:31,Hospital Staff
UPD-007195,HSP-024,Oxygen Bed,23,25,2026-09-20 17:18:32,Admin
UPD-007196,HSP-009,General Bed,23,24,2026-09-20 17:24:20,Hospital Staff
UPD-007197,HSP-016,ICU,16,17,2026-09-20 17:27:22,Hospital Staff
UPD-007198,HSP-017,Oxygen Bed,3,4,2026-09-20 17:28:42,Hospital Staff
UPD-007199,HSP-008,ICU,25,24,2026-09-20 17:40:52,Admin
UPD-007200,HSP-001,Ventilator,8,9,2026-09-20 17:42:53,Simulation
UPD-007201,HSP-023,Oxygen Bed,3,4,2026-09-20 17:43:27,Hospital Staff
UPD-007202,HSP-020,General Bed,207,202,2026-09-20 17:45:35,Hospital Staff
UPD-007203,HSP-004,Oxygen Bed,9,11,2026-09-20 17:49:55,Hospital Staff
UPD-007204,HSP-006,General Bed,11,8,2026-09-20 17:53:29,Hospital Staff
UPD-007205,HSP-011,Ventilator,6,7,2026-09-20 17:56:27,Hospital Staff
UPD-007206,HSP-004,General Bed,61,64,2026-09-20 18:04:40,Admin
UPD-007207,HSP-005,Ventilator,2,1,2026-09-20 18:10:09,Admin
UPD-007208,HSP-014,Oxygen Bed,13,14,2026-09-20 18:18:22,Hospital Staff
UPD-007209,HSP-016,General Bed,34,28,2026-09-20 18:18:51,Hospital Staff
UPD-007210,HSP-008,ICU,24,23,2026-09-20 18:25:44,Hospital Staff
UPD-007211,HSP-007,Ventilator,17,16,2026-09-20 18:35:18,Hospital Staff
UPD-007212,HSP-002,Ventilator,2,3,2026-09-20 18:44:56,Admin
UPD-007213,HSP-007,ICU,46,44,2026-09-20 18:48:55,Hospital Staff
UPD-007214,HSP-021,Ventilator,0,1,2026-09-20 18:54:52,Simulation
UPD-007215,HSP-005,Oxygen Bed,8,11,2026-09-20 18:57:19,Hospital Staff
UPD-007216,HSP-025,Oxygen Bed,2,0,2026-09-20 19:06:19,Hospital Staff
UPD-007217,HSP-024,Ventilator,6,5,2026-09-20 19:18:44,Hospital Staff
UPD-007218,HSP-023,ICU,11,9,2026-09-20 19:22:59,Hospital Staff
UPD-007219,HSP-017,General Bed,13,8,2026-09-20 19:32:33,Hospital Staff
UPD-007220,HSP-018,ICU,17,18,2026-09-20 19:42:59,Hospital Staff
UPD-007221,HSP-021,ICU,1,0,2026-09-20 19:45:25,Admin
UPD-007222,HSP-007,ICU,44,43,2026-09-20 19:46:08,Hospital Staff
UPD-007223,HSP-023,ICU,9,11,2026-09-20 19:47:01,Hospital Staff
UPD-007224,HSP-014,General Bed,3,9,2026-09-20 19:57:42,Hospital Staff
UPD-007225,HSP-024,ICU,2,1,2026-09-20 20:00:50,Hospital Staff
UPD-007226,HSP-015,Oxygen Bed,3,1,2026-09-20 20:01:13,Hospital Staff
UPD-007227,HSP-016,Ventilator,7,6,2026-09-20 20:03:34,Hospital Staff
UPD-007228,HSP-018,Oxygen Bed,9,6,2026-09-20 20:03:39,Admin
UPD-007229,HSP-021,ICU,0,2,2026-09-20 20:06:15,Hospital Staff
UPD-007230,HSP-007,Ventilator,16,17,2026-09-20 20:08:53,Simulation
UPD-007231,HSP-017,ICU,3,2,2026-09-20 20:14:31,Hospital Staff
UPD-007232,HSP-013,General Bed,10,5,2026-09-20 20:23:03,Hospital Staff
UPD-007233,HSP-003,ICU,3,1,2026-09-20 20:27:13,Hospital Staff
UPD-007234,HSP-022,Ventilator,4,5,2026-09-20 20:28:27,Hospital Staff
UPD-007235,HSP-022,General Bed,15,19,2026-09-20 20:32:09,Hospital Staff
UPD-007236,HSP-020,General Bed,202,208,2026-09-20 20:36:48,Admin
UPD-007237,HSP-025,General Bed,40,35,2026-09-20 20:38:40,Admin
UPD-007238,HSP-023,Oxygen Bed,4,3,2026-09-20 20:40:24,Hospital Staff
UPD-007239,HSP-015,ICU,0,2,2026-09-20 20:41:11,Hospital Staff
UPD-007240,HSP-013,Oxygen Bed,3,6,2026-09-20 20:44:28,Hospital Staff
UPD-007241,HSP-010,Oxygen Bed,6,7,2026-09-20 20:44:48,Hospital Staff
UPD-007242,HSP-005,ICU,8,6,2026-09-20 21:00:54,Hospital Staff
UPD-007243,HSP-015,Oxygen Bed,1,3,2026-09-20 21:09:11,Hospital Staff
UPD-007244,HSP-007,Ventilator,17,16,2026-09-20 21:09:12,Hospital Staff
UPD-007245,HSP-003,Oxygen Bed,5,2,2026-09-20 21:11:54,Hospital Staff
UPD-007246,HSP-003,General Bed,9,8,2026-09-20 21:15:26,Hospital Staff
UPD-007247,HSP-025,Ventilator,2,1,2026-09-20 21:16:38,Hospital Staff
UPD-007248,HSP-024,Ventilator,5,4,2026-09-20 21:18:58,Hospital Staff
UPD-007249,HSP-003,ICU,1,3,2026-09-20 21:22:25,Hospital Staff
UPD-007250,HSP-019,ICU,15,16,2026-09-20 21:32:11,Admin
UPD-007251,HSP-012,Ventilator,2,1,2026-09-20 21:37:01,Hospital Staff
UPD-007252,HSP-006,General Bed,8,11,2026-09-20 21:37:41,Hospital Staff
UPD-007253,HSP-015,Ventilator,3,4,2026-09-20 21:38:39,Hospital Staff
UPD-007254,HSP-009,Oxygen Bed,11,9,2026-09-20 21:39:16,Admin
UPD-007255,HSP-001,Ventilator,9,10,2026-09-20 21:41:41,Hospital Staff
UPD-007256,HSP-021,Oxygen Bed,19,20,2026-09-20 21:47:40,Simulation
UPD-007257,HSP-016,Oxygen Bed,17,14,2026-09-20 21:52:32,Hospital Staff
UPD-007258,HSP-020,Oxygen Bed,56,55,2026-09-20 21:56:19,Hospital Staff
UPD-007259,HSP-011,Ventilator,7,8,2026-09-20 21:58:05,Hospital Staff
UPD-007260,HSP-017,ICU,2,3,2026-09-20 22:09:11,Hospital Staff
UPD-007261,HSP-001,Ventilator,10,9,2026-09-20 22:09:20,Hospital Staff
UPD-007262,HSP-008,General Bed,95,96,2026-09-20 22:12:09,Admin
UPD-007263,HSP-023,ICU,11,12,2026-09-20 22:19:48,Hospital Staff
UPD-007264,HSP-006,General Bed,11,7,2026-09-20 22:21:20,Hospital Staff
UPD-007265,HSP-022,Oxygen Bed,2,0,2026-09-20 22:28:46,Admin
UPD-007266,HSP-020,Oxygen Bed,55,52,2026-09-20 22:56:11,Admin
UPD-007267,HSP-024,Oxygen Bed,25,28,2026-09-20 23:01:10,Hospital Staff
UPD-007268,HSP-008,ICU,23,25,2026-09-20 23:06:53,Admin
UPD-007269,HSP-003,Ventilator,5,6,2026-09-20 23:06:55,Hospital Staff
UPD-007270,HSP-009,Oxygen Bed,9,12,2026-09-20 23:07:11,Hospital Staff
UPD-007271,HSP-014,Ventilator,3,2,2026-09-20 23:14:11,Hospital Staff
UPD-007272,HSP-012,General Bed,91,90,2026-09-20 23:18:27,Hospital Staff
UPD-007273,HSP-020,General Bed,208,212,2026-09-20 23:23:20,Hospital Staff
UPD-007274,HSP-013,ICU,10,12,2026-09-20 23:30:39,Simulation
UPD-007275,HSP-012,Oxygen Bed,50,48,2026-09-20 23:32:42,Hospital Staff
UPD-007276,HSP-024,Oxygen Bed,28,29,2026-09-20 23:38:08,Simulation
UPD-007277,HSP-025,Ventilator,1,2,2026-09-20 23:47:40,Admin
UPD-007278,HSP-004,Ventilator,4,3,2026-09-20 23:48:47,Simulation
UPD-007279,HSP-017,ICU,3,1,2026-09-20 23:55:09,Admin
UPD-007280,HSP-004,Ventilator,3,4,2026-09-20 23:56:55,Hospital Staff
UPD-007281,HSP-006,Oxygen Bed,4,1,2026-09-21 00:03:06,Hospital Staff
UPD-007282,HSP-023,General Bed,26,21,2026-09-21 00:05:47,Hospital Staff
UPD-007283,HSP-015,Oxygen Bed,3,4,2026-09-21 00:10:58,Hospital Staff
UPD-007284,HSP-011,General Bed,30,26,2026-09-21 00:21:21,Hospital Staff
UPD-007285,HSP-009,Oxygen Bed,12,11,2026-09-21 00:46:27,Hospital Staff
UPD-007286,HSP-015,ICU,2,0,2026-09-21 00:51:04,Simulation
UPD-007287,HSP-024,Oxygen Bed,29,27,2026-09-21 00:54:05,Hospital Staff
UPD-007288,HSP-014,Ventilator,2,1,2026-09-21 00:58:12,Hospital Staff
UPD-007289,HSP-014,Ventilator,1,2,2026-09-21 01:06:15,Hospital Staff
UPD-007290,HSP-017,General Bed,8,14,2026-09-21 01:15:35,Hospital Staff
UPD-007291,HSP-008,Ventilator,1,0,2026-09-21 01:16:50,Admin
UPD-007292,HSP-024,General Bed,25,29,2026-09-21 01:26:26,Hospital Staff
UPD-007293,HSP-013,Oxygen Bed,6,7,2026-09-21 01:29:16,Admin
UPD-007294,HSP-022,Ventilator,5,6,2026-09-21 01:29:58,Simulation
UPD-007295,HSP-016,Ventilator,6,7,2026-09-21 01:58:20,Admin
UPD-007296,HSP-004,Ventilator,4,5,2026-09-21 02:00:20,Hospital Staff
UPD-007297,HSP-006,Oxygen Bed,1,4,2026-09-21 02:00:29,Hospital Staff
UPD-007298,HSP-015,Oxygen Bed,4,3,2026-09-21 02:00:48,Hospital Staff
UPD-007299,HSP-005,ICU,6,5,2026-09-21 02:01:00,Admin
UPD-007300,HSP-012,Ventilator,1,0,2026-09-21 02:08:55,Admin
UPD-007301,HSP-004,Ventilator,5,6,2026-09-21 02:13:49,Simulation
UPD-007302,HSP-023,Ventilator,4,3,2026-09-21 02:17:50,Hospital Staff
UPD-007303,HSP-022,Ventilator,6,5,2026-09-21 02:20:56,Hospital Staff
UPD-007304,HSP-018,Ventilator,4,5,2026-09-21 02:25:40,Admin
UPD-007305,HSP-008,Ventilator,0,1,2026-09-21 02:33:02,Hospital Staff
UPD-007306,HSP-004,Ventilator,6,5,2026-09-21 02:34:09,Hospital Staff
UPD-007307,HSP-013,Ventilator,0,1,2026-09-21 02:34:46,Hospital Staff
UPD-007308,HSP-001,ICU,29,30,2026-09-21 02:35:16,Simulation
UPD-007309,HSP-011,Oxygen Bed,14,13,2026-09-21 02:38:24,Hospital Staff
UPD-007310,HSP-005,ICU,5,7,2026-09-21 02:41:37,Hospital Staff
UPD-007311,HSP-013,General Bed,5,8,2026-09-21 02:47:41,Hospital Staff
UPD-007312,HSP-007,ICU,43,44,2026-09-21 02:58:33,Hospital Staff
UPD-007313,HSP-008,Oxygen Bed,17,15,2026-09-21 02:59:22,Hospital Staff
UPD-007314,HSP-017,Oxygen Bed,4,5,2026-09-21 03:04:26,Admin
UPD-007315,HSP-011,Oxygen Bed,13,15,2026-09-21 03:15:52,Hospital Staff
UPD-007316,HSP-008,Oxygen Bed,15,12,2026-09-21 03:18:56,Hospital Staff
UPD-007317,HSP-025,Oxygen Bed,0,3,2026-09-21 03:19:44,Hospital Staff
UPD-007318,HSP-004,Ventilator,5,6,2026-09-21 03:29:00,Hospital Staff
UPD-007319,HSP-011,General Bed,26,24,2026-09-21 03:31:50,Hospital Staff
UPD-007320,HSP-012,General Bed,90,88,2026-09-21 03:34:12,Hospital Staff
UPD-007321,HSP-010,General Bed,20,14,2026-09-21 03:43:06,Hospital Staff
UPD-007322,HSP-013,Ventilator,1,0,2026-09-21 03:48:00,Hospital Staff
UPD-007323,HSP-001,Oxygen Bed,59,58,2026-09-21 03:50:06,Hospital Staff
UPD-007324,HSP-013,General Bed,8,9,2026-09-21 03:50:37,Hospital Staff
UPD-007325,HSP-003,ICU,3,2,2026-09-21 03:50:45,Hospital Staff
UPD-007326,HSP-013,General Bed,9,14,2026-09-21 04:01:41,Hospital Staff
UPD-007327,HSP-001,ICU,30,28,2026-09-21 04:03:50,Simulation
UPD-007328,HSP-020,ICU,20,21,2026-09-21 04:04:20,Hospital Staff
UPD-007329,HSP-008,General Bed,96,100,2026-09-21 04:05:46,Hospital Staff
UPD-007330,HSP-010,Ventilator,9,10,2026-09-21 04:11:24,Hospital Staff
UPD-007331,HSP-008,General Bed,100,105,2026-09-21 04:12:25,Hospital Staff
UPD-007332,HSP-009,Oxygen Bed,11,12,2026-09-21 04:22:34,Hospital Staff
UPD-007333,HSP-013,General Bed,14,10,2026-09-21 04:24:35,Hospital Staff
UPD-007334,HSP-011,Ventilator,8,7,2026-09-21 04:27:10,Hospital Staff
UPD-007335,HSP-002,ICU,5,7,2026-09-21 04:28:19,Admin
UPD-007336,HSP-023,Oxygen Bed,3,6,2026-09-21 04:29:27,Hospital Staff
UPD-007337,HSP-025,Ventilator,2,1,2026-09-21 04:38:06,Simulation
UPD-007338,HSP-018,General Bed,30,36,2026-09-21 04:38:25,Hospital Staff
UPD-007339,HSP-025,General Bed,35,29,2026-09-21 04:49:52,Hospital Staff
UPD-007340,HSP-001,Oxygen Bed,58,55,2026-09-21 04:52:22,Simulation
UPD-007341,HSP-010,General Bed,14,12,2026-09-21 04:53:54,Hospital Staff
UPD-007342,HSP-018,Ventilator,5,4,2026-09-21 04:57:20,Hospital Staff
UPD-007343,HSP-018,General Bed,36,39,2026-09-21 04:58:14,Hospital Staff
UPD-007344,HSP-022,General Bed,19,20,2026-09-21 05:04:56,Hospital Staff
UPD-007345,HSP-018,Ventilator,4,3,2026-09-21 05:06:34,Hospital Staff
UPD-007346,HSP-021,ICU,2,4,2026-09-21 05:14:26,Hospital Staff
UPD-007347,HSP-025,General Bed,29,31,2026-09-21 05:15:05,Admin
UPD-007348,HSP-009,Oxygen Bed,12,15,2026-09-21 05:25:23,Simulation
UPD-007349,HSP-015,Oxygen Bed,3,6,2026-09-21 05:30:04,Hospital Staff
UPD-007350,HSP-010,General Bed,12,17,2026-09-21 05:37:21,Hospital Staff
UPD-007351,HSP-008,General Bed,105,103,2026-09-21 05:38:10,Admin
UPD-007352,HSP-020,ICU,21,22,2026-09-21 05:40:08,Hospital Staff
UPD-007353,HSP-018,ICU,18,16,2026-09-21 05:42:56,Hospital Staff
UPD-007354,HSP-019,ICU,16,17,2026-09-21 05:45:41,Hospital Staff
UPD-007355,HSP-003,ICU,2,0,2026-09-21 05:50:29,Simulation
UPD-007356,HSP-020,Ventilator,28,27,2026-09-21 05:53:00,Hospital Staff
UPD-007357,HSP-005,Oxygen Bed,11,8,2026-09-21 05:53:51,Hospital Staff
UPD-007358,HSP-014,General Bed,9,12,2026-09-21 06:00:26,Simulation
UPD-007359,HSP-014,ICU,13,11,2026-09-21 06:02:57,Hospital Staff
UPD-007360,HSP-022,ICU,14,12,2026-09-21 06:03:44,Hospital Staff
UPD-007361,HSP-005,Oxygen Bed,8,10,2026-09-21 06:05:17,Hospital Staff
UPD-007362,HSP-001,Oxygen Bed,55,53,2026-09-21 06:12:40,Hospital Staff
UPD-007363,HSP-010,Ventilator,10,9,2026-09-21 06:15:25,Admin
UPD-007364,HSP-018,General Bed,39,33,2026-09-21 06:15:56,Hospital Staff
UPD-007365,HSP-018,Ventilator,3,4,2026-09-21 06:16:52,Hospital Staff
UPD-007366,HSP-022,Ventilator,5,6,2026-09-21 06:18:09,Hospital Staff
UPD-007367,HSP-017,ICU,1,2,2026-09-21 06:26:28,Hospital Staff
UPD-007368,HSP-016,Oxygen Bed,14,17,2026-09-21 06:26:58,Hospital Staff
UPD-007369,HSP-003,ICU,0,1,2026-09-21 06:27:06,Admin
UPD-007370,HSP-016,ICU,17,15,2026-09-21 06:28:10,Simulation
UPD-007371,HSP-011,General Bed,24,18,2026-09-21 06:46:32,Hospital Staff
UPD-007372,HSP-003,ICU,1,3,2026-09-21 06:49:04,Simulation
UPD-007373,HSP-016,General Bed,28,29,2026-09-21 06:51:36,Hospital Staff
UPD-007374,HSP-022,Oxygen Bed,0,3,2026-09-21 06:52:43,Hospital Staff
UPD-007375,HSP-003,ICU,3,4,2026-09-21 06:54:17,Admin
UPD-007376,HSP-022,ICU,12,10,2026-09-21 06:56:48,Simulation
UPD-007377,HSP-020,General Bed,212,218,2026-09-21 07:08:24,Hospital Staff
UPD-007378,HSP-012,ICU,1,2,2026-09-21 07:19:27,Simulation
UPD-007379,HSP-004,General Bed,64,61,2026-09-21 07:20:36,Hospital Staff
UPD-007380,HSP-016,ICU,15,14,2026-09-21 07:23:16,Admin
UPD-007381,HSP-012,Oxygen Bed,48,46,2026-09-21 07:25:13,Hospital Staff
UPD-007382,HSP-015,ICU,0,1,2026-09-21 07:28:09,Hospital Staff
UPD-007383,HSP-004,ICU,5,4,2026-09-21 07:35:08,Hospital Staff
UPD-007384,HSP-023,General Bed,21,20,2026-09-21 07:36:58,Admin
UPD-007385,HSP-012,ICU,2,4,2026-09-21 07:38:05,Hospital Staff
UPD-007386,HSP-020,Ventilator,27,26,2026-09-21 07:39:42,Hospital Staff
UPD-007387,HSP-025,General Bed,31,32,2026-09-21 07:44:13,Hospital Staff
UPD-007388,HSP-016,ICU,14,15,2026-09-21 07:55:09,Hospital Staff
UPD-007389,HSP-014,ICU,11,10,2026-09-21 07:57:03,Admin
UPD-007390,HSP-005,Oxygen Bed,10,11,2026-09-21 08:04:30,Hospital Staff
UPD-007391,HSP-003,Oxygen Bed,2,3,2026-09-21 08:06:31,Hospital Staff
UPD-007392,HSP-006,General Bed,7,10,2026-09-21 08:08:33,Admin
UPD-007393,HSP-010,Oxygen Bed,7,6,2026-09-21 08:09:37,Hospital Staff
UPD-007394,HSP-014,Ventilator,2,3,2026-09-21 08:12:01,Hospital Staff
UPD-007395,HSP-004,ICU,4,2,2026-09-21 08:12:49,Hospital Staff
UPD-007396,HSP-018,Ventilator,4,5,2026-09-21 08:17:34,Hospital Staff
UPD-007397,HSP-006,General Bed,10,13,2026-09-21 08:27:54,Admin
UPD-007398,HSP-005,Oxygen Bed,11,8,2026-09-21 08:28:38,Hospital Staff
UPD-007399,HSP-007,General Bed,189,184,2026-09-21 08:35:45,Simulation
UPD-007400,HSP-022,Ventilator,6,5,2026-09-21 08:36:15,Hospital Staff
UPD-007401,HSP-024,Ventilator,4,3,2026-09-21 08:39:41,Hospital Staff
UPD-007402,HSP-008,Oxygen Bed,12,10,2026-09-21 08:48:02,Simulation
UPD-007403,HSP-019,Ventilator,7,6,2026-09-21 08:48:25,Hospital Staff
UPD-007404,HSP-017,ICU,2,1,2026-09-21 08:52:45,Hospital Staff
UPD-007405,HSP-024,ICU,1,0,2026-09-21 09:01:39,Admin
UPD-007406,HSP-020,Oxygen Bed,52,53,2026-09-21 09:11:05,Hospital Staff
UPD-007407,HSP-011,ICU,8,10,2026-09-21 09:12:21,Hospital Staff
UPD-007408,HSP-018,ICU,16,14,2026-09-21 09:18:41,Hospital Staff
UPD-007409,HSP-020,General Bed,218,213,2026-09-21 09:20:05,Simulation
UPD-007410,HSP-001,ICU,28,29,2026-09-21 09:21:15,Simulation
UPD-007411,HSP-003,Oxygen Bed,3,4,2026-09-21 09:30:15,Hospital Staff
UPD-007412,HSP-017,Oxygen Bed,5,8,2026-09-21 09:33:10,Hospital Staff
UPD-007413,HSP-024,Oxygen Bed,27,25,2026-09-21 09:39:34,Hospital Staff
UPD-007414,HSP-024,Oxygen Bed,25,28,2026-09-21 09:43:29,Simulation
UPD-007415,HSP-022,General Bed,20,14,2026-09-21 09:49:39,Simulation
UPD-007416,HSP-002,ICU,7,9,2026-09-21 09:50:32,Simulation
UPD-007417,HSP-010,General Bed,17,22,2026-09-21 09:55:08,Hospital Staff
UPD-007418,HSP-023,Ventilator,3,4,2026-09-21 09:56:23,Hospital Staff
UPD-007419,HSP-001,Oxygen Bed,53,51,2026-09-21 09:58:24,Simulation
UPD-007420,HSP-006,Ventilator,0,1,2026-09-21 09:58:29,Simulation
UPD-007421,HSP-025,Ventilator,1,2,2026-09-21 09:59:42,Hospital Staff
UPD-007422,HSP-024,ICU,0,2,2026-09-21 10:06:37,Admin
UPD-007423,HSP-016,Ventilator,7,6,2026-09-21 10:06:41,Admin
UPD-007424,HSP-013,Ventilator,0,1,2026-09-21 10:06:54,Hospital Staff
UPD-007425,HSP-018,Ventilator,5,6,2026-09-21 10:27:57,Hospital Staff
UPD-007426,HSP-025,General Bed,32,35,2026-09-21 10:29:17,Admin
UPD-007427,HSP-025,General Bed,35,33,2026-09-21 10:36:48,Hospital Staff
UPD-007428,HSP-003,ICU,4,2,2026-09-21 10:40:33,Admin
UPD-007429,HSP-003,ICU,2,4,2026-09-21 10:42:32,Simulation
UPD-007430,HSP-022,General Bed,14,12,2026-09-21 10:47:01,Admin
UPD-007431,HSP-020,Ventilator,26,25,2026-09-21 10:52:55,Hospital Staff
UPD-007432,HSP-024,ICU,2,1,2026-09-21 10:55:29,Hospital Staff
UPD-007433,HSP-011,ICU,10,9,2026-09-21 11:04:56,Simulation
UPD-007434,HSP-011,Ventilator,7,6,2026-09-21 11:05:29,Hospital Staff
UPD-007435,HSP-002,Ventilator,3,4,2026-09-21 11:06:19,Admin
UPD-007436,HSP-003,Oxygen Bed,4,1,2026-09-21 11:07:32,Simulation
UPD-007437,HSP-024,General Bed,29,30,2026-09-21 11:08:46,Hospital Staff
UPD-007438,HSP-024,ICU,1,2,2026-09-21 11:13:06,Hospital Staff
UPD-007439,HSP-022,Oxygen Bed,3,2,2026-09-21 11:17:53,Hospital Staff
UPD-007440,HSP-012,ICU,4,3,2026-09-21 11:18:50,Hospital Staff
UPD-007441,HSP-018,ICU,14,12,2026-09-21 11:23:27,Simulation
UPD-007442,HSP-005,Oxygen Bed,8,6,2026-09-21 11:26:27,Hospital Staff
UPD-007443,HSP-002,ICU,9,8,2026-09-21 11:27:23,Admin
UPD-007444,HSP-018,ICU,12,11,2026-09-21 11:29:44,Hospital Staff
UPD-007445,HSP-020,ICU,22,21,2026-09-21 11:37:42,Hospital Staff
UPD-007446,HSP-012,ICU,3,2,2026-09-21 11:40:19,Hospital Staff
UPD-007447,HSP-025,Oxygen Bed,3,2,2026-09-21 11:43:15,Hospital Staff
UPD-007448,HSP-005,ICU,7,6,2026-09-21 11:45:43,Admin
UPD-007449,HSP-001,Oxygen Bed,51,48,2026-09-21 11:46:25,Admin
UPD-007450,HSP-009,General Bed,24,18,2026-09-21 11:48:23,Simulation
UPD-007451,HSP-010,Ventilator,9,10,2026-09-21 11:53:29,Admin
UPD-007452,HSP-010,ICU,14,16,2026-09-21 11:53:38,Admin
UPD-007453,HSP-008,General Bed,103,105,2026-09-21 11:56:15,Simulation
UPD-007454,HSP-018,Oxygen Bed,6,8,2026-09-21 11:56:49,Simulation
UPD-007455,HSP-005,ICU,6,4,2026-09-21 11:59:46,Hospital Staff
UPD-007456,HSP-018,Oxygen Bed,8,9,2026-09-21 12:02:54,Hospital Staff
UPD-007457,HSP-023,General Bed,20,23,2026-09-21 12:13:17,Admin
UPD-007458,HSP-011,General Bed,18,20,2026-09-21 12:19:15,Admin
UPD-007459,HSP-010,Ventilator,10,9,2026-09-21 12:20:06,Admin
UPD-007460,HSP-011,Oxygen Bed,15,12,2026-09-21 12:34:43,Hospital Staff
UPD-007461,HSP-023,Ventilator,4,3,2026-09-21 12:40:52,Hospital Staff
UPD-007462,HSP-007,ICU,44,45,2026-09-21 12:45:20,Simulation
UPD-007463,HSP-006,Ventilator,1,2,2026-09-21 12:48:22,Hospital Staff
UPD-007464,HSP-021,ICU,4,5,2026-09-21 12:56:02,Hospital Staff
UPD-007465,HSP-004,Oxygen Bed,11,9,2026-09-21 12:59:23,Hospital Staff
UPD-007466,HSP-002,Oxygen Bed,20,22,2026-09-21 13:01:57,Hospital Staff
UPD-007467,HSP-014,Oxygen Bed,14,12,2026-09-21 13:03:33,Simulation
UPD-007468,HSP-014,General Bed,12,9,2026-09-21 13:07:23,Simulation
UPD-007469,HSP-010,ICU,16,14,2026-09-21 13:17:59,Simulation
UPD-007470,HSP-022,Oxygen Bed,2,3,2026-09-21 13:22:25,Hospital Staff
UPD-007471,HSP-003,General Bed,8,14,2026-09-21 13:32:49,Simulation
UPD-007472,HSP-003,General Bed,14,10,2026-09-21 13:33:17,Hospital Staff
UPD-007473,HSP-015,ICU,1,2,2026-09-21 13:43:42,Simulation
UPD-007474,HSP-023,Oxygen Bed,6,9,2026-09-21 13:47:21,Admin
UPD-007475,HSP-010,General Bed,22,27,2026-09-21 13:48:24,Simulation
UPD-007476,HSP-007,Oxygen Bed,50,49,2026-09-21 13:55:14,Admin
UPD-007477,HSP-006,Ventilator,2,1,2026-09-21 14:00:58,Hospital Staff
UPD-007478,HSP-018,Ventilator,6,5,2026-09-21 14:03:28,Hospital Staff
UPD-007479,HSP-021,Ventilator,1,0,2026-09-21 14:07:46,Hospital Staff
UPD-007480,HSP-001,Oxygen Bed,48,49,2026-09-21 14:17:31,Hospital Staff
UPD-007481,HSP-016,ICU,15,17,2026-09-21 14:33:26,Hospital Staff
UPD-007482,HSP-007,Ventilator,16,15,2026-09-21 14:38:36,Hospital Staff
UPD-007483,HSP-025,ICU,4,3,2026-09-21 14:41:24,Hospital Staff
UPD-007484,HSP-008,General Bed,105,111,2026-09-21 15:00:58,Hospital Staff
UPD-007485,HSP-011,ICU,9,10,2026-09-21 15:01:40,Simulation
UPD-007486,HSP-019,ICU,17,16,2026-09-21 15:02:07,Hospital Staff
UPD-007487,HSP-002,Ventilator,4,5,2026-09-21 15:02:53,Hospital Staff
UPD-007488,HSP-002,ICU,8,10,2026-09-21 15:04:21,Simulation
UPD-007489,HSP-008,Oxygen Bed,10,13,2026-09-21 15:05:44,Hospital Staff
UPD-007490,HSP-021,General Bed,32,35,2026-09-21 15:20:30,Hospital Staff
UPD-007491,HSP-004,Oxygen Bed,9,11,2026-09-21 15:25:10,Hospital Staff
UPD-007492,HSP-002,General Bed,39,42,2026-09-21 15:33:25,Admin
UPD-007493,HSP-013,Ventilator,1,2,2026-09-21 15:37:21,Admin
UPD-007494,HSP-015,ICU,2,1,2026-09-21 15:43:30,Hospital Staff
UPD-007495,HSP-008,Ventilator,1,0,2026-09-21 15:48:57,Hospital Staff
UPD-007496,HSP-021,Ventilator,0,1,2026-09-21 15:50:50,Hospital Staff
UPD-007497,HSP-004,ICU,2,3,2026-09-21 15:51:07,Hospital Staff
UPD-007498,HSP-018,Ventilator,5,4,2026-09-21 15:51:32,Hospital Staff
UPD-007499,HSP-013,Ventilator,2,3,2026-09-21 16:01:35,Hospital Staff
UPD-007500,HSP-024,Oxygen Bed,28,31,2026-09-21 16:02:24,Hospital Staff
UPD-007501,HSP-018,Oxygen Bed,9,7,2026-09-21 16:09:15,Hospital Staff
UPD-007502,HSP-008,Ventilator,0,1,2026-09-21 16:11:19,Admin
UPD-007503,HSP-011,General Bed,20,22,2026-09-21 16:15:02,Admin
UPD-007504,HSP-002,Oxygen Bed,22,19,2026-09-21 16:19:23,Admin
UPD-007505,HSP-006,General Bed,13,7,2026-09-21 16:24:39,Hospital Staff
UPD-007506,HSP-006,Ventilator,1,0,2026-09-21 16:30:49,Hospital Staff
UPD-007507,HSP-015,Ventilator,4,5,2026-09-21 16:36:21,Hospital Staff
UPD-007508,HSP-017,ICU,1,3,2026-09-21 16:39:15,Simulation
UPD-007509,HSP-001,General Bed,72,77,2026-09-21 16:45:07,Hospital Staff
UPD-007510,HSP-004,Oxygen Bed,11,10,2026-09-21 16:51:20,Hospital Staff
UPD-007511,HSP-008,Oxygen Bed,13,14,2026-09-21 17:08:09,Hospital Staff
UPD-007512,HSP-012,ICU,2,3,2026-09-21 17:34:27,Hospital Staff
UPD-007513,HSP-013,Oxygen Bed,7,6,2026-09-21 17:36:06,Hospital Staff
UPD-007514,HSP-018,Ventilator,4,3,2026-09-21 17:39:29,Simulation
UPD-007515,HSP-017,ICU,3,4,2026-09-21 17:40:46,Simulation
UPD-007516,HSP-013,Ventilator,3,2,2026-09-21 17:46:44,Hospital Staff
UPD-007517,HSP-021,ICU,5,3,2026-09-21 17:47:05,Hospital Staff
UPD-007518,HSP-008,Oxygen Bed,14,13,2026-09-21 17:56:13,Hospital Staff
UPD-007519,HSP-017,General Bed,14,8,2026-09-21 17:58:41,Hospital Staff
UPD-007520,HSP-017,Oxygen Bed,8,5,2026-09-21 18:00:25,Hospital Staff
UPD-007521,HSP-004,General Bed,61,55,2026-09-21 18:05:18,Simulation
UPD-007522,HSP-013,General Bed,10,13,2026-09-21 18:05:44,Hospital Staff
UPD-007523,HSP-018,ICU,11,12,2026-09-21 18:09:52,Hospital Staff
UPD-007524,HSP-002,Ventilator,5,6,2026-09-21 18:12:49,Admin
UPD-007525,HSP-015,ICU,1,0,2026-09-21 18:12:57,Hospital Staff
UPD-007526,HSP-005,Oxygen Bed,6,7,2026-09-21 18:13:56,Hospital Staff
UPD-007527,HSP-003,ICU,4,2,2026-09-21 18:17:44,Hospital Staff
UPD-007528,HSP-004,General Bed,55,59,2026-09-21 18:24:22,Simulation
UPD-007529,HSP-018,ICU,12,11,2026-09-21 18:28:30,Hospital Staff
UPD-007530,HSP-005,Oxygen Bed,7,6,2026-09-21 18:34:33,Hospital Staff
UPD-007531,HSP-023,Ventilator,3,4,2026-09-21 18:42:54,Hospital Staff
UPD-007532,HSP-020,ICU,21,23,2026-09-21 18:44:52,Simulation
UPD-007533,HSP-002,Oxygen Bed,19,17,2026-09-21 18:48:42,Hospital Staff
UPD-007534,HSP-011,ICU,10,9,2026-09-21 18:48:59,Hospital Staff
UPD-007535,HSP-013,Ventilator,2,3,2026-09-21 18:52:00,Hospital Staff
UPD-007536,HSP-020,Ventilator,25,24,2026-09-21 18:54:25,Hospital Staff
UPD-007537,HSP-006,ICU,3,1,2026-09-21 19:00:09,Hospital Staff
UPD-007538,HSP-022,ICU,10,9,2026-09-21 19:01:47,Hospital Staff
UPD-007539,HSP-023,Oxygen Bed,9,11,2026-09-21 19:02:07,Hospital Staff
UPD-007540,HSP-017,General Bed,8,12,2026-09-21 19:03:40,Simulation
UPD-007541,HSP-017,ICU,4,3,2026-09-21 19:05:08,Hospital Staff
UPD-007542,HSP-023,General Bed,23,29,2026-09-21 19:05:13,Simulation
UPD-007543,HSP-022,Ventilator,5,6,2026-09-21 19:06:38,Hospital Staff
UPD-007544,HSP-004,Oxygen Bed,10,9,2026-09-21 19:06:50,Hospital Staff
UPD-007545,HSP-023,ICU,12,11,2026-09-21 19:07:41,Admin
UPD-007546,HSP-022,General Bed,12,8,2026-09-21 19:15:38,Simulation
UPD-007547,HSP-006,Oxygen Bed,4,1,2026-09-21 19:20:04,Hospital Staff
UPD-007548,HSP-012,ICU,3,5,2026-09-21 19:20:36,Admin
UPD-007549,HSP-014,General Bed,9,4,2026-09-21 19:23:23,Admin
UPD-007550,HSP-023,Oxygen Bed,11,9,2026-09-21 19:27:52,Hospital Staff
UPD-007551,HSP-019,Oxygen Bed,25,24,2026-09-21 19:32:12,Simulation
UPD-007552,HSP-002,General Bed,42,40,2026-09-21 19:44:56,Hospital Staff
UPD-007553,HSP-020,Oxygen Bed,53,54,2026-09-21 19:48:46,Hospital Staff
UPD-007554,HSP-020,ICU,23,25,2026-09-21 19:48:49,Admin
UPD-007555,HSP-011,Oxygen Bed,12,9,2026-09-21 19:53:29,Hospital Staff
UPD-007556,HSP-023,Oxygen Bed,9,12,2026-09-21 19:57:42,Admin
UPD-007557,HSP-015,General Bed,36,37,2026-09-21 19:57:49,Hospital Staff
UPD-007558,HSP-003,Ventilator,6,5,2026-09-21 20:14:04,Simulation
UPD-007559,HSP-006,Oxygen Bed,1,2,2026-09-21 20:15:09,Admin
UPD-007560,HSP-005,General Bed,8,12,2026-09-21 20:17:41,Simulation
UPD-007561,HSP-024,General Bed,30,26,2026-09-21 20:24:26,Hospital Staff
UPD-007562,HSP-009,Oxygen Bed,15,18,2026-09-21 20:25:52,Simulation
UPD-007563,HSP-019,ICU,16,14,2026-09-21 20:27:20,Hospital Staff
UPD-007564,HSP-019,Oxygen Bed,24,23,2026-09-21 20:35:51,Admin
UPD-007565,HSP-004,ICU,3,5,2026-09-21 20:37:14,Hospital Staff
UPD-007566,HSP-012,Oxygen Bed,46,45,2026-09-21 20:39:09,Hospital Staff
UPD-007567,HSP-013,General Bed,13,16,2026-09-21 20:47:37,Hospital Staff
UPD-007568,HSP-001,ICU,29,27,2026-09-21 20:52:46,Admin
UPD-007569,HSP-001,ICU,27,25,2026-09-21 20:53:54,Hospital Staff
UPD-007570,HSP-023,Oxygen Bed,12,13,2026-09-21 20:55:43,Simulation
UPD-007571,HSP-010,Oxygen Bed,6,7,2026-09-21 21:03:03,Hospital Staff
UPD-007572,HSP-011,Ventilator,6,7,2026-09-21 21:05:17,Admin
UPD-007573,HSP-018,ICU,11,10,2026-09-21 21:06:31,Hospital Staff
UPD-007574,HSP-007,Oxygen Bed,49,48,2026-09-21 21:08:14,Hospital Staff
UPD-007575,HSP-014,ICU,10,12,2026-09-21 21:09:15,Hospital Staff
UPD-007576,HSP-009,Oxygen Bed,18,15,2026-09-21 21:15:03,Hospital Staff
UPD-007577,HSP-003,ICU,2,1,2026-09-21 21:19:15,Admin
UPD-007578,HSP-001,General Bed,77,71,2026-09-21 21:26:06,Simulation
UPD-007579,HSP-016,General Bed,29,30,2026-09-21 21:34:30,Hospital Staff
UPD-007580,HSP-023,General Bed,29,28,2026-09-21 21:34:34,Hospital Staff
UPD-007581,HSP-002,ICU,10,8,2026-09-21 21:41:37,Hospital Staff
UPD-007582,HSP-021,General Bed,35,34,2026-09-21 21:43:29,Hospital Staff
UPD-007583,HSP-009,General Bed,18,14,2026-09-21 21:43:59,Admin
UPD-007584,HSP-004,ICU,5,4,2026-09-21 21:52:02,Admin
UPD-007585,HSP-008,ICU,25,27,2026-09-21 21:52:02,Hospital Staff
UPD-007586,HSP-025,Ventilator,2,1,2026-09-21 21:54:52,Admin
UPD-007587,HSP-012,Ventilator,0,1,2026-09-21 22:03:49,Hospital Staff
UPD-007588,HSP-023,Ventilator,4,3,2026-09-21 22:06:52,Hospital Staff
UPD-007589,HSP-010,General Bed,27,29,2026-09-21 22:08:48,Hospital Staff
UPD-007590,HSP-014,Ventilator,3,2,2026-09-21 22:09:59,Hospital Staff
UPD-007591,HSP-023,Oxygen Bed,13,10,2026-09-21 22:13:17,Hospital Staff
UPD-007592,HSP-024,Ventilator,3,2,2026-09-21 22:14:20,Admin
UPD-007593,HSP-009,Oxygen Bed,15,17,2026-09-21 22:16:34,Hospital Staff
UPD-007594,HSP-012,General Bed,88,93,2026-09-21 22:23:31,Hospital Staff
UPD-007595,HSP-007,General Bed,184,179,2026-09-21 22:24:16,Hospital Staff
UPD-007596,HSP-001,ICU,25,23,2026-09-21 22:29:58,Hospital Staff
UPD-007597,HSP-020,ICU,25,27,2026-09-21 22:32:07,Simulation
UPD-007598,HSP-022,General Bed,8,11,2026-09-21 22:37:35,Hospital Staff
UPD-007599,HSP-009,General Bed,14,12,2026-09-21 22:37:49,Hospital Staff
UPD-007600,HSP-009,Oxygen Bed,17,18,2026-09-21 22:40:08,Simulation
UPD-007601,HSP-013,Oxygen Bed,6,7,2026-09-21 22:43:54,Simulation
UPD-007602,HSP-010,ICU,14,16,2026-09-21 22:46:16,Simulation
UPD-007603,HSP-009,ICU,4,5,2026-09-21 22:50:21,Hospital Staff
UPD-007604,HSP-001,Oxygen Bed,49,50,2026-09-21 22:51:40,Admin
UPD-007605,HSP-012,ICU,5,7,2026-09-21 23:12:02,Hospital Staff
UPD-007606,HSP-024,General Bed,26,29,2026-09-21 23:14:04,Hospital Staff
UPD-007607,HSP-002,ICU,8,10,2026-09-21 23:14:10,Admin
UPD-007608,HSP-012,Oxygen Bed,45,42,2026-09-21 23:16:41,Hospital Staff
UPD-007609,HSP-012,Oxygen Bed,42,39,2026-09-21 23:18:33,Hospital Staff
UPD-007610,HSP-003,Oxygen Bed,1,4,2026-09-21 23:25:37,Hospital Staff
UPD-007611,HSP-003,Ventilator,5,4,2026-09-21 23:26:59,Simulation
UPD-007612,HSP-019,Ventilator,6,7,2026-09-21 23:27:47,Hospital Staff
UPD-007613,HSP-025,Ventilator,1,0,2026-09-21 23:29:09,Hospital Staff
UPD-007614,HSP-020,ICU,27,28,2026-09-21 23:30:24,Hospital Staff
UPD-007615,HSP-003,General Bed,10,6,2026-09-21 23:30:54,Admin
UPD-007616,HSP-004,General Bed,59,61,2026-09-21 23:31:51,Simulation
UPD-007617,HSP-018,Ventilator,3,2,2026-09-21 23:33:02,Hospital Staff
UPD-007618,HSP-020,General Bed,213,217,2026-09-21 23:33:46,Hospital Staff
UPD-007619,HSP-003,ICU,1,0,2026-09-21 23:35:12,Hospital Staff
UPD-007620,HSP-021,General Bed,34,37,2026-09-21 23:36:15,Simulation
UPD-007621,HSP-013,General Bed,16,15,2026-09-21 23:47:17,Hospital Staff
UPD-007622,HSP-007,General Bed,179,185,2026-09-21 23:49:28,Simulation
UPD-007623,HSP-018,Ventilator,2,1,2026-09-21 23:51:45,Admin
UPD-007624,HSP-023,ICU,11,12,2026-09-22 00:03:23,Admin
UPD-007625,HSP-021,ICU,3,1,2026-09-22 00:06:46,Hospital Staff
UPD-007626,HSP-006,General Bed,7,11,2026-09-22 00:08:20,Simulation
UPD-007627,HSP-022,Oxygen Bed,3,6,2026-09-22 00:09:49,Hospital Staff
UPD-007628,HSP-021,Oxygen Bed,20,17,2026-09-22 00:18:45,Hospital Staff
UPD-007629,HSP-024,General Bed,29,30,2026-09-22 00:20:30,Hospital Staff
UPD-007630,HSP-008,Ventilator,1,0,2026-09-22 00:27:01,Hospital Staff
UPD-007631,HSP-017,Oxygen Bed,5,3,2026-09-22 00:30:23,Hospital Staff
UPD-007632,HSP-004,Ventilator,6,5,2026-09-22 00:38:11,Hospital Staff
UPD-007633,HSP-014,Ventilator,2,3,2026-09-22 00:40:34,Hospital Staff
UPD-007634,HSP-008,ICU,27,26,2026-09-22 00:42:33,Simulation
UPD-007635,HSP-003,Oxygen Bed,4,2,2026-09-22 00:45:26,Hospital Staff
UPD-007636,HSP-014,Ventilator,3,2,2026-09-22 00:54:15,Admin
UPD-007637,HSP-012,General Bed,93,94,2026-09-22 01:09:20,Hospital Staff
UPD-007638,HSP-020,General Bed,217,216,2026-09-22 01:10:01,Admin
UPD-007639,HSP-022,General Bed,11,12,2026-09-22 01:10:26,Hospital Staff
UPD-007640,HSP-009,Oxygen Bed,18,17,2026-09-22 01:11:39,Admin
UPD-007641,HSP-021,ICU,1,3,2026-09-22 01:23:58,Hospital Staff
UPD-007642,HSP-020,General Bed,216,213,2026-09-22 01:43:16,Hospital Staff
UPD-007643,HSP-006,Oxygen Bed,2,5,2026-09-22 01:45:46,Hospital Staff
UPD-007644,HSP-012,ICU,7,9,2026-09-22 01:46:01,Hospital Staff
UPD-007645,HSP-017,Oxygen Bed,3,6,2026-09-22 01:48:02,Hospital Staff
UPD-007646,HSP-004,ICU,4,2,2026-09-22 01:48:34,Hospital Staff
UPD-007647,HSP-024,General Bed,30,27,2026-09-22 01:52:04,Hospital Staff
UPD-007648,HSP-008,Oxygen Bed,13,14,2026-09-22 01:53:56,Hospital Staff
UPD-007649,HSP-007,ICU,45,43,2026-09-22 01:53:58,Hospital Staff
UPD-007650,HSP-017,General Bed,12,6,2026-09-22 02:10:16,Admin
UPD-007651,HSP-014,General Bed,4,0,2026-09-22 02:10:56,Admin
UPD-007652,HSP-012,Oxygen Bed,39,37,2026-09-22 02:13:11,Hospital Staff
UPD-007653,HSP-022,Ventilator,6,5,2026-09-22 02:15:29,Hospital Staff
UPD-007654,HSP-021,Oxygen Bed,17,19,2026-09-22 02:17:08,Simulation
UPD-007655,HSP-020,Oxygen Bed,54,56,2026-09-22 02:19:51,Hospital Staff
UPD-007656,HSP-017,General Bed,6,9,2026-09-22 02:26:52,Hospital Staff
UPD-007657,HSP-024,Oxygen Bed,31,29,2026-09-22 02:29:56,Simulation
UPD-007658,HSP-019,General Bed,97,99,2026-09-22 02:38:09,Simulation
UPD-007659,HSP-018,General Bed,33,35,2026-09-22 02:42:20,Hospital Staff
UPD-007660,HSP-004,ICU,2,4,2026-09-22 02:54:41,Hospital Staff
UPD-007661,HSP-018,Oxygen Bed,7,10,2026-09-22 03:08:31,Hospital Staff
UPD-007662,HSP-003,Oxygen Bed,2,5,2026-09-22 03:12:28,Hospital Staff
UPD-007663,HSP-021,Oxygen Bed,19,21,2026-09-22 03:19:53,Hospital Staff
UPD-007664,HSP-001,ICU,23,21,2026-09-22 03:27:33,Admin
UPD-007665,HSP-014,Oxygen Bed,12,11,2026-09-22 03:30:41,Hospital Staff
UPD-007666,HSP-011,General Bed,22,20,2026-09-22 03:31:30,Hospital Staff
UPD-007667,HSP-005,Oxygen Bed,6,4,2026-09-22 03:31:55,Hospital Staff
UPD-007668,HSP-001,Oxygen Bed,50,48,2026-09-22 03:32:56,Hospital Staff
UPD-007669,HSP-010,Oxygen Bed,7,4,2026-09-22 03:33:06,Hospital Staff
UPD-007670,HSP-005,ICU,4,6,2026-09-22 03:33:35,Hospital Staff
UPD-007671,HSP-002,General Bed,40,41,2026-09-22 03:35:06,Hospital Staff
UPD-007672,HSP-013,Oxygen Bed,7,5,2026-09-22 03:43:58,Admin
UPD-007673,HSP-005,Oxygen Bed,4,5,2026-09-22 03:47:09,Hospital Staff
UPD-007674,HSP-018,ICU,10,8,2026-09-22 03:51:35,Simulation
UPD-007675,HSP-005,Oxygen Bed,5,7,2026-09-22 03:57:40,Admin
UPD-007676,HSP-016,ICU,17,15,2026-09-22 03:58:19,Hospital Staff
UPD-007677,HSP-025,Oxygen Bed,2,4,2026-09-22 04:05:16,Hospital Staff
UPD-007678,HSP-024,Ventilator,2,3,2026-09-22 04:10:09,Simulation
UPD-007679,HSP-022,Oxygen Bed,6,4,2026-09-22 04:11:19,Admin
UPD-007680,HSP-006,Oxygen Bed,5,3,2026-09-22 04:13:57,Simulation
UPD-007681,HSP-009,Oxygen Bed,17,15,2026-09-22 04:16:11,Hospital Staff
UPD-007682,HSP-022,Ventilator,5,4,2026-09-22 04:16:20,Hospital Staff
UPD-007683,HSP-014,Oxygen Bed,11,12,2026-09-22 04:18:50,Simulation
UPD-007684,HSP-021,Ventilator,1,0,2026-09-22 04:21:06,Admin
UPD-007685,HSP-001,Ventilator,9,10,2026-09-22 04:25:21,Admin
UPD-007686,HSP-023,Ventilator,3,2,2026-09-22 04:25:45,Hospital Staff
UPD-007687,HSP-016,Oxygen Bed,17,15,2026-09-22 04:26:31,Admin
UPD-007688,HSP-004,ICU,4,2,2026-09-22 04:28:01,Admin
UPD-007689,HSP-025,ICU,3,2,2026-09-22 04:28:42,Admin
UPD-007690,HSP-011,General Bed,20,23,2026-09-22 04:29:20,Admin
UPD-007691,HSP-024,General Bed,27,25,2026-09-22 04:36:44,Hospital Staff
UPD-007692,HSP-005,Oxygen Bed,7,8,2026-09-22 04:47:08,Hospital Staff
UPD-007693,HSP-010,ICU,16,14,2026-09-22 04:51:44,Hospital Staff
UPD-007694,HSP-009,ICU,5,6,2026-09-22 04:51:49,Admin
UPD-007695,HSP-020,Oxygen Bed,56,57,2026-09-22 04:52:39,Hospital Staff
UPD-007696,HSP-013,Ventilator,3,2,2026-09-22 04:52:57,Simulation
UPD-007697,HSP-002,Ventilator,6,7,2026-09-22 04:54:14,Simulation
UPD-007698,HSP-013,Ventilator,2,3,2026-09-22 04:57:07,Hospital Staff
UPD-007699,HSP-001,Oxygen Bed,48,45,2026-09-22 05:05:43,Hospital Staff
UPD-007700,HSP-003,General Bed,6,8,2026-09-22 05:06:54,Simulation
UPD-007701,HSP-004,General Bed,61,63,2026-09-22 05:07:26,Simulation
UPD-007702,HSP-022,Ventilator,4,3,2026-09-22 05:14:05,Simulation
UPD-007703,HSP-024,ICU,2,1,2026-09-22 05:19:51,Admin
UPD-007704,HSP-020,ICU,28,29,2026-09-22 05:20:59,Hospital Staff
UPD-007705,HSP-018,Ventilator,1,2,2026-09-22 05:23:13,Hospital Staff
UPD-007706,HSP-005,ICU,6,7,2026-09-22 05:25:49,Simulation
UPD-007707,HSP-008,ICU,26,28,2026-09-22 05:26:41,Simulation
UPD-007708,HSP-005,Oxygen Bed,8,7,2026-09-22 05:26:51,Admin
UPD-007709,HSP-001,ICU,21,22,2026-09-22 05:29:28,Hospital Staff
UPD-007710,HSP-004,Oxygen Bed,9,10,2026-09-22 05:38:03,Hospital Staff
UPD-007711,HSP-023,ICU,12,11,2026-09-22 05:41:54,Hospital Staff
UPD-007712,HSP-001,General Bed,71,67,2026-09-22 05:49:54,Admin
UPD-007713,HSP-016,Ventilator,6,5,2026-09-22 05:53:12,Hospital Staff
UPD-007714,HSP-023,Oxygen Bed,10,8,2026-09-22 05:57:23,Simulation
UPD-007715,HSP-003,ICU,0,1,2026-09-22 05:58:37,Hospital Staff
UPD-007716,HSP-011,Ventilator,7,8,2026-09-22 06:00:46,Admin
UPD-007717,HSP-010,General Bed,29,27,2026-09-22 06:06:20,Hospital Staff
UPD-007718,HSP-018,General Bed,35,38,2026-09-22 06:28:08,Hospital Staff
UPD-007719,HSP-012,General Bed,94,95,2026-09-22 06:30:16,Hospital Staff
UPD-007720,HSP-020,Ventilator,24,25,2026-09-22 06:32:04,Hospital Staff
UPD-007721,HSP-008,Oxygen Bed,14,16,2026-09-22 06:33:05,Hospital Staff
UPD-007722,HSP-011,Oxygen Bed,9,6,2026-09-22 06:49:30,Hospital Staff
UPD-007723,HSP-025,General Bed,33,31,2026-09-22 06:50:47,Hospital Staff
UPD-007724,HSP-024,ICU,1,3,2026-09-22 06:54:29,Hospital Staff
UPD-007725,HSP-022,General Bed,12,9,2026-09-22 06:58:53,Hospital Staff
UPD-007726,HSP-008,Oxygen Bed,16,14,2026-09-22 07:03:02,Hospital Staff
UPD-007727,HSP-015,Ventilator,5,6,2026-09-22 07:05:55,Hospital Staff
UPD-007728,HSP-019,Ventilator,7,6,2026-09-22 07:13:26,Simulation
UPD-007729,HSP-016,General Bed,30,24,2026-09-22 07:25:10,Admin
UPD-007730,HSP-020,Ventilator,25,26,2026-09-22 07:41:50,Hospital Staff
UPD-007731,HSP-018,Oxygen Bed,10,9,2026-09-22 07:46:53,Hospital Staff
UPD-007732,HSP-024,Oxygen Bed,29,27,2026-09-22 07:59:26,Hospital Staff
UPD-007733,HSP-013,Ventilator,3,4,2026-09-22 08:02:29,Hospital Staff
UPD-007734,HSP-021,Oxygen Bed,21,24,2026-09-22 08:08:54,Admin
UPD-007735,HSP-008,General Bed,111,105,2026-09-22 08:14:52,Hospital Staff
UPD-007736,HSP-025,Oxygen Bed,4,3,2026-09-22 08:29:31,Simulation
UPD-007737,HSP-017,Oxygen Bed,6,4,2026-09-22 08:30:37,Hospital Staff
UPD-007738,HSP-009,Oxygen Bed,15,14,2026-09-22 08:31:31,Simulation
UPD-007739,HSP-024,ICU,3,5,2026-09-22 08:36:18,Admin
UPD-007740,HSP-004,General Bed,63,57,2026-09-22 08:40:14,Hospital Staff
UPD-007741,HSP-002,Oxygen Bed,17,19,2026-09-22 08:43:43,Hospital Staff
UPD-007742,HSP-003,Oxygen Bed,5,4,2026-09-22 08:47:53,Hospital Staff
UPD-007743,HSP-012,Oxygen Bed,37,34,2026-09-22 08:55:10,Hospital Staff
UPD-007744,HSP-011,Oxygen Bed,6,4,2026-09-22 08:59:13,Hospital Staff
UPD-007745,HSP-002,Ventilator,7,6,2026-09-22 09:02:13,Hospital Staff
UPD-007746,HSP-012,Ventilator,1,0,2026-09-22 09:03:00,Hospital Staff
UPD-007747,HSP-019,Ventilator,6,5,2026-09-22 09:10:44,Admin
UPD-007748,HSP-013,ICU,12,10,2026-09-22 09:24:06,Simulation
UPD-007749,HSP-009,ICU,6,5,2026-09-22 09:28:42,Hospital Staff
UPD-007750,HSP-006,Oxygen Bed,3,5,2026-09-22 09:31:21,Admin
UPD-007751,HSP-006,Oxygen Bed,5,3,2026-09-22 09:33:19,Hospital Staff
UPD-007752,HSP-001,Oxygen Bed,45,42,2026-09-22 09:36:41,Hospital Staff
UPD-007753,HSP-006,Ventilator,0,1,2026-09-22 09:38:48,Hospital Staff
UPD-007754,HSP-022,General Bed,9,14,2026-09-22 09:39:17,Admin
UPD-007755,HSP-024,Oxygen Bed,27,30,2026-09-22 09:41:50,Hospital Staff
UPD-007756,HSP-020,Ventilator,26,25,2026-09-22 09:42:24,Simulation
UPD-007757,HSP-014,General Bed,0,3,2026-09-22 09:44:08,Hospital Staff
UPD-007758,HSP-002,ICU,10,8,2026-09-22 09:46:20,Hospital Staff
UPD-007759,HSP-010,General Bed,27,28,2026-09-22 09:47:35,Hospital Staff
UPD-007760,HSP-016,Ventilator,5,4,2026-09-22 09:48:39,Admin
UPD-007761,HSP-012,ICU,9,8,2026-09-22 09:50:52,Hospital Staff
UPD-007762,HSP-024,General Bed,25,21,2026-09-22 10:08:35,Hospital Staff
UPD-007763,HSP-012,Oxygen Bed,34,35,2026-09-22 10:13:37,Hospital Staff
UPD-007764,HSP-001,General Bed,67,64,2026-09-22 10:15:58,Hospital Staff
UPD-007765,HSP-005,ICU,7,5,2026-09-22 10:17:13,Simulation
UPD-007766,HSP-006,Ventilator,1,2,2026-09-22 10:23:32,Hospital Staff
UPD-007767,HSP-006,Ventilator,2,1,2026-09-22 10:27:59,Admin
UPD-007768,HSP-001,General Bed,64,67,2026-09-22 10:31:10,Hospital Staff
UPD-007769,HSP-015,Ventilator,6,5,2026-09-22 10:31:52,Simulation
UPD-007770,HSP-022,ICU,9,11,2026-09-22 10:32:07,Admin
UPD-007771,HSP-008,ICU,28,26,2026-09-22 10:32:38,Hospital Staff
UPD-007772,HSP-016,ICU,15,14,2026-09-22 10:34:55,Simulation
UPD-007773,HSP-021,Ventilator,0,1,2026-09-22 10:35:19,Hospital Staff
UPD-007774,HSP-011,Ventilator,8,7,2026-09-22 10:37:01,Hospital Staff
UPD-007775,HSP-014,ICU,12,11,2026-09-22 10:38:01,Admin
UPD-007776,HSP-004,General Bed,57,55,2026-09-22 10:40:05,Hospital Staff
UPD-007777,HSP-018,ICU,8,7,2026-09-22 10:43:07,Hospital Staff
UPD-007778,HSP-002,General Bed,41,38,2026-09-22 10:48:07,Hospital Staff
UPD-007779,HSP-010,Ventilator,9,8,2026-09-22 11:00:29,Hospital Staff
UPD-007780,HSP-007,Ventilator,15,14,2026-09-22 11:02:57,Hospital Staff
UPD-007781,HSP-016,General Bed,24,30,2026-09-22 11:04:15,Hospital Staff
UPD-007782,HSP-008,Oxygen Bed,14,13,2026-09-22 11:16:44,Simulation
UPD-007783,HSP-004,ICU,2,3,2026-09-22 11:18:14,Simulation
UPD-007784,HSP-016,Oxygen Bed,15,16,2026-09-22 11:23:00,Admin
UPD-007785,HSP-018,Ventilator,2,3,2026-09-22 11:23:40,Hospital Staff
UPD-007786,HSP-014,ICU,11,12,2026-09-22 11:24:17,Simulation
UPD-007787,HSP-008,ICU,26,28,2026-09-22 11:28:49,Admin
UPD-007788,HSP-001,Oxygen Bed,42,43,2026-09-22 11:32:43,Hospital Staff
UPD-007789,HSP-008,General Bed,105,104,2026-09-22 11:35:28,Admin
UPD-007790,HSP-004,Ventilator,5,4,2026-09-22 11:38:44,Hospital Staff
UPD-007791,HSP-004,Ventilator,4,3,2026-09-22 11:39:11,Admin
UPD-007792,HSP-015,General Bed,37,36,2026-09-22 11:40:03,Hospital Staff
UPD-007793,HSP-023,ICU,11,12,2026-09-22 11:46:20,Admin
UPD-007794,HSP-021,General Bed,37,42,2026-09-22 11:52:31,Admin
UPD-007795,HSP-006,Ventilator,1,2,2026-09-22 11:54:16,Hospital Staff
UPD-007796,HSP-010,Ventilator,8,7,2026-09-22 11:55:05,Simulation
UPD-007797,HSP-021,General Bed,42,41,2026-09-22 11:58:28,Admin
UPD-007798,HSP-025,Ventilator,0,1,2026-09-22 11:59:12,Hospital Staff
UPD-007799,HSP-011,Oxygen Bed,4,3,2026-09-22 12:10:43,Hospital Staff
UPD-007800,HSP-021,Oxygen Bed,24,25,2026-09-22 12:12:19,Admin
UPD-007801,HSP-004,General Bed,55,54,2026-09-22 12:16:48,Hospital Staff
UPD-007802,HSP-002,Oxygen Bed,19,21,2026-09-22 12:38:12,Hospital Staff
UPD-007803,HSP-017,Oxygen Bed,4,7,2026-09-22 12:46:56,Admin
UPD-007804,HSP-003,ICU,1,2,2026-09-22 12:47:34,Hospital Staff
UPD-007805,HSP-016,ICU,14,16,2026-09-22 12:48:17,Hospital Staff
UPD-007806,HSP-010,Ventilator,7,8,2026-09-22 13:05:41,Hospital Staff
UPD-007807,HSP-018,ICU,7,8,2026-09-22 13:12:04,Hospital Staff
UPD-007808,HSP-022,ICU,11,9,2026-09-22 13:12:59,Admin
UPD-007809,HSP-001,Ventilator,10,9,2026-09-22 13:15:41,Admin
UPD-007810,HSP-017,Oxygen Bed,7,5,2026-09-22 13:16:39,Admin
UPD-007811,HSP-011,ICU,9,8,2026-09-22 13:17:21,Hospital Staff
UPD-007812,HSP-011,Ventilator,7,8,2026-09-22 13:17:26,Simulation
UPD-007813,HSP-007,ICU,43,41,2026-09-22 13:18:37,Simulation
UPD-007814,HSP-007,Oxygen Bed,48,49,2026-09-22 13:23:50,Hospital Staff
UPD-007815,HSP-019,Oxygen Bed,23,25,2026-09-22 13:25:20,Hospital Staff
UPD-007816,HSP-001,Ventilator,9,8,2026-09-22 13:42:55,Hospital Staff
UPD-007817,HSP-005,Oxygen Bed,7,4,2026-09-22 13:43:04,Simulation
UPD-007818,HSP-012,Oxygen Bed,35,37,2026-09-22 13:52:07,Hospital Staff
UPD-007819,HSP-001,ICU,22,23,2026-09-22 13:53:37,Hospital Staff
UPD-007820,HSP-014,Oxygen Bed,12,13,2026-09-22 13:54:26,Admin
UPD-007821,HSP-011,Ventilator,8,7,2026-09-22 13:54:40,Hospital Staff
UPD-007822,HSP-021,General Bed,41,36,2026-09-22 13:55:09,Hospital Staff
UPD-007823,HSP-008,Ventilator,0,1,2026-09-22 13:55:12,Hospital Staff
UPD-007824,HSP-014,ICU,12,10,2026-09-22 13:59:55,Hospital Staff
UPD-007825,HSP-015,Oxygen Bed,6,5,2026-09-22 14:00:50,Hospital Staff
UPD-007826,HSP-013,General Bed,15,12,2026-09-22 14:01:38,Admin
UPD-007827,HSP-008,ICU,28,27,2026-09-22 14:03:15,Hospital Staff
UPD-007828,HSP-014,ICU,10,9,2026-09-22 14:15:17,Hospital Staff
UPD-007829,HSP-003,General Bed,8,9,2026-09-22 14:16:23,Hospital Staff
UPD-007830,HSP-005,ICU,5,7,2026-09-22 14:16:41,Admin
UPD-007831,HSP-023,ICU,12,10,2026-09-22 14:17:08,Simulation
UPD-007832,HSP-004,Ventilator,3,2,2026-09-22 14:25:50,Simulation
UPD-007833,HSP-012,Ventilator,0,1,2026-09-22 14:26:26,Admin
UPD-007834,HSP-010,General Bed,28,22,2026-09-22 14:33:59,Hospital Staff
UPD-007835,HSP-017,Oxygen Bed,5,2,2026-09-22 14:36:33,Hospital Staff
UPD-007836,HSP-021,ICU,3,1,2026-09-22 14:41:02,Simulation
UPD-007837,HSP-001,ICU,23,24,2026-09-22 14:41:06,Hospital Staff
UPD-007838,HSP-022,General Bed,14,19,2026-09-22 14:42:08,Hospital Staff
UPD-007839,HSP-009,Oxygen Bed,14,12,2026-09-22 14:45:27,Hospital Staff
UPD-007840,HSP-010,Oxygen Bed,4,1,2026-09-22 14:46:49,Hospital Staff
UPD-007841,HSP-002,General Bed,38,34,2026-09-22 14:47:15,Simulation
UPD-007842,HSP-005,ICU,7,8,2026-09-22 14:48:19,Hospital Staff
UPD-007843,HSP-017,General Bed,9,8,2026-09-22 14:51:20,Admin
UPD-007844,HSP-007,Oxygen Bed,49,52,2026-09-22 14:53:33,Hospital Staff
UPD-007845,HSP-025,Ventilator,1,0,2026-09-22 14:54:26,Simulation
UPD-007846,HSP-019,ICU,14,15,2026-09-22 15:01:29,Hospital Staff
UPD-007847,HSP-003,Oxygen Bed,4,6,2026-09-22 15:07:27,Hospital Staff
UPD-007848,HSP-002,Ventilator,6,5,2026-09-22 15:13:38,Hospital Staff
UPD-007849,HSP-010,Oxygen Bed,1,0,2026-09-22 15:18:47,Simulation
UPD-007850,HSP-024,ICU,5,7,2026-09-22 15:19:42,Hospital Staff
UPD-007851,HSP-014,ICU,9,7,2026-09-22 15:22:16,Hospital Staff
UPD-007852,HSP-013,General Bed,12,11,2026-09-22 15:24:18,Simulation
UPD-007853,HSP-020,ICU,29,28,2026-09-22 15:24:18,Admin
UPD-007854,HSP-020,Ventilator,25,24,2026-09-22 15:40:35,Admin
UPD-007855,HSP-004,Oxygen Bed,10,9,2026-09-22 15:41:57,Admin
UPD-007856,HSP-007,ICU,41,39,2026-09-22 15:45:49,Hospital Staff
UPD-007857,HSP-006,Ventilator,2,1,2026-09-22 15:52:08,Admin
UPD-007858,HSP-001,General Bed,67,70,2026-09-22 16:00:29,Hospital Staff
UPD-007859,HSP-005,Oxygen Bed,4,7,2026-09-22 16:02:11,Hospital Staff
UPD-007860,HSP-010,General Bed,22,23,2026-09-22 16:09:08,Hospital Staff
UPD-007861,HSP-005,Oxygen Bed,7,5,2026-09-22 16:10:30,Hospital Staff
UPD-007862,HSP-010,General Bed,23,29,2026-09-22 16:17:53,Hospital Staff
UPD-007863,HSP-009,General Bed,12,8,2026-09-22 16:18:37,Hospital Staff
UPD-007864,HSP-005,General Bed,12,6,2026-09-22 16:19:47,Simulation
UPD-007865,HSP-009,ICU,5,4,2026-09-22 16:21:30,Hospital Staff
UPD-007866,HSP-022,ICU,9,11,2026-09-22 16:26:27,Admin
UPD-007867,HSP-019,Ventilator,5,4,2026-09-22 16:33:16,Hospital Staff
UPD-007868,HSP-009,ICU,4,3,2026-09-22 16:35:15,Admin
UPD-007869,HSP-010,Oxygen Bed,0,2,2026-09-22 16:36:56,Hospital Staff
UPD-007870,HSP-023,Ventilator,2,1,2026-09-22 16:42:12,Hospital Staff
UPD-007871,HSP-017,General Bed,8,3,2026-09-22 16:47:29,Admin
UPD-007872,HSP-021,Ventilator,1,2,2026-09-22 16:52:03,Hospital Staff
UPD-007873,HSP-017,ICU,3,2,2026-09-22 17:00:25,Simulation
UPD-007874,HSP-016,Ventilator,4,3,2026-09-22 17:01:04,Hospital Staff
UPD-007875,HSP-005,Oxygen Bed,5,8,2026-09-22 17:03:18,Hospital Staff
UPD-007876,HSP-015,General Bed,36,38,2026-09-22 17:03:52,Hospital Staff
UPD-007877,HSP-024,Ventilator,3,2,2026-09-22 17:07:44,Hospital Staff
UPD-007878,HSP-012,Oxygen Bed,37,35,2026-09-22 17:12:54,Hospital Staff
UPD-007879,HSP-018,ICU,8,7,2026-09-22 17:23:09,Admin
UPD-007880,HSP-016,Oxygen Bed,16,13,2026-09-22 17:23:17,Hospital Staff
UPD-007881,HSP-016,Oxygen Bed,13,10,2026-09-22 17:24:59,Hospital Staff
UPD-007882,HSP-016,ICU,16,15,2026-09-22 17:32:52,Hospital Staff
UPD-007883,HSP-014,General Bed,3,6,2026-09-22 17:35:56,Hospital Staff
UPD-007884,HSP-004,General Bed,54,53,2026-09-22 17:36:40,Admin
UPD-007885,HSP-017,Oxygen Bed,2,5,2026-09-22 17:37:46,Hospital Staff
UPD-007886,HSP-004,ICU,3,1,2026-09-22 17:38:41,Admin
UPD-007887,HSP-020,General Bed,213,219,2026-09-22 17:46:02,Admin
UPD-007888,HSP-014,ICU,7,8,2026-09-22 17:47:59,Hospital Staff
UPD-007889,HSP-015,Oxygen Bed,5,7,2026-09-22 17:48:31,Hospital Staff
UPD-007890,HSP-021,General Bed,36,35,2026-09-22 17:51:14,Hospital Staff
UPD-007891,HSP-023,Ventilator,1,0,2026-09-22 17:53:12,Hospital Staff
UPD-007892,HSP-015,General Bed,38,39,2026-09-22 17:59:13,Hospital Staff
UPD-007893,HSP-025,Ventilator,0,1,2026-09-22 17:59:49,Hospital Staff
UPD-007894,HSP-002,Oxygen Bed,21,22,2026-09-22 18:01:17,Hospital Staff
UPD-007895,HSP-021,Ventilator,2,1,2026-09-22 18:14:52,Simulation
UPD-007896,HSP-010,ICU,14,12,2026-09-22 18:18:58,Hospital Staff
UPD-007897,HSP-010,Oxygen Bed,2,4,2026-09-22 18:30:34,Hospital Staff
UPD-007898,HSP-011,ICU,8,6,2026-09-22 18:34:28,Hospital Staff
UPD-007899,HSP-002,General Bed,34,37,2026-09-22 18:34:58,Hospital Staff
UPD-007900,HSP-019,Oxygen Bed,25,26,2026-09-22 18:39:39,Admin
UPD-007901,HSP-010,Oxygen Bed,4,7,2026-09-22 18:44:54,Hospital Staff
UPD-007902,HSP-021,Ventilator,1,0,2026-09-22 18:54:03,Admin
UPD-007903,HSP-023,Oxygen Bed,8,7,2026-09-22 18:58:21,Hospital Staff
UPD-007904,HSP-006,Oxygen Bed,3,1,2026-09-22 19:05:05,Hospital Staff
UPD-007905,HSP-023,Ventilator,0,1,2026-09-22 19:09:02,Admin
UPD-007906,HSP-015,Ventilator,5,4,2026-09-22 19:11:24,Hospital Staff
UPD-007907,HSP-006,ICU,1,3,2026-09-22 19:11:52,Simulation
UPD-007908,HSP-015,General Bed,39,35,2026-09-22 19:15:07,Hospital Staff
UPD-007909,HSP-007,ICU,39,37,2026-09-22 19:16:58,Simulation
UPD-007910,HSP-002,Ventilator,5,6,2026-09-22 19:24:29,Admin
UPD-007911,HSP-015,General Bed,35,33,2026-09-22 19:25:30,Hospital Staff
UPD-007912,HSP-017,ICU,2,0,2026-09-22 19:29:20,Admin
UPD-007913,HSP-008,Oxygen Bed,13,16,2026-09-22 19:38:35,Hospital Staff
UPD-007914,HSP-014,General Bed,6,11,2026-09-22 19:43:20,Simulation
UPD-007915,HSP-024,Ventilator,2,3,2026-09-22 19:45:52,Hospital Staff
UPD-007916,HSP-015,Oxygen Bed,7,10,2026-09-22 19:46:45,Hospital Staff
UPD-007917,HSP-001,General Bed,70,65,2026-09-22 19:48:46,Hospital Staff
UPD-007918,HSP-002,Oxygen Bed,22,24,2026-09-22 19:53:11,Hospital Staff
UPD-007919,HSP-005,Oxygen Bed,8,5,2026-09-22 19:58:51,Simulation
UPD-007920,HSP-019,General Bed,99,94,2026-09-22 20:00:07,Simulation
UPD-007921,HSP-017,Oxygen Bed,5,7,2026-09-22 20:01:17,Hospital Staff
UPD-007922,HSP-020,General Bed,219,222,2026-09-22 20:02:18,Hospital Staff
UPD-007923,HSP-006,Ventilator,1,0,2026-09-22 20:15:23,Admin
UPD-007924,HSP-013,Oxygen Bed,5,6,2026-09-22 20:16:30,Simulation
UPD-007925,HSP-011,ICU,6,8,2026-09-22 20:16:39,Hospital Staff
UPD-007926,HSP-017,General Bed,3,5,2026-09-22 20:19:35,Simulation
UPD-007927,HSP-023,Ventilator,1,0,2026-09-22 20:26:50,Hospital Staff
UPD-007928,HSP-012,Ventilator,1,0,2026-09-22 20:42:29,Hospital Staff
UPD-007929,HSP-016,Oxygen Bed,10,7,2026-09-22 20:45:11,Simulation
UPD-007930,HSP-021,ICU,1,2,2026-09-22 20:45:36,Admin
UPD-007931,HSP-019,ICU,15,13,2026-09-22 20:46:25,Admin
UPD-007932,HSP-005,General Bed,6,11,2026-09-22 20:51:57,Admin
UPD-007933,HSP-022,Oxygen Bed,4,7,2026-09-22 20:54:50,Hospital Staff
UPD-007934,HSP-006,General Bed,11,9,2026-09-22 20:54:52,Hospital Staff
UPD-007935,HSP-019,General Bed,94,95,2026-09-22 20:57:40,Admin
UPD-007936,HSP-014,General Bed,11,6,2026-09-22 21:03:07,Admin
UPD-007937,HSP-019,ICU,13,14,2026-09-22 21:10:48,Hospital Staff
UPD-007938,HSP-006,Ventilator,0,1,2026-09-22 21:17:03,Hospital Staff
UPD-007939,HSP-001,Ventilator,8,9,2026-09-22 21:19:33,Simulation
UPD-007940,HSP-016,ICU,15,17,2026-09-22 21:21:13,Simulation
UPD-007941,HSP-014,General Bed,6,11,2026-09-22 21:25:40,Simulation
UPD-007942,HSP-016,Oxygen Bed,7,10,2026-09-22 21:31:46,Hospital Staff
UPD-007943,HSP-008,ICU,27,26,2026-09-22 21:34:03,Hospital Staff
UPD-007944,HSP-004,Oxygen Bed,9,8,2026-09-22 21:35:24,Hospital Staff
UPD-007945,HSP-006,Ventilator,1,0,2026-09-22 21:37:53,Simulation
UPD-007946,HSP-019,Ventilator,4,5,2026-09-22 21:40:25,Hospital Staff
UPD-007947,HSP-017,ICU,0,2,2026-09-22 21:48:29,Hospital Staff
UPD-007948,HSP-007,General Bed,185,181,2026-09-22 21:48:55,Simulation
UPD-007949,HSP-002,Ventilator,6,5,2026-09-22 21:50:23,Simulation
UPD-007950,HSP-001,Oxygen Bed,43,40,2026-09-22 21:54:56,Simulation
UPD-007951,HSP-017,Oxygen Bed,7,4,2026-09-22 21:56:57,Hospital Staff
UPD-007952,HSP-001,Ventilator,9,8,2026-09-22 21:58:13,Admin
UPD-007953,HSP-023,General Bed,28,33,2026-09-22 22:03:58,Hospital Staff
UPD-007954,HSP-002,ICU,8,9,2026-09-22 22:09:32,Hospital Staff
UPD-007955,HSP-012,Ventilator,0,1,2026-09-22 22:10:27,Admin
UPD-007956,HSP-012,Ventilator,1,0,2026-09-22 22:21:36,Admin
UPD-007957,HSP-016,Ventilator,3,2,2026-09-22 22:30:31,Hospital Staff
UPD-007958,HSP-011,Oxygen Bed,3,6,2026-09-22 22:31:23,Simulation
UPD-007959,HSP-021,Ventilator,0,1,2026-09-22 22:35:53,Admin
UPD-007960,HSP-002,Ventilator,5,4,2026-09-22 22:37:44,Hospital Staff
UPD-007961,HSP-007,General Bed,181,175,2026-09-22 22:42:34,Admin
UPD-007962,HSP-002,ICU,9,10,2026-09-22 22:45:36,Admin
UPD-007963,HSP-016,Ventilator,2,1,2026-09-22 22:50:20,Hospital Staff
UPD-007964,HSP-024,ICU,7,8,2026-09-22 22:55:19,Simulation
UPD-007965,HSP-007,General Bed,175,173,2026-09-22 22:55:21,Simulation
UPD-007966,HSP-004,Ventilator,2,1,2026-09-22 22:56:23,Admin
UPD-007967,HSP-016,General Bed,30,24,2026-09-22 23:12:32,Hospital Staff
UPD-007968,HSP-007,Ventilator,14,13,2026-09-22 23:18:05,Hospital Staff
UPD-007969,HSP-003,Ventilator,4,3,2026-09-22 23:18:50,Hospital Staff
UPD-007970,HSP-009,ICU,3,5,2026-09-22 23:23:47,Simulation
UPD-007971,HSP-017,Oxygen Bed,4,6,2026-09-22 23:23:57,Hospital Staff
UPD-007972,HSP-011,General Bed,23,28,2026-09-22 23:25:51,Hospital Staff
UPD-007973,HSP-002,Ventilator,4,3,2026-09-22 23:38:22,Hospital Staff
UPD-007974,HSP-016,General Bed,24,20,2026-09-22 23:39:21,Hospital Staff
UPD-007975,HSP-004,General Bed,53,51,2026-09-22 23:41:18,Hospital Staff
UPD-007976,HSP-005,General Bed,11,8,2026-09-22 23:41:24,Hospital Staff
UPD-007977,HSP-011,General Bed,28,23,2026-09-22 23:43:14,Hospital Staff
UPD-007978,HSP-005,Oxygen Bed,5,2,2026-09-22 23:53:52,Hospital Staff
UPD-007979,HSP-008,Oxygen Bed,16,19,2026-09-22 23:55:06,Hospital Staff
UPD-007980,HSP-002,ICU,10,8,2026-09-22 23:56:25,Hospital Staff
UPD-007981,HSP-022,Ventilator,3,2,2026-09-22 23:57:20,Admin
UPD-007982,HSP-019,Ventilator,5,6,2026-09-22 23:59:26,Admin
UPD-007983,HSP-013,Ventilator,4,5,2026-09-23 00:02:04,Hospital Staff
UPD-007984,HSP-021,Ventilator,1,0,2026-09-23 00:10:16,Admin
UPD-007985,HSP-003,ICU,2,1,2026-09-23 00:13:42,Hospital Staff
UPD-007986,HSP-004,Oxygen Bed,8,7,2026-09-23 00:27:32,Hospital Staff
UPD-007987,HSP-007,Ventilator,13,12,2026-09-23 00:33:32,Hospital Staff
UPD-007988,HSP-020,Ventilator,24,23,2026-09-23 00:40:50,Admin
UPD-007989,HSP-005,General Bed,8,5,2026-09-23 00:46:53,Hospital Staff
UPD-007990,HSP-023,ICU,10,12,2026-09-23 00:48:48,Simulation
UPD-007991,HSP-011,Oxygen Bed,6,7,2026-09-23 01:02:15,Hospital Staff
UPD-007992,HSP-006,General Bed,9,11,2026-09-23 01:02:56,Admin
UPD-007993,HSP-021,Oxygen Bed,25,24,2026-09-23 01:06:38,Hospital Staff
UPD-007994,HSP-011,Ventilator,7,8,2026-09-23 01:13:47,Hospital Staff
UPD-007995,HSP-010,Ventilator,8,7,2026-09-23 01:14:19,Hospital Staff
UPD-007996,HSP-002,Ventilator,3,2,2026-09-23 01:18:50,Admin
UPD-007997,HSP-018,General Bed,38,34,2026-09-23 01:20:08,Simulation
UPD-007998,HSP-004,Ventilator,1,2,2026-09-23 01:37:48,Admin
UPD-007999,HSP-018,ICU,7,8,2026-09-23 01:41:37,Simulation
UPD-008000,HSP-008,Ventilator,1,0,2026-09-23 01:42:56,Simulation
UPD-008001,HSP-011,General Bed,23,28,2026-09-23 01:46:49,Hospital Staff
UPD-008002,HSP-014,Ventilator,2,1,2026-09-23 01:48:35,Simulation
UPD-008003,HSP-025,General Bed,31,30,2026-09-23 02:07:19,Hospital Staff
UPD-008004,HSP-023,Oxygen Bed,7,6,2026-09-23 02:07:53,Hospital Staff
UPD-008005,HSP-024,General Bed,21,24,2026-09-23 02:12:15,Hospital Staff
UPD-008006,HSP-019,Oxygen Bed,26,24,2026-09-23 02:13:48,Hospital Staff
UPD-008007,HSP-006,ICU,3,1,2026-09-23 02:18:03,Simulation
UPD-008008,HSP-023,General Bed,33,29,2026-09-23 02:18:56,Admin
UPD-008009,HSP-014,General Bed,11,16,2026-09-23 02:21:07,Simulation
UPD-008010,HSP-007,Oxygen Bed,52,49,2026-09-23 02:22:01,Admin
UPD-008011,HSP-001,General Bed,65,63,2026-09-23 02:22:21,Admin
UPD-008012,HSP-001,Oxygen Bed,40,38,2026-09-23 02:22:49,Hospital Staff
UPD-008013,HSP-010,General Bed,29,35,2026-09-23 02:27:28,Hospital Staff
UPD-008014,HSP-015,Ventilator,4,5,2026-09-23 02:29:58,Hospital Staff
UPD-008015,HSP-022,Ventilator,2,1,2026-09-23 02:41:12,Hospital Staff
UPD-008016,HSP-013,Oxygen Bed,6,9,2026-09-23 02:41:39,Hospital Staff
UPD-008017,HSP-013,Ventilator,5,6,2026-09-23 02:42:18,Hospital Staff
UPD-008018,HSP-014,Ventilator,1,0,2026-09-23 02:43:17,Hospital Staff
UPD-008019,HSP-021,ICU,2,0,2026-09-23 02:45:14,Hospital Staff
UPD-008020,HSP-008,Oxygen Bed,19,17,2026-09-23 02:48:37,Hospital Staff
UPD-008021,HSP-025,General Bed,30,28,2026-09-23 03:04:54,Hospital Staff
UPD-008022,HSP-002,Oxygen Bed,24,25,2026-09-23 03:08:23,Simulation
UPD-008023,HSP-025,Ventilator,1,0,2026-09-23 03:12:04,Admin
UPD-008024,HSP-005,General Bed,5,2,2026-09-23 03:14:15,Hospital Staff
UPD-008025,HSP-019,General Bed,95,100,2026-09-23 03:18:37,Admin
UPD-008026,HSP-012,General Bed,95,93,2026-09-23 03:19:21,Hospital Staff
UPD-008027,HSP-021,ICU,0,1,2026-09-23 03:22:04,Admin
UPD-008028,HSP-010,General Bed,35,41,2026-09-23 03:24:19,Hospital Staff
UPD-008029,HSP-005,Ventilator,1,2,2026-09-23 03:29:51,Simulation
UPD-008030,HSP-024,Oxygen Bed,30,29,2026-09-23 03:32:50,Hospital Staff
UPD-008031,HSP-018,Ventilator,3,2,2026-09-23 03:38:34,Hospital Staff
UPD-008032,HSP-007,General Bed,173,168,2026-09-23 04:03:43,Hospital Staff
UPD-008033,HSP-010,Oxygen Bed,7,10,2026-09-23 04:03:44,Hospital Staff
UPD-008034,HSP-010,General Bed,41,44,2026-09-23 04:03:58,Hospital Staff
UPD-008035,HSP-001,Ventilator,8,7,2026-09-23 04:19:52,Hospital Staff
UPD-008036,HSP-006,Ventilator,0,1,2026-09-23 04:27:21,Simulation
UPD-008037,HSP-019,Ventilator,6,5,2026-09-23 04:28:00,Hospital Staff
UPD-008038,HSP-024,Ventilator,3,2,2026-09-23 04:30:54,Hospital Staff
UPD-008039,HSP-010,Ventilator,7,6,2026-09-23 04:31:37,Hospital Staff
UPD-008040,HSP-006,ICU,1,0,2026-09-23 04:33:36,Hospital Staff
UPD-008041,HSP-017,Oxygen Bed,6,4,2026-09-23 04:43:55,Hospital Staff
UPD-008042,HSP-014,Oxygen Bed,13,10,2026-09-23 04:44:17,Admin
UPD-008043,HSP-014,Oxygen Bed,10,8,2026-09-23 04:45:27,Hospital Staff
UPD-008044,HSP-023,Oxygen Bed,6,3,2026-09-23 04:46:31,Hospital Staff
UPD-008045,HSP-020,Ventilator,23,22,2026-09-23 04:47:48,Hospital Staff
UPD-008046,HSP-024,Ventilator,2,1,2026-09-23 04:58:35,Hospital Staff
UPD-008047,HSP-020,General Bed,222,223,2026-09-23 04:59:38,Hospital Staff
UPD-008048,HSP-015,Oxygen Bed,10,7,2026-09-23 05:00:16,Hospital Staff
UPD-008049,HSP-015,Ventilator,5,6,2026-09-23 05:01:25,Hospital Staff
UPD-008050,HSP-006,ICU,0,2,2026-09-23 05:04:09,Simulation
UPD-008051,HSP-011,ICU,8,9,2026-09-23 05:04:48,Hospital Staff
UPD-008052,HSP-004,ICU,1,3,2026-09-23 05:07:57,Simulation
UPD-008053,HSP-015,Ventilator,6,7,2026-09-23 05:09:32,Hospital Staff
UPD-008054,HSP-021,Ventilator,0,1,2026-09-23 05:09:44,Admin
UPD-008055,HSP-011,ICU,9,8,2026-09-23 05:12:46,Hospital Staff
UPD-008056,HSP-011,Oxygen Bed,7,4,2026-09-23 05:13:38,Admin
UPD-008057,HSP-014,General Bed,16,17,2026-09-23 05:16:34,Hospital Staff
UPD-008058,HSP-006,ICU,2,1,2026-09-23 05:17:23,Hospital Staff
UPD-008059,HSP-003,General Bed,9,13,2026-09-23 05:22:03,Hospital Staff
UPD-008060,HSP-025,Oxygen Bed,3,6,2026-09-23 05:36:29,Hospital Staff
UPD-008061,HSP-015,General Bed,33,28,2026-09-23 05:37:01,Simulation
UPD-008062,HSP-024,General Bed,24,23,2026-09-23 05:38:01,Simulation
UPD-008063,HSP-013,Ventilator,6,5,2026-09-23 05:42:57,Hospital Staff
UPD-008064,HSP-017,General Bed,5,9,2026-09-23 05:48:37,Hospital Staff
UPD-008065,HSP-007,Ventilator,12,13,2026-09-23 05:49:05,Hospital Staff
UPD-008066,HSP-023,Oxygen Bed,3,1,2026-09-23 05:49:52,Hospital Staff
UPD-008067,HSP-025,Ventilator,0,1,2026-09-23 05:53:33,Admin
UPD-008068,HSP-019,Oxygen Bed,24,25,2026-09-23 06:00:22,Hospital Staff
UPD-008069,HSP-003,Oxygen Bed,6,7,2026-09-23 06:02:26,Admin
UPD-008070,HSP-003,Oxygen Bed,7,5,2026-09-23 06:02:51,Admin
UPD-008071,HSP-009,Oxygen Bed,12,11,2026-09-23 06:04:22,Hospital Staff
UPD-008072,HSP-014,Oxygen Bed,8,7,2026-09-23 06:07:27,Hospital Staff
UPD-008073,HSP-020,Oxygen Bed,57,56,2026-09-23 06:08:08,Admin
UPD-008074,HSP-001,ICU,24,23,2026-09-23 06:09:12,Hospital Staff
UPD-008075,HSP-014,ICU,8,6,2026-09-23 06:11:52,Hospital Staff
UPD-008076,HSP-010,Ventilator,6,5,2026-09-23 06:12:39,Hospital Staff
UPD-008077,HSP-003,General Bed,13,18,2026-09-23 06:15:57,Hospital Staff
UPD-008078,HSP-021,Ventilator,1,0,2026-09-23 06:19:40,Hospital Staff
UPD-008079,HSP-005,General Bed,2,4,2026-09-23 06:20:24,Simulation
UPD-008080,HSP-010,ICU,12,13,2026-09-23 06:23:54,Hospital Staff
UPD-008081,HSP-017,ICU,2,4,2026-09-23 06:26:40,Hospital Staff
UPD-008082,HSP-010,Ventilator,5,4,2026-09-23 06:33:15,Hospital Staff
UPD-008083,HSP-015,ICU,0,1,2026-09-23 06:39:18,Admin
UPD-008084,HSP-016,General Bed,20,18,2026-09-23 06:48:10,Admin
UPD-008085,HSP-019,Ventilator,5,4,2026-09-23 07:04:22,Simulation
UPD-008086,HSP-017,ICU,4,2,2026-09-23 07:14:20,Simulation
UPD-008087,HSP-001,Oxygen Bed,38,37,2026-09-23 07:15:07,Hospital Staff
UPD-008088,HSP-020,General Bed,223,218,2026-09-23 07:18:25,Admin
UPD-008089,HSP-010,Ventilator,4,5,2026-09-23 07:19:58,Admin
UPD-008090,HSP-012,General Bed,93,94,2026-09-23 07:21:28,Hospital Staff
UPD-008091,HSP-005,General Bed,4,9,2026-09-23 07:22:11,Hospital Staff
UPD-008092,HSP-023,Oxygen Bed,1,2,2026-09-23 07:24:40,Hospital Staff
UPD-008093,HSP-022,General Bed,19,16,2026-09-23 07:29:35,Hospital Staff
UPD-008094,HSP-010,General Bed,44,45,2026-09-23 07:30:34,Admin
UPD-008095,HSP-011,Ventilator,8,7,2026-09-23 07:44:32,Hospital Staff
UPD-008096,HSP-008,Ventilator,0,1,2026-09-23 07:45:31,Hospital Staff
UPD-008097,HSP-014,ICU,6,4,2026-09-23 07:49:37,Hospital Staff
UPD-008098,HSP-022,Ventilator,1,0,2026-09-23 07:51:10,Hospital Staff
UPD-008099,HSP-015,Oxygen Bed,7,9,2026-09-23 07:55:16,Admin
UPD-008100,HSP-019,Oxygen Bed,25,22,2026-09-23 08:00:21,Simulation
UPD-008101,HSP-020,General Bed,218,222,2026-09-23 08:09:02,Hospital Staff
UPD-008102,HSP-016,Ventilator,1,2,2026-09-23 08:13:15,Hospital Staff
UPD-008103,HSP-006,Oxygen Bed,1,2,2026-09-23 08:15:56,Hospital Staff
UPD-008104,HSP-013,Ventilator,5,6,2026-09-23 08:22:15,Hospital Staff
UPD-008105,HSP-013,ICU,10,12,2026-09-23 08:25:09,Hospital Staff
UPD-008106,HSP-002,General Bed,37,33,2026-09-23 08:25:30,Hospital Staff
UPD-008107,HSP-023,ICU,12,11,2026-09-23 08:26:03,Admin
UPD-008108,HSP-005,ICU,8,10,2026-09-23 08:27:45,Admin
UPD-008109,HSP-003,Oxygen Bed,5,7,2026-09-23 08:27:59,Hospital Staff
UPD-008110,HSP-018,Oxygen Bed,9,10,2026-09-23 08:28:08,Hospital Staff
UPD-008111,HSP-013,Oxygen Bed,9,12,2026-09-23 08:38:05,Simulation
UPD-008112,HSP-002,General Bed,33,28,2026-09-23 08:40:47,Admin
UPD-008113,HSP-004,ICU,3,1,2026-09-23 08:41:35,Hospital Staff
UPD-008114,HSP-025,Oxygen Bed,6,4,2026-09-23 09:03:00,Hospital Staff
UPD-008115,HSP-011,General Bed,28,27,2026-09-23 09:08:52,Simulation
UPD-008116,HSP-006,General Bed,11,13,2026-09-23 09:20:54,Admin
UPD-008117,HSP-024,Ventilator,1,0,2026-09-23 09:31:02,Hospital Staff
UPD-008118,HSP-005,ICU,10,8,2026-09-23 09:33:05,Admin
UPD-008119,HSP-006,Ventilator,1,2,2026-09-23 09:40:03,Simulation
UPD-008120,HSP-018,Oxygen Bed,10,9,2026-09-23 09:40:36,Admin
UPD-008121,HSP-008,Ventilator,1,2,2026-09-23 09:42:58,Hospital Staff
UPD-008122,HSP-004,Ventilator,2,3,2026-09-23 09:50:19,Hospital Staff
UPD-008123,HSP-011,ICU,8,7,2026-09-23 09:52:06,Hospital Staff
UPD-008124,HSP-004,ICU,1,2,2026-09-23 10:02:11,Simulation
UPD-008125,HSP-025,ICU,2,0,2026-09-23 10:04:54,Hospital Staff
UPD-008126,HSP-013,Ventilator,6,5,2026-09-23 10:13:14,Admin
UPD-008127,HSP-003,Ventilator,3,4,2026-09-23 10:15:33,Admin
UPD-008128,HSP-022,Oxygen Bed,7,5,2026-09-23 10:30:13,Admin
UPD-008129,HSP-001,General Bed,63,65,2026-09-23 10:34:12,Hospital Staff
UPD-008130,HSP-010,Ventilator,5,6,2026-09-23 10:35:19,Simulation
UPD-008131,HSP-007,Oxygen Bed,49,52,2026-09-23 10:39:18,Hospital Staff
UPD-008132,HSP-019,ICU,14,13,2026-09-23 10:42:25,Hospital Staff
UPD-008133,HSP-005,General Bed,9,3,2026-09-23 10:51:43,Hospital Staff
UPD-008134,HSP-021,ICU,1,2,2026-09-23 10:51:50,Admin
UPD-008135,HSP-020,General Bed,222,218,2026-09-23 10:52:48,Hospital Staff
UPD-008136,HSP-014,ICU,4,3,2026-09-23 10:53:26,Simulation
UPD-008137,HSP-012,ICU,8,6,2026-09-23 10:55:11,Admin
UPD-008138,HSP-009,Oxygen Bed,11,8,2026-09-23 10:55:19,Hospital Staff
UPD-008139,HSP-013,ICU,12,13,2026-09-23 10:55:45,Hospital Staff
UPD-008140,HSP-023,Oxygen Bed,2,0,2026-09-23 10:59:31,Hospital Staff
UPD-008141,HSP-016,ICU,17,16,2026-09-23 11:01:14,Hospital Staff
UPD-008142,HSP-015,General Bed,28,22,2026-09-23 11:03:07,Simulation
UPD-008143,HSP-009,ICU,5,3,2026-09-23 11:03:59,Hospital Staff
UPD-008144,HSP-020,Oxygen Bed,56,55,2026-09-23 11:09:29,Simulation
UPD-008145,HSP-010,Ventilator,6,7,2026-09-23 11:13:20,Hospital Staff
UPD-008146,HSP-003,Ventilator,4,5,2026-09-23 11:16:40,Hospital Staff
UPD-008147,HSP-021,General Bed,35,30,2026-09-23 11:19:52,Simulation
UPD-008148,HSP-018,ICU,8,6,2026-09-23 11:22:23,Hospital Staff
UPD-008149,HSP-002,Oxygen Bed,25,27,2026-09-23 11:23:34,Hospital Staff
UPD-008150,HSP-002,Ventilator,2,3,2026-09-23 11:31:47,Hospital Staff
UPD-008151,HSP-024,ICU,8,6,2026-09-23 11:35:09,Simulation
UPD-008152,HSP-021,Ventilator,0,1,2026-09-23 11:36:42,Hospital Staff
UPD-008153,HSP-011,Ventilator,7,8,2026-09-23 11:56:14,Hospital Staff
UPD-008154,HSP-009,General Bed,8,10,2026-09-23 12:00:43,Hospital Staff
UPD-008155,HSP-024,Ventilator,0,1,2026-09-23 12:14:36,Admin
UPD-008156,HSP-012,Ventilator,0,1,2026-09-23 12:18:30,Hospital Staff
UPD-008157,HSP-009,ICU,3,2,2026-09-23 12:20:10,Admin
UPD-008158,HSP-019,Oxygen Bed,22,19,2026-09-23 12:29:02,Hospital Staff
UPD-008159,HSP-014,General Bed,17,21,2026-09-23 12:29:21,Simulation
UPD-008160,HSP-002,ICU,8,7,2026-09-23 12:29:42,Simulation
UPD-008161,HSP-013,ICU,13,12,2026-09-23 12:34:30,Hospital Staff
UPD-008162,HSP-025,General Bed,28,30,2026-09-23 12:35:26,Hospital Staff
UPD-008163,HSP-006,Ventilator,2,1,2026-09-23 12:36:10,Hospital Staff
UPD-008164,HSP-006,Ventilator,1,2,2026-09-23 12:36:13,Hospital Staff
UPD-008165,HSP-004,General Bed,51,48,2026-09-23 12:42:29,Hospital Staff
UPD-008166,HSP-001,Ventilator,7,6,2026-09-23 12:45:36,Hospital Staff
UPD-008167,HSP-018,General Bed,34,29,2026-09-23 12:49:15,Admin
UPD-008168,HSP-016,Ventilator,2,1,2026-09-23 12:52:43,Hospital Staff
UPD-008169,HSP-019,ICU,13,12,2026-09-23 12:53:40,Hospital Staff
UPD-008170,HSP-016,General Bed,18,23,2026-09-23 12:54:26,Hospital Staff
UPD-008171,HSP-024,Ventilator,1,0,2026-09-23 12:54:29,Hospital Staff
UPD-008172,HSP-009,Oxygen Bed,8,7,2026-09-23 12:58:26,Admin
UPD-008173,HSP-016,Ventilator,1,2,2026-09-23 13:02:37,Simulation
UPD-008174,HSP-009,General Bed,10,9,2026-09-23 13:04:55,Hospital Staff
UPD-008175,HSP-001,General Bed,65,68,2026-09-23 13:10:06,Hospital Staff
UPD-008176,HSP-005,Oxygen Bed,2,5,2026-09-23 13:12:01,Hospital Staff
UPD-008177,HSP-004,Oxygen Bed,7,8,2026-09-23 13:16:23,Admin
UPD-008178,HSP-016,ICU,16,18,2026-09-23 13:16:24,Admin
UPD-008179,HSP-012,Oxygen Bed,35,32,2026-09-23 13:19:23,Admin
UPD-008180,HSP-006,Ventilator,2,1,2026-09-23 13:20:38,Hospital Staff
UPD-008181,HSP-006,Oxygen Bed,2,5,2026-09-23 13:29:51,Hospital Staff
UPD-008182,HSP-022,Ventilator,0,1,2026-09-23 13:31:24,Hospital Staff
UPD-008183,HSP-001,General Bed,68,62,2026-09-23 13:32:59,Simulation
UPD-008184,HSP-011,Oxygen Bed,4,5,2026-09-23 13:49:27,Hospital Staff
UPD-008185,HSP-004,Ventilator,3,4,2026-09-23 13:49:45,Hospital Staff
UPD-008186,HSP-016,Ventilator,2,3,2026-09-23 13:50:25,Admin
UPD-008187,HSP-003,ICU,1,2,2026-09-23 13:56:24,Hospital Staff
UPD-008188,HSP-016,ICU,18,17,2026-09-23 13:57:41,Admin
UPD-008189,HSP-023,Oxygen Bed,0,1,2026-09-23 14:02:37,Hospital Staff
UPD-008190,HSP-008,General Bed,104,98,2026-09-23 14:08:07,Hospital Staff
UPD-008191,HSP-009,Oxygen Bed,7,9,2026-09-23 14:12:39,Hospital Staff
UPD-008192,HSP-020,Oxygen Bed,55,58,2026-09-23 14:15:53,Admin
UPD-008193,HSP-007,ICU,37,35,2026-09-23 14:16:18,Simulation
UPD-008194,HSP-001,Ventilator,6,7,2026-09-23 14:20:21,Admin
UPD-008195,HSP-024,General Bed,23,17,2026-09-23 14:41:16,Admin
UPD-008196,HSP-007,ICU,35,37,2026-09-23 14:45:11,Simulation
UPD-008197,HSP-021,Oxygen Bed,24,21,2026-09-23 14:45:32,Hospital Staff
UPD-008198,HSP-006,Oxygen Bed,5,4,2026-09-23 14:47:50,Admin
UPD-008199,HSP-021,ICU,2,1,2026-09-23 14:52:02,Hospital Staff
UPD-008200,HSP-009,General Bed,9,14,2026-09-23 14:59:03,Simulation
UPD-008201,HSP-005,Oxygen Bed,5,2,2026-09-23 15:07:38,Admin
UPD-008202,HSP-002,Ventilator,3,4,2026-09-23 15:08:17,Admin
UPD-008203,HSP-005,Ventilator,2,1,2026-09-23 15:12:47,Hospital Staff
UPD-008204,HSP-006,Ventilator,1,0,2026-09-23 15:13:10,Hospital Staff
UPD-008205,HSP-002,General Bed,28,33,2026-09-23 15:14:34,Hospital Staff
UPD-008206,HSP-016,ICU,17,15,2026-09-23 15:18:17,Hospital Staff
UPD-008207,HSP-008,Ventilator,2,3,2026-09-23 15:23:11,Hospital Staff
UPD-008208,HSP-025,Oxygen Bed,4,2,2026-09-23 15:34:48,Hospital Staff
UPD-008209,HSP-015,Ventilator,7,6,2026-09-23 15:35:30,Hospital Staff
UPD-008210,HSP-016,Ventilator,3,2,2026-09-23 15:36:28,Hospital Staff
UPD-008211,HSP-014,Ventilator,0,1,2026-09-23 15:44:43,Hospital Staff
UPD-008212,HSP-025,Oxygen Bed,2,4,2026-09-23 15:55:04,Hospital Staff
UPD-008213,HSP-005,General Bed,3,6,2026-09-23 16:01:41,Hospital Staff
UPD-008214,HSP-013,ICU,12,11,2026-09-23 16:03:46,Hospital Staff
UPD-008215,HSP-003,General Bed,18,19,2026-09-23 16:12:26,Simulation
UPD-008216,HSP-004,ICU,2,1,2026-09-23 16:15:12,Admin
UPD-008217,HSP-009,ICU,2,4,2026-09-23 16:20:55,Hospital Staff
UPD-008218,HSP-012,ICU,6,7,2026-09-23 16:28:24,Admin
UPD-008219,HSP-013,Oxygen Bed,12,14,2026-09-23 16:33:51,Hospital Staff
UPD-008220,HSP-021,Ventilator,1,2,2026-09-23 16:35:32,Admin
UPD-008221,HSP-024,Ventilator,0,1,2026-09-23 16:45:19,Simulation
UPD-008222,HSP-020,Oxygen Bed,58,55,2026-09-23 16:47:20,Simulation
UPD-008223,HSP-001,General Bed,62,67,2026-09-23 16:54:55,Admin
UPD-008224,HSP-012,Oxygen Bed,32,31,2026-09-23 16:55:20,Simulation
UPD-008225,HSP-002,ICU,7,5,2026-09-23 16:57:51,Admin
UPD-008226,HSP-016,Oxygen Bed,10,12,2026-09-23 16:58:05,Simulation
UPD-008227,HSP-002,General Bed,33,28,2026-09-23 16:59:20,Hospital Staff
UPD-008228,HSP-013,ICU,11,12,2026-09-23 17:02:13,Simulation
UPD-008229,HSP-013,General Bed,11,7,2026-09-23 17:08:34,Simulation
UPD-008230,HSP-023,ICU,11,12,2026-09-23 17:09:39,Admin
UPD-008231,HSP-006,Ventilator,0,1,2026-09-23 17:14:38,Simulation
UPD-008232,HSP-003,Ventilator,5,6,2026-09-23 17:19:30,Admin
UPD-008233,HSP-004,Ventilator,4,3,2026-09-23 17:19:30,Hospital Staff
UPD-008234,HSP-008,ICU,26,25,2026-09-23 17:20:50,Hospital Staff
UPD-008235,HSP-020,ICU,28,29,2026-09-23 17:24:10,Hospital Staff
UPD-008236,HSP-018,ICU,6,7,2026-09-23 17:25:02,Hospital Staff
UPD-008237,HSP-002,ICU,5,3,2026-09-23 17:31:52,Hospital Staff
UPD-008238,HSP-009,General Bed,14,18,2026-09-23 17:33:16,Hospital Staff
UPD-008239,HSP-013,Ventilator,5,6,2026-09-23 17:36:35,Hospital Staff
UPD-008240,HSP-025,Ventilator,1,0,2026-09-23 17:37:32,Hospital Staff
UPD-008241,HSP-025,General Bed,30,25,2026-09-23 17:39:01,Simulation
UPD-008242,HSP-002,General Bed,28,34,2026-09-23 17:41:20,Hospital Staff
UPD-008243,HSP-008,ICU,25,27,2026-09-23 17:42:16,Simulation
UPD-008244,HSP-012,General Bed,94,100,2026-09-23 17:48:09,Hospital Staff
UPD-008245,HSP-012,General Bed,100,96,2026-09-23 17:54:42,Hospital Staff
UPD-008246,HSP-017,Oxygen Bed,4,1,2026-09-23 17:55:12,Admin
UPD-008247,HSP-009,ICU,4,2,2026-09-23 18:06:25,Hospital Staff
UPD-008248,HSP-005,ICU,8,10,2026-09-23 18:06:59,Admin
UPD-008249,HSP-013,Oxygen Bed,14,12,2026-09-23 18:15:44,Hospital Staff
UPD-008250,HSP-017,General Bed,9,8,2026-09-23 18:22:46,Admin
UPD-008251,HSP-021,Oxygen Bed,21,23,2026-09-23 18:26:35,Admin
UPD-008252,HSP-022,ICU,11,9,2026-09-23 18:29:56,Simulation
UPD-008253,HSP-023,ICU,12,10,2026-09-23 18:33:02,Hospital Staff
UPD-008254,HSP-025,General Bed,25,27,2026-09-23 18:39:16,Hospital Staff
UPD-008255,HSP-019,General Bed,100,104,2026-09-23 18:42:51,Admin
UPD-008256,HSP-019,ICU,12,13,2026-09-23 18:43:32,Hospital Staff
UPD-008257,HSP-001,General Bed,67,68,2026-09-23 18:47:56,Hospital Staff
UPD-008258,HSP-018,General Bed,29,34,2026-09-23 18:49:46,Hospital Staff
UPD-008259,HSP-020,Oxygen Bed,55,58,2026-09-23 18:50:38,Simulation
UPD-008260,HSP-017,Oxygen Bed,1,3,2026-09-23 18:51:05,Hospital Staff
UPD-008261,HSP-009,General Bed,18,15,2026-09-23 18:52:03,Hospital Staff
UPD-008262,HSP-007,Ventilator,13,12,2026-09-23 19:00:05,Hospital Staff
UPD-008263,HSP-016,Ventilator,2,3,2026-09-23 19:03:32,Admin
UPD-008264,HSP-014,Ventilator,1,0,2026-09-23 19:04:34,Hospital Staff
UPD-008265,HSP-002,Ventilator,4,3,2026-09-23 19:14:39,Admin
UPD-008266,HSP-015,Ventilator,6,5,2026-09-23 19:34:51,Simulation
UPD-008267,HSP-003,General Bed,19,14,2026-09-23 19:41:22,Hospital Staff
UPD-008268,HSP-004,Ventilator,3,2,2026-09-23 19:45:40,Simulation
UPD-008269,HSP-004,Ventilator,2,1,2026-09-23 19:46:43,Hospital Staff
UPD-008270,HSP-011,Oxygen Bed,5,2,2026-09-23 19:48:40,Admin
UPD-008271,HSP-013,ICU,12,13,2026-09-23 19:51:31,Hospital Staff
UPD-008272,HSP-014,Oxygen Bed,7,4,2026-09-23 19:52:01,Hospital Staff
UPD-008273,HSP-003,General Bed,14,9,2026-09-23 20:06:24,Admin
UPD-008274,HSP-004,General Bed,48,46,2026-09-23 20:06:39,Hospital Staff
UPD-008275,HSP-015,General Bed,22,16,2026-09-23 20:09:08,Hospital Staff
UPD-008276,HSP-013,General Bed,7,9,2026-09-23 20:10:52,Admin
UPD-008277,HSP-012,Ventilator,1,2,2026-09-23 20:11:13,Hospital Staff
UPD-008278,HSP-025,ICU,0,1,2026-09-23 20:16:43,Admin
UPD-008279,HSP-014,ICU,3,5,2026-09-23 20:21:48,Hospital Staff
UPD-008280,HSP-020,Ventilator,22,21,2026-09-23 20:22:42,Hospital Staff
UPD-008281,HSP-007,Ventilator,12,13,2026-09-23 20:27:00,Hospital Staff
UPD-008282,HSP-014,Ventilator,0,1,2026-09-23 20:35:02,Hospital Staff
UPD-008283,HSP-015,Oxygen Bed,9,7,2026-09-23 20:38:57,Simulation
UPD-008284,HSP-022,Oxygen Bed,5,8,2026-09-23 20:43:18,Hospital Staff
UPD-008285,HSP-013,Oxygen Bed,12,10,2026-09-23 20:49:15,Admin
UPD-008286,HSP-003,General Bed,9,10,2026-09-23 20:55:00,Hospital Staff
UPD-008287,HSP-006,Ventilator,1,0,2026-09-23 20:56:11,Hospital Staff
UPD-008288,HSP-009,General Bed,15,16,2026-09-23 21:05:28,Hospital Staff
UPD-008289,HSP-018,ICU,7,5,2026-09-23 21:09:24,Hospital Staff
UPD-008290,HSP-018,General Bed,34,35,2026-09-23 21:10:56,Hospital Staff
UPD-008291,HSP-007,General Bed,168,169,2026-09-23 21:11:06,Hospital Staff
UPD-008292,HSP-012,Ventilator,2,1,2026-09-23 21:15:58,Hospital Staff
UPD-008293,HSP-007,Ventilator,13,14,2026-09-23 21:16:44,Hospital Staff
UPD-008294,HSP-020,Oxygen Bed,58,61,2026-09-23 21:20:23,Admin
UPD-008295,HSP-011,Ventilator,8,7,2026-09-23 21:21:12,Admin
UPD-008296,HSP-011,ICU,7,8,2026-09-23 21:25:16,Admin
UPD-008297,HSP-023,ICU,10,8,2026-09-23 21:26:51,Hospital Staff
UPD-008298,HSP-001,General Bed,68,65,2026-09-23 21:28:59,Hospital Staff
UPD-008299,HSP-002,Oxygen Bed,27,24,2026-09-23 21:31:08,Hospital Staff
UPD-008300,HSP-003,Ventilator,6,7,2026-09-23 21:31:16,Hospital Staff
UPD-008301,HSP-013,ICU,13,11,2026-09-23 21:33:34,Simulation
UPD-008302,HSP-002,ICU,3,4,2026-09-23 21:37:21,Simulation
UPD-008303,HSP-025,Oxygen Bed,4,3,2026-09-23 21:38:58,Hospital Staff
UPD-008304,HSP-025,ICU,1,2,2026-09-23 21:39:20,Admin
UPD-008305,HSP-005,Ventilator,1,2,2026-09-23 21:40:30,Hospital Staff
UPD-008306,HSP-008,ICU,27,25,2026-09-23 21:47:37,Admin
UPD-008307,HSP-009,ICU,2,3,2026-09-23 21:49:51,Simulation
UPD-008308,HSP-012,Ventilator,1,2,2026-09-23 21:50:10,Hospital Staff
UPD-008309,HSP-003,General Bed,10,5,2026-09-23 21:52:02,Hospital Staff
UPD-008310,HSP-006,ICU,1,0,2026-09-23 21:57:22,Admin
UPD-008311,HSP-002,General Bed,34,35,2026-09-23 22:16:02,Simulation
UPD-008312,HSP-012,ICU,7,8,2026-09-23 22:25:56,Hospital Staff
UPD-008313,HSP-017,General Bed,8,13,2026-09-23 22:28:49,Hospital Staff
UPD-008314,HSP-001,General Bed,65,69,2026-09-23 22:31:18,Hospital Staff
UPD-008315,HSP-015,Oxygen Bed,7,5,2026-09-23 22:32:17,Hospital Staff
UPD-008316,HSP-005,Oxygen Bed,2,3,2026-09-23 22:35:36,Simulation
UPD-008317,HSP-001,Ventilator,7,6,2026-09-23 22:36:45,Simulation
UPD-008318,HSP-025,Ventilator,0,1,2026-09-23 22:38:57,Hospital Staff
UPD-008319,HSP-012,General Bed,96,91,2026-09-23 22:41:27,Simulation
UPD-008320,HSP-003,General Bed,5,1,2026-09-23 22:42:31,Simulation
UPD-008321,HSP-012,Ventilator,2,1,2026-09-23 22:51:14,Hospital Staff
UPD-008322,HSP-006,General Bed,13,16,2026-09-23 22:51:55,Simulation
UPD-008323,HSP-013,Oxygen Bed,10,11,2026-09-23 22:51:57,Hospital Staff
UPD-008324,HSP-025,ICU,2,1,2026-09-23 22:51:59,Simulation
UPD-008325,HSP-023,Ventilator,0,1,2026-09-23 22:53:05,Hospital Staff
UPD-008326,HSP-010,Ventilator,7,6,2026-09-23 22:55:58,Hospital Staff
UPD-008327,HSP-024,General Bed,17,22,2026-09-23 22:56:05,Hospital Staff
UPD-008328,HSP-017,Oxygen Bed,3,1,2026-09-23 22:58:04,Hospital Staff
UPD-008329,HSP-001,General Bed,69,68,2026-09-23 22:58:49,Hospital Staff
UPD-008330,HSP-015,Oxygen Bed,5,2,2026-09-23 23:00:32,Admin
UPD-008331,HSP-006,ICU,0,2,2026-09-23 23:07:16,Admin
UPD-008332,HSP-001,Ventilator,6,5,2026-09-23 23:13:58,Simulation
UPD-008333,HSP-013,Oxygen Bed,11,10,2026-09-23 23:21:26,Admin
UPD-008334,HSP-001,General Bed,68,71,2026-09-23 23:32:25,Hospital Staff
UPD-008335,HSP-012,Oxygen Bed,31,32,2026-09-23 23:38:08,Admin
UPD-008336,HSP-016,Ventilator,3,4,2026-09-23 23:41:01,Admin
UPD-008337,HSP-015,Ventilator,5,4,2026-09-23 23:43:56,Hospital Staff
UPD-008338,HSP-006,General Bed,16,22,2026-09-23 23:45:47,Admin
UPD-008339,HSP-005,General Bed,6,10,2026-09-23 23:58:35,Hospital Staff
UPD-008340,HSP-013,Ventilator,6,7,2026-09-23 23:59:30,Simulation
UPD-008341,HSP-010,Oxygen Bed,10,8,2026-09-24 00:00:25,Hospital Staff
UPD-008342,HSP-007,Oxygen Bed,52,49,2026-09-24 00:06:49,Hospital Staff
UPD-008343,HSP-018,General Bed,35,32,2026-09-24 00:08:12,Admin
UPD-008344,HSP-006,Ventilator,0,1,2026-09-24 00:13:54,Hospital Staff
UPD-008345,HSP-013,Oxygen Bed,10,11,2026-09-24 00:16:30,Admin
UPD-008346,HSP-006,Oxygen Bed,4,3,2026-09-24 00:17:57,Simulation
UPD-008347,HSP-015,Ventilator,4,3,2026-09-24 00:39:13,Hospital Staff
UPD-008348,HSP-010,General Bed,45,39,2026-09-24 00:46:44,Hospital Staff
UPD-008349,HSP-009,ICU,3,4,2026-09-24 00:46:50,Hospital Staff
UPD-008350,HSP-003,ICU,2,0,2026-09-24 00:50:05,Hospital Staff
UPD-008351,HSP-002,Ventilator,3,2,2026-09-24 00:54:31,Hospital Staff
UPD-008352,HSP-008,Ventilator,3,4,2026-09-24 01:05:00,Admin
UPD-008353,HSP-012,General Bed,91,95,2026-09-24 01:07:44,Simulation
UPD-008354,HSP-006,ICU,2,0,2026-09-24 01:09:30,Hospital Staff
UPD-008355,HSP-006,ICU,0,2,2026-09-24 01:10:09,Hospital Staff
UPD-008356,HSP-020,ICU,29,28,2026-09-24 01:14:20,Hospital Staff
UPD-008357,HSP-015,Oxygen Bed,2,0,2026-09-24 01:15:18,Hospital Staff
UPD-008358,HSP-004,ICU,1,3,2026-09-24 01:18:15,Hospital Staff
UPD-008359,HSP-004,ICU,3,1,2026-09-24 01:18:31,Hospital Staff
UPD-008360,HSP-003,General Bed,1,3,2026-09-24 01:19:02,Admin
UPD-008361,HSP-023,General Bed,29,28,2026-09-24 01:25:44,Hospital Staff
UPD-008362,HSP-009,Oxygen Bed,9,10,2026-09-24 01:26:41,Hospital Staff
UPD-008363,HSP-002,Oxygen Bed,24,22,2026-09-24 01:27:34,Simulation
UPD-008364,HSP-016,General Bed,23,19,2026-09-24 01:28:24,Simulation
UPD-008365,HSP-002,General Bed,35,36,2026-09-24 01:30:40,Hospital Staff
UPD-008366,HSP-016,ICU,15,14,2026-09-24 01:30:45,Hospital Staff
UPD-008367,HSP-025,General Bed,27,25,2026-09-24 01:32:29,Admin
UPD-008368,HSP-004,Oxygen Bed,8,9,2026-09-24 01:33:27,Hospital Staff
UPD-008369,HSP-020,Ventilator,21,22,2026-09-24 01:35:50,Hospital Staff
UPD-008370,HSP-018,ICU,5,7,2026-09-24 01:40:57,Hospital Staff
UPD-008371,HSP-001,Ventilator,5,4,2026-09-24 01:45:48,Hospital Staff
UPD-008372,HSP-020,ICU,28,29,2026-09-24 01:46:11,Hospital Staff
UPD-008373,HSP-021,Oxygen Bed,23,21,2026-09-24 01:57:37,Hospital Staff
UPD-008374,HSP-009,ICU,4,3,2026-09-24 01:59:55,Hospital Staff
UPD-008375,HSP-010,Oxygen Bed,8,7,2026-09-24 02:00:32,Hospital Staff
UPD-008376,HSP-002,General Bed,36,35,2026-09-24 02:00:48,Simulation
UPD-008377,HSP-004,General Bed,46,42,2026-09-24 02:14:03,Hospital Staff
UPD-008378,HSP-014,General Bed,21,17,2026-09-24 02:17:28,Hospital Staff
UPD-008379,HSP-002,ICU,4,3,2026-09-24 02:20:01,Hospital Staff
UPD-008380,HSP-011,Oxygen Bed,2,1,2026-09-24 02:23:24,Admin
UPD-008381,HSP-001,Ventilator,4,3,2026-09-24 02:29:56,Simulation
UPD-008382,HSP-001,Oxygen Bed,37,35,2026-09-24 02:42:30,Simulation
UPD-008383,HSP-020,ICU,29,28,2026-09-24 02:43:52,Hospital Staff
UPD-008384,HSP-010,Oxygen Bed,7,4,2026-09-24 02:52:06,Simulation
UPD-008385,HSP-019,ICU,13,14,2026-09-24 02:53:15,Hospital Staff
UPD-008386,HSP-016,Ventilator,4,5,2026-09-24 02:56:03,Hospital Staff
UPD-008387,HSP-004,ICU,1,0,2026-09-24 03:01:03,Admin
UPD-008388,HSP-013,Oxygen Bed,11,12,2026-09-24 03:02:09,Simulation
UPD-008389,HSP-025,ICU,1,3,2026-09-24 03:05:58,Hospital Staff
UPD-008390,HSP-025,Ventilator,1,0,2026-09-24 03:08:53,Hospital Staff
UPD-008391,HSP-009,ICU,3,1,2026-09-24 03:16:05,Admin
UPD-008392,HSP-004,ICU,0,1,2026-09-24 03:16:53,Admin
UPD-008393,HSP-014,ICU,5,4,2026-09-24 03:27:31,Hospital Staff
UPD-008394,HSP-004,General Bed,42,36,2026-09-24 03:31:12,Admin
UPD-008395,HSP-003,ICU,0,1,2026-09-24 03:31:16,Hospital Staff
UPD-008396,HSP-011,Oxygen Bed,1,4,2026-09-24 03:35:52,Hospital Staff
UPD-008397,HSP-002,Ventilator,2,1,2026-09-24 03:36:19,Simulation
UPD-008398,HSP-002,ICU,3,5,2026-09-24 03:45:15,Hospital Staff
UPD-008399,HSP-008,General Bed,98,93,2026-09-24 03:50:16,Hospital Staff
UPD-008400,HSP-019,General Bed,104,106,2026-09-24 03:58:56,Hospital Staff
UPD-008401,HSP-023,Ventilator,1,0,2026-09-24 04:02:24,Simulation
UPD-008402,HSP-025,Oxygen Bed,3,5,2026-09-24 04:04:06,Hospital Staff
UPD-008403,HSP-006,ICU,2,3,2026-09-24 04:08:41,Admin
UPD-008404,HSP-017,Oxygen Bed,1,3,2026-09-24 04:09:42,Hospital Staff
UPD-008405,HSP-014,Ventilator,1,2,2026-09-24 04:14:27,Hospital Staff
UPD-008406,HSP-003,Ventilator,7,6,2026-09-24 04:17:44,Hospital Staff
UPD-008407,HSP-023,General Bed,28,26,2026-09-24 04:20:28,Hospital Staff
UPD-008408,HSP-022,General Bed,16,21,2026-09-24 04:21:45,Hospital Staff
UPD-008409,HSP-010,Oxygen Bed,4,6,2026-09-24 04:31:58,Hospital Staff
UPD-008410,HSP-021,General Bed,30,29,2026-09-24 04:40:00,Admin
UPD-008411,HSP-002,General Bed,35,32,2026-09-24 04:56:09,Admin
UPD-008412,HSP-014,Oxygen Bed,4,3,2026-09-24 04:59:12,Hospital Staff
UPD-008413,HSP-018,Oxygen Bed,9,7,2026-09-24 05:00:32,Hospital Staff
UPD-008414,HSP-010,General Bed,39,38,2026-09-24 05:05:50,Hospital Staff
UPD-008415,HSP-011,General Bed,27,32,2026-09-24 05:13:50,Simulation
UPD-008416,HSP-023,Ventilator,0,1,2026-09-24 05:17:37,Admin
UPD-008417,HSP-003,Ventilator,6,7,2026-09-24 05:23:37,Simulation
UPD-008418,HSP-022,ICU,9,10,2026-09-24 05:32:38,Simulation
UPD-008419,HSP-024,Oxygen Bed,29,26,2026-09-24 05:32:54,Hospital Staff
UPD-008420,HSP-022,Oxygen Bed,8,5,2026-09-24 05:42:15,Simulation
UPD-008421,HSP-019,ICU,14,16,2026-09-24 05:46:51,Admin
UPD-008422,HSP-010,General Bed,38,35,2026-09-24 05:50:57,Simulation
UPD-008423,HSP-003,ICU,1,0,2026-09-24 05:53:02,Admin
UPD-008424,HSP-001,ICU,23,24,2026-09-24 06:13:46,Simulation
UPD-008425,HSP-022,General Bed,21,26,2026-09-24 06:18:35,Hospital Staff
UPD-008426,HSP-003,Ventilator,7,8,2026-09-24 06:19:09,Admin
UPD-008427,HSP-019,ICU,16,18,2026-09-24 06:25:38,Hospital Staff
UPD-008428,HSP-019,Oxygen Bed,19,18,2026-09-24 06:26:51,Hospital Staff
UPD-008429,HSP-025,General Bed,25,19,2026-09-24 06:27:15,Hospital Staff
UPD-008430,HSP-013,ICU,11,9,2026-09-24 06:29:21,Hospital Staff
UPD-008431,HSP-001,Ventilator,3,4,2026-09-24 06:34:02,Hospital Staff
UPD-008432,HSP-016,ICU,14,16,2026-09-24 06:34:05,Admin
UPD-008433,HSP-010,General Bed,35,39,2026-09-24 06:34:15,Simulation
UPD-008434,HSP-020,Ventilator,22,21,2026-09-24 06:36:58,Simulation
UPD-008435,HSP-009,General Bed,16,12,2026-09-24 06:38:03,Hospital Staff
UPD-008436,HSP-002,General Bed,32,33,2026-09-24 06:40:03,Hospital Staff
UPD-008437,HSP-006,ICU,3,2,2026-09-24 06:40:45,Simulation
UPD-008438,HSP-006,Ventilator,1,2,2026-09-24 06:41:47,Hospital Staff
UPD-008439,HSP-023,Ventilator,1,2,2026-09-24 06:42:09,Admin
UPD-008440,HSP-002,Oxygen Bed,22,19,2026-09-24 06:45:48,Simulation
UPD-008441,HSP-025,Ventilator,0,1,2026-09-24 06:48:25,Hospital Staff
UPD-008442,HSP-007,Oxygen Bed,49,51,2026-09-24 06:48:49,Hospital Staff
UPD-008443,HSP-013,Oxygen Bed,12,15,2026-09-24 06:52:33,Hospital Staff
UPD-008444,HSP-009,Oxygen Bed,10,8,2026-09-24 07:07:52,Hospital Staff
UPD-008445,HSP-003,ICU,0,2,2026-09-24 07:10:35,Admin
UPD-008446,HSP-008,Ventilator,4,3,2026-09-24 07:14:41,Hospital Staff
UPD-008447,HSP-020,General Bed,218,220,2026-09-24 07:26:25,Hospital Staff
UPD-008448,HSP-005,Ventilator,2,3,2026-09-24 07:26:33,Simulation
UPD-008449,HSP-018,Oxygen Bed,7,4,2026-09-24 07:27:48,Hospital Staff
UPD-008450,HSP-022,Oxygen Bed,5,6,2026-09-24 07:28:22,Simulation
UPD-008451,HSP-015,ICU,1,2,2026-09-24 07:29:45,Hospital Staff
UPD-008452,HSP-002,Ventilator,1,0,2026-09-24 07:38:01,Hospital Staff
UPD-008453,HSP-018,General Bed,32,37,2026-09-24 07:41:38,Hospital Staff
UPD-008454,HSP-006,General Bed,22,24,2026-09-24 07:46:17,Admin
UPD-008455,HSP-008,Oxygen Bed,17,19,2026-09-24 07:46:22,Hospital Staff
UPD-008456,HSP-006,Oxygen Bed,3,4,2026-09-24 07:57:43,Hospital Staff
UPD-008457,HSP-001,General Bed,71,67,2026-09-24 08:00:13,Hospital Staff
UPD-008458,HSP-013,Oxygen Bed,15,14,2026-09-24 08:01:49,Hospital Staff
UPD-008459,HSP-019,General Bed,106,112,2026-09-24 08:04:16,Hospital Staff
UPD-008460,HSP-010,Ventilator,6,7,2026-09-24 08:07:39,Admin
UPD-008461,HSP-021,Oxygen Bed,21,18,2026-09-24 08:09:35,Hospital Staff
UPD-008462,HSP-020,ICU,28,30,2026-09-24 08:15:54,Admin
UPD-008463,HSP-008,Oxygen Bed,19,22,2026-09-24 08:18:07,Hospital Staff
UPD-008464,HSP-017,General Bed,13,14,2026-09-24 08:22:47,Hospital Staff
UPD-008465,HSP-018,Ventilator,2,1,2026-09-24 08:23:54,Admin
UPD-008466,HSP-021,Ventilator,2,3,2026-09-24 08:30:19,Admin
UPD-008467,HSP-004,Ventilator,1,0,2026-09-24 08:35:03,Admin
UPD-008468,HSP-014,ICU,4,2,2026-09-24 08:39:04,Hospital Staff
UPD-008469,HSP-002,ICU,5,6,2026-09-24 08:41:58,Admin
UPD-008470,HSP-017,General Bed,14,17,2026-09-24 08:44:48,Hospital Staff
UPD-008471,HSP-022,Ventilator,1,0,2026-09-24 08:45:58,Admin
UPD-008472,HSP-010,ICU,13,15,2026-09-24 08:51:59,Hospital Staff
UPD-008473,HSP-021,General Bed,29,30,2026-09-24 08:56:13,Hospital Staff
UPD-008474,HSP-009,General Bed,12,18,2026-09-24 09:02:21,Hospital Staff
UPD-008475,HSP-005,Ventilator,3,4,2026-09-24 09:04:54,Admin
UPD-008476,HSP-010,Ventilator,7,8,2026-09-24 09:06:42,Simulation
UPD-008477,HSP-019,General Bed,112,117,2026-09-24 09:13:21,Simulation
UPD-008478,HSP-004,Ventilator,0,1,2026-09-24 09:19:01,Hospital Staff
UPD-008479,HSP-004,ICU,1,2,2026-09-24 09:31:55,Simulation
UPD-008480,HSP-005,General Bed,10,4,2026-09-24 09:49:04,Hospital Staff
UPD-008481,HSP-025,General Bed,19,22,2026-09-24 09:54:05,Hospital Staff
UPD-008482,HSP-007,Ventilator,14,15,2026-09-24 09:55:32,Simulation
UPD-008483,HSP-004,General Bed,36,42,2026-09-24 10:02:33,Hospital Staff
UPD-008484,HSP-020,ICU,30,28,2026-09-24 10:03:07,Hospital Staff
UPD-008485,HSP-011,ICU,8,6,2026-09-24 10:04:58,Simulation
UPD-008486,HSP-009,General Bed,18,24,2026-09-24 10:05:24,Simulation
UPD-008487,HSP-003,General Bed,3,9,2026-09-24 10:12:03,Hospital Staff
UPD-008488,HSP-014,ICU,2,3,2026-09-24 10:23:49,Hospital Staff
UPD-008489,HSP-022,Oxygen Bed,6,9,2026-09-24 10:38:27,Simulation
UPD-008490,HSP-015,Ventilator,3,2,2026-09-24 10:40:23,Hospital Staff
UPD-008491,HSP-024,ICU,6,8,2026-09-24 10:42:01,Simulation
UPD-008492,HSP-014,ICU,3,1,2026-09-24 10:48:02,Admin
UPD-008493,HSP-017,ICU,2,1,2026-09-24 10:52:15,Hospital Staff
UPD-008494,HSP-012,ICU,8,6,2026-09-24 11:04:20,Hospital Staff
UPD-008495,HSP-023,ICU,8,6,2026-09-24 11:06:42,Hospital Staff
UPD-008496,HSP-013,Ventilator,7,6,2026-09-24 11:09:10,Admin
UPD-008497,HSP-017,ICU,1,2,2026-09-24 11:10:38,Simulation
UPD-008498,HSP-003,Ventilator,8,7,2026-09-24 11:17:10,Hospital Staff
UPD-008499,HSP-013,ICU,9,11,2026-09-24 11:17:40,Hospital Staff
UPD-008500,HSP-006,Ventilator,2,1,2026-09-24 11:28:04,Hospital Staff
UPD-008501,HSP-020,General Bed,220,222,2026-09-24 11:31:31,Hospital Staff
UPD-008502,HSP-013,Oxygen Bed,14,12,2026-09-24 11:32:12,Hospital Staff
UPD-008503,HSP-005,Oxygen Bed,3,6,2026-09-24 11:32:38,Simulation
UPD-008504,HSP-022,General Bed,26,25,2026-09-24 11:42:15,Simulation
UPD-008505,HSP-002,General Bed,33,30,2026-09-24 11:47:30,Admin
UPD-008506,HSP-010,General Bed,39,45,2026-09-24 11:47:38,Hospital Staff
UPD-008507,HSP-018,Ventilator,1,2,2026-09-24 11:51:46,Hospital Staff
UPD-008508,HSP-016,General Bed,19,20,2026-09-24 11:52:27,Admin
UPD-008509,HSP-010,ICU,15,14,2026-09-24 11:57:40,Hospital Staff
UPD-008510,HSP-007,General Bed,169,171,2026-09-24 12:00:07,Hospital Staff
UPD-008511,HSP-014,ICU,1,2,2026-09-24 12:08:27,Hospital Staff
UPD-008512,HSP-018,ICU,7,8,2026-09-24 12:10:53,Hospital Staff
UPD-008513,HSP-009,Oxygen Bed,8,6,2026-09-24 12:20:03,Simulation
UPD-008514,HSP-002,Oxygen Bed,19,17,2026-09-24 12:20:46,Hospital Staff
UPD-008515,HSP-021,General Bed,30,35,2026-09-24 12:21:37,Hospital Staff
UPD-008516,HSP-003,Oxygen Bed,7,9,2026-09-24 12:24:37,Admin
UPD-008517,HSP-010,Ventilator,8,7,2026-09-24 12:37:33,Simulation
UPD-008518,HSP-007,Oxygen Bed,51,53,2026-09-24 12:41:08,Hospital Staff
UPD-008519,HSP-023,General Bed,26,27,2026-09-24 12:42:08,Admin
UPD-008520,HSP-007,Oxygen Bed,53,50,2026-09-24 12:58:02,Hospital Staff
UPD-008521,HSP-022,Ventilator,0,1,2026-09-24 13:01:36,Hospital Staff
UPD-008522,HSP-001,Ventilator,4,5,2026-09-24 13:03:33,Hospital Staff
UPD-008523,HSP-004,General Bed,42,38,2026-09-24 13:05:12,Admin
UPD-008524,HSP-003,Ventilator,7,8,2026-09-24 13:07:17,Hospital Staff
UPD-008525,HSP-025,General Bed,22,21,2026-09-24 13:19:30,Admin
UPD-008526,HSP-013,Ventilator,6,5,2026-09-24 13:25:21,Simulation
UPD-008527,HSP-001,General Bed,67,73,2026-09-24 13:29:13,Hospital Staff
UPD-008528,HSP-008,ICU,25,24,2026-09-24 13:36:25,Hospital Staff
UPD-008529,HSP-017,Oxygen Bed,3,0,2026-09-24 13:37:34,Simulation
UPD-008530,HSP-007,ICU,37,35,2026-09-24 13:40:28,Hospital Staff
UPD-008531,HSP-015,ICU,2,3,2026-09-24 13:40:48,Admin
UPD-008532,HSP-022,ICU,10,8,2026-09-24 13:41:10,Hospital Staff
UPD-008533,HSP-023,Oxygen Bed,1,2,2026-09-24 13:42:43,Admin
UPD-008534,HSP-022,Ventilator,1,0,2026-09-24 13:43:06,Hospital Staff
UPD-008535,HSP-010,ICU,14,13,2026-09-24 13:43:52,Hospital Staff
UPD-008536,HSP-019,ICU,18,16,2026-09-24 13:43:57,Hospital Staff
UPD-008537,HSP-011,ICU,6,4,2026-09-24 13:44:34,Admin
UPD-008538,HSP-010,Ventilator,7,6,2026-09-24 13:53:02,Hospital Staff
UPD-008539,HSP-007,Oxygen Bed,50,51,2026-09-24 14:00:34,Admin
UPD-008540,HSP-016,ICU,16,15,2026-09-24 14:10:47,Simulation
UPD-008541,HSP-002,ICU,6,4,2026-09-24 14:13:35,Admin
UPD-008542,HSP-008,General Bed,93,87,2026-09-24 14:19:50,Hospital Staff
UPD-008543,HSP-019,General Bed,117,119,2026-09-24 14:21:40,Hospital Staff
UPD-008544,HSP-022,ICU,8,7,2026-09-24 14:21:42,Admin
UPD-008545,HSP-025,General Bed,21,26,2026-09-24 14:27:55,Hospital Staff
UPD-008546,HSP-025,Ventilator,1,2,2026-09-24 14:30:16,Hospital Staff
UPD-008547,HSP-015,Oxygen Bed,0,1,2026-09-24 14:31:16,Simulation
UPD-008548,HSP-012,Ventilator,1,2,2026-09-24 14:33:58,Hospital Staff
UPD-008549,HSP-023,General Bed,27,23,2026-09-24 14:34:33,Hospital Staff
UPD-008550,HSP-003,Oxygen Bed,9,8,2026-09-24 14:34:54,Hospital Staff
UPD-008551,HSP-009,General Bed,24,18,2026-09-24 14:36:21,Hospital Staff
UPD-008552,HSP-015,Oxygen Bed,1,2,2026-09-24 14:38:32,Hospital Staff
UPD-008553,HSP-006,Ventilator,1,0,2026-09-24 14:40:08,Simulation
UPD-008554,HSP-012,Oxygen Bed,32,33,2026-09-24 14:41:53,Hospital Staff
UPD-008555,HSP-017,ICU,2,1,2026-09-24 14:43:04,Hospital Staff
UPD-008556,HSP-025,Ventilator,2,1,2026-09-24 14:51:33,Admin
UPD-008557,HSP-014,ICU,2,1,2026-09-24 14:53:23,Admin
UPD-008558,HSP-025,Ventilator,1,0,2026-09-24 14:56:41,Admin
UPD-008559,HSP-022,ICU,7,9,2026-09-24 15:01:20,Hospital Staff
UPD-008560,HSP-021,General Bed,35,34,2026-09-24 15:03:08,Hospital Staff
UPD-008561,HSP-006,Oxygen Bed,4,1,2026-09-24 15:12:39,Hospital Staff
UPD-008562,HSP-009,ICU,1,0,2026-09-24 15:16:34,Simulation
UPD-008563,HSP-023,ICU,6,8,2026-09-24 15:20:07,Hospital Staff
UPD-008564,HSP-019,Oxygen Bed,18,20,2026-09-24 15:23:35,Admin
UPD-008565,HSP-018,Ventilator,2,3,2026-09-24 15:24:28,Hospital Staff
UPD-008566,HSP-004,General Bed,38,33,2026-09-24 15:27:53,Hospital Staff
UPD-008567,HSP-023,ICU,8,6,2026-09-24 15:49:30,Simulation
UPD-008568,HSP-022,Ventilator,0,1,2026-09-24 15:53:47,Hospital Staff
UPD-008569,HSP-010,ICU,13,15,2026-09-24 15:59:03,Admin
UPD-008570,HSP-019,General Bed,119,118,2026-09-24 16:06:03,Hospital Staff
UPD-008571,HSP-011,ICU,4,2,2026-09-24 16:11:03,Admin
UPD-008572,HSP-016,ICU,15,13,2026-09-24 16:19:34,Hospital Staff
UPD-008573,HSP-001,ICU,24,26,2026-09-24 16:23:13,Hospital Staff
UPD-008574,HSP-023,Ventilator,2,1,2026-09-24 16:26:56,Hospital Staff
UPD-008575,HSP-021,General Bed,34,40,2026-09-24 16:33:20,Hospital Staff
UPD-008576,HSP-014,Oxygen Bed,3,1,2026-09-24 16:36:26,Hospital Staff
UPD-008577,HSP-016,General Bed,20,21,2026-09-24 16:40:57,Admin
UPD-008578,HSP-004,ICU,2,1,2026-09-24 16:42:22,Hospital Staff
UPD-008579,HSP-014,Ventilator,2,1,2026-09-24 16:44:23,Hospital Staff
UPD-008580,HSP-004,Ventilator,1,2,2026-09-24 16:46:23,Hospital Staff
UPD-008581,HSP-024,ICU,8,7,2026-09-24 16:59:09,Simulation
UPD-008582,HSP-001,ICU,26,27,2026-09-24 16:59:59,Admin
UPD-008583,HSP-012,Oxygen Bed,33,34,2026-09-24 17:00:01,Hospital Staff
UPD-008584,HSP-021,Ventilator,3,2,2026-09-24 17:11:20,Simulation
UPD-008585,HSP-020,ICU,28,26,2026-09-24 17:13:56,Hospital Staff
UPD-008586,HSP-011,ICU,2,3,2026-09-24 17:14:33,Hospital Staff
UPD-008587,HSP-014,ICU,1,0,2026-09-24 17:16:25,Admin
UPD-008588,HSP-001,Oxygen Bed,35,33,2026-09-24 17:17:33,Hospital Staff
UPD-008589,HSP-025,Oxygen Bed,5,2,2026-09-24 17:19:29,Admin
UPD-008590,HSP-003,General Bed,9,4,2026-09-24 17:20:51,Hospital Staff
UPD-008591,HSP-007,Oxygen Bed,51,50,2026-09-24 17:30:21,Hospital Staff
UPD-008592,HSP-018,ICU,8,6,2026-09-24 17:37:33,Hospital Staff
UPD-008593,HSP-010,Ventilator,6,5,2026-09-24 17:47:43,Hospital Staff
UPD-008594,HSP-008,General Bed,87,83,2026-09-24 17:50:13,Hospital Staff
UPD-008595,HSP-024,ICU,7,6,2026-09-24 17:57:49,Simulation
UPD-008596,HSP-007,Ventilator,15,16,2026-09-24 17:58:29,Admin
UPD-008597,HSP-009,ICU,0,2,2026-09-24 18:06:04,Simulation
UPD-008598,HSP-021,General Bed,40,36,2026-09-24 18:10:09,Hospital Staff
UPD-008599,HSP-007,Ventilator,16,17,2026-09-24 18:11:21,Hospital Staff
UPD-008600,HSP-017,Oxygen Bed,0,2,2026-09-24 18:12:45,Hospital Staff
UPD-008601,HSP-003,Ventilator,8,7,2026-09-24 18:18:55,Hospital Staff
UPD-008602,HSP-011,General Bed,32,28,2026-09-24 18:19:31,Simulation
UPD-008603,HSP-011,Ventilator,7,8,2026-09-24 18:19:40,Simulation
UPD-008604,HSP-011,Oxygen Bed,4,5,2026-09-24 18:21:43,Hospital Staff
UPD-008605,HSP-003,General Bed,4,10,2026-09-24 18:23:04,Hospital Staff
UPD-008606,HSP-004,Ventilator,2,1,2026-09-24 18:27:16,Simulation
UPD-008607,HSP-019,Ventilator,4,5,2026-09-24 18:29:37,Simulation
UPD-008608,HSP-016,General Bed,21,15,2026-09-24 18:31:04,Hospital Staff
UPD-008609,HSP-021,Oxygen Bed,18,19,2026-09-24 18:35:00,Hospital Staff
UPD-008610,HSP-004,Ventilator,1,0,2026-09-24 18:40:35,Simulation
UPD-008611,HSP-017,Oxygen Bed,2,0,2026-09-24 18:40:50,Hospital Staff
UPD-008612,HSP-007,Oxygen Bed,50,53,2026-09-24 18:46:08,Hospital Staff
UPD-008613,HSP-007,Ventilator,17,18,2026-09-24 18:49:37,Simulation
UPD-008614,HSP-013,Ventilator,5,6,2026-09-24 18:55:03,Simulation
UPD-008615,HSP-015,ICU,3,5,2026-09-24 18:59:56,Admin
UPD-008616,HSP-005,Ventilator,4,3,2026-09-24 19:07:40,Admin
UPD-008617,HSP-023,ICU,6,4,2026-09-24 19:09:52,Hospital Staff
UPD-008618,HSP-024,Ventilator,1,2,2026-09-24 19:11:05,Hospital Staff
UPD-008619,HSP-006,Ventilator,0,1,2026-09-24 19:11:41,Hospital Staff
UPD-008620,HSP-024,Oxygen Bed,26,23,2026-09-24 19:12:25,Admin
UPD-008621,HSP-011,Oxygen Bed,5,6,2026-09-24 19:13:44,Hospital Staff
UPD-008622,HSP-006,ICU,2,0,2026-09-24 19:15:22,Hospital Staff
UPD-008623,HSP-022,Oxygen Bed,9,6,2026-09-24 19:21:31,Admin
UPD-008624,HSP-022,General Bed,25,27,2026-09-24 19:23:28,Hospital Staff
UPD-008625,HSP-003,General Bed,10,8,2026-09-24 19:27:20,Hospital Staff
UPD-008626,HSP-012,Oxygen Bed,34,33,2026-09-24 19:30:00,Hospital Staff
UPD-008627,HSP-014,ICU,0,2,2026-09-24 19:31:27,Hospital Staff
UPD-008628,HSP-015,Oxygen Bed,2,4,2026-09-24 19:36:44,Admin
UPD-008629,HSP-018,General Bed,37,40,2026-09-24 19:40:43,Simulation
UPD-008630,HSP-011,General Bed,28,23,2026-09-24 19:40:45,Admin
UPD-008631,HSP-020,ICU,26,28,2026-09-24 19:43:54,Admin
UPD-008632,HSP-014,General Bed,17,22,2026-09-24 19:44:08,Admin
UPD-008633,HSP-020,ICU,28,29,2026-09-24 19:48:44,Admin
UPD-008634,HSP-013,General Bed,9,5,2026-09-24 19:51:22,Simulation
UPD-008635,HSP-016,ICU,13,11,2026-09-24 19:51:35,Hospital Staff
UPD-008636,HSP-024,General Bed,22,20,2026-09-24 19:51:52,Hospital Staff
UPD-008637,HSP-001,ICU,27,26,2026-09-24 19:55:52,Hospital Staff
UPD-008638,HSP-014,ICU,2,4,2026-09-24 19:56:32,Admin
UPD-008639,HSP-009,ICU,2,4,2026-09-24 19:59:05,Hospital Staff
UPD-008640,HSP-011,General Bed,23,17,2026-09-24 20:04:58,Hospital Staff
UPD-008641,HSP-016,ICU,11,10,2026-09-24 20:16:17,Simulation
UPD-008642,HSP-012,Ventilator,2,3,2026-09-24 20:20:28,Admin
UPD-008643,HSP-004,General Bed,33,37,2026-09-24 20:22:46,Simulation
UPD-008644,HSP-021,ICU,1,3,2026-09-24 20:25:19,Hospital Staff
UPD-008645,HSP-018,Oxygen Bed,4,6,2026-09-24 20:32:24,Admin
UPD-008646,HSP-020,Ventilator,21,20,2026-09-24 20:41:55,Admin
UPD-008647,HSP-023,Ventilator,1,0,2026-09-24 20:43:13,Hospital Staff
UPD-008648,HSP-019,Oxygen Bed,20,23,2026-09-24 20:50:38,Admin
UPD-008649,HSP-018,ICU,6,5,2026-09-24 20:52:12,Hospital Staff
UPD-008650,HSP-012,Ventilator,3,4,2026-09-24 20:54:36,Hospital Staff
UPD-008651,HSP-007,Ventilator,18,17,2026-09-24 20:56:49,Hospital Staff
UPD-008652,HSP-019,Oxygen Bed,23,26,2026-09-24 21:01:09,Simulation
UPD-008653,HSP-007,Ventilator,17,18,2026-09-24 21:05:39,Admin
UPD-008654,HSP-007,Ventilator,18,19,2026-09-24 21:10:05,Simulation
UPD-008655,HSP-005,ICU,10,9,2026-09-24 21:14:07,Simulation
UPD-008656,HSP-014,ICU,4,5,2026-09-24 21:23:45,Simulation
UPD-008657,HSP-022,Oxygen Bed,6,8,2026-09-24 21:26:27,Hospital Staff
UPD-008658,HSP-023,General Bed,23,28,2026-09-24 21:30:01,Hospital Staff
UPD-008659,HSP-004,Ventilator,0,1,2026-09-24 21:32:42,Hospital Staff
UPD-008660,HSP-001,General Bed,73,71,2026-09-24 21:32:53,Hospital Staff
UPD-008661,HSP-004,General Bed,37,38,2026-09-24 21:37:52,Hospital Staff
UPD-008662,HSP-024,ICU,6,4,2026-09-24 21:42:31,Admin
UPD-008663,HSP-015,General Bed,16,22,2026-09-24 21:44:02,Hospital Staff
UPD-008664,HSP-011,Ventilator,8,7,2026-09-24 21:45:57,Hospital Staff
UPD-008665,HSP-018,Ventilator,3,4,2026-09-24 21:46:08,Hospital Staff
UPD-008666,HSP-001,Oxygen Bed,33,34,2026-09-24 21:54:00,Hospital Staff
UPD-008667,HSP-005,General Bed,4,10,2026-09-24 21:54:34,Hospital Staff
UPD-008668,HSP-023,Oxygen Bed,2,0,2026-09-24 22:03:47,Admin
UPD-008669,HSP-006,Oxygen Bed,1,4,2026-09-24 22:04:27,Hospital Staff
UPD-008670,HSP-009,ICU,4,2,2026-09-24 22:04:43,Hospital Staff
UPD-008671,HSP-022,General Bed,27,23,2026-09-24 22:11:30,Hospital Staff
UPD-008672,HSP-008,Ventilator,3,4,2026-09-24 22:12:14,Admin
UPD-008673,HSP-008,Oxygen Bed,22,19,2026-09-24 22:18:05,Hospital Staff
UPD-008674,HSP-006,General Bed,24,19,2026-09-24 22:19:04,Simulation
UPD-008675,HSP-016,Ventilator,5,4,2026-09-24 22:19:44,Simulation
UPD-008676,HSP-019,ICU,16,17,2026-09-24 22:23:57,Hospital Staff
UPD-008677,HSP-002,Ventilator,0,1,2026-09-24 22:25:37,Admin
UPD-008678,HSP-009,ICU,2,3,2026-09-24 22:28:49,Simulation
UPD-008679,HSP-010,Oxygen Bed,6,9,2026-09-24 22:31:51,Hospital Staff
UPD-008680,HSP-022,Oxygen Bed,8,10,2026-09-24 22:36:06,Hospital Staff
UPD-008681,HSP-018,Oxygen Bed,6,7,2026-09-24 22:40:15,Hospital Staff
UPD-008682,HSP-007,ICU,35,34,2026-09-24 22:43:17,Simulation
UPD-008683,HSP-006,General Bed,19,15,2026-09-24 22:44:35,Hospital Staff
UPD-008684,HSP-007,Oxygen Bed,53,50,2026-09-24 22:45:41,Hospital Staff
UPD-008685,HSP-012,Ventilator,4,3,2026-09-24 22:47:32,Hospital Staff
UPD-008686,HSP-019,Oxygen Bed,26,23,2026-09-24 22:47:56,Simulation
UPD-008687,HSP-014,Ventilator,1,0,2026-09-24 22:56:30,Hospital Staff
UPD-008688,HSP-005,General Bed,10,7,2026-09-24 23:01:35,Hospital Staff
UPD-008689,HSP-023,Ventilator,0,1,2026-09-24 23:02:28,Admin
UPD-008690,HSP-007,ICU,34,32,2026-09-24 23:02:49,Hospital Staff
UPD-008691,HSP-003,General Bed,8,13,2026-09-24 23:06:38,Admin
UPD-008692,HSP-012,Oxygen Bed,33,30,2026-09-24 23:09:56,Simulation
UPD-008693,HSP-025,ICU,3,1,2026-09-24 23:16:46,Hospital Staff
UPD-008694,HSP-009,ICU,3,2,2026-09-24 23:20:37,Hospital Staff
UPD-008695,HSP-007,Ventilator,19,20,2026-09-24 23:25:23,Simulation
UPD-008696,HSP-006,General Bed,15,18,2026-09-24 23:26:47,Admin
UPD-008697,HSP-005,General Bed,7,12,2026-09-24 23:32:03,Hospital Staff
UPD-008698,HSP-010,General Bed,45,51,2026-09-24 23:32:28,Hospital Staff
UPD-008699,HSP-023,General Bed,28,29,2026-09-24 23:32:54,Simulation
UPD-008700,HSP-013,Oxygen Bed,12,15,2026-09-24 23:40:58,Hospital Staff
UPD-008701,HSP-013,Oxygen Bed,15,13,2026-09-24 23:42:09,Hospital Staff
UPD-008702,HSP-002,Oxygen Bed,17,18,2026-09-24 23:45:50,Hospital Staff
UPD-008703,HSP-009,General Bed,18,15,2026-09-24 23:49:48,Admin
UPD-008704,HSP-014,General Bed,22,17,2026-09-24 23:50:51,Hospital Staff
UPD-008705,HSP-025,General Bed,26,27,2026-09-24 23:52:09,Admin
UPD-008706,HSP-008,Oxygen Bed,19,21,2026-09-24 23:54:52,Hospital Staff
UPD-008707,HSP-013,Ventilator,6,5,2026-09-25 00:00:14,Hospital Staff
UPD-008708,HSP-023,Oxygen Bed,0,2,2026-09-25 00:00:29,Admin
UPD-008709,HSP-010,Ventilator,5,4,2026-09-25 00:08:16,Hospital Staff
UPD-008710,HSP-018,ICU,5,4,2026-09-25 00:08:37,Simulation
UPD-008711,HSP-002,ICU,4,2,2026-09-25 00:13:02,Hospital Staff
UPD-008712,HSP-009,ICU,2,4,2026-09-25 00:14:55,Hospital Staff
UPD-008713,HSP-003,General Bed,13,8,2026-09-25 00:16:51,Hospital Staff
UPD-008714,HSP-011,Oxygen Bed,6,4,2026-09-25 00:19:40,Simulation
UPD-008715,HSP-016,ICU,10,9,2026-09-25 00:22:26,Hospital Staff
UPD-008716,HSP-010,Ventilator,4,3,2026-09-25 00:27:31,Hospital Staff
UPD-008717,HSP-013,Oxygen Bed,13,10,2026-09-25 00:28:28,Simulation
UPD-008718,HSP-021,Ventilator,2,1,2026-09-25 00:33:36,Hospital Staff
UPD-008719,HSP-012,General Bed,95,94,2026-09-25 00:43:09,Hospital Staff
UPD-008720,HSP-006,ICU,0,2,2026-09-25 00:43:24,Admin
UPD-008721,HSP-005,ICU,9,10,2026-09-25 00:46:58,Hospital Staff
UPD-008722,HSP-001,General Bed,71,70,2026-09-25 01:02:18,Admin
UPD-008723,HSP-005,ICU,10,9,2026-09-25 01:26:39,Hospital Staff
UPD-008724,HSP-005,Ventilator,3,4,2026-09-25 01:33:39,Hospital Staff
UPD-008725,HSP-001,ICU,26,24,2026-09-25 01:34:12,Hospital Staff
UPD-008726,HSP-001,ICU,24,23,2026-09-25 01:36:09,Hospital Staff
UPD-008727,HSP-022,General Bed,23,28,2026-09-25 01:38:36,Hospital Staff
UPD-008728,HSP-007,Oxygen Bed,50,51,2026-09-25 01:48:13,Hospital Staff
UPD-008729,HSP-023,Oxygen Bed,2,4,2026-09-25 01:48:13,Hospital Staff
UPD-008730,HSP-016,ICU,9,11,2026-09-25 02:03:52,Hospital Staff
UPD-008731,HSP-002,Ventilator,1,2,2026-09-25 02:10:00,Admin
UPD-008732,HSP-006,Ventilator,1,0,2026-09-25 02:13:36,Admin
UPD-008733,HSP-022,Ventilator,1,0,2026-09-25 02:17:06,Simulation
UPD-008734,HSP-018,ICU,4,6,2026-09-25 02:33:33,Simulation
UPD-008735,HSP-008,Ventilator,4,5,2026-09-25 02:38:23,Hospital Staff
UPD-008736,HSP-011,General Bed,17,13,2026-09-25 02:54:05,Hospital Staff
UPD-008737,HSP-002,Ventilator,2,3,2026-09-25 03:01:50,Admin
UPD-008738,HSP-019,Oxygen Bed,23,20,2026-09-25 03:05:12,Admin
UPD-008739,HSP-012,ICU,6,4,2026-09-25 03:05:22,Admin
UPD-008740,HSP-002,Ventilator,3,2,2026-09-25 03:06:41,Hospital Staff
UPD-008741,HSP-002,Ventilator,2,3,2026-09-25 03:12:21,Hospital Staff
UPD-008742,HSP-010,Ventilator,3,2,2026-09-25 03:13:40,Hospital Staff
UPD-008743,HSP-009,ICU,4,5,2026-09-25 03:14:44,Hospital Staff
UPD-008744,HSP-006,ICU,2,1,2026-09-25 03:19:31,Hospital Staff
UPD-008745,HSP-021,ICU,3,1,2026-09-25 03:24:40,Hospital Staff
UPD-008746,HSP-009,ICU,5,6,2026-09-25 03:28:27,Hospital Staff
UPD-008747,HSP-005,Ventilator,4,5,2026-09-25 03:28:44,Admin
UPD-008748,HSP-025,Ventilator,0,1,2026-09-25 03:31:46,Simulation
UPD-008749,HSP-012,General Bed,94,92,2026-09-25 03:32:12,Hospital Staff
UPD-008750,HSP-013,General Bed,5,8,2026-09-25 03:35:58,Hospital Staff
UPD-008751,HSP-006,ICU,1,2,2026-09-25 03:38:18,Hospital Staff
UPD-008752,HSP-002,Ventilator,3,4,2026-09-25 03:38:31,Admin
UPD-008753,HSP-023,General Bed,29,24,2026-09-25 03:38:53,Admin
UPD-008754,HSP-020,Oxygen Bed,61,62,2026-09-25 03:41:55,Hospital Staff
UPD-008755,HSP-012,Oxygen Bed,30,33,2026-09-25 03:46:09,Simulation
UPD-008756,HSP-006,Oxygen Bed,4,3,2026-09-25 03:47:50,Hospital Staff
UPD-008757,HSP-020,ICU,29,30,2026-09-25 03:56:59,Hospital Staff
UPD-008758,HSP-002,ICU,2,3,2026-09-25 04:02:32,Admin
UPD-008759,HSP-014,Ventilator,0,1,2026-09-25 04:05:29,Hospital Staff
UPD-008760,HSP-020,ICU,30,31,2026-09-25 04:17:37,Simulation
UPD-008761,HSP-021,ICU,1,3,2026-09-25 04:30:09,Hospital Staff
UPD-008762,HSP-013,General Bed,8,10,2026-09-25 04:32:36,Simulation
UPD-008763,HSP-014,Ventilator,1,2,2026-09-25 04:33:59,Hospital Staff
UPD-008764,HSP-015,ICU,5,3,2026-09-25 04:37:04,Hospital Staff
UPD-008765,HSP-010,General Bed,51,50,2026-09-25 04:38:20,Hospital Staff
UPD-008766,HSP-014,General Bed,17,11,2026-09-25 04:38:49,Hospital Staff
UPD-008767,HSP-008,ICU,24,25,2026-09-25 04:42:34,Hospital Staff
UPD-008768,HSP-010,Oxygen Bed,9,7,2026-09-25 04:44:09,Hospital Staff
UPD-008769,HSP-005,Oxygen Bed,6,5,2026-09-25 04:46:34,Simulation
UPD-008770,HSP-022,General Bed,28,23,2026-09-25 04:48:12,Admin
UPD-008771,HSP-010,Ventilator,2,1,2026-09-25 04:48:50,Hospital Staff
UPD-008772,HSP-013,Oxygen Bed,10,7,2026-09-25 04:51:57,Admin
UPD-008773,HSP-022,Ventilator,0,1,2026-09-25 04:52:13,Admin
UPD-008774,HSP-019,Ventilator,5,4,2026-09-25 04:58:48,Simulation
UPD-008775,HSP-010,Ventilator,1,0,2026-09-25 05:04:22,Admin
UPD-008776,HSP-012,ICU,4,5,2026-09-25 05:07:18,Hospital Staff
UPD-008777,HSP-002,General Bed,30,34,2026-09-25 05:10:45,Hospital Staff
UPD-008778,HSP-023,Ventilator,1,0,2026-09-25 05:24:58,Hospital Staff
UPD-008779,HSP-025,Ventilator,1,2,2026-09-25 05:32:43,Simulation
UPD-008780,HSP-015,General Bed,22,16,2026-09-25 05:35:24,Admin
UPD-008781,HSP-009,General Bed,15,14,2026-09-25 05:47:24,Hospital Staff
UPD-008782,HSP-017,ICU,1,3,2026-09-25 05:48:20,Hospital Staff
UPD-008783,HSP-012,Ventilator,3,4,2026-09-25 05:50:26,Admin
UPD-008784,HSP-015,General Bed,16,20,2026-09-25 05:50:52,Hospital Staff
UPD-008785,HSP-005,ICU,9,8,2026-09-25 05:54:49,Hospital Staff
UPD-008786,HSP-012,ICU,5,4,2026-09-25 06:01:09,Hospital Staff
UPD-008787,HSP-017,General Bed,17,20,2026-09-25 06:05:33,Simulation
UPD-008788,HSP-023,Oxygen Bed,4,5,2026-09-25 06:13:46,Hospital Staff
UPD-008789,HSP-017,ICU,3,2,2026-09-25 06:15:15,Admin
UPD-008790,HSP-019,Ventilator,4,5,2026-09-25 06:15:51,Admin
UPD-008791,HSP-015,Ventilator,2,3,2026-09-25 06:15:54,Simulation
UPD-008792,HSP-022,General Bed,23,29,2026-09-25 06:17:45,Hospital Staff
UPD-008793,HSP-002,Oxygen Bed,18,20,2026-09-25 06:18:31,Admin
UPD-008794,HSP-017,ICU,2,0,2026-09-25 06:22:31,Hospital Staff
UPD-008795,HSP-023,Oxygen Bed,5,3,2026-09-25 06:30:30,Hospital Staff
UPD-008796,HSP-019,ICU,17,19,2026-09-25 06:36:40,Hospital Staff
UPD-008797,HSP-005,ICU,8,7,2026-09-25 06:41:24,Hospital Staff
UPD-008798,HSP-017,ICU,0,1,2026-09-25 06:46:56,Hospital Staff
UPD-008799,HSP-025,Ventilator,2,1,2026-09-25 06:53:45,Simulation
UPD-008800,HSP-005,General Bed,12,8,2026-09-25 06:54:17,Hospital Staff
UPD-008801,HSP-002,General Bed,34,36,2026-09-25 06:57:35,Hospital Staff
UPD-008802,HSP-001,General Bed,70,74,2026-09-25 06:58:27,Hospital Staff
UPD-008803,HSP-007,General Bed,171,166,2026-09-25 06:59:11,Admin
UPD-008804,HSP-005,ICU,7,8,2026-09-25 07:03:49,Admin
UPD-008805,HSP-023,Oxygen Bed,3,6,2026-09-25 07:15:58,Hospital Staff
UPD-008806,HSP-004,General Bed,38,34,2026-09-25 07:20:58,Hospital Staff
UPD-008807,HSP-004,Ventilator,1,0,2026-09-25 07:26:23,Hospital Staff
UPD-008808,HSP-021,Oxygen Bed,19,22,2026-09-25 07:27:38,Hospital Staff
UPD-008809,HSP-007,ICU,32,30,2026-09-25 07:29:34,Hospital Staff
UPD-008810,HSP-015,ICU,3,1,2026-09-25 07:33:12,Simulation
UPD-008811,HSP-014,Oxygen Bed,1,3,2026-09-25 07:34:58,Simulation
UPD-008812,HSP-015,Oxygen Bed,4,1,2026-09-25 07:34:59,Simulation
UPD-008813,HSP-023,ICU,4,6,2026-09-25 07:36:21,Hospital Staff
UPD-008814,HSP-010,Oxygen Bed,7,10,2026-09-25 07:36:50,Hospital Staff
UPD-008815,HSP-023,General Bed,24,20,2026-09-25 07:38:00,Hospital Staff
UPD-008816,HSP-017,Oxygen Bed,0,3,2026-09-25 07:43:08,Hospital Staff
UPD-008817,HSP-021,ICU,3,4,2026-09-25 07:44:04,Hospital Staff
UPD-008818,HSP-011,General Bed,13,11,2026-09-25 07:49:14,Hospital Staff
UPD-008819,HSP-014,Ventilator,2,3,2026-09-25 07:52:31,Hospital Staff
UPD-008820,HSP-023,Oxygen Bed,6,9,2026-09-25 08:13:15,Hospital Staff
UPD-008821,HSP-012,Oxygen Bed,33,36,2026-09-25 08:14:39,Admin
UPD-008822,HSP-015,ICU,1,0,2026-09-25 08:16:54,Hospital Staff
UPD-008823,HSP-021,ICU,4,2,2026-09-25 08:17:41,Hospital Staff
UPD-008824,HSP-020,Ventilator,20,19,2026-09-25 08:18:19,Hospital Staff
UPD-008825,HSP-023,General Bed,20,21,2026-09-25 08:18:22,Simulation
UPD-008826,HSP-010,ICU,15,16,2026-09-25 08:21:06,Simulation
UPD-008827,HSP-002,Oxygen Bed,20,22,2026-09-25 08:23:14,Simulation
UPD-008828,HSP-024,ICU,4,3,2026-09-25 08:23:34,Hospital Staff
UPD-008829,HSP-024,ICU,3,1,2026-09-25 08:37:55,Hospital Staff
UPD-008830,HSP-009,ICU,6,8,2026-09-25 08:46:40,Admin
UPD-008831,HSP-004,Ventilator,0,1,2026-09-25 08:47:40,Hospital Staff
UPD-008832,HSP-001,Ventilator,5,6,2026-09-25 08:51:00,Hospital Staff
UPD-008833,HSP-021,Oxygen Bed,22,20,2026-09-25 09:02:58,Hospital Staff
UPD-008834,HSP-001,ICU,23,24,2026-09-25 09:04:46,Admin
UPD-008835,HSP-004,Oxygen Bed,9,8,2026-09-25 09:04:46,Hospital Staff
UPD-008836,HSP-003,Ventilator,7,6,2026-09-25 09:04:47,Hospital Staff
UPD-008837,HSP-001,Oxygen Bed,34,37,2026-09-25 09:15:49,Simulation
UPD-008838,HSP-017,ICU,1,3,2026-09-25 09:18:12,Simulation
UPD-008839,HSP-015,Oxygen Bed,1,4,2026-09-25 09:25:05,Admin
UPD-008840,HSP-015,Oxygen Bed,4,6,2026-09-25 09:31:25,Hospital Staff
UPD-008841,HSP-023,Oxygen Bed,9,6,2026-09-25 09:32:06,Hospital Staff
UPD-008842,HSP-005,Ventilator,5,4,2026-09-25 09:35:29,Hospital Staff
UPD-008843,HSP-003,General Bed,8,14,2026-09-25 09:40:53,Hospital Staff
UPD-008844,HSP-008,General Bed,83,82,2026-09-25 09:44:53,Hospital Staff
UPD-008845,HSP-020,ICU,31,33,2026-09-25 09:47:49,Hospital Staff
UPD-008846,HSP-003,Oxygen Bed,8,6,2026-09-25 09:49:10,Hospital Staff
UPD-008847,HSP-013,General Bed,10,13,2026-09-25 09:58:10,Hospital Staff
UPD-008848,HSP-010,Ventilator,0,1,2026-09-25 10:00:03,Admin
UPD-008849,HSP-009,General Bed,14,11,2026-09-25 10:04:07,Hospital Staff
UPD-008850,HSP-007,Ventilator,20,21,2026-09-25 10:06:42,Admin
UPD-008851,HSP-022,ICU,9,10,2026-09-25 10:14:09,Admin
UPD-008852,HSP-010,Ventilator,1,2,2026-09-25 10:16:00,Simulation
UPD-008853,HSP-019,Oxygen Bed,20,17,2026-09-25 10:16:51,Admin
UPD-008854,HSP-015,Ventilator,3,2,2026-09-25 10:17:57,Simulation
UPD-008855,HSP-007,General Bed,166,165,2026-09-25 10:24:22,Hospital Staff
UPD-008856,HSP-013,Oxygen Bed,7,10,2026-09-25 10:27:41,Hospital Staff
UPD-008857,HSP-012,General Bed,92,96,2026-09-25 10:28:31,Hospital Staff
UPD-008858,HSP-020,Ventilator,19,18,2026-09-25 10:30:43,Hospital Staff
UPD-008859,HSP-022,Oxygen Bed,10,8,2026-09-25 10:38:19,Hospital Staff
UPD-008860,HSP-024,Oxygen Bed,23,25,2026-09-25 10:45:43,Admin
UPD-008861,HSP-008,Oxygen Bed,21,19,2026-09-25 10:56:31,Simulation
UPD-008862,HSP-012,Oxygen Bed,36,33,2026-09-25 10:59:23,Hospital Staff
UPD-008863,HSP-010,Oxygen Bed,10,8,2026-09-25 10:59:29,Hospital Staff
UPD-008864,HSP-023,Ventilator,0,1,2026-09-25 11:03:33,Hospital Staff
UPD-008865,HSP-020,General Bed,222,226,2026-09-25 11:04:00,Simulation
UPD-008866,HSP-003,General Bed,14,19,2026-09-25 11:08:38,Admin
UPD-008867,HSP-011,General Bed,11,9,2026-09-25 11:12:26,Hospital Staff
UPD-008868,HSP-023,ICU,6,5,2026-09-25 11:13:44,Hospital Staff
UPD-008869,HSP-025,Ventilator,1,0,2026-09-25 11:17:41,Hospital Staff
UPD-008870,HSP-011,ICU,3,2,2026-09-25 11:18:05,Hospital Staff
UPD-008871,HSP-023,ICU,5,6,2026-09-25 11:19:17,Simulation
UPD-008872,HSP-007,General Bed,165,162,2026-09-25 11:20:29,Hospital Staff
UPD-008873,HSP-024,General Bed,20,22,2026-09-25 11:23:13,Hospital Staff
UPD-008874,HSP-005,General Bed,8,9,2026-09-25 11:30:15,Simulation
UPD-008875,HSP-017,General Bed,20,23,2026-09-25 11:44:18,Hospital Staff
UPD-008876,HSP-001,General Bed,74,70,2026-09-25 11:53:11,Hospital Staff
UPD-008877,HSP-013,ICU,11,9,2026-09-25 11:54:10,Admin
UPD-008878,HSP-025,Oxygen Bed,2,5,2026-09-25 12:02:50,Admin
UPD-008879,HSP-018,Oxygen Bed,7,4,2026-09-25 12:04:23,Hospital Staff
UPD-008880,HSP-004,General Bed,34,33,2026-09-25 12:07:22,Admin
UPD-008881,HSP-015,General Bed,20,22,2026-09-25 12:23:49,Hospital Staff
UPD-008882,HSP-006,ICU,2,3,2026-09-25 12:25:57,Hospital Staff
UPD-008883,HSP-013,ICU,9,7,2026-09-25 12:26:32,Hospital Staff
UPD-008884,HSP-001,General Bed,70,67,2026-09-25 12:31:42,Hospital Staff
UPD-008885,HSP-019,General Bed,118,115,2026-09-25 12:32:55,Hospital Staff
UPD-008886,HSP-002,Ventilator,4,5,2026-09-25 12:33:27,Admin
UPD-008887,HSP-005,Ventilator,4,3,2026-09-25 12:38:05,Admin
UPD-008888,HSP-014,Ventilator,3,2,2026-09-25 12:42:03,Admin
UPD-008889,HSP-001,ICU,24,23,2026-09-25 12:43:09,Admin
UPD-008890,HSP-010,Ventilator,2,1,2026-09-25 12:45:17,Hospital Staff
UPD-008891,HSP-015,Oxygen Bed,6,3,2026-09-25 12:47:36,Hospital Staff
UPD-008892,HSP-012,ICU,4,6,2026-09-25 12:48:29,Hospital Staff
UPD-008893,HSP-024,ICU,1,3,2026-09-25 12:52:07,Simulation
UPD-008894,HSP-015,Ventilator,2,1,2026-09-25 13:01:53,Simulation
UPD-008895,HSP-016,Oxygen Bed,12,9,2026-09-25 13:04:20,Hospital Staff
UPD-008896,HSP-005,Ventilator,3,4,2026-09-25 13:06:50,Simulation
UPD-008897,HSP-008,Oxygen Bed,19,22,2026-09-25 13:09:21,Hospital Staff
UPD-008898,HSP-022,Ventilator,1,0,2026-09-25 13:12:45,Admin
UPD-008899,HSP-007,Ventilator,21,22,2026-09-25 13:17:33,Simulation
UPD-008900,HSP-015,General Bed,22,20,2026-09-25 13:20:47,Hospital Staff
UPD-008901,HSP-022,Ventilator,0,1,2026-09-25 13:26:21,Admin
UPD-008902,HSP-023,Oxygen Bed,6,3,2026-09-25 13:26:54,Hospital Staff
UPD-008903,HSP-022,Ventilator,1,2,2026-09-25 13:38:57,Admin
UPD-008904,HSP-025,Ventilator,0,1,2026-09-25 13:40:50,Hospital Staff
UPD-008905,HSP-025,General Bed,27,25,2026-09-25 13:42:55,Admin
UPD-008906,HSP-025,Ventilator,1,0,2026-09-25 13:48:07,Simulation
UPD-008907,HSP-007,ICU,30,31,2026-09-25 13:51:44,Hospital Staff
UPD-008908,HSP-012,Oxygen Bed,33,30,2026-09-25 13:52:14,Simulation
UPD-008909,HSP-001,ICU,23,22,2026-09-25 13:52:20,Hospital Staff
UPD-008910,HSP-010,Ventilator,1,2,2026-09-25 13:56:20,Simulation
UPD-008911,HSP-018,ICU,6,7,2026-09-25 13:58:41,Hospital Staff
UPD-008912,HSP-020,ICU,33,34,2026-09-25 14:04:48,Simulation
UPD-008913,HSP-021,Ventilator,1,2,2026-09-25 14:11:54,Hospital Staff
UPD-008914,HSP-016,ICU,11,10,2026-09-25 14:17:30,Hospital Staff
UPD-008915,HSP-005,General Bed,9,4,2026-09-25 14:17:34,Hospital Staff
UPD-008916,HSP-008,ICU,25,24,2026-09-25 14:17:34,Hospital Staff
UPD-008917,HSP-002,General Bed,36,39,2026-09-25 14:21:32,Hospital Staff
UPD-008918,HSP-024,Ventilator,2,3,2026-09-25 14:22:01,Hospital Staff
UPD-008919,HSP-018,General Bed,40,38,2026-09-25 14:22:32,Hospital Staff
UPD-008920,HSP-007,Oxygen Bed,51,50,2026-09-25 14:27:29,Hospital Staff
UPD-008921,HSP-021,General Bed,36,38,2026-09-25 14:27:50,Admin
UPD-008922,HSP-023,General Bed,21,23,2026-09-25 14:39:56,Hospital Staff
UPD-008923,HSP-007,ICU,31,29,2026-09-25 14:40:41,Hospital Staff
UPD-008924,HSP-005,ICU,8,9,2026-09-25 14:49:04,Hospital Staff
UPD-008925,HSP-005,Ventilator,4,3,2026-09-25 14:55:52,Admin
UPD-008926,HSP-025,Ventilator,0,1,2026-09-25 14:57:54,Hospital Staff
UPD-008927,HSP-022,General Bed,29,32,2026-09-25 15:07:17,Admin
UPD-008928,HSP-013,Ventilator,5,6,2026-09-25 15:10:35,Hospital Staff
UPD-008929,HSP-020,ICU,34,35,2026-09-25 15:11:57,Hospital Staff
UPD-008930,HSP-003,Ventilator,6,5,2026-09-25 15:21:30,Hospital Staff
UPD-008931,HSP-018,Ventilator,4,5,2026-09-25 15:48:22,Admin
UPD-008932,HSP-024,ICU,3,5,2026-09-25 15:50:21,Hospital Staff
UPD-008933,HSP-012,General Bed,96,93,2026-09-25 15:58:17,Admin
UPD-008934,HSP-022,General Bed,32,28,2026-09-25 16:02:19,Hospital Staff
UPD-008935,HSP-014,Oxygen Bed,3,6,2026-09-25 16:10:48,Hospital Staff
UPD-008936,HSP-025,General Bed,25,30,2026-09-25 16:10:55,Hospital Staff
UPD-008937,HSP-011,Oxygen Bed,4,5,2026-09-25 16:22:17,Hospital Staff
UPD-008938,HSP-014,Oxygen Bed,6,5,2026-09-25 16:25:19,Admin
UPD-008939,HSP-003,ICU,2,1,2026-09-25 16:31:00,Hospital Staff
UPD-008940,HSP-023,General Bed,23,20,2026-09-25 16:33:35,Hospital Staff
UPD-008941,HSP-018,General Bed,38,32,2026-09-25 16:36:04,Admin
UPD-008942,HSP-024,Oxygen Bed,25,23,2026-09-25 16:43:37,Hospital Staff
UPD-008943,HSP-007,Oxygen Bed,50,53,2026-09-25 16:47:23,Hospital Staff
UPD-008944,HSP-004,Ventilator,1,0,2026-09-25 16:48:46,Hospital Staff
UPD-008945,HSP-020,Ventilator,18,17,2026-09-25 17:02:32,Hospital Staff
UPD-008946,HSP-015,ICU,0,1,2026-09-25 17:04:11,Hospital Staff
UPD-008947,HSP-024,ICU,5,7,2026-09-25 17:05:26,Hospital Staff
UPD-008948,HSP-006,ICU,3,1,2026-09-25 17:07:33,Hospital Staff
UPD-008949,HSP-015,ICU,1,3,2026-09-25 17:09:49,Admin
UPD-008950,HSP-015,General Bed,20,24,2026-09-25 17:11:06,Hospital Staff
UPD-008951,HSP-021,Oxygen Bed,20,19,2026-09-25 17:15:09,Hospital Staff
UPD-008952,HSP-008,Ventilator,5,4,2026-09-25 17:17:11,Hospital Staff
UPD-008953,HSP-001,Oxygen Bed,37,35,2026-09-25 17:19:54,Admin
UPD-008954,HSP-010,General Bed,50,51,2026-09-25 17:20:26,Simulation
UPD-008955,HSP-007,ICU,29,30,2026-09-25 17:27:50,Admin
UPD-008956,HSP-016,Ventilator,4,3,2026-09-25 17:39:28,Admin
UPD-008957,HSP-005,Ventilator,3,2,2026-09-25 17:43:30,Simulation
UPD-008958,HSP-008,ICU,24,23,2026-09-25 17:52:45,Admin
UPD-008959,HSP-008,ICU,23,22,2026-09-25 17:57:13,Hospital Staff
UPD-008960,HSP-016,Ventilator,3,4,2026-09-25 18:16:30,Admin
UPD-008961,HSP-023,Ventilator,1,0,2026-09-25 18:25:12,Hospital Staff
UPD-008962,HSP-005,General Bed,4,10,2026-09-25 18:26:08,Simulation
UPD-008963,HSP-019,Oxygen Bed,17,19,2026-09-25 18:27:57,Simulation
UPD-008964,HSP-004,General Bed,33,27,2026-09-25 18:30:23,Simulation
UPD-008965,HSP-008,Ventilator,4,3,2026-09-25 18:35:32,Simulation
UPD-008966,HSP-013,Oxygen Bed,10,11,2026-09-25 18:35:54,Hospital Staff
UPD-008967,HSP-013,Ventilator,6,7,2026-09-25 18:36:45,Simulation
UPD-008968,HSP-018,Ventilator,5,6,2026-09-25 18:46:12,Simulation
UPD-008969,HSP-010,ICU,16,18,2026-09-25 18:52:20,Hospital Staff
UPD-008970,HSP-020,Oxygen Bed,62,60,2026-09-25 18:52:46,Admin
UPD-008971,HSP-013,ICU,7,9,2026-09-25 18:54:28,Hospital Staff
UPD-008972,HSP-025,ICU,1,3,2026-09-25 19:02:02,Hospital Staff
UPD-008973,HSP-003,ICU,1,0,2026-09-25 19:02:42,Simulation
UPD-008974,HSP-012,Ventilator,4,5,2026-09-25 19:10:13,Simulation
UPD-008975,HSP-016,Oxygen Bed,9,8,2026-09-25 19:12:00,Hospital Staff
UPD-008976,HSP-015,Ventilator,1,0,2026-09-25 19:13:16,Hospital Staff
UPD-008977,HSP-002,Oxygen Bed,22,19,2026-09-25 19:14:41,Admin
UPD-008978,HSP-004,General Bed,27,30,2026-09-25 19:23:05,Simulation
UPD-008979,HSP-007,ICU,30,32,2026-09-25 19:29:14,Admin
UPD-008980,HSP-005,General Bed,10,11,2026-09-25 19:31:28,Simulation
UPD-008981,HSP-001,ICU,22,20,2026-09-25 19:35:22,Hospital Staff
UPD-008982,HSP-007,General Bed,162,163,2026-09-25 19:43:21,Admin
UPD-008983,HSP-025,Ventilator,1,2,2026-09-25 19:48:54,Simulation
UPD-008984,HSP-014,ICU,5,4,2026-09-25 19:49:35,Hospital Staff
UPD-008985,HSP-024,ICU,7,6,2026-09-25 19:51:52,Admin
UPD-008986,HSP-021,General Bed,38,39,2026-09-25 19:56:53,Simulation
UPD-008987,HSP-017,ICU,3,4,2026-09-25 19:57:38,Simulation
UPD-008988,HSP-019,ICU,19,18,2026-09-25 20:06:11,Hospital Staff
UPD-008989,HSP-007,Oxygen Bed,53,50,2026-09-25 20:06:14,Admin
UPD-008990,HSP-022,Oxygen Bed,8,6,2026-09-25 20:10:50,Admin
UPD-008991,HSP-006,General Bed,18,17,2026-09-25 20:12:12,Admin
UPD-008992,HSP-013,General Bed,13,19,2026-09-25 20:14:00,Hospital Staff
UPD-008993,HSP-005,General Bed,11,7,2026-09-25 20:19:13,Admin
UPD-008994,HSP-004,Oxygen Bed,8,5,2026-09-25 20:23:36,Simulation
UPD-008995,HSP-019,ICU,18,17,2026-09-25 20:26:08,Admin
UPD-008996,HSP-004,General Bed,30,33,2026-09-25 20:26:38,Hospital Staff
UPD-008997,HSP-021,ICU,2,4,2026-09-25 20:27:04,Admin
UPD-008998,HSP-003,Oxygen Bed,6,7,2026-09-25 20:34:03,Hospital Staff
UPD-008999,HSP-010,General Bed,51,53,2026-09-25 20:35:25,Hospital Staff
UPD-009000,HSP-001,ICU,20,21,2026-09-25 20:38:50,Admin
UPD-009001,HSP-001,Ventilator,6,7,2026-09-25 20:47:19,Simulation
UPD-009002,HSP-007,Oxygen Bed,50,52,2026-09-25 20:48:10,Hospital Staff
UPD-009003,HSP-023,Ventilator,0,1,2026-09-25 20:57:10,Hospital Staff
UPD-009004,HSP-018,Oxygen Bed,4,7,2026-09-25 20:58:19,Simulation
UPD-009005,HSP-023,Ventilator,1,2,2026-09-25 21:00:06,Hospital Staff
UPD-009006,HSP-015,Ventilator,0,1,2026-09-25 21:02:19,Simulation
UPD-009007,HSP-018,Ventilator,6,5,2026-09-25 21:10:02,Hospital Staff
UPD-009008,HSP-010,Ventilator,2,3,2026-09-25 21:16:52,Hospital Staff
UPD-009009,HSP-021,General Bed,39,34,2026-09-25 21:23:33,Simulation
UPD-009010,HSP-021,General Bed,34,36,2026-09-25 21:31:35,Admin
UPD-009011,HSP-025,Ventilator,2,1,2026-09-25 21:34:29,Admin
UPD-009012,HSP-024,Ventilator,3,2,2026-09-25 21:37:45,Hospital Staff
UPD-009013,HSP-012,General Bed,93,90,2026-09-25 21:38:23,Admin
UPD-009014,HSP-009,General Bed,11,8,2026-09-25 21:39:53,Hospital Staff
UPD-009015,HSP-025,ICU,3,2,2026-09-25 21:46:21,Admin
UPD-009016,HSP-015,Ventilator,1,2,2026-09-25 21:53:34,Admin
UPD-009017,HSP-018,General Bed,32,38,2026-09-25 21:55:47,Hospital Staff
UPD-009018,HSP-014,ICU,4,2,2026-09-25 21:58:41,Simulation
UPD-009019,HSP-019,Ventilator,5,4,2026-09-25 22:07:03,Simulation
UPD-009020,HSP-005,General Bed,7,5,2026-09-25 22:10:13,Simulation
UPD-009021,HSP-025,ICU,2,4,2026-09-25 22:10:34,Admin
UPD-009022,HSP-006,Ventilator,0,1,2026-09-25 22:11:05,Admin
UPD-009023,HSP-020,ICU,35,37,2026-09-25 22:11:09,Hospital Staff
UPD-009024,HSP-007,Ventilator,22,21,2026-09-25 22:15:41,Simulation
UPD-009025,HSP-010,Oxygen Bed,8,11,2026-09-25 22:17:13,Admin
UPD-009026,HSP-005,ICU,9,8,2026-09-25 22:21:41,Admin
UPD-009027,HSP-021,ICU,4,6,2026-09-25 22:24:08,Admin
UPD-009028,HSP-001,ICU,21,23,2026-09-25 22:24:38,Admin
UPD-009029,HSP-018,General Bed,38,37,2026-09-25 22:33:44,Hospital Staff
UPD-009030,HSP-003,Ventilator,5,4,2026-09-25 22:37:39,Hospital Staff
UPD-009031,HSP-008,ICU,22,20,2026-09-25 22:37:54,Simulation
UPD-009032,HSP-005,General Bed,5,10,2026-09-25 22:46:39,Hospital Staff
UPD-009033,HSP-004,Ventilator,0,1,2026-09-25 22:54:18,Hospital Staff
UPD-009034,HSP-023,General Bed,20,17,2026-09-25 23:04:27,Hospital Staff
UPD-009035,HSP-022,ICU,10,8,2026-09-25 23:06:00,Hospital Staff
UPD-009036,HSP-025,Ventilator,1,2,2026-09-25 23:12:33,Hospital Staff
UPD-009037,HSP-003,Ventilator,4,5,2026-09-25 23:13:04,Simulation
UPD-009038,HSP-010,ICU,18,16,2026-09-25 23:16:00,Hospital Staff
UPD-009039,HSP-015,ICU,3,4,2026-09-25 23:17:37,Hospital Staff
UPD-009040,HSP-001,ICU,23,24,2026-09-25 23:21:13,Hospital Staff
UPD-009041,HSP-017,General Bed,23,18,2026-09-25 23:28:19,Admin
UPD-009042,HSP-002,ICU,3,5,2026-09-25 23:29:21,Hospital Staff
UPD-009043,HSP-021,General Bed,36,39,2026-09-25 23:34:47,Hospital Staff
UPD-009044,HSP-019,Ventilator,4,3,2026-09-25 23:50:44,Simulation
UPD-009045,HSP-002,Oxygen Bed,19,16,2026-09-25 23:51:30,Hospital Staff
UPD-009046,HSP-024,Ventilator,2,3,2026-09-25 23:52:59,Hospital Staff
UPD-009047,HSP-010,Ventilator,3,4,2026-09-26 00:11:36,Hospital Staff
UPD-009048,HSP-012,Ventilator,5,6,2026-09-26 00:16:37,Hospital Staff
UPD-009049,HSP-018,Ventilator,5,6,2026-09-26 00:16:45,Hospital Staff
UPD-009050,HSP-023,General Bed,17,23,2026-09-26 00:25:12,Hospital Staff
UPD-009051,HSP-001,General Bed,67,62,2026-09-26 00:27:38,Simulation
UPD-009052,HSP-007,Oxygen Bed,52,54,2026-09-26 00:30:16,Hospital Staff
UPD-009053,HSP-025,General Bed,30,26,2026-09-26 00:31:08,Hospital Staff
UPD-009054,HSP-014,ICU,2,1,2026-09-26 00:34:38,Hospital Staff
UPD-009055,HSP-021,Oxygen Bed,19,22,2026-09-26 00:37:05,Hospital Staff
UPD-009056,HSP-015,Ventilator,2,1,2026-09-26 00:53:36,Hospital Staff
UPD-009057,HSP-012,ICU,6,8,2026-09-26 00:53:42,Hospital Staff
UPD-009058,HSP-002,General Bed,39,44,2026-09-26 00:54:34,Hospital Staff
UPD-009059,HSP-013,General Bed,19,20,2026-09-26 01:02:16,Hospital Staff
UPD-009060,HSP-003,Ventilator,5,4,2026-09-26 01:06:59,Admin
UPD-009061,HSP-012,General Bed,90,89,2026-09-26 01:08:06,Admin
UPD-009062,HSP-007,Oxygen Bed,54,56,2026-09-26 01:13:05,Hospital Staff
UPD-009063,HSP-012,Oxygen Bed,30,32,2026-09-26 01:13:44,Admin
UPD-009064,HSP-005,Oxygen Bed,5,4,2026-09-26 01:15:05,Admin
UPD-009065,HSP-014,Ventilator,2,1,2026-09-26 01:31:32,Admin
UPD-009066,HSP-018,General Bed,37,31,2026-09-26 01:32:02,Admin
UPD-009067,HSP-024,ICU,6,7,2026-09-26 01:32:25,Simulation
UPD-009068,HSP-025,General Bed,26,31,2026-09-26 01:33:23,Simulation
UPD-009069,HSP-013,Oxygen Bed,11,10,2026-09-26 01:33:40,Admin
UPD-009070,HSP-022,Ventilator,2,1,2026-09-26 01:37:04,Simulation
UPD-009071,HSP-018,Oxygen Bed,7,10,2026-09-26 01:41:15,Admin
UPD-009072,HSP-012,General Bed,89,92,2026-09-26 01:41:38,Hospital Staff
UPD-009073,HSP-014,Oxygen Bed,5,2,2026-09-26 01:43:23,Hospital Staff
UPD-009074,HSP-002,Oxygen Bed,16,19,2026-09-26 01:50:42,Admin
UPD-009075,HSP-004,Oxygen Bed,5,7,2026-09-26 02:05:50,Hospital Staff
UPD-009076,HSP-022,Ventilator,1,2,2026-09-26 02:06:53,Hospital Staff
UPD-009077,HSP-019,General Bed,115,114,2026-09-26 02:14:39,Hospital Staff
UPD-009078,HSP-016,Ventilator,4,3,2026-09-26 02:18:29,Hospital Staff
UPD-009079,HSP-024,Ventilator,3,4,2026-09-26 02:26:54,Simulation
UPD-009080,HSP-004,General Bed,33,39,2026-09-26 02:28:34,Hospital Staff
UPD-009081,HSP-012,Ventilator,6,7,2026-09-26 02:31:34,Hospital Staff
UPD-009082,HSP-020,Oxygen Bed,60,59,2026-09-26 02:38:00,Hospital Staff
UPD-009083,HSP-024,General Bed,22,28,2026-09-26 02:42:15,Hospital Staff
UPD-009084,HSP-015,Ventilator,1,0,2026-09-26 02:43:32,Hospital Staff
UPD-009085,HSP-014,ICU,1,0,2026-09-26 02:49:56,Simulation
UPD-009086,HSP-024,General Bed,28,30,2026-09-26 02:52:53,Hospital Staff
UPD-009087,HSP-001,Ventilator,7,8,2026-09-26 02:54:53,Admin
UPD-009088,HSP-005,General Bed,10,7,2026-09-26 03:08:31,Hospital Staff
UPD-009089,HSP-016,Oxygen Bed,8,6,2026-09-26 03:08:31,Simulation
UPD-009090,HSP-014,Oxygen Bed,2,5,2026-09-26 03:10:11,Hospital Staff
UPD-009091,HSP-016,Ventilator,3,4,2026-09-26 03:11:54,Admin
UPD-009092,HSP-008,ICU,20,21,2026-09-26 03:17:23,Hospital Staff
UPD-009093,HSP-008,Ventilator,3,2,2026-09-26 03:22:59,Hospital Staff
UPD-009094,HSP-010,General Bed,53,47,2026-09-26 03:24:17,Hospital Staff
UPD-009095,HSP-008,General Bed,82,84,2026-09-26 03:26:51,Simulation
UPD-009096,HSP-003,General Bed,19,17,2026-09-26 03:35:26,Hospital Staff
UPD-009097,HSP-021,General Bed,39,42,2026-09-26 03:37:25,Hospital Staff
UPD-009098,HSP-025,ICU,4,3,2026-09-26 03:38:42,Hospital Staff
UPD-009099,HSP-009,Oxygen Bed,6,8,2026-09-26 03:38:59,Admin
UPD-009100,HSP-003,General Bed,17,11,2026-09-26 03:39:43,Admin
UPD-009101,HSP-011,General Bed,9,5,2026-09-26 03:51:57,Hospital Staff
UPD-009102,HSP-015,ICU,4,3,2026-09-26 03:55:23,Simulation
UPD-009103,HSP-025,General Bed,31,27,2026-09-26 03:55:33,Admin
UPD-009104,HSP-015,Ventilator,0,1,2026-09-26 03:57:32,Hospital Staff
UPD-009105,HSP-001,Ventilator,8,9,2026-09-26 03:57:45,Hospital Staff
UPD-009106,HSP-002,ICU,5,7,2026-09-26 04:08:12,Simulation
UPD-009107,HSP-007,Ventilator,21,22,2026-09-26 04:09:25,Hospital Staff
UPD-009108,HSP-025,Oxygen Bed,5,3,2026-09-26 04:09:47,Hospital Staff
UPD-009109,HSP-020,ICU,37,36,2026-09-26 04:19:43,Admin
UPD-009110,HSP-023,Ventilator,2,3,2026-09-26 04:22:42,Admin
UPD-009111,HSP-019,General Bed,114,113,2026-09-26 04:26:29,Hospital Staff
UPD-009112,HSP-005,General Bed,7,1,2026-09-26 04:27:27,Hospital Staff
UPD-009113,HSP-022,Oxygen Bed,6,8,2026-09-26 04:34:43,Hospital Staff
UPD-009114,HSP-020,Oxygen Bed,59,57,2026-09-26 04:38:58,Hospital Staff
UPD-009115,HSP-014,Oxygen Bed,5,3,2026-09-26 04:39:21,Hospital Staff
UPD-009116,HSP-009,Oxygen Bed,8,9,2026-09-26 04:47:53,Hospital Staff
UPD-009117,HSP-005,ICU,8,7,2026-09-26 04:52:38,Simulation
UPD-009118,HSP-023,General Bed,23,18,2026-09-26 04:55:42,Admin
UPD-009119,HSP-008,Ventilator,2,1,2026-09-26 04:58:35,Hospital Staff
UPD-009120,HSP-023,General Bed,18,13,2026-09-26 05:02:42,Admin
UPD-009121,HSP-003,ICU,0,2,2026-09-26 05:04:48,Hospital Staff
UPD-009122,HSP-004,Oxygen Bed,7,5,2026-09-26 05:06:41,Hospital Staff
UPD-009123,HSP-004,Oxygen Bed,5,2,2026-09-26 05:17:50,Simulation
UPD-009124,HSP-014,ICU,0,2,2026-09-26 05:20:22,Simulation
UPD-009125,HSP-023,General Bed,13,19,2026-09-26 05:20:56,Hospital Staff
UPD-009126,HSP-002,Oxygen Bed,19,17,2026-09-26 05:27:01,Hospital Staff
UPD-009127,HSP-015,Ventilator,1,0,2026-09-26 05:28:48,Admin
UPD-009128,HSP-023,ICU,6,5,2026-09-26 05:29:08,Hospital Staff
UPD-009129,HSP-015,General Bed,24,27,2026-09-26 05:29:52,Hospital Staff
UPD-009130,HSP-021,General Bed,42,40,2026-09-26 05:31:04,Admin
UPD-009131,HSP-015,Ventilator,0,1,2026-09-26 05:33:37,Simulation
UPD-009132,HSP-016,General Bed,15,12,2026-09-26 05:37:28,Simulation
UPD-009133,HSP-010,Oxygen Bed,11,10,2026-09-26 05:38:25,Hospital Staff
UPD-009134,HSP-007,General Bed,163,167,2026-09-26 05:38:35,Hospital Staff
UPD-009135,HSP-018,ICU,7,6,2026-09-26 05:42:07,Simulation
UPD-009136,HSP-024,Ventilator,4,5,2026-09-26 05:42:43,Hospital Staff
UPD-009137,HSP-008,Oxygen Bed,22,19,2026-09-26 05:46:55,Hospital Staff
UPD-009138,HSP-010,Ventilator,4,3,2026-09-26 06:00:07,Hospital Staff
UPD-009139,HSP-023,Ventilator,3,4,2026-09-26 06:01:16,Hospital Staff
UPD-009140,HSP-015,Ventilator,1,2,2026-09-26 06:02:20,Admin
UPD-009141,HSP-021,Ventilator,2,1,2026-09-26 06:04:22,Hospital Staff
UPD-009142,HSP-002,General Bed,44,46,2026-09-26 06:05:12,Admin
UPD-009143,HSP-022,General Bed,28,24,2026-09-26 06:42:54,Hospital Staff
UPD-009144,HSP-008,Oxygen Bed,19,16,2026-09-26 06:48:08,Hospital Staff
UPD-009145,HSP-001,Oxygen Bed,35,38,2026-09-26 06:55:25,Hospital Staff
UPD-009146,HSP-006,Ventilator,1,0,2026-09-26 06:56:47,Hospital Staff
UPD-009147,HSP-011,ICU,2,0,2026-09-26 07:11:29,Hospital Staff
UPD-009148,HSP-022,ICU,8,10,2026-09-26 07:16:46,Admin
UPD-009149,HSP-016,ICU,10,9,2026-09-26 07:19:02,Hospital Staff
UPD-009150,HSP-003,Oxygen Bed,7,9,2026-09-26 07:22:45,Admin
UPD-009151,HSP-018,General Bed,31,26,2026-09-26 07:27:58,Hospital Staff
UPD-009152,HSP-003,General Bed,11,10,2026-09-26 07:31:43,Hospital Staff
UPD-009153,HSP-004,Oxygen Bed,2,5,2026-09-26 07:35:55,Hospital Staff
UPD-009154,HSP-003,General Bed,10,13,2026-09-26 07:37:34,Hospital Staff
UPD-009155,HSP-002,Ventilator,5,4,2026-09-26 07:38:25,Hospital Staff
UPD-009156,HSP-022,General Bed,24,19,2026-09-26 07:39:20,Simulation
UPD-009157,HSP-025,Oxygen Bed,3,1,2026-09-26 07:43:52,Hospital Staff
UPD-009158,HSP-012,Oxygen Bed,32,33,2026-09-26 07:43:55,Hospital Staff
UPD-009159,HSP-020,General Bed,226,227,2026-09-26 07:44:27,Hospital Staff
UPD-009160,HSP-022,General Bed,19,22,2026-09-26 07:47:56,Hospital Staff
UPD-009161,HSP-004,General Bed,39,36,2026-09-26 07:49:45,Simulation
UPD-009162,HSP-005,Ventilator,2,3,2026-09-26 07:51:54,Hospital Staff
UPD-009163,HSP-001,ICU,24,25,2026-09-26 07:54:46,Hospital Staff
UPD-009164,HSP-013,General Bed,20,23,2026-09-26 07:54:54,Hospital Staff
UPD-009165,HSP-025,ICU,3,1,2026-09-26 07:57:15,Hospital Staff
UPD-009166,HSP-011,Ventilator,7,6,2026-09-26 08:00:50,Admin
UPD-009167,HSP-012,Ventilator,7,8,2026-09-26 08:03:28,Hospital Staff
UPD-009168,HSP-021,Ventilator,1,0,2026-09-26 08:04:21,Admin
UPD-009169,HSP-001,Ventilator,9,8,2026-09-26 08:07:38,Hospital Staff
UPD-009170,HSP-013,General Bed,23,22,2026-09-26 08:19:06,Hospital Staff
UPD-009171,HSP-011,ICU,0,1,2026-09-26 08:20:13,Admin
UPD-009172,HSP-015,General Bed,27,28,2026-09-26 08:22:45,Simulation
UPD-009173,HSP-010,General Bed,47,48,2026-09-26 08:40:13,Simulation
UPD-009174,HSP-001,General Bed,62,65,2026-09-26 08:41:57,Hospital Staff
UPD-009175,HSP-015,Oxygen Bed,3,6,2026-09-26 08:44:59,Hospital Staff
UPD-009176,HSP-006,ICU,1,3,2026-09-26 08:48:01,Admin
UPD-009177,HSP-025,Oxygen Bed,1,0,2026-09-26 08:51:34,Hospital Staff
UPD-009178,HSP-010,ICU,16,15,2026-09-26 08:57:17,Simulation
UPD-009179,HSP-014,Ventilator,1,0,2026-09-26 08:57:29,Hospital Staff
UPD-009180,HSP-018,General Bed,26,31,2026-09-26 08:58:05,Hospital Staff
UPD-009181,HSP-024,Ventilator,5,4,2026-09-26 09:03:53,Hospital Staff
UPD-009182,HSP-001,Oxygen Bed,38,39,2026-09-26 09:08:32,Hospital Staff
UPD-009183,HSP-003,Ventilator,4,5,2026-09-26 09:11:03,Simulation
UPD-009184,HSP-020,ICU,36,37,2026-09-26 09:11:58,Admin
UPD-009185,HSP-022,Ventilator,2,3,2026-09-26 09:22:09,Hospital Staff
UPD-009186,HSP-021,ICU,6,5,2026-09-26 09:23:57,Admin
UPD-009187,HSP-006,ICU,3,1,2026-09-26 09:24:05,Admin
UPD-009188,HSP-018,Ventilator,6,5,2026-09-26 09:24:21,Hospital Staff
UPD-009189,HSP-018,General Bed,31,34,2026-09-26 09:28:31,Simulation
UPD-009190,HSP-013,Ventilator,7,6,2026-09-26 09:29:47,Hospital Staff
UPD-009191,HSP-001,Ventilator,8,9,2026-09-26 09:31:07,Hospital Staff
UPD-009192,HSP-010,General Bed,48,46,2026-09-26 09:50:04,Admin
UPD-009193,HSP-015,Oxygen Bed,6,7,2026-09-26 09:50:23,Simulation
UPD-009194,HSP-022,ICU,10,8,2026-09-26 09:51:28,Hospital Staff
UPD-009195,HSP-016,Oxygen Bed,6,4,2026-09-26 09:52:45,Hospital Staff
UPD-009196,HSP-014,Ventilator,0,1,2026-09-26 09:55:19,Hospital Staff
UPD-009197,HSP-002,ICU,7,5,2026-09-26 10:13:06,Hospital Staff
UPD-009198,HSP-015,General Bed,28,22,2026-09-26 10:13:36,Hospital Staff
UPD-009199,HSP-022,General Bed,22,20,2026-09-26 10:19:07,Simulation
UPD-009200,HSP-009,General Bed,8,3,2026-09-26 10:20:44,Hospital Staff
UPD-009201,HSP-010,Ventilator,3,4,2026-09-26 10:21:53,Hospital Staff
UPD-009202,HSP-022,General Bed,20,25,2026-09-26 10:23:08,Simulation
UPD-009203,HSP-007,Oxygen Bed,56,57,2026-09-26 10:37:00,Admin
UPD-009204,HSP-009,Oxygen Bed,9,8,2026-09-26 10:40:29,Hospital Staff
UPD-009205,HSP-013,General Bed,22,24,2026-09-26 10:41:18,Hospital Staff
UPD-009206,HSP-007,ICU,32,31,2026-09-26 10:44:38,Hospital Staff
UPD-009207,HSP-010,Oxygen Bed,10,11,2026-09-26 10:51:55,Hospital Staff
UPD-009208,HSP-009,ICU,8,9,2026-09-26 10:52:49,Hospital Staff
UPD-009209,HSP-016,ICU,9,7,2026-09-26 10:55:02,Hospital Staff
UPD-009210,HSP-014,General Bed,11,9,2026-09-26 10:57:28,Hospital Staff
UPD-009211,HSP-002,Ventilator,4,3,2026-09-26 11:08:16,Admin
UPD-009212,HSP-018,General Bed,34,35,2026-09-26 11:18:16,Hospital Staff
UPD-009213,HSP-007,General Bed,167,169,2026-09-26 11:19:26,Admin
UPD-009214,HSP-019,ICU,17,19,2026-09-26 11:21:26,Hospital Staff
UPD-009215,HSP-015,General Bed,22,17,2026-09-26 11:22:43,Simulation
UPD-009216,HSP-007,Oxygen Bed,57,56,2026-09-26 11:23:16,Admin
UPD-009217,HSP-025,ICU,1,3,2026-09-26 11:24:54,Simulation
UPD-009218,HSP-002,ICU,5,6,2026-09-26 11:39:20,Admin
UPD-009219,HSP-012,ICU,8,9,2026-09-26 11:40:08,Hospital Staff
UPD-009220,HSP-018,General Bed,35,34,2026-09-26 11:44:19,Hospital Staff
UPD-009221,HSP-018,Ventilator,5,6,2026-09-26 11:45:14,Simulation
UPD-009222,HSP-002,Oxygen Bed,17,20,2026-09-26 11:49:48,Admin
UPD-009223,HSP-011,Ventilator,6,5,2026-09-26 11:52:16,Hospital Staff
UPD-009224,HSP-018,Oxygen Bed,10,7,2026-09-26 11:55:11,Hospital Staff
UPD-009225,HSP-009,General Bed,3,2,2026-09-26 12:00:23,Hospital Staff
UPD-009226,HSP-015,ICU,3,5,2026-09-26 12:02:42,Simulation
UPD-009227,HSP-004,General Bed,36,39,2026-09-26 12:16:59,Simulation
UPD-009228,HSP-025,ICU,3,1,2026-09-26 12:28:21,Simulation
UPD-009229,HSP-006,Ventilator,0,1,2026-09-26 12:35:41,Admin
UPD-009230,HSP-014,General Bed,9,15,2026-09-26 12:35:52,Hospital Staff
UPD-009231,HSP-006,General Bed,17,12,2026-09-26 12:37:50,Hospital Staff
UPD-009232,HSP-025,Ventilator,2,1,2026-09-26 12:47:32,Admin
UPD-009233,HSP-004,Oxygen Bed,5,3,2026-09-26 12:50:33,Admin
UPD-009234,HSP-009,ICU,9,8,2026-09-26 13:06:52,Simulation
UPD-009235,HSP-008,General Bed,84,85,2026-09-26 13:06:58,Hospital Staff
UPD-009236,HSP-021,Oxygen Bed,22,19,2026-09-26 13:09:35,Hospital Staff
UPD-009237,HSP-011,Oxygen Bed,5,3,2026-09-26 13:09:57,Simulation
UPD-009238,HSP-005,Ventilator,3,2,2026-09-26 13:17:57,Simulation
UPD-009239,HSP-024,Oxygen Bed,23,22,2026-09-26 13:22:59,Simulation
UPD-009240,HSP-020,ICU,37,36,2026-09-26 13:25:47,Simulation
UPD-009241,HSP-023,ICU,5,6,2026-09-26 13:26:59,Hospital Staff
UPD-009242,HSP-021,Ventilator,0,1,2026-09-26 13:40:12,Hospital Staff
UPD-009243,HSP-006,Ventilator,1,0,2026-09-26 13:50:26,Hospital Staff
UPD-009244,HSP-004,ICU,1,0,2026-09-26 13:53:16,Hospital Staff
UPD-009245,HSP-008,Ventilator,1,0,2026-09-26 13:57:36,Hospital Staff
UPD-009246,HSP-019,General Bed,113,111,2026-09-26 14:05:39,Hospital Staff
UPD-009247,HSP-021,ICU,5,6,2026-09-26 14:06:20,Admin
UPD-009248,HSP-003,Oxygen Bed,9,7,2026-09-26 14:09:26,Hospital Staff
UPD-009249,HSP-016,General Bed,12,10,2026-09-26 14:09:56,Hospital Staff
UPD-009250,HSP-025,General Bed,27,25,2026-09-26 14:16:12,Hospital Staff
UPD-009251,HSP-016,ICU,7,9,2026-09-26 14:17:35,Simulation
UPD-009252,HSP-004,ICU,0,2,2026-09-26 14:17:53,Admin
UPD-009253,HSP-020,Ventilator,17,18,2026-09-26 14:18:02,Hospital Staff
UPD-009254,HSP-013,Ventilator,6,7,2026-09-26 14:21:18,Simulation
UPD-009255,HSP-009,General Bed,2,4,2026-09-26 14:24:17,Admin
UPD-009256,HSP-011,ICU,1,3,2026-09-26 14:27:06,Hospital Staff
UPD-009257,HSP-018,Ventilator,6,5,2026-09-26 14:35:48,Hospital Staff
UPD-009258,HSP-013,General Bed,24,18,2026-09-26 14:37:49,Hospital Staff
UPD-009259,HSP-009,General Bed,4,9,2026-09-26 14:41:36,Hospital Staff
UPD-009260,HSP-007,Ventilator,22,23,2026-09-26 14:51:33,Hospital Staff
UPD-009261,HSP-009,General Bed,9,14,2026-09-26 14:59:43,Hospital Staff
UPD-009262,HSP-024,Ventilator,4,5,2026-09-26 14:59:46,Hospital Staff
UPD-009263,HSP-014,Oxygen Bed,3,6,2026-09-26 15:00:37,Hospital Staff
UPD-009264,HSP-008,Oxygen Bed,16,19,2026-09-26 15:04:18,Admin
UPD-009265,HSP-021,Oxygen Bed,19,17,2026-09-26 15:05:54,Admin
UPD-009266,HSP-018,General Bed,34,33,2026-09-26 15:06:21,Hospital Staff
UPD-009267,HSP-007,General Bed,169,166,2026-09-26 15:09:05,Admin
UPD-009268,HSP-002,Ventilator,3,4,2026-09-26 15:11:18,Simulation
UPD-009269,HSP-018,ICU,6,4,2026-09-26 15:11:50,Hospital Staff
UPD-009270,HSP-012,ICU,9,11,2026-09-26 15:16:09,Admin
UPD-009271,HSP-022,ICU,8,7,2026-09-26 15:18:10,Hospital Staff
UPD-009272,HSP-012,ICU,11,10,2026-09-26 15:20:16,Admin
UPD-009273,HSP-015,Oxygen Bed,7,9,2026-09-26 15:27:44,Hospital Staff
UPD-009274,HSP-016,Ventilator,4,3,2026-09-26 15:28:17,Admin
UPD-009275,HSP-020,Ventilator,18,19,2026-09-26 15:30:07,Admin
UPD-009276,HSP-005,ICU,7,8,2026-09-26 15:32:48,Hospital Staff
UPD-009277,HSP-011,Ventilator,5,6,2026-09-26 15:36:10,Hospital Staff
UPD-009278,HSP-011,Oxygen Bed,3,1,2026-09-26 15:37:12,Admin
UPD-009279,HSP-014,General Bed,15,14,2026-09-26 15:48:38,Hospital Staff
UPD-009280,HSP-006,Ventilator,0,1,2026-09-26 15:51:05,Hospital Staff
UPD-009281,HSP-006,ICU,1,3,2026-09-26 15:53:28,Hospital Staff
UPD-009282,HSP-016,ICU,9,11,2026-09-26 15:56:19,Hospital Staff
UPD-009283,HSP-011,Oxygen Bed,1,3,2026-09-26 15:57:29,Hospital Staff
UPD-009284,HSP-019,General Bed,111,113,2026-09-26 16:06:01,Simulation
UPD-009285,HSP-013,ICU,9,8,2026-09-26 16:13:51,Hospital Staff
UPD-009286,HSP-010,ICU,15,13,2026-09-26 16:15:27,Simulation
UPD-009287,HSP-004,ICU,2,1,2026-09-26 16:22:04,Hospital Staff
UPD-009288,HSP-015,General Bed,17,14,2026-09-26 16:22:20,Hospital Staff
UPD-009289,HSP-018,Oxygen Bed,7,4,2026-09-26 16:23:00,Hospital Staff
UPD-009290,HSP-020,Ventilator,19,18,2026-09-26 16:29:41,Hospital Staff
UPD-009291,HSP-008,ICU,21,20,2026-09-26 16:44:11,Simulation
UPD-009292,HSP-011,Ventilator,6,5,2026-09-26 16:46:18,Admin
UPD-009293,HSP-019,Oxygen Bed,19,20,2026-09-26 16:47:40,Admin
UPD-009294,HSP-023,Ventilator,4,3,2026-09-26 16:55:54,Simulation
UPD-009295,HSP-017,Oxygen Bed,3,5,2026-09-26 17:11:38,Hospital Staff
UPD-009296,HSP-007,Oxygen Bed,56,58,2026-09-26 17:14:55,Hospital Staff
UPD-009297,HSP-015,ICU,5,3,2026-09-26 17:18:05,Hospital Staff
UPD-009298,HSP-011,General Bed,5,11,2026-09-26 17:22:23,Simulation
UPD-009299,HSP-023,General Bed,19,13,2026-09-26 17:23:31,Hospital Staff
UPD-009300,HSP-003,ICU,2,0,2026-09-26 17:25:27,Hospital Staff
UPD-009301,HSP-020,ICU,36,38,2026-09-26 17:31:35,Admin
UPD-009302,HSP-008,Ventilator,0,1,2026-09-26 17:36:11,Hospital Staff
UPD-009303,HSP-019,Ventilator,3,4,2026-09-26 17:42:57,Hospital Staff
UPD-009304,HSP-013,Oxygen Bed,10,7,2026-09-26 17:45:34,Hospital Staff
UPD-009305,HSP-018,Oxygen Bed,4,6,2026-09-26 17:53:31,Hospital Staff
UPD-009306,HSP-006,General Bed,12,15,2026-09-26 17:57:23,Simulation
UPD-009307,HSP-005,Ventilator,2,3,2026-09-26 17:57:52,Hospital Staff
UPD-009308,HSP-001,Ventilator,9,10,2026-09-26 18:05:42,Hospital Staff
UPD-009309,HSP-006,Oxygen Bed,3,5,2026-09-26 18:11:46,Simulation
UPD-009310,HSP-013,General Bed,18,23,2026-09-26 18:18:58,Simulation
UPD-009311,HSP-023,Ventilator,3,4,2026-09-26 18:23:40,Hospital Staff
UPD-009312,HSP-016,Ventilator,3,2,2026-09-26 18:24:21,Admin
UPD-009313,HSP-005,Ventilator,3,2,2026-09-26 18:28:25,Hospital Staff
UPD-009314,HSP-009,General Bed,14,13,2026-09-26 18:32:06,Hospital Staff
UPD-009315,HSP-023,ICU,6,5,2026-09-26 18:37:03,Hospital Staff
UPD-009316,HSP-022,Ventilator,3,4,2026-09-26 18:37:23,Hospital Staff
UPD-009317,HSP-007,General Bed,166,170,2026-09-26 18:54:47,Admin
UPD-009318,HSP-014,Oxygen Bed,6,4,2026-09-26 18:59:31,Hospital Staff
UPD-009319,HSP-003,ICU,0,2,2026-09-26 19:01:04,Hospital Staff
UPD-009320,HSP-003,Ventilator,5,4,2026-09-26 19:03:52,Hospital Staff
UPD-009321,HSP-008,ICU,20,19,2026-09-26 19:07:59,Simulation
UPD-009322,HSP-005,ICU,8,7,2026-09-26 19:10:15,Simulation
UPD-009323,HSP-025,General Bed,25,27,2026-09-26 19:12:41,Simulation
UPD-009324,HSP-020,Ventilator,18,19,2026-09-26 19:13:51,Hospital Staff
UPD-009325,HSP-020,General Bed,227,229,2026-09-26 19:15:18,Simulation
UPD-009326,HSP-012,ICU,10,8,2026-09-26 19:16:16,Hospital Staff
UPD-009327,HSP-024,Oxygen Bed,22,20,2026-09-26 19:20:29,Simulation
UPD-009328,HSP-010,ICU,13,12,2026-09-26 19:25:45,Hospital Staff
UPD-009329,HSP-005,ICU,7,8,2026-09-26 19:26:39,Admin
UPD-009330,HSP-004,ICU,1,2,2026-09-26 19:33:00,Simulation
UPD-009331,HSP-011,Ventilator,5,4,2026-09-26 19:40:13,Admin
UPD-009332,HSP-017,Oxygen Bed,5,7,2026-09-26 19:41:43,Hospital Staff
UPD-009333,HSP-014,ICU,2,0,2026-09-26 19:41:46,Hospital Staff
UPD-009334,HSP-004,Oxygen Bed,3,2,2026-09-26 19:48:20,Simulation
UPD-009335,HSP-007,General Bed,170,169,2026-09-26 19:55:18,Hospital Staff
UPD-009336,HSP-022,Ventilator,4,5,2026-09-26 19:56:52,Hospital Staff
UPD-009337,HSP-013,Oxygen Bed,7,8,2026-09-26 19:57:44,Hospital Staff
UPD-009338,HSP-020,Oxygen Bed,57,56,2026-09-26 20:02:22,Simulation
UPD-009339,HSP-011,General Bed,11,13,2026-09-26 20:04:12,Hospital Staff
UPD-009340,HSP-024,ICU,7,5,2026-09-26 20:08:20,Admin
UPD-009341,HSP-016,General Bed,10,9,2026-09-26 20:08:53,Hospital Staff
UPD-009342,HSP-008,Ventilator,1,2,2026-09-26 20:12:47,Hospital Staff
UPD-009343,HSP-005,Ventilator,2,1,2026-09-26 20:18:49,Hospital Staff
UPD-009344,HSP-003,Ventilator,4,3,2026-09-26 20:22:44,Hospital Staff
UPD-009345,HSP-024,Oxygen Bed,20,22,2026-09-26 20:31:08,Hospital Staff
UPD-009346,HSP-024,ICU,5,7,2026-09-26 20:31:15,Admin
UPD-009347,HSP-010,Ventilator,4,5,2026-09-26 20:35:01,Hospital Staff
UPD-009348,HSP-011,ICU,3,2,2026-09-26 20:44:54,Simulation
UPD-009349,HSP-005,Ventilator,1,2,2026-09-26 20:46:32,Simulation
UPD-009350,HSP-024,Ventilator,5,6,2026-09-26 20:46:53,Simulation
UPD-009351,HSP-014,Oxygen Bed,4,3,2026-09-26 20:49:14,Hospital Staff
UPD-009352,HSP-016,General Bed,9,11,2026-09-26 20:50:42,Simulation
UPD-009353,HSP-021,ICU,6,7,2026-09-26 20:51:57,Hospital Staff
UPD-009354,HSP-002,General Bed,46,43,2026-09-26 20:57:45,Hospital Staff
UPD-009355,HSP-012,Oxygen Bed,33,34,2026-09-26 20:59:00,Hospital Staff
UPD-009356,HSP-023,General Bed,13,7,2026-09-26 21:00:39,Admin
UPD-009357,HSP-019,ICU,19,17,2026-09-26 21:11:07,Admin
UPD-009358,HSP-007,ICU,31,30,2026-09-26 21:14:43,Hospital Staff
UPD-009359,HSP-014,Oxygen Bed,3,0,2026-09-26 21:16:51,Simulation
UPD-009360,HSP-007,General Bed,169,171,2026-09-26 21:17:28,Hospital Staff
UPD-009361,HSP-015,General Bed,14,19,2026-09-26 21:22:29,Hospital Staff
UPD-009362,HSP-012,General Bed,92,88,2026-09-26 21:23:59,Hospital Staff
UPD-009363,HSP-010,Ventilator,5,6,2026-09-26 21:25:20,Hospital Staff
UPD-009364,HSP-017,Oxygen Bed,7,8,2026-09-26 21:26:17,Hospital Staff
UPD-009365,HSP-016,Oxygen Bed,4,3,2026-09-26 21:27:43,Hospital Staff
UPD-009366,HSP-003,Oxygen Bed,7,10,2026-09-26 21:28:59,Admin
UPD-009367,HSP-022,Ventilator,5,4,2026-09-26 21:40:14,Hospital Staff
UPD-009368,HSP-023,Oxygen Bed,3,1,2026-09-26 21:58:51,Admin
UPD-009369,HSP-020,General Bed,229,231,2026-09-26 22:02:38,Simulation
UPD-009370,HSP-001,Ventilator,10,9,2026-09-26 22:04:31,Admin
UPD-009371,HSP-006,Ventilator,1,2,2026-09-26 22:04:52,Hospital Staff
UPD-009372,HSP-003,Oxygen Bed,10,11,2026-09-26 22:12:56,Hospital Staff
UPD-009373,HSP-019,Oxygen Bed,20,18,2026-09-26 22:14:41,Hospital Staff
UPD-009374,HSP-001,Ventilator,9,10,2026-09-26 22:17:20,Hospital Staff
UPD-009375,HSP-018,General Bed,33,28,2026-09-26 22:19:25,Admin
UPD-009376,HSP-024,Ventilator,6,5,2026-09-26 22:21:22,Hospital Staff
UPD-009377,HSP-005,Ventilator,2,1,2026-09-26 22:21:47,Admin
UPD-009378,HSP-005,Oxygen Bed,4,5,2026-09-26 22:27:19,Hospital Staff
UPD-009379,HSP-001,Ventilator,10,9,2026-09-26 22:32:28,Simulation
UPD-009380,HSP-022,Ventilator,4,3,2026-09-26 22:39:40,Hospital Staff
UPD-009381,HSP-022,Ventilator,3,4,2026-09-26 22:41:05,Hospital Staff
UPD-009382,HSP-015,General Bed,19,25,2026-09-26 22:42:01,Admin
UPD-009383,HSP-024,ICU,7,5,2026-09-26 22:43:26,Hospital Staff
UPD-009384,HSP-008,General Bed,85,89,2026-09-26 22:44:37,Admin
UPD-009385,HSP-003,Oxygen Bed,11,12,2026-09-26 22:45:26,Simulation
UPD-009386,HSP-001,ICU,25,24,2026-09-26 22:45:52,Hospital Staff
UPD-009387,HSP-007,General Bed,171,174,2026-09-26 22:46:14,Simulation
UPD-009388,HSP-008,ICU,19,17,2026-09-26 22:51:04,Admin
UPD-009389,HSP-022,ICU,7,8,2026-09-26 22:52:53,Admin
UPD-009390,HSP-009,ICU,8,6,2026-09-26 23:00:54,Hospital Staff
UPD-009391,HSP-018,General Bed,28,32,2026-09-26 23:05:22,Hospital Staff
UPD-009392,HSP-022,ICU,8,7,2026-09-26 23:07:45,Hospital Staff
UPD-009393,HSP-003,ICU,2,1,2026-09-26 23:09:54,Hospital Staff
UPD-009394,HSP-011,Oxygen Bed,3,5,2026-09-26 23:17:53,Hospital Staff
UPD-009395,HSP-023,Ventilator,4,3,2026-09-26 23:19:40,Hospital Staff
UPD-009396,HSP-023,Oxygen Bed,1,4,2026-09-26 23:22:19,Admin
UPD-009397,HSP-008,Ventilator,2,1,2026-09-26 23:31:03,Hospital Staff
UPD-009398,HSP-014,ICU,0,1,2026-09-26 23:36:26,Hospital Staff
UPD-009399,HSP-022,Ventilator,4,5,2026-09-26 23:43:32,Hospital Staff
UPD-009400,HSP-011,Ventilator,4,5,2026-09-26 23:46:39,Hospital Staff
UPD-009401,HSP-019,Ventilator,4,3,2026-09-26 23:49:45,Simulation
UPD-009402,HSP-017,Oxygen Bed,8,6,2026-09-26 23:50:37,Simulation
UPD-009403,HSP-025,General Bed,27,24,2026-09-26 23:51:21,Hospital Staff
UPD-009404,HSP-012,General Bed,88,83,2026-09-26 23:51:34,Simulation
UPD-009405,HSP-015,Ventilator,2,1,2026-09-26 23:58:24,Hospital Staff
UPD-009406,HSP-004,Ventilator,1,0,2026-09-26 23:58:28,Hospital Staff
UPD-009407,HSP-011,General Bed,13,17,2026-09-26 23:59:39,Admin
UPD-009408,HSP-015,Oxygen Bed,9,7,2026-09-27 00:10:27,Admin
UPD-009409,HSP-005,Oxygen Bed,5,7,2026-09-27 00:19:52,Simulation
UPD-009410,HSP-003,Ventilator,3,4,2026-09-27 00:22:58,Admin
UPD-009411,HSP-007,Ventilator,23,22,2026-09-27 00:25:22,Admin
UPD-009412,HSP-002,Oxygen Bed,20,22,2026-09-27 00:28:07,Admin
UPD-009413,HSP-023,Oxygen Bed,4,2,2026-09-27 00:30:04,Admin
UPD-009414,HSP-011,General Bed,17,12,2026-09-27 00:31:13,Hospital Staff
UPD-009415,HSP-008,General Bed,89,84,2026-09-27 00:34:30,Hospital Staff
UPD-009416,HSP-001,Ventilator,9,8,2026-09-27 00:36:38,Simulation
UPD-009417,HSP-008,ICU,17,18,2026-09-27 00:41:19,Hospital Staff
UPD-009418,HSP-023,ICU,5,6,2026-09-27 00:43:48,Simulation
UPD-009419,HSP-021,Oxygen Bed,17,18,2026-09-27 00:50:39,Hospital Staff
UPD-009420,HSP-017,Oxygen Bed,6,4,2026-09-27 00:51:50,Hospital Staff
UPD-009421,HSP-012,ICU,8,9,2026-09-27 00:53:24,Hospital Staff
UPD-009422,HSP-017,Oxygen Bed,4,3,2026-09-27 00:54:16,Hospital Staff
UPD-009423,HSP-009,Oxygen Bed,8,7,2026-09-27 01:01:28,Admin
UPD-009424,HSP-020,General Bed,231,228,2026-09-27 01:02:35,Simulation
UPD-009425,HSP-001,ICU,24,23,2026-09-27 01:09:42,Hospital Staff
UPD-009426,HSP-002,General Bed,43,45,2026-09-27 01:11:59,Hospital Staff
UPD-009427,HSP-014,Ventilator,1,0,2026-09-27 01:12:11,Simulation
UPD-009428,HSP-025,Ventilator,1,2,2026-09-27 01:17:45,Hospital Staff
UPD-009429,HSP-020,Oxygen Bed,56,57,2026-09-27 01:18:00,Hospital Staff
UPD-009430,HSP-002,General Bed,45,44,2026-09-27 01:21:18,Admin
UPD-009431,HSP-004,General Bed,39,36,2026-09-27 01:27:36,Hospital Staff
UPD-009432,HSP-020,Oxygen Bed,57,59,2026-09-27 01:27:36,Simulation
UPD-009433,HSP-011,General Bed,12,15,2026-09-27 01:37:31,Hospital Staff
UPD-009434,HSP-015,ICU,3,5,2026-09-27 01:52:34,Hospital Staff
UPD-009435,HSP-019,Oxygen Bed,18,19,2026-09-27 01:52:59,Admin
UPD-009436,HSP-007,Oxygen Bed,58,59,2026-09-27 02:05:03,Admin
UPD-009437,HSP-004,Oxygen Bed,2,0,2026-09-27 02:07:20,Hospital Staff
UPD-009438,HSP-003,General Bed,13,12,2026-09-27 02:07:44,Admin
UPD-009439,HSP-010,Ventilator,6,5,2026-09-27 02:12:55,Admin
UPD-009440,HSP-021,ICU,7,6,2026-09-27 02:19:12,Hospital Staff
UPD-009441,HSP-007,Ventilator,22,23,2026-09-27 02:20:45,Hospital Staff
UPD-009442,HSP-019,Ventilator,3,2,2026-09-27 02:21:25,Admin
UPD-009443,HSP-023,Ventilator,3,2,2026-09-27 02:21:56,Simulation
UPD-009444,HSP-003,General Bed,12,16,2026-09-27 02:22:45,Simulation
UPD-009445,HSP-001,Ventilator,8,7,2026-09-27 02:26:32,Admin
UPD-009446,HSP-010,ICU,12,14,2026-09-27 02:27:08,Hospital Staff
UPD-009447,HSP-025,Ventilator,2,1,2026-09-27 02:29:51,Simulation
UPD-009448,HSP-004,Ventilator,0,1,2026-09-27 02:31:31,Admin
UPD-009449,HSP-023,Ventilator,2,1,2026-09-27 02:37:56,Hospital Staff
UPD-009450,HSP-015,ICU,5,4,2026-09-27 02:41:50,Hospital Staff
UPD-009451,HSP-021,General Bed,40,37,2026-09-27 02:42:34,Hospital Staff
UPD-009452,HSP-012,ICU,9,10,2026-09-27 02:42:41,Hospital Staff
UPD-009453,HSP-002,General Bed,44,43,2026-09-27 02:51:34,Simulation
UPD-009454,HSP-023,General Bed,7,3,2026-09-27 02:58:43,Hospital Staff
UPD-009455,HSP-002,Ventilator,4,5,2026-09-27 02:59:36,Admin
UPD-009456,HSP-020,ICU,38,36,2026-09-27 03:03:26,Admin
UPD-009457,HSP-016,Ventilator,2,3,2026-09-27 03:07:39,Hospital Staff
UPD-009458,HSP-003,General Bed,16,14,2026-09-27 03:10:06,Hospital Staff
UPD-009459,HSP-014,General Bed,14,9,2026-09-27 03:19:03,Hospital Staff
UPD-009460,HSP-019,ICU,17,19,2026-09-27 03:21:19,Simulation
UPD-009461,HSP-020,Oxygen Bed,59,58,2026-09-27 03:32:17,Hospital Staff
UPD-009462,HSP-023,Oxygen Bed,2,5,2026-09-27 03:35:58,Admin
UPD-009463,HSP-002,Ventilator,5,6,2026-09-27 03:45:01,Hospital Staff
UPD-009464,HSP-010,Ventilator,5,6,2026-09-27 03:50:17,Hospital Staff
UPD-009465,HSP-009,Oxygen Bed,7,6,2026-09-27 03:52:27,Simulation
UPD-009466,HSP-025,ICU,1,0,2026-09-27 03:55:35,Simulation
UPD-009467,HSP-022,Oxygen Bed,8,11,2026-09-27 03:59:36,Hospital Staff
UPD-009468,HSP-004,General Bed,36,35,2026-09-27 04:10:35,Hospital Staff
UPD-009469,HSP-005,General Bed,1,6,2026-09-27 04:17:22,Admin
UPD-009470,HSP-007,Oxygen Bed,59,60,2026-09-27 04:19:44,Hospital Staff
UPD-009471,HSP-012,Ventilator,8,9,2026-09-27 04:19:52,Hospital Staff
UPD-009472,HSP-005,ICU,8,6,2026-09-27 04:23:09,Simulation
UPD-009473,HSP-002,General Bed,43,37,2026-09-27 04:25:27,Hospital Staff
UPD-009474,HSP-015,Oxygen Bed,7,4,2026-09-27 04:28:15,Hospital Staff
UPD-009475,HSP-021,General Bed,37,35,2026-09-27 04:30:04,Hospital Staff
UPD-009476,HSP-018,General Bed,32,29,2026-09-27 04:33:45,Hospital Staff
UPD-009477,HSP-022,Oxygen Bed,11,13,2026-09-27 04:44:26,Hospital Staff
UPD-009478,HSP-008,Oxygen Bed,19,22,2026-09-27 04:44:30,Hospital Staff
UPD-009479,HSP-010,Ventilator,6,7,2026-09-27 04:53:20,Simulation
UPD-009480,HSP-007,General Bed,174,179,2026-09-27 04:54:53,Hospital Staff
UPD-009481,HSP-013,Ventilator,7,6,2026-09-27 04:55:36,Admin
UPD-009482,HSP-025,Oxygen Bed,0,3,2026-09-27 04:57:07,Hospital Staff
UPD-009483,HSP-018,General Bed,29,23,2026-09-27 05:02:13,Hospital Staff
UPD-009484,HSP-019,ICU,19,20,2026-09-27 05:09:06,Hospital Staff
UPD-009485,HSP-022,ICU,7,8,2026-09-27 05:11:53,Simulation
UPD-009486,HSP-015,ICU,4,3,2026-09-27 05:12:30,Simulation
UPD-009487,HSP-007,General Bed,179,176,2026-09-27 05:21:46,Hospital Staff
UPD-009488,HSP-008,Oxygen Bed,22,25,2026-09-27 05:27:34,Hospital Staff
UPD-009489,HSP-011,General Bed,15,20,2026-09-27 05:28:42,Hospital Staff
UPD-009490,HSP-014,General Bed,9,8,2026-09-27 05:30:23,Hospital Staff
UPD-009491,HSP-024,General Bed,30,25,2026-09-27 05:33:46,Hospital Staff
UPD-009492,HSP-022,ICU,8,6,2026-09-27 05:45:28,Hospital Staff
UPD-009493,HSP-019,ICU,20,22,2026-09-27 05:46:04,Admin
UPD-009494,HSP-019,ICU,22,20,2026-09-27 05:46:14,Simulation
UPD-009495,HSP-009,General Bed,13,10,2026-09-27 05:46:30,Hospital Staff
UPD-009496,HSP-009,Oxygen Bed,6,5,2026-09-27 05:46:48,Admin
UPD-009497,HSP-019,General Bed,113,111,2026-09-27 05:55:31,Admin
UPD-009498,HSP-017,General Bed,18,20,2026-09-27 06:00:34,Hospital Staff
UPD-009499,HSP-003,Oxygen Bed,12,11,2026-09-27 06:11:11,Hospital Staff
UPD-009500,HSP-004,Oxygen Bed,0,2,2026-09-27 06:13:58,Simulation
UPD-009501,HSP-014,Ventilator,0,1,2026-09-27 06:14:13,Hospital Staff
UPD-009502,HSP-009,General Bed,10,16,2026-09-27 06:21:31,Hospital Staff
UPD-009503,HSP-013,Ventilator,6,5,2026-09-27 06:24:52,Admin
UPD-009504,HSP-018,Ventilator,5,6,2026-09-27 06:25:09,Hospital Staff
UPD-009505,HSP-019,Oxygen Bed,19,20,2026-09-27 06:25:22,Admin
UPD-009506,HSP-003,General Bed,14,13,2026-09-27 06:32:26,Hospital Staff
UPD-009507,HSP-016,General Bed,11,12,2026-09-27 06:33:25,Hospital Staff
UPD-009508,HSP-008,Ventilator,1,0,2026-09-27 06:33:52,Hospital Staff
UPD-009509,HSP-019,Ventilator,2,3,2026-09-27 06:46:49,Hospital Staff
UPD-009510,HSP-006,Ventilator,2,1,2026-09-27 07:00:15,Hospital Staff
UPD-009511,HSP-004,ICU,2,1,2026-09-27 07:04:51,Simulation
UPD-009512,HSP-017,ICU,4,2,2026-09-27 07:11:11,Hospital Staff
UPD-009513,HSP-016,General Bed,12,18,2026-09-27 07:14:09,Hospital Staff
UPD-009514,HSP-021,Ventilator,1,0,2026-09-27 07:16:04,Admin
UPD-009515,HSP-013,ICU,8,7,2026-09-27 07:19:54,Simulation
UPD-009516,HSP-020,Ventilator,19,20,2026-09-27 07:20:07,Hospital Staff
UPD-009517,HSP-012,ICU,10,9,2026-09-27 07:20:31,Simulation
UPD-009518,HSP-021,ICU,6,4,2026-09-27 07:30:21,Admin
UPD-009519,HSP-016,Oxygen Bed,3,6,2026-09-27 07:37:10,Hospital Staff
UPD-009520,HSP-007,ICU,30,28,2026-09-27 07:44:51,Hospital Staff
UPD-009521,HSP-002,Ventilator,6,5,2026-09-27 07:46:41,Hospital Staff
UPD-009522,HSP-007,ICU,28,30,2026-09-27 07:48:02,Admin
UPD-009523,HSP-008,ICU,18,19,2026-09-27 08:14:04,Simulation
UPD-009524,HSP-020,Ventilator,20,21,2026-09-27 08:19:05,Hospital Staff
UPD-009525,HSP-025,Oxygen Bed,3,4,2026-09-27 08:20:07,Hospital Staff
UPD-009526,HSP-022,ICU,6,5,2026-09-27 08:22:49,Hospital Staff
UPD-009527,HSP-010,General Bed,46,43,2026-09-27 08:32:27,Hospital Staff
UPD-009528,HSP-025,Oxygen Bed,4,1,2026-09-27 08:32:37,Simulation
UPD-009529,HSP-016,Oxygen Bed,6,8,2026-09-27 08:32:45,Hospital Staff
UPD-009530,HSP-001,General Bed,65,64,2026-09-27 08:39:14,Hospital Staff
UPD-009531,HSP-004,Oxygen Bed,2,3,2026-09-27 08:46:16,Hospital Staff
UPD-009532,HSP-005,General Bed,6,10,2026-09-27 08:50:30,Hospital Staff
UPD-009533,HSP-019,Ventilator,3,4,2026-09-27 08:51:16,Admin
UPD-009534,HSP-013,ICU,7,6,2026-09-27 08:54:02,Hospital Staff
UPD-009535,HSP-002,Oxygen Bed,22,21,2026-09-27 08:56:01,Hospital Staff
UPD-009536,HSP-023,ICU,6,5,2026-09-27 08:57:29,Simulation
UPD-009537,HSP-002,Ventilator,5,6,2026-09-27 09:00:40,Hospital Staff
UPD-009538,HSP-010,Oxygen Bed,11,8,2026-09-27 09:05:00,Simulation
UPD-009539,HSP-023,General Bed,3,8,2026-09-27 09:07:55,Admin
UPD-009540,HSP-015,Ventilator,1,2,2026-09-27 09:09:28,Hospital Staff
UPD-009541,HSP-006,Oxygen Bed,5,2,2026-09-27 09:09:31,Simulation
UPD-009542,HSP-015,Oxygen Bed,4,6,2026-09-27 09:12:13,Simulation
UPD-009543,HSP-016,ICU,11,10,2026-09-27 09:13:26,Hospital Staff
UPD-009544,HSP-015,Oxygen Bed,6,4,2026-09-27 09:13:30,Admin
UPD-009545,HSP-002,ICU,6,5,2026-09-27 09:16:45,Admin
UPD-009546,HSP-014,Oxygen Bed,0,1,2026-09-27 09:24:26,Admin
UPD-009547,HSP-016,ICU,10,11,2026-09-27 09:24:53,Admin
UPD-009548,HSP-021,General Bed,35,29,2026-09-27 09:30:34,Hospital Staff
UPD-009549,HSP-018,General Bed,23,25,2026-09-27 09:37:07,Hospital Staff
UPD-009550,HSP-007,ICU,30,31,2026-09-27 09:37:24,Simulation
UPD-009551,HSP-021,Oxygen Bed,18,21,2026-09-27 09:38:06,Hospital Staff
UPD-009552,HSP-016,Ventilator,3,2,2026-09-27 09:38:09,Admin
UPD-009553,HSP-014,ICU,1,0,2026-09-27 09:38:32,Simulation
UPD-009554,HSP-025,Ventilator,1,2,2026-09-27 09:43:33,Hospital Staff
UPD-009555,HSP-020,ICU,36,38,2026-09-27 09:51:09,Hospital Staff
UPD-009556,HSP-016,General Bed,18,16,2026-09-27 09:55:51,Hospital Staff
UPD-009557,HSP-020,Ventilator,21,22,2026-09-27 09:59:48,Hospital Staff
UPD-009558,HSP-023,General Bed,8,12,2026-09-27 10:07:20,Simulation
UPD-009559,HSP-002,ICU,5,6,2026-09-27 10:10:57,Hospital Staff
UPD-009560,HSP-018,General Bed,25,26,2026-09-27 10:19:08,Admin
UPD-009561,HSP-010,Ventilator,7,6,2026-09-27 10:22:49,Hospital Staff
UPD-009562,HSP-008,ICU,19,20,2026-09-27 10:33:13,Hospital Staff
UPD-009563,HSP-022,Oxygen Bed,13,12,2026-09-27 10:37:48,Hospital Staff
UPD-009564,HSP-016,Oxygen Bed,8,9,2026-09-27 10:38:24,Admin
UPD-009565,HSP-020,ICU,38,36,2026-09-27 10:49:35,Admin
UPD-009566,HSP-015,General Bed,25,30,2026-09-27 10:54:50,Simulation
UPD-009567,HSP-013,Ventilator,5,4,2026-09-27 10:56:26,Hospital Staff
UPD-009568,HSP-006,General Bed,15,11,2026-09-27 11:14:27,Simulation
UPD-009569,HSP-008,General Bed,84,90,2026-09-27 11:19:33,Admin
UPD-009570,HSP-002,ICU,6,4,2026-09-27 11:24:09,Hospital Staff
UPD-009571,HSP-018,ICU,4,5,2026-09-27 11:26:55,Hospital Staff
UPD-009572,HSP-005,Ventilator,1,0,2026-09-27 11:27:39,Hospital Staff
UPD-009573,HSP-003,Ventilator,4,3,2026-09-27 11:41:11,Hospital Staff
UPD-009574,HSP-014,ICU,0,1,2026-09-27 11:45:16,Simulation
UPD-009575,HSP-010,Ventilator,6,5,2026-09-27 11:45:43,Hospital Staff
UPD-009576,HSP-015,Ventilator,2,3,2026-09-27 11:46:39,Hospital Staff
UPD-009577,HSP-008,ICU,20,22,2026-09-27 11:46:41,Hospital Staff
UPD-009578,HSP-005,Ventilator,0,1,2026-09-27 12:02:33,Hospital Staff
UPD-009579,HSP-015,Oxygen Bed,4,7,2026-09-27 12:05:06,Simulation
UPD-009580,HSP-021,General Bed,29,30,2026-09-27 12:14:56,Hospital Staff
UPD-009581,HSP-016,ICU,11,9,2026-09-27 12:15:19,Hospital Staff
UPD-009582,HSP-003,Oxygen Bed,11,8,2026-09-27 12:25:19,Hospital Staff
UPD-009583,HSP-015,General Bed,30,31,2026-09-27 12:30:41,Admin
UPD-009584,HSP-019,General Bed,111,105,2026-09-27 12:35:29,Hospital Staff
UPD-009585,HSP-022,Ventilator,5,4,2026-09-27 12:36:39,Admin
UPD-009586,HSP-011,Ventilator,5,4,2026-09-27 12:54:51,Hospital Staff
UPD-009587,HSP-008,General Bed,90,92,2026-09-27 12:55:19,Hospital Staff
UPD-009588,HSP-001,Oxygen Bed,39,36,2026-09-27 13:00:38,Hospital Staff
UPD-009589,HSP-001,Oxygen Bed,36,35,2026-09-27 13:02:43,Hospital Staff
UPD-009590,HSP-008,General Bed,92,90,2026-09-27 13:05:26,Hospital Staff
UPD-009591,HSP-007,General Bed,176,171,2026-09-27 13:05:48,Hospital Staff
UPD-009592,HSP-012,General Bed,83,77,2026-09-27 13:05:54,Hospital Staff
UPD-009593,HSP-022,ICU,5,6,2026-09-27 13:06:26,Hospital Staff
UPD-009594,HSP-013,Ventilator,4,3,2026-09-27 13:10:41,Admin
UPD-009595,HSP-005,Ventilator,1,2,2026-09-27 13:22:26,Hospital Staff
UPD-009596,HSP-013,ICU,6,8,2026-09-27 13:22:33,Hospital Staff
UPD-009597,HSP-007,Oxygen Bed,60,62,2026-09-27 13:41:01,Hospital Staff
UPD-009598,HSP-017,General Bed,20,23,2026-09-27 13:43:33,Hospital Staff
UPD-009599,HSP-012,Ventilator,9,10,2026-09-27 13:48:25,Admin
UPD-009600,HSP-013,Ventilator,3,4,2026-09-27 14:06:14,Hospital Staff
UPD-009601,HSP-021,ICU,4,5,2026-09-27 14:08:41,Hospital Staff
UPD-009602,HSP-011,ICU,2,0,2026-09-27 14:13:44,Simulation
UPD-009603,HSP-011,Ventilator,4,3,2026-09-27 14:19:09,Simulation
UPD-009604,HSP-007,General Bed,171,168,2026-09-27 14:20:01,Hospital Staff
UPD-009605,HSP-020,General Bed,228,233,2026-09-27 14:21:24,Hospital Staff
UPD-009606,HSP-025,ICU,0,2,2026-09-27 14:23:28,Hospital Staff
UPD-009607,HSP-021,Ventilator,0,1,2026-09-27 14:29:32,Simulation
UPD-009608,HSP-025,Oxygen Bed,1,3,2026-09-27 14:36:47,Hospital Staff
UPD-009609,HSP-021,Oxygen Bed,21,18,2026-09-27 14:39:28,Hospital Staff
UPD-009610,HSP-004,Oxygen Bed,3,6,2026-09-27 14:41:52,Hospital Staff
UPD-009611,HSP-003,Ventilator,3,2,2026-09-27 14:50:29,Hospital Staff
UPD-009612,HSP-001,General Bed,64,58,2026-09-27 14:50:49,Hospital Staff
UPD-009613,HSP-012,Oxygen Bed,34,33,2026-09-27 14:52:49,Admin
UPD-009614,HSP-023,ICU,5,3,2026-09-27 14:54:32,Hospital Staff
UPD-009615,HSP-005,Oxygen Bed,7,6,2026-09-27 15:03:03,Hospital Staff
UPD-009616,HSP-020,Oxygen Bed,58,56,2026-09-27 15:15:38,Hospital Staff
UPD-009617,HSP-005,Oxygen Bed,6,3,2026-09-27 15:19:27,Hospital Staff
UPD-009618,HSP-009,Oxygen Bed,5,7,2026-09-27 15:20:28,Admin
UPD-009619,HSP-022,General Bed,25,22,2026-09-27 15:27:45,Hospital Staff
UPD-009620,HSP-015,ICU,3,4,2026-09-27 15:33:55,Simulation
UPD-009621,HSP-011,Ventilator,3,2,2026-09-27 15:34:50,Admin
UPD-009622,HSP-013,Oxygen Bed,8,10,2026-09-27 15:35:02,Hospital Staff
UPD-009623,HSP-002,ICU,4,6,2026-09-27 15:36:50,Hospital Staff
UPD-009624,HSP-018,ICU,5,6,2026-09-27 15:38:17,Hospital Staff
UPD-009625,HSP-005,General Bed,10,14,2026-09-27 15:39:45,Hospital Staff
UPD-009626,HSP-013,Ventilator,4,3,2026-09-27 15:39:59,Hospital Staff
UPD-009627,HSP-007,General Bed,168,172,2026-09-27 15:50:25,Admin
UPD-009628,HSP-006,Oxygen Bed,2,1,2026-09-27 15:53:11,Hospital Staff
UPD-009629,HSP-010,General Bed,43,38,2026-09-27 15:54:35,Simulation
UPD-009630,HSP-024,Ventilator,5,4,2026-09-27 15:54:44,Admin
UPD-009631,HSP-019,Ventilator,4,5,2026-09-27 16:02:06,Simulation
UPD-009632,HSP-011,Oxygen Bed,5,4,2026-09-27 16:08:12,Admin
UPD-009633,HSP-004,Oxygen Bed,6,7,2026-09-27 16:11:05,Hospital Staff
UPD-009634,HSP-005,ICU,6,5,2026-09-27 16:11:13,Simulation
UPD-009635,HSP-009,Oxygen Bed,7,10,2026-09-27 16:13:10,Hospital Staff
UPD-009636,HSP-005,Ventilator,2,1,2026-09-27 16:20:27,Hospital Staff
UPD-009637,HSP-015,ICU,4,2,2026-09-27 16:20:50,Hospital Staff
UPD-009638,HSP-021,General Bed,30,24,2026-09-27 16:28:46,Hospital Staff
UPD-009639,HSP-020,Oxygen Bed,56,53,2026-09-27 16:30:20,Simulation
UPD-009640,HSP-016,Ventilator,2,3,2026-09-27 16:33:41,Hospital Staff
UPD-009641,HSP-020,Ventilator,22,21,2026-09-27 16:33:53,Hospital Staff
UPD-009642,HSP-023,ICU,3,1,2026-09-27 16:37:25,Hospital Staff
UPD-009643,HSP-023,Oxygen Bed,5,3,2026-09-27 16:37:34,Hospital Staff
UPD-009644,HSP-004,Oxygen Bed,7,6,2026-09-27 16:40:18,Hospital Staff
UPD-009645,HSP-025,Oxygen Bed,3,5,2026-09-27 16:43:37,Simulation
UPD-009646,HSP-017,ICU,2,3,2026-09-27 16:47:20,Hospital Staff
UPD-009647,HSP-006,General Bed,11,16,2026-09-27 16:54:09,Hospital Staff
UPD-009648,HSP-005,Ventilator,1,2,2026-09-27 16:57:12,Hospital Staff
UPD-009649,HSP-019,Ventilator,5,6,2026-09-27 16:58:26,Hospital Staff
UPD-009650,HSP-004,General Bed,35,37,2026-09-27 17:03:17,Hospital Staff
UPD-009651,HSP-005,Oxygen Bed,3,4,2026-09-27 17:08:46,Hospital Staff
UPD-009652,HSP-012,General Bed,77,83,2026-09-27 17:13:51,Hospital Staff
UPD-009653,HSP-008,Ventilator,0,1,2026-09-27 17:17:02,Admin
UPD-009654,HSP-008,ICU,22,21,2026-09-27 17:23:44,Hospital Staff
UPD-009655,HSP-012,ICU,9,11,2026-09-27 17:24:17,Simulation
UPD-009656,HSP-015,Ventilator,3,2,2026-09-27 17:25:44,Hospital Staff
UPD-009657,HSP-014,General Bed,8,6,2026-09-27 17:28:50,Simulation
UPD-009658,HSP-013,General Bed,23,28,2026-09-27 17:30:26,Hospital Staff
UPD-009659,HSP-011,Ventilator,2,1,2026-09-27 17:30:28,Hospital Staff
UPD-009660,HSP-023,General Bed,12,6,2026-09-27 17:32:57,Admin
UPD-009661,HSP-023,General Bed,6,8,2026-09-27 17:39:12,Hospital Staff
UPD-009662,HSP-005,General Bed,14,20,2026-09-27 17:40:50,Admin
UPD-009663,HSP-003,General Bed,13,8,2026-09-27 17:44:43,Hospital Staff
UPD-009664,HSP-007,Oxygen Bed,62,59,2026-09-27 17:49:40,Admin
UPD-009665,HSP-016,ICU,9,10,2026-09-27 17:51:04,Admin
UPD-009666,HSP-021,Ventilator,1,2,2026-09-27 17:51:58,Hospital Staff
UPD-009667,HSP-025,ICU,2,1,2026-09-27 18:02:52,Simulation
UPD-009668,HSP-018,ICU,6,8,2026-09-27 18:15:14,Simulation
UPD-009669,HSP-020,General Bed,233,227,2026-09-27 18:16:32,Simulation
UPD-009670,HSP-021,Oxygen Bed,18,16,2026-09-27 18:19:59,Hospital Staff
UPD-009671,HSP-019,General Bed,105,101,2026-09-27 18:21:09,Hospital Staff
UPD-009672,HSP-015,Ventilator,2,1,2026-09-27 18:24:59,Admin
UPD-009673,HSP-019,General Bed,101,96,2026-09-27 18:30:29,Hospital Staff
UPD-009674,HSP-018,Oxygen Bed,6,4,2026-09-27 18:36:46,Admin
UPD-009675,HSP-003,Ventilator,2,1,2026-09-27 18:38:06,Hospital Staff
UPD-009676,HSP-020,General Bed,227,233,2026-09-27 18:38:43,Admin
UPD-009677,HSP-015,ICU,2,3,2026-09-27 18:49:57,Simulation
UPD-009678,HSP-006,Oxygen Bed,1,4,2026-09-27 18:59:57,Hospital Staff
UPD-009679,HSP-017,ICU,3,1,2026-09-27 19:02:24,Hospital Staff
UPD-009680,HSP-020,General Bed,233,235,2026-09-27 19:02:37,Hospital Staff
UPD-009681,HSP-009,Oxygen Bed,10,13,2026-09-27 19:08:39,Hospital Staff
UPD-009682,HSP-014,Oxygen Bed,1,3,2026-09-27 19:08:58,Hospital Staff
UPD-009683,HSP-003,Ventilator,1,0,2026-09-27 19:09:44,Hospital Staff
UPD-009684,HSP-009,ICU,6,5,2026-09-27 19:09:51,Admin
UPD-009685,HSP-017,General Bed,23,20,2026-09-27 19:11:08,Hospital Staff
UPD-009686,HSP-005,Ventilator,2,3,2026-09-27 19:11:13,Simulation
UPD-009687,HSP-006,Ventilator,1,2,2026-09-27 19:15:40,Hospital Staff
UPD-009688,HSP-019,General Bed,96,99,2026-09-27 19:21:39,Hospital Staff
UPD-009689,HSP-024,General Bed,25,22,2026-09-27 19:23:08,Hospital Staff
UPD-009690,HSP-014,Ventilator,1,2,2026-09-27 19:23:43,Hospital Staff
UPD-009691,HSP-017,Oxygen Bed,3,0,2026-09-27 19:27:23,Admin
UPD-009692,HSP-018,Ventilator,6,5,2026-09-27 19:31:26,Hospital Staff
UPD-009693,HSP-024,ICU,5,4,2026-09-27 19:32:46,Admin
UPD-009694,HSP-010,ICU,14,12,2026-09-27 19:35:54,Hospital Staff
UPD-009695,HSP-004,Ventilator,1,2,2026-09-27 19:37:12,Hospital Staff
UPD-009696,HSP-003,Oxygen Bed,8,11,2026-09-27 19:39:01,Hospital Staff
UPD-009697,HSP-008,Oxygen Bed,25,23,2026-09-27 19:40:56,Hospital Staff
UPD-009698,HSP-022,Oxygen Bed,12,11,2026-09-27 19:44:45,Hospital Staff
UPD-009699,HSP-018,General Bed,26,20,2026-09-27 19:47:10,Hospital Staff
UPD-009700,HSP-018,General Bed,20,23,2026-09-27 19:50:06,Hospital Staff
UPD-009701,HSP-010,Oxygen Bed,8,9,2026-09-27 19:56:49,Hospital Staff
UPD-009702,HSP-008,ICU,21,19,2026-09-27 20:03:13,Simulation
UPD-009703,HSP-003,Oxygen Bed,11,9,2026-09-27 20:12:33,Hospital Staff
UPD-009704,HSP-015,Oxygen Bed,7,6,2026-09-27 20:13:13,Admin
UPD-009705,HSP-010,General Bed,38,37,2026-09-27 20:13:31,Hospital Staff
UPD-009706,HSP-003,ICU,1,2,2026-09-27 20:15:53,Hospital Staff
UPD-009707,HSP-011,ICU,0,1,2026-09-27 20:20:49,Admin
UPD-009708,HSP-015,ICU,3,5,2026-09-27 20:26:53,Simulation
UPD-009709,HSP-013,ICU,8,10,2026-09-27 20:27:18,Simulation
UPD-009710,HSP-020,Oxygen Bed,53,56,2026-09-27 20:30:30,Hospital Staff
UPD-009711,HSP-016,Ventilator,3,2,2026-09-27 20:38:15,Hospital Staff
UPD-009712,HSP-010,Oxygen Bed,9,12,2026-09-27 20:39:25,Hospital Staff
UPD-009713,HSP-006,ICU,3,1,2026-09-27 20:40:48,Admin
UPD-009714,HSP-019,Oxygen Bed,20,21,2026-09-27 20:42:05,Hospital Staff
UPD-009715,HSP-008,Ventilator,1,2,2026-09-27 20:47:08,Simulation
UPD-009716,HSP-016,ICU,10,8,2026-09-27 20:55:06,Hospital Staff
UPD-009717,HSP-009,General Bed,16,17,2026-09-27 20:59:21,Hospital Staff
UPD-009718,HSP-014,Ventilator,2,1,2026-09-27 21:02:24,Hospital Staff
UPD-009719,HSP-007,ICU,31,30,2026-09-27 21:03:12,Hospital Staff
UPD-009720,HSP-010,Oxygen Bed,12,14,2026-09-27 21:10:39,Hospital Staff
UPD-009721,HSP-005,Ventilator,3,2,2026-09-27 21:11:03,Admin
UPD-009722,HSP-003,Oxygen Bed,9,7,2026-09-27 21:14:16,Hospital Staff
UPD-009723,HSP-013,Ventilator,3,4,2026-09-27 21:30:07,Simulation
UPD-009724,HSP-006,General Bed,16,22,2026-09-27 21:31:44,Hospital Staff
UPD-009725,HSP-021,Ventilator,2,1,2026-09-27 21:32:39,Hospital Staff
UPD-009726,HSP-002,General Bed,37,33,2026-09-27 21:34:20,Hospital Staff
UPD-009727,HSP-010,Ventilator,5,4,2026-09-27 21:40:41,Admin
UPD-009728,HSP-016,Oxygen Bed,9,10,2026-09-27 21:48:00,Hospital Staff
UPD-009729,HSP-014,Ventilator,1,0,2026-09-27 21:51:39,Hospital Staff
UPD-009730,HSP-022,Oxygen Bed,11,10,2026-09-27 21:53:18,Hospital Staff
UPD-009731,HSP-018,Oxygen Bed,4,1,2026-09-27 21:56:45,Hospital Staff
UPD-009732,HSP-002,Oxygen Bed,21,20,2026-09-27 21:59:28,Hospital Staff
UPD-009733,HSP-004,ICU,1,3,2026-09-27 22:00:22,Simulation
UPD-009734,HSP-025,Oxygen Bed,5,3,2026-09-27 22:00:43,Hospital Staff
UPD-009735,HSP-025,General Bed,24,22,2026-09-27 22:03:23,Hospital Staff
UPD-009736,HSP-023,General Bed,8,5,2026-09-27 22:03:36,Hospital Staff
UPD-009737,HSP-017,ICU,1,3,2026-09-27 22:06:27,Hospital Staff
UPD-009738,HSP-018,ICU,8,7,2026-09-27 22:15:56,Hospital Staff
UPD-009739,HSP-025,Oxygen Bed,3,0,2026-09-27 22:17:20,Hospital Staff
UPD-009740,HSP-016,Oxygen Bed,10,8,2026-09-27 22:18:08,Hospital Staff
UPD-009741,HSP-008,Ventilator,2,3,2026-09-27 22:35:27,Simulation
UPD-009742,HSP-008,ICU,19,17,2026-09-27 22:35:48,Admin
UPD-009743,HSP-011,Oxygen Bed,4,5,2026-09-27 22:36:01,Hospital Staff
UPD-009744,HSP-004,General Bed,37,33,2026-09-27 22:49:43,Admin
UPD-009745,HSP-010,General Bed,37,32,2026-09-27 22:54:07,Hospital Staff
UPD-009746,HSP-020,ICU,36,34,2026-09-27 22:56:31,Admin
UPD-009747,HSP-006,General Bed,22,17,2026-09-27 23:04:42,Simulation
UPD-009748,HSP-003,Oxygen Bed,7,5,2026-09-27 23:11:50,Hospital Staff
UPD-009749,HSP-019,General Bed,99,94,2026-09-27 23:13:29,Simulation
UPD-009750,HSP-025,ICU,1,0,2026-09-27 23:14:20,Admin
UPD-009751,HSP-006,ICU,1,2,2026-09-27 23:15:12,Hospital Staff
UPD-009752,HSP-010,Oxygen Bed,14,12,2026-09-27 23:15:43,Hospital Staff
UPD-009753,HSP-007,ICU,30,31,2026-09-27 23:20:38,Hospital Staff
UPD-009754,HSP-010,Ventilator,4,3,2026-09-27 23:28:19,Admin
UPD-009755,HSP-016,General Bed,16,12,2026-09-27 23:30:36,Admin
UPD-009756,HSP-006,Ventilator,2,1,2026-09-27 23:41:34,Hospital Staff
UPD-009757,HSP-019,Oxygen Bed,21,20,2026-09-27 23:44:56,Hospital Staff
UPD-009758,HSP-023,Ventilator,1,0,2026-09-27 23:47:28,Simulation
UPD-009759,HSP-013,General Bed,28,30,2026-09-27 23:50:40,Admin
UPD-009760,HSP-023,Oxygen Bed,3,4,2026-09-27 23:53:31,Hospital Staff
UPD-009761,HSP-008,General Bed,90,91,2026-09-27 23:53:52,Simulation
UPD-009762,HSP-021,Oxygen Bed,16,18,2026-09-28 00:05:47,Hospital Staff
UPD-009763,HSP-020,Ventilator,21,20,2026-09-28 00:11:11,Hospital Staff
UPD-009764,HSP-004,Oxygen Bed,6,5,2026-09-28 00:12:27,Admin
UPD-009765,HSP-015,Ventilator,1,0,2026-09-28 00:19:58,Simulation
UPD-009766,HSP-017,ICU,3,4,2026-09-28 00:23:18,Simulation
UPD-009767,HSP-002,General Bed,33,36,2026-09-28 00:29:00,Hospital Staff
UPD-009768,HSP-022,General Bed,22,21,2026-09-28 00:32:49,Admin
UPD-009769,HSP-002,Ventilator,6,7,2026-09-28 00:33:20,Hospital Staff
UPD-009770,HSP-022,Oxygen Bed,10,7,2026-09-28 00:46:12,Hospital Staff
UPD-009771,HSP-006,General Bed,17,20,2026-09-28 00:48:31,Hospital Staff
UPD-009772,HSP-001,Oxygen Bed,35,38,2026-09-28 00:49:38,Hospital Staff
UPD-009773,HSP-023,Ventilator,0,1,2026-09-28 00:49:53,Hospital Staff
UPD-009774,HSP-016,General Bed,12,18,2026-09-28 00:52:48,Hospital Staff
UPD-009775,HSP-015,Ventilator,0,1,2026-09-28 00:59:49,Hospital Staff
UPD-009776,HSP-016,General Bed,18,23,2026-09-28 01:01:30,Admin
UPD-009777,HSP-019,General Bed,94,100,2026-09-28 01:05:01,Hospital Staff
UPD-009778,HSP-017,General Bed,20,24,2026-09-28 01:11:06,Hospital Staff
UPD-009779,HSP-024,Oxygen Bed,22,25,2026-09-28 01:11:42,Hospital Staff
UPD-009780,HSP-004,General Bed,33,35,2026-09-28 01:19:00,Admin
UPD-009781,HSP-017,ICU,4,3,2026-09-28 01:20:33,Simulation
UPD-009782,HSP-012,Oxygen Bed,33,30,2026-09-28 01:22:32,Hospital Staff
UPD-009783,HSP-024,ICU,4,5,2026-09-28 01:26:03,Admin
UPD-009784,HSP-012,Ventilator,10,11,2026-09-28 01:33:30,Hospital Staff
UPD-009785,HSP-003,General Bed,8,9,2026-09-28 01:35:14,Hospital Staff
UPD-009786,HSP-025,ICU,0,2,2026-09-28 01:40:47,Hospital Staff
UPD-009787,HSP-006,ICU,2,0,2026-09-28 01:41:02,Admin
UPD-009788,HSP-011,ICU,1,2,2026-09-28 01:45:17,Simulation
UPD-009789,HSP-002,ICU,6,8,2026-09-28 01:47:31,Simulation
UPD-009790,HSP-014,Ventilator,0,1,2026-09-28 01:47:43,Hospital Staff
UPD-009791,HSP-005,Ventilator,2,3,2026-09-28 01:49:17,Hospital Staff
UPD-009792,HSP-002,ICU,8,6,2026-09-28 01:54:47,Admin
UPD-009793,HSP-023,Oxygen Bed,4,3,2026-09-28 02:00:31,Admin
UPD-009794,HSP-013,Ventilator,4,5,2026-09-28 02:03:53,Admin
UPD-009795,HSP-016,Ventilator,2,3,2026-09-28 02:08:12,Hospital Staff
UPD-009796,HSP-020,Oxygen Bed,56,59,2026-09-28 02:15:01,Hospital Staff
UPD-009797,HSP-019,ICU,20,19,2026-09-28 02:24:03,Simulation
UPD-009798,HSP-008,Ventilator,3,2,2026-09-28 02:24:18,Admin
UPD-009799,HSP-005,Oxygen Bed,4,5,2026-09-28 02:24:48,Admin
UPD-009800,HSP-010,General Bed,32,29,2026-09-28 02:28:02,Simulation
UPD-009801,HSP-016,Ventilator,3,2,2026-09-28 02:29:36,Hospital Staff
UPD-009802,HSP-020,General Bed,235,239,2026-09-28 02:39:13,Hospital Staff
UPD-009803,HSP-018,ICU,7,8,2026-09-28 02:39:39,Hospital Staff
UPD-009804,HSP-020,General Bed,239,245,2026-09-28 02:41:25,Simulation
UPD-009805,HSP-016,General Bed,23,29,2026-09-28 02:43:07,Hospital Staff
UPD-009806,HSP-021,ICU,5,4,2026-09-28 02:43:09,Simulation
UPD-009807,HSP-002,ICU,6,7,2026-09-28 02:43:11,Hospital Staff
UPD-009808,HSP-012,ICU,11,12,2026-09-28 02:45:28,Hospital Staff
UPD-009809,HSP-018,General Bed,23,18,2026-09-28 02:45:53,Hospital Staff
UPD-009810,HSP-004,General Bed,35,34,2026-09-28 02:51:05,Admin
UPD-009811,HSP-014,General Bed,6,7,2026-09-28 02:54:06,Simulation
UPD-009812,HSP-020,Ventilator,20,21,2026-09-28 02:54:18,Hospital Staff
UPD-009813,HSP-007,Ventilator,23,24,2026-09-28 02:57:29,Hospital Staff
UPD-009814,HSP-004,General Bed,34,37,2026-09-28 02:58:13,Simulation
UPD-009815,HSP-014,Ventilator,1,0,2026-09-28 02:59:01,Admin
UPD-009816,HSP-022,ICU,6,4,2026-09-28 02:59:38,Admin
UPD-009817,HSP-017,ICU,3,4,2026-09-28 03:02:00,Hospital Staff
UPD-009818,HSP-012,General Bed,83,87,2026-09-28 03:02:21,Hospital Staff
UPD-009819,HSP-018,Oxygen Bed,1,3,2026-09-28 03:07:02,Hospital Staff
UPD-009820,HSP-017,General Bed,24,18,2026-09-28 03:14:09,Admin
UPD-009821,HSP-009,Oxygen Bed,13,16,2026-09-28 03:16:06,Hospital Staff
UPD-009822,HSP-010,Ventilator,3,4,2026-09-28 03:19:12,Hospital Staff
UPD-009823,HSP-016,Oxygen Bed,8,5,2026-09-28 03:20:12,Hospital Staff
UPD-009824,HSP-022,Oxygen Bed,7,9,2026-09-28 03:20:44,Hospital Staff
UPD-009825,HSP-014,Oxygen Bed,3,1,2026-09-28 03:22:57,Admin
UPD-009826,HSP-010,Oxygen Bed,12,15,2026-09-28 03:30:44,Hospital Staff
UPD-009827,HSP-010,General Bed,29,23,2026-09-28 03:39:25,Simulation
UPD-009828,HSP-007,ICU,31,33,2026-09-28 03:41:36,Admin
UPD-009829,HSP-002,Oxygen Bed,20,23,2026-09-28 03:44:12,Simulation
UPD-009830,HSP-012,Ventilator,11,10,2026-09-28 03:46:02,Hospital Staff
UPD-009831,HSP-012,Oxygen Bed,30,33,2026-09-28 03:48:44,Hospital Staff
UPD-009832,HSP-006,Ventilator,1,0,2026-09-28 03:51:25,Hospital Staff
UPD-009833,HSP-001,Ventilator,7,8,2026-09-28 03:52:04,Hospital Staff
UPD-009834,HSP-022,General Bed,21,15,2026-09-28 04:00:00,Simulation
UPD-009835,HSP-008,Ventilator,2,3,2026-09-28 04:01:04,Hospital Staff
UPD-009836,HSP-014,ICU,1,0,2026-09-28 04:02:39,Hospital Staff
UPD-009837,HSP-004,Oxygen Bed,5,3,2026-09-28 04:09:48,Simulation
UPD-009838,HSP-003,ICU,2,3,2026-09-28 04:09:54,Hospital Staff
UPD-009839,HSP-015,Ventilator,1,2,2026-09-28 04:12:24,Simulation
UPD-009840,HSP-024,ICU,5,7,2026-09-28 04:16:03,Simulation
UPD-009841,HSP-004,ICU,3,1,2026-09-28 04:16:37,Hospital Staff
UPD-009842,HSP-001,Oxygen Bed,38,37,2026-09-28 04:19:51,Hospital Staff
UPD-009843,HSP-025,Oxygen Bed,0,2,2026-09-28 04:23:46,Hospital Staff
UPD-009844,HSP-012,Ventilator,10,9,2026-09-28 04:25:52,Hospital Staff
UPD-009845,HSP-022,Oxygen Bed,9,10,2026-09-28 04:27:26,Hospital Staff
UPD-009846,HSP-010,General Bed,23,25,2026-09-28 04:29:56,Hospital Staff
UPD-009847,HSP-010,ICU,12,10,2026-09-28 04:37:56,Admin
UPD-009848,HSP-005,Oxygen Bed,5,3,2026-09-28 04:42:37,Hospital Staff
UPD-009849,HSP-025,General Bed,22,17,2026-09-28 04:44:31,Hospital Staff
UPD-009850,HSP-008,General Bed,91,95,2026-09-28 04:46:47,Hospital Staff
UPD-009851,HSP-019,Ventilator,6,5,2026-09-28 04:55:15,Admin
UPD-009852,HSP-002,General Bed,36,31,2026-09-28 04:56:14,Admin
UPD-009853,HSP-013,ICU,10,9,2026-09-28 05:01:10,Simulation
UPD-009854,HSP-020,General Bed,245,239,2026-09-28 05:02:31,Simulation
UPD-009855,HSP-022,Oxygen Bed,10,7,2026-09-28 05:06:47,Simulation
UPD-009856,HSP-012,Oxygen Bed,33,36,2026-09-28 05:13:03,Hospital Staff
UPD-009857,HSP-022,Ventilator,4,3,2026-09-28 05:13:08,Admin
UPD-009858,HSP-022,ICU,4,3,2026-09-28 05:14:40,Simulation
UPD-009859,HSP-020,Ventilator,21,22,2026-09-28 05:21:28,Hospital Staff
UPD-009860,HSP-002,Ventilator,7,6,2026-09-28 05:22:32,Hospital Staff
UPD-009861,HSP-020,Oxygen Bed,59,60,2026-09-28 05:35:10,Hospital Staff
UPD-009862,HSP-012,General Bed,87,81,2026-09-28 05:37:00,Simulation
UPD-009863,HSP-007,General Bed,172,177,2026-09-28 05:41:19,Hospital Staff
UPD-009864,HSP-007,General Bed,177,172,2026-09-28 05:42:01,Simulation
UPD-009865,HSP-019,Ventilator,5,6,2026-09-28 05:43:54,Hospital Staff
UPD-009866,HSP-007,Oxygen Bed,59,58,2026-09-28 05:47:43,Hospital Staff
UPD-009867,HSP-020,Oxygen Bed,60,63,2026-09-28 05:49:29,Simulation
UPD-009868,HSP-018,Ventilator,5,4,2026-09-28 05:51:19,Admin
UPD-009869,HSP-002,Ventilator,6,7,2026-09-28 05:51:27,Admin
UPD-009870,HSP-020,ICU,34,35,2026-09-28 05:53:35,Hospital Staff
UPD-009871,HSP-016,Oxygen Bed,5,7,2026-09-28 05:55:39,Admin
UPD-009872,HSP-015,ICU,5,3,2026-09-28 06:00:22,Hospital Staff
UPD-009873,HSP-015,ICU,3,4,2026-09-28 06:09:30,Hospital Staff
UPD-009874,HSP-005,ICU,5,3,2026-09-28 06:14:27,Hospital Staff
UPD-009875,HSP-002,ICU,7,5,2026-09-28 06:20:04,Admin
UPD-009876,HSP-019,Oxygen Bed,20,18,2026-09-28 06:20:15,Hospital Staff
UPD-009877,HSP-008,General Bed,95,92,2026-09-28 06:20:53,Simulation
UPD-009878,HSP-019,General Bed,100,94,2026-09-28 06:21:23,Hospital Staff
UPD-009879,HSP-012,Ventilator,9,10,2026-09-28 06:22:58,Hospital Staff
UPD-009880,HSP-013,ICU,9,8,2026-09-28 06:31:40,Simulation
UPD-009881,HSP-007,Ventilator,24,25,2026-09-28 06:35:21,Hospital Staff
UPD-009882,HSP-016,General Bed,29,25,2026-09-28 06:36:18,Hospital Staff
UPD-009883,HSP-015,Oxygen Bed,6,7,2026-09-28 06:37:56,Hospital Staff
UPD-009884,HSP-025,Ventilator,2,1,2026-09-28 06:38:22,Hospital Staff
UPD-009885,HSP-025,Oxygen Bed,2,4,2026-09-28 06:41:34,Hospital Staff
UPD-009886,HSP-008,General Bed,92,94,2026-09-28 06:45:38,Admin
UPD-009887,HSP-001,Oxygen Bed,37,38,2026-09-28 06:48:32,Hospital Staff
UPD-009888,HSP-007,Oxygen Bed,58,57,2026-09-28 06:51:12,Simulation
UPD-009889,HSP-018,Ventilator,4,3,2026-09-28 06:55:08,Simulation
UPD-009890,HSP-025,General Bed,17,15,2026-09-28 06:58:38,Hospital Staff
UPD-009891,HSP-007,ICU,33,35,2026-09-28 07:00:24,Hospital Staff
UPD-009892,HSP-019,ICU,19,17,2026-09-28 07:00:30,Hospital Staff
UPD-009893,HSP-005,General Bed,20,18,2026-09-28 07:10:43,Hospital Staff
UPD-009894,HSP-024,ICU,7,5,2026-09-28 07:20:43,Admin
UPD-009895,HSP-021,Oxygen Bed,18,16,2026-09-28 07:28:22,Hospital Staff
UPD-009896,HSP-025,ICU,2,1,2026-09-28 07:32:09,Hospital Staff
UPD-009897,HSP-005,Oxygen Bed,3,1,2026-09-28 07:34:27,Simulation
UPD-009898,HSP-017,ICU,4,3,2026-09-28 07:43:57,Hospital Staff
UPD-009899,HSP-016,Ventilator,2,1,2026-09-28 07:49:19,Hospital Staff
UPD-009900,HSP-003,Ventilator,0,1,2026-09-28 07:50:54,Admin
UPD-009901,HSP-021,ICU,4,3,2026-09-28 08:07:36,Simulation
UPD-009902,HSP-004,Oxygen Bed,3,5,2026-09-28 08:14:24,Hospital Staff
UPD-009903,HSP-002,ICU,5,7,2026-09-28 08:18:19,Hospital Staff
UPD-009904,HSP-025,ICU,1,0,2026-09-28 08:18:47,Hospital Staff
UPD-009905,HSP-021,General Bed,24,20,2026-09-28 08:27:00,Hospital Staff
UPD-009906,HSP-012,Oxygen Bed,36,37,2026-09-28 08:30:26,Hospital Staff
UPD-009907,HSP-003,ICU,3,2,2026-09-28 08:34:18,Hospital Staff
UPD-009908,HSP-012,General Bed,81,84,2026-09-28 08:37:56,Admin
UPD-009909,HSP-023,General Bed,5,4,2026-09-28 08:51:38,Admin
UPD-009910,HSP-015,Oxygen Bed,7,8,2026-09-28 08:57:06,Admin
UPD-009911,HSP-012,General Bed,84,87,2026-09-28 08:59:03,Hospital Staff
UPD-009912,HSP-008,Oxygen Bed,23,21,2026-09-28 09:18:24,Hospital Staff
UPD-009913,HSP-006,Oxygen Bed,4,1,2026-09-28 09:21:21,Hospital Staff
UPD-009914,HSP-015,General Bed,31,27,2026-09-28 09:47:11,Hospital Staff
UPD-009915,HSP-021,Ventilator,1,0,2026-09-28 09:50:38,Simulation
UPD-009916,HSP-003,General Bed,9,7,2026-09-28 10:16:30,Hospital Staff
UPD-009917,HSP-008,Oxygen Bed,21,22,2026-09-28 10:18:05,Simulation
UPD-009918,HSP-021,General Bed,20,23,2026-09-28 10:18:14,Simulation
UPD-009919,HSP-024,Oxygen Bed,25,22,2026-09-28 10:18:34,Hospital Staff
UPD-009920,HSP-008,General Bed,94,99,2026-09-28 10:20:49,Admin
UPD-009921,HSP-015,Ventilator,2,3,2026-09-28 10:23:31,Hospital Staff
UPD-009922,HSP-015,ICU,4,5,2026-09-28 10:26:56,Simulation
UPD-009923,HSP-003,General Bed,7,11,2026-09-28 10:27:17,Simulation
UPD-009924,HSP-023,General Bed,4,3,2026-09-28 10:28:32,Admin
UPD-009925,HSP-005,Oxygen Bed,1,3,2026-09-28 10:30:00,Hospital Staff
UPD-009926,HSP-023,General Bed,3,4,2026-09-28 10:31:32,Hospital Staff
UPD-009927,HSP-012,Oxygen Bed,37,38,2026-09-28 10:34:11,Simulation
UPD-009928,HSP-004,Ventilator,2,3,2026-09-28 10:34:53,Hospital Staff
UPD-009929,HSP-008,Oxygen Bed,22,21,2026-09-28 10:35:06,Admin
UPD-009930,HSP-016,Ventilator,1,2,2026-09-28 10:36:28,Simulation
UPD-009931,HSP-011,General Bed,20,26,2026-09-28 10:38:42,Hospital Staff
UPD-009932,HSP-013,Oxygen Bed,10,8,2026-09-28 10:39:46,Hospital Staff
UPD-009933,HSP-011,Ventilator,1,2,2026-09-28 10:39:58,Hospital Staff
UPD-009934,HSP-015,Oxygen Bed,8,9,2026-09-28 10:41:12,Hospital Staff
UPD-009935,HSP-004,Oxygen Bed,5,4,2026-09-28 10:42:36,Hospital Staff
UPD-009936,HSP-005,General Bed,18,22,2026-09-28 10:44:28,Hospital Staff
UPD-009937,HSP-003,Oxygen Bed,5,2,2026-09-28 10:47:59,Admin
UPD-009938,HSP-002,General Bed,31,28,2026-09-28 10:50:59,Simulation
UPD-009939,HSP-009,General Bed,17,18,2026-09-28 10:52:43,Admin
UPD-009940,HSP-013,General Bed,30,32,2026-09-28 10:53:29,Admin
UPD-009941,HSP-015,Ventilator,3,2,2026-09-28 10:55:34,Hospital Staff
UPD-009942,HSP-003,Ventilator,1,0,2026-09-28 10:58:08,Admin
UPD-009943,HSP-017,General Bed,18,14,2026-09-28 10:59:16,Hospital Staff
UPD-009944,HSP-006,General Bed,20,21,2026-09-28 10:59:51,Hospital Staff
UPD-009945,HSP-002,General Bed,28,34,2026-09-28 11:00:31,Hospital Staff
UPD-009946,HSP-002,Oxygen Bed,23,24,2026-09-28 11:01:55,Hospital Staff
UPD-009947,HSP-016,General Bed,25,21,2026-09-28 11:02:01,Hospital Staff
UPD-009948,HSP-008,Ventilator,3,4,2026-09-28 11:04:36,Admin
UPD-009949,HSP-017,Oxygen Bed,0,2,2026-09-28 11:05:09,Hospital Staff
UPD-009950,HSP-006,Oxygen Bed,1,2,2026-09-28 11:06:32,Hospital Staff
UPD-009951,HSP-025,Ventilator,1,0,2026-09-28 11:08:11,Hospital Staff
UPD-009952,HSP-018,Oxygen Bed,3,4,2026-09-28 11:08:23,Hospital Staff
UPD-009953,HSP-024,Oxygen Bed,22,20,2026-09-28 11:08:49,Hospital Staff
UPD-009954,HSP-024,Ventilator,4,5,2026-09-28 11:09:29,Simulation
UPD-009955,HSP-001,Ventilator,8,7,2026-09-28 11:13:19,Hospital Staff
UPD-009956,HSP-025,Ventilator,0,1,2026-09-28 11:13:19,Admin
UPD-009957,HSP-018,Ventilator,3,2,2026-09-28 11:14:17,Hospital Staff
UPD-009958,HSP-025,Ventilator,1,0,2026-09-28 11:14:25,Admin
UPD-009959,HSP-021,Oxygen Bed,16,14,2026-09-28 11:16:21,Hospital Staff
UPD-009960,HSP-018,General Bed,18,17,2026-09-28 11:18:17,Hospital Staff
UPD-009961,HSP-024,General Bed,22,24,2026-09-28 11:19:45,Hospital Staff
UPD-009962,HSP-006,Ventilator,0,1,2026-09-28 11:20:11,Simulation
UPD-009963,HSP-002,Ventilator,7,6,2026-09-28 11:20:26,Simulation
UPD-009964,HSP-023,Ventilator,1,0,2026-09-28 11:21:22,Admin
UPD-009965,HSP-018,General Bed,17,19,2026-09-28 11:21:28,Hospital Staff
UPD-009966,HSP-015,General Bed,27,21,2026-09-28 11:22:21,Hospital Staff
UPD-009967,HSP-005,Ventilator,3,2,2026-09-28 11:23:18,Hospital Staff
UPD-009968,HSP-021,Ventilator,0,1,2026-09-28 11:23:50,Hospital Staff
UPD-009969,HSP-025,General Bed,15,16,2026-09-28 11:24:28,Hospital Staff
UPD-009970,HSP-016,Oxygen Bed,7,8,2026-09-28 11:28:04,Admin
UPD-009971,HSP-013,Ventilator,5,6,2026-09-28 11:30:28,Admin
UPD-009972,HSP-021,ICU,3,4,2026-09-28 11:32:26,Hospital Staff
UPD-009973,HSP-005,ICU,3,2,2026-09-28 11:32:40,Admin
UPD-009974,HSP-015,ICU,5,6,2026-09-28 11:33:50,Hospital Staff
UPD-009975,HSP-004,General Bed,37,35,2026-09-28 11:35:07,Hospital Staff
UPD-009976,HSP-001,General Bed,58,62,2026-09-28 11:38:50,Hospital Staff
UPD-009977,HSP-003,ICU,2,1,2026-09-28 11:41:49,Hospital Staff
UPD-009978,HSP-024,ICU,5,6,2026-09-28 11:43:07,Hospital Staff
UPD-009979,HSP-025,Oxygen Bed,4,1,2026-09-28 11:44:30,Hospital Staff
UPD-009980,HSP-023,Oxygen Bed,3,1,2026-09-28 11:45:00,Admin
UPD-009981,HSP-011,Oxygen Bed,5,3,2026-09-28 11:45:16,Hospital Staff
UPD-009982,HSP-013,ICU,8,10,2026-09-28 11:47:00,Hospital Staff
UPD-009983,HSP-001,ICU,23,22,2026-09-28 11:47:43,Hospital Staff
UPD-009984,HSP-012,General Bed,87,85,2026-09-28 11:47:49,Admin
UPD-009985,HSP-012,Ventilator,10,11,2026-09-28 11:48:45,Hospital Staff
UPD-009986,HSP-008,ICU,17,16,2026-09-28 11:50:22,Hospital Staff
UPD-009987,HSP-009,Oxygen Bed,16,14,2026-09-28 11:51:13,Hospital Staff
UPD-009988,HSP-016,ICU,8,7,2026-09-28 11:52:08,Simulation
UPD-009989,HSP-001,Oxygen Bed,38,39,2026-09-28 11:55:25,Hospital Staff
UPD-009990,HSP-017,ICU,3,1,2026-09-28 11:55:47,Hospital Staff
UPD-009991,HSP-012,ICU,12,10,2026-09-28 11:56:16,Hospital Staff
UPD-009992,HSP-025,ICU,0,1,2026-09-28 11:56:35,Hospital Staff
UPD-009993,HSP-023,ICU,1,0,2026-09-28 11:56:45,Admin
UPD-009994,HSP-001,ICU,22,21,2026-09-28 11:57:02,Admin
UPD-009995,HSP-006,ICU,0,1,2026-09-28 11:57:37,Hospital Staff
UPD-009996,HSP-011,ICU,2,0,2026-09-28 11:57:44,Admin
UPD-009997,HSP-018,ICU,8,9,2026-09-28 11:58:05,Admin
UPD-009998,HSP-002,ICU,7,9,2026-09-28 11:58:44,Admin
UPD-009999,HSP-009,ICU,5,3,2026-09-28 11:59:03,Hospital Staff
UPD-010000,HSP-004,ICU,1,3,2026-09-28 11:59:36,Hospital Staff
